DNR Peat Inventory ID #,D_Sample #,D_Sampnum,D_Sampnsub,D_Top Depth (cm),D_Bottom Depth (cm),D_Bulk Density (g/cc),D_Moisture Content (%),D_PH H2O,D_PH CaCl2,D_Ash Content (%),D_Uniq_id,D_Depthnum
AITK-2204336-506,3343,3343,,35.0,50.0,0.14,86.5,6.0,5.1,18.1,1,1
AITK-2204336-506,3344,3344,,85.0,100.0,0.12,88.4,5.9,5.0,11.8,2,2
AITK-2204336-506,3345,3345,,135.0,150.0,0.13,88.2,6.1,5.1,9.9,3,3
AITK-2204336-506,3346,3346,,185.0,200.0,0.17,84.3,6.3,5.4,31.7,4,4
AITK-2204336-506,3347,3347,,235.0,250.0,0.17,84.9,6.2,5.4,32.3,5,5
AITK-2204524-470,3269,3269,,35.0,50.0,0.16,84.6,5.6,4.7,14.1,6,1
AITK-2204524-470,3270,3270,,85.0,100.0,0.13,88.1,5.8,4.8,8.3,7,2
AITK-2204524-470,3271,3271,,135.0,150.0,0.11,89.2,5.9,4.9,8.2,8,3
AITK-2204524-470,3272,3272,,185.0,200.0,0.15,86.5,5.6,4.9,19.3,9,4
AITK-2204524-470,3273,3273,,215.0,230.0,0.24,79.5,5.8,5.0,55.6,10,5
AITK-2204701-210,3519,3519,,,,0.1,89.6,3.7,3.0,3.9,11,1
AITK-2204701-210,3520,3520,,,,0.12,88.0,4.1,3.2,4.7,12,2
AITK-2204701-210,3521,3521,,,,0.12,88.8,3.9,3.1,5.9,13,3
AITK-2204727-520,3320,3320,,35.0,50.0,0.19,81.9,6.0,5.4,18.8,14,1
AITK-2204727-520,3321,3321,,85.0,100.0,0.17,84.2,6.0,5.4,12.7,15,2
AITK-2204727-520,3322,3322,,135.0,150.0,0.2,82.8,6.2,5.6,23.3,16,3
AITK-2204727-520,3323,3323,,185.0,200.0,0.17,83.8,6.2,5.7,19.9,17,4
AITK-2204727-520,3324,3324,,235.0,250.0,0.15,85.5,5.4,5.0,22.0,18,5
AITK-2204809-64,3228,3228,,35.0,50.0,0.13,87.1,4.0,3.3,9.7,19,1
AITK-2204809-64,3229,3229,,85.0,100.0,0.14,85.9,4.7,3.6,12.4,20,2
AITK-2204809-64,3230,3230,,150.0,165.0,0.18,83.1,5.0,4.1,24.7,21,3
AITK-2204910-65,3221,3221,,35.0,50.0,0.13,86.9,5.6,4.8,15.6,22,1
AITK-2204910-65,3222,3222,,85.0,100.0,0.21,79.7,6.0,5.2,19.1,23,2
AITK-2204910-65,3223,3223,,135.0,150.0,0.18,83.1,5.9,5.3,15.8,24,3
AITK-2204910-65,3224,3224,,185.0,200.0,0.15,85.5,5.1,4.9,26.1,25,4
AITK-2204910-65,3225,3225,,235.0,250.0,0.16,85.6,5.9,5.4,31.7,26,5
AITK-2205013-141,3183,3183,,35.0,50.0,0.13,87.6,5.3,4.6,8.7,27,1
AITK-2205013-141,3184,3184,,85.0,100.0,0.11,88.5,5.7,4.8,8.2,28,2
AITK-2205013-141,3185,3185,,135.0,150.0,0.12,88.9,6.0,5.0,9.7,29,3
AITK-2205013-141,3186,3186,,200.0,215.0,0.22,81.1,6.1,5.2,43.5,30,4
AITK-2205105-158,3179,3179,,35.0,50.0,0.1,88.6,5.0,4.0,7.2,31,1
AITK-2205105-158,3180,3180,,85.0,100.0,0.12,88.7,5.2,4.1,10.1,32,2
AITK-2205105-158,3181,3181,,135.0,150.0,0.13,88.0,5.7,4.6,13.3,33,3
AITK-2205110-1,1335,1335,,35.0,50.0,0.19,82.0,6.2,5.7,13.5,34,1
AITK-2205110-1,1336,1336,,85.0,100.0,0.2,79.6,6.3,5.8,16.8,35,2
AITK-2205112-2,1338,1338,,35.0,50.0,0.1,90.2,5.6,4.9,13.8,36,1
AITK-2205112-2,1339,1339,,84.0,99.0,0.13,90.7,5.8,5.1,16.1,37,2
AITK-2205112-2,1340,1340,,135.0,150.0,0.12,88.8,5.8,5.1,14.8,38,3
AITK-2205112-2,1341,1341,,184.0,199.0,0.09,90.1,5.9,5.2,16.3,39,4
AITK-2205112-2,1342,1342,,235.0,250.0,0.14,87.2,6.1,5.5,23.1,40,5
AITK-2205112-2,1343,1343,,284.0,299.0,0.22,78.9,6.3,5.7,14.5,41,6
AITK-2205133-134,3204,3204,,35.0,50.0,0.09,90.4,5.4,4.5,8.1,42,1
AITK-2205133-134,3205,3205,,85.0,100.0,0.1,90.3,6.0,5.0,8.6,43,2
AITK-2205133-134,3206,3206,,135.0,150.0,0.09,91.7,6.0,5.0,10.3,44,3
AITK-2205133-134,3207,3207,,185.0,200.0,0.13,87.2,6.1,5.2,17.6,45,4
AITK-2205201-256,1867,1867,,35.0,50.0,0.1,90.2,5.6,4.9,5.5,46,1
AITK-2205201-256,1868,1868,,85.0,100.0,0.08,92.0,5.7,5.2,6.8,47,2
AITK-2205201-256,1869,1869,,135.0,150.0,0.09,90.4,6.0,5.3,8.0,48,3
AITK-2205201-256,1870,1870,,185.0,200.0,0.13,86.8,6.1,5.5,12.7,49,4
AITK-2205201-256,1871,1871,,235.0,250.0,0.16,86.1,6.1,5.4,9.2,50,5
AITK-2205201-256,1872,1872,,285.0,300.0,0.17,83.0,6.0,5.4,13.0,51,6
AITK-2205201-256,1873,1873,,315.0,330.0,0.19,82.6,5.9,5.4,13.7,52,7
AITK-2205201-257,1875,1875,,35.0,50.0,0.1,90.6,6.0,3.8,7.8,53,1
AITK-2205201-257,1876,1876,,85.0,100.0,0.08,91.2,6.0,4.4,5.3,54,2
AITK-2205201-257,1877,1877,,135.0,150.0,0.08,91.0,6.1,4.6,5.4,55,3
AITK-2205201-257,1878,1878,,185.0,200.0,0.09,89.2,6.2,5.0,7.5,56,4
AITK-2205201-257,1879,1879,,235.0,250.0,0.14,87.4,6.0,3.8,15.4,57,5
AITK-2205201-257,1880,1880,,285.0,300.0,0.12,87.8,6.0,4.5,9.6,58,6
AITK-2205201-257,1881,1881,,335.0,350.0,0.17,85.0,6.1,4.7,14.8,59,7
AITK-2205201-257,1882,1882,,370.0,385.0,0.17,84.0,6.2,5.0,14.8,60,8
AITK-2205201-258,1884,1884,,35.0,50.0,0.07,92.3,4.7,4.0,4.7,61,1
AITK-2205201-258,1885,1885,,85.0,100.0,0.1,90.9,5.2,4.8,6.3,62,2
AITK-2205201-258,1886,1886,,135.0,150.0,0.1,90.6,5.7,4.9,7.5,63,3
AITK-2205201-258,1887,1887,,185.0,200.0,0.11,89.1,5.9,5.2,10.9,64,4
AITK-2205201-258,1888,1888,,235.0,250.0,0.11,89.9,6.0,5.2,11.5,65,5
AITK-2205201-258,1889,1889,,285.0,300.0,0.08,91.4,6.0,5.4,9.6,66,6
AITK-2205201-258,1890,1890,,335.0,350.0,0.12,88.6,6.1,5.4,8.4,67,7
AITK-2205201-258,1891,1891,,385.0,400.0,0.1,89.8,6.2,5.6,11.8,68,8
AITK-2205201-258,1892,1892,,400.0,435.0,0.18,84.2,5.8,5.5,26.6,69,9
AITK-2205201-258,1893,1893,,485.0,500.0,0.11,88.8,5.7,5.6,10.4,70,10
AITK-2205201-258,1894,1894,,528.0,543.0,0.14,88.0,4.2,4.2,17.8,71,11
AITK-2205201-268,1970,1970,,35.0,50.0,0.05,95.4,4.1,2.7,5.4,72,1
AITK-2205201-268,1971,1971,,85.0,100.0,0.06,93.0,3.8,3.0,8.2,73,2
AITK-2205201-268,1972,1972,,135.0,150.0,0.04,93.9,4.6,3.6,4.2,74,3
AITK-2205201-268,1973,1973,,185.0,200.0,0.06,93.1,5.2,4.4,5.2,75,4
AITK-2205201-268,1974,1974,,235.0,250.0,0.07,92.3,5.6,5.0,7.2,76,5
AITK-2205201-268,1975,1975,,285.0,300.0,0.09,91.0,5.9,5.2,8.1,77,6
AITK-2205201-268,1976,1976,,335.0,350.0,0.12,88.8,5.9,5.4,11.9,78,7
AITK-2205201-268,1977,1977,,385.0,400.0,0.14,86.2,5.8,5.3,13.6,79,8
AITK-2205202-259,1898,1898,,35.0,50.0,0.06,92.7,4.3,3.0,7.2,80,1
AITK-2205202-259,1899,1899,,85.0,100.0,0.08,91.7,4.4,3.3,3.8,81,2
AITK-2205202-259,1900,1900,,135.0,150.0,0.08,92.0,4.7,3.6,5.2,82,3
AITK-2205202-259,1901,1901,,185.0,200.0,0.08,91.8,5.2,4.2,6.0,83,4
AITK-2205202-259,1902,1902,,235.0,250.0,0.13,88.1,5.3,4.5,11.9,84,5
AITK-2205202-259,1903,1903,,285.0,300.0,0.11,89.0,5.4,4.6,8.6,85,6
AITK-2205202-259,1904,1904,,335.0,350.0,0.09,90.1,5.5,4.7,13.0,86,7
AITK-2205202-259,1905,1905,,385.0,400.0,0.12,88.4,5.4,4.8,8.1,87,8
AITK-2205202-259,1906,1906,,420.0,435.0,0.17,84.8,5.6,4.9,25.3,88,9
AITK-2205202-260,1908,1908,,35.0,50.0,0.12,87.8,4.4,3.7,6.2,89,1
AITK-2205202-260,1909,1909,,85.0,100.0,0.08,91.3,4.8,4.0,6.1,90,2
AITK-2205202-260,1910,1910,,135.0,150.0,0.11,89.3,5.2,4.5,7.6,91,3
AITK-2205202-260,1911,1911,,180.0,195.0,0.17,83.6,5.6,4.9,43.8,92,4
AITK-2205202-261,1913,1913,,35.0,50.0,0.1,90.3,4.8,4.1,7.1,93,1
AITK-2205202-261,1914,1914,,85.0,100.0,0.11,88.9,5.2,4.5,8.0,94,2
AITK-2205202-262,1916,1916,,35.0,50.0,0.12,87.6,3.8,2.8,5.8,95,1
AITK-2205202-262,1917,1917,,85.0,100.0,0.08,91.9,3.8,2.8,3.8,96,2
AITK-2205202-262,1918,1918,,135.0,150.0,0.09,91.2,4.0,3.2,3.1,97,3
AITK-2205202-262,1919,1919,,185.0,200.0,0.09,90.9,4.3,3.4,5.2,98,4
AITK-2205202-262,1920,1920,,235.0,250.0,0.1,90.2,4.5,3.7,10.3,99,5
AITK-2205202-262,1921,1921,,285.0,300.0,0.11,88.9,4.8,4.0,8.5,100,6
AITK-2205202-262,1922,1922,,335.0,350.0,0.12,88.8,4.8,4.2,6.1,101,7
AITK-2205202-262,1923,1923,,385.0,400.0,0.11,88.8,5.0,4.4,15.0,102,8
AITK-2205202-262,1924,1924,,435.0,450.0,0.15,86.3,5.0,4.5,17.6,103,9
AITK-2205202-263,1926,1926,,35.0,50.0,0.08,91.7,4.0,2.9,5.2,104,1
AITK-2205202-263,1927,1927,,85.0,100.0,0.08,92.3,4.4,3.4,5.1,105,2
AITK-2205202-263,1928,1928,,135.0,150.0,0.08,92.2,4.5,3.6,5.7,106,3
AITK-2205202-263,1929,1929,,185.0,200.0,0.1,90.4,4.9,4.2,7.0,107,4
AITK-2205202-263,1930,1930,,235.0,250.0,0.11,89.5,5.1,4.4,7.7,108,5
AITK-2205202-263,1931,1931,,285.0,300.0,0.11,89.6,5.2,4.6,10.2,109,6
AITK-2205202-263,1932,1932,,335.0,350.0,0.11,89.4,5.2,4.6,11.0,110,7
AITK-2205202-264,1934,1934,,35.0,50.0,0.12,88.6,4.3,3.6,6.2,111,1
AITK-2205202-264,1935,1935,,65.0,80.0,0.09,91.0,5.0,4.2,6.0,112,2
AITK-2205202-264,1936,1936,,135.0,150.0,0.11,89.5,5.4,4.8,7.3,113,3
AITK-2205202-264,1937,1937,,185.0,200.0,0.12,88.7,5.5,5.0,9.5,114,4
AITK-2205202-264,1938,1938,,235.0,250.0,0.16,85.0,5.5,4.9,15.6,115,5
AITK-2205202-264,1939,1939,,285.0,300.0,0.14,86.2,5.7,5.0,8.8,116,6
AITK-2205202-264,1940,1940,,335.0,350.0,0.18,83.8,5.5,5.0,11.1,117,7
AITK-2205202-264,1941,1941,,370.0,385.0,0.18,81.2,5.5,5.1,13.0,118,8
AITK-2205202-265,1943,1943,,35.0,50.0,0.11,88.8,5.0,4.4,7.2,119,1
AITK-2205202-265,1944,1944,,85.0,100.0,0.1,89.7,5.6,5.0,6.6,120,2
AITK-2205202-265,1945,1945,,135.0,150.0,0.12,88.3,5.8,5.1,11.9,121,3
AITK-2205202-265,1946,1946,,185.0,200.0,0.12,88.3,5.6,5.0,10.8,122,4
AITK-2205202-265,1947,1947,,235.0,250.0,0.21,82.9,5.6,5.1,12.3,123,5
AITK-2205202-266,1949,1949,,35.0,50.0,0.09,91.0,3.8,2.8,6.0,124,1
AITK-2205202-266,1950,1950,,85.0,100.0,0.08,92.4,4.1,3.1,9.1,125,2
AITK-2205202-266,1951,1951,,135.0,150.0,0.07,92.9,4.5,3.2,5.0,126,3
AITK-2205202-266,1952,1952,,185.0,200.0,0.07,92.1,5.3,4.5,5.8,127,4
AITK-2205202-266,1953,1953,,235.0,250.0,0.11,89.3,5.4,4.8,7.5,128,5
AITK-2205202-266,1954,1954,,285.0,300.0,0.12,88.2,5.6,5.0,11.9,129,6
AITK-2205202-266,1955,1955,,335.0,350.0,0.12,89.0,5.8,5.1,11.4,130,7
AITK-2205202-266,1956,1956,,385.0,400.0,0.14,86.0,5.7,5.2,16.4,131,8
AITK-2205202-266,1957,1957,,435.0,450.0,0.14,86.9,5.9,5.2,13.3,132,9
AITK-2205202-266,1958,1958,,485.0,500.0,0.15,85.9,5.6,5.2,13.4,133,10
AITK-2205202-267,1961,1961,,35.0,50.0,0.08,91.5,3.6,2.9,5.6,134,1
AITK-2205202-267,1962,1962,,85.0,100.0,0.08,92.0,4.0,3.0,4.1,135,2
AITK-2205202-267,1963,1963,,135.0,150.0,0.06,93.0,4.2,3.5,3.6,136,3
AITK-2205202-267,1964,1964,,185.0,200.0,0.08,90.9,5.1,4.4,6.0,137,4
AITK-2205202-267,1965,1965,,235.0,250.0,0.1,90.4,5.2,4.5,7.4,138,5
AITK-2205202-267,1966,1966,,285.0,300.0,0.1,90.6,5.7,5.0,9.9,139,6
AITK-2205202-267,1967,1967,,335.0,350.0,0.09,91.3,5.8,5.1,7.6,140,7
AITK-2205202-267,1968,1968,,385.0,400.0,0.15,85.5,5.7,5.1,10.0,141,8
AITK-2205203-2,3094,3094,,35.0,50.0,,,4.3,3.0,,142,1
AITK-2205203-2,3095,3095,,85.0,100.0,,,4.7,3.4,,143,2
AITK-2205203-2,3096,3096,,135.0,150.0,,,5.1,4.1,,144,3
AITK-2205203-2,3097,3097,,185.0,200.0,0.07,91.8,5.4,4.5,7.1,145,4
AITK-2205203-2,3098,3098,,235.0,250.0,0.07,92.3,5.7,4.7,8.3,146,5
AITK-2205203-2,3099,3099,,285.0,300.0,0.09,90.7,5.8,4.8,10.6,147,6
AITK-2205203-2,3100,3100,,335.0,350.0,0.12,89.0,6.0,5.1,12.3,148,7
AITK-2205204-250,1821,1821,,35.0,50.0,0.1,90.1,3.2,3.0,7.4,149,1
AITK-2205204-250,1822,1822,,85.0,100.0,0.07,92.3,3.2,3.0,4.4,150,2
AITK-2205204-250,1823,1823,,135.0,150.0,0.09,91.4,3.9,3.7,4.3,151,3
AITK-2205204-250,1824,1824,,185.0,200.0,0.08,91.3,4.4,4.2,4.9,152,4
AITK-2205204-250,1825,1825,,235.0,250.0,0.11,89.0,4.9,4.6,11.1,153,5
AITK-2205204-250,1826,1826,,285.0,300.0,0.1,89.6,5.2,5.0,8.7,154,6
AITK-2205204-250,1827,1827,,335.0,350.0,0.12,87.9,5.1,5.0,14.2,155,7
AITK-2205204-250,1828,1828,,385.0,400.0,0.15,85.5,5.3,5.2,14.4,156,8
AITK-2205204-250,1829,1829,,435.0,450.0,0.14,87.0,5.4,5.4,11.6,157,9
AITK-2205204-250,1830,1830,,472.0,487.0,0.11,88.7,5.4,5.0,13.5,158,10
AITK-2205204-251,1832,1832,,35.0,50.0,0.12,89.2,3.2,2.8,7.4,159,1
AITK-2205204-251,1833,1833,,85.0,100.0,0.1,90.4,3.7,3.4,8.0,160,2
AITK-2205204-251,1834,1834,,135.0,150.0,0.1,90.5,4.0,3.6,8.0,161,3
AITK-2205204-251,1835,1835,,185.0,200.0,0.1,89.8,4.3,3.8,7.1,162,4
AITK-2205204-251,1836,1836,,235.0,250.0,0.11,90.0,4.5,4.0,8.6,163,5
AITK-2205204-251,1837,1837,,285.0,300.0,0.12,88.3,4.7,4.2,8.7,164,6
AITK-2205204-251,1838,1838,,335.0,350.0,0.13,88.0,4.9,4.4,9.3,165,7
AITK-2205204-251,1839,1839,,385.0,400.0,0.19,83.2,5.0,4.6,15.2,166,8
AITK-2205209-252,1841,1841,,35.0,50.0,0.1,90.9,4.8,4.5,6.4,167,1
AITK-2205209-252,1842,1842,,85.0,100.0,0.09,91.0,4.7,4.5,7.2,168,2
AITK-2205209-252,1843,1843,,135.0,150.0,0.1,91.0,4.8,4.5,5.8,169,3
AITK-2205209-252,1844,1844,,185.0,200.0,0.1,90.3,5.2,4.9,9.8,170,4
AITK-2205209-252,1845,1845,,235.0,250.0,0.12,89.3,5.2,4.9,9.5,171,5
AITK-2205209-252,1846,1846,,285.0,300.0,0.12,88.6,5.4,5.2,11.4,172,6
AITK-2205209-252,1847,1847,,335.0,350.0,0.13,87.9,5.4,5.2,14.1,173,7
AITK-2205209-252,1848,1848,,385.0,400.0,0.17,83.8,5.4,5.2,18.6,174,8
AITK-2205209-253,1850,1850,,35.0,50.0,0.14,87.3,4.7,4.0,7.4,175,1
AITK-2205209-253,1851,1851,,85.0,100.0,0.1,90.2,5.0,4.2,10.8,176,2
AITK-2205209-253,1852,1852,,135.0,150.0,0.09,91.0,5.2,4.2,6.5,177,3
AITK-2205209-253,1853,1853,,185.0,200.0,0.12,88.4,5.1,4.4,11.3,178,4
AITK-2205209-253,1854,1854,,220.0,235.0,0.14,87.3,5.2,4.5,9.3,179,5
AITK-2205210-254,1855,1855,,35.0,50.0,0.09,90.6,4.2,3.6,7.6,180,1
AITK-2205210-254,1856,1856,,85.0,100.0,0.12,88.7,4.6,3.9,9.9,181,2
AITK-2205210-254,1857,1857,,135.0,150.0,0.12,88.9,4.9,4.2,6.7,182,3
AITK-2205210-254,1858,1858,,185.0,200.0,0.13,87.8,5.1,4.6,10.3,183,4
AITK-2205210-254,1859,1859,,235.0,250.0,0.17,85.4,5.1,4.6,9.6,184,5
AITK-2205210-254,1860,1860,,285.0,300.0,0.15,84.3,5.2,4.8,10.5,185,6
AITK-2205210-255,1862,1862,,35.0,50.0,0.15,84.5,5.0,4.6,15.8,186,1
AITK-2205210-255,1863,1863,,85.0,100.0,0.09,90.2,5.9,5.6,12.5,187,2
AITK-2205210-255,1864,1864,,135.0,150.0,0.13,88.4,5.4,4.8,7.0,188,3
AITK-2205210-255,1865,1865,,185.0,200.0,0.19,82.9,5.5,5.1,25.8,189,4
AITK-2205211-209,1791,1791,,35.0,50.0,0.1,90.6,3.3,2.6,5.2,190,1
AITK-2205211-209,1792,1792,,85.0,100.0,0.08,91.3,3.4,2.8,5.3,191,2
AITK-2205211-209,1793,1793,,135.0,150.0,0.14,86.4,3.4,2.9,6.4,192,3
AITK-2205212-208,1782,1782,,35.0,50.0,0.09,91.2,3.4,2.6,7.7,193,1
AITK-2205212-208,1783,1783,,85.0,100.0,0.06,93.8,3.5,2.8,3.3,194,2
AITK-2205212-208,1784,1784,,135.0,150.0,0.08,91.8,3.6,3.0,4.5,195,3
AITK-2205212-208,1785,1785,,185.0,200.0,0.07,92.4,4.4,3.3,5.5,196,4
AITK-2205212-208,1786,1786,,235.0,250.0,0.14,86.5,5.0,4.0,9.2,197,5
AITK-2205212-208,1787,1787,,285.0,300.0,0.17,83.6,5.0,4.4,12.4,198,6
AITK-2205212-208,1788,1788,,307.0,322.0,0.23,80.1,4.8,4.4,15.6,199,7
AITK-2205213-206,1763,1763,,35.0,50.0,0.05,94.7,3.6,2.5,4.4,200,1
AITK-2205213-206,1764,1764,,85.0,100.0,0.05,93.3,3.8,2.7,5.4,201,2
AITK-2205213-206,1765,1765,,135.0,150.0,0.09,90.4,3.8,2.8,5.0,202,3
AITK-2205213-206,1766,1766,,185.0,200.0,0.06,93.9,4.0,3.0,4.7,203,4
AITK-2205213-206,1767,1767,,235.0,250.0,0.12,88.4,4.5,3.8,7.3,204,5
AITK-2205213-206,1768,1768,,285.0,300.0,0.13,87.3,4.9,4.3,10.2,205,6
AITK-2205213-206,1769,1769,,335.0,350.0,0.14,86.8,5.1,4.5,11.4,206,7
AITK-2205213-206,1770,1770,,385.0,400.0,0.08,91.3,5.4,4.8,7.8,207,8
AITK-2205213-207,1776,1776,,35.0,50.0,0.06,92.6,4.6,4.1,12.5,208,1
AITK-2205213-207,1777,1777,,85.0,100.0,0.07,91.4,3.8,3.2,7.3,209,2
AITK-2205213-207,1778,1778,,135.0,200.0,0.1,90.6,4.5,3.6,5.1,210,3
AITK-2205213-207,1779,1779,,185.0,200.0,0.11,89.1,5.0,4.2,9.6,211,4
AITK-2205213-207,1780,1780,,235.0,250.0,0.15,85.3,4.7,4.4,13.7,212,5
AITK-2205214-200,1715,1715,,35.0,50.0,0.09,91.0,4.3,3.3,12.1,213,1
AITK-2205214-200,1716,1716,,85.0,100.0,0.13,85.8,4.8,4.0,11.2,214,2
AITK-2205214-200,1717,1717,,135.0,150.0,0.16,84.2,5.2,4.5,13.9,215,3
AITK-2205214-200,1718,1718,,170.0,185.0,0.26,77.1,5.6,4.9,41.8,216,4
AITK-2205214-201,1721,1721,,35.0,50.0,0.09,91.1,3.8,2.8,6.3,217,1
AITK-2205214-201,1722,1722,,85.0,100.0,0.1,89.8,3.9,3.0,4.9,218,2
AITK-2205214-201,1723,1723,,135.0,150.0,0.12,88.6,4.4,3.7,7.9,219,3
AITK-2205214-201,1724,1724,,185.0,200.0,0.14,86.3,5.0,4.4,12.8,220,4
AITK-2205214-201,1725,1725,,235.0,250.0,0.17,84.8,5.3,4.6,9.3,221,5
AITK-2205214-201,1726,1726,,261.0,276.0,0.21,81.5,5.4,4.8,16.8,222,6
AITK-2205214-204,1747,1747,,35.0,50.0,0.04,95.0,3.8,2.8,6.4,223,1
AITK-2205214-204,1748,1748,,85.0,100.0,,94.3,3.8,3.0,3.8,224,2
AITK-2205214-204,1749,1749,,135.0,150.0,0.08,91.7,4.3,3.6,5.1,225,3
AITK-2205214-204,1750,1750,,185.0,200.0,0.11,88.9,5.0,4.4,7.0,226,4
AITK-2205214-204,1751,1751,,235.0,250.0,0.1,90.2,5.3,4.6,8.5,227,5
AITK-2205214-204,1752,1752,,285.0,300.0,0.15,85.1,5.4,4.8,12.4,228,6
AITK-2205214-205,1754,1754,,35.0,50.0,0.1,90.1,3.6,2.7,5.8,229,1
AITK-2205214-205,1755,1755,,85.0,100.0,0.09,90.0,3.7,2.8,4.8,230,2
AITK-2205214-205,1756,1756,,135.0,150.0,0.11,89.4,3.9,3.1,4.4,231,3
AITK-2205214-205,1757,1757,,185.0,200.0,0.11,88.1,4.2,3.6,6.4,232,4
AITK-2205214-205,1758,1758,,235.0,250.0,0.16,85.2,4.7,4.3,8.0,233,5
AITK-2205214-205,1759,1759,,285.0,300.0,0.23,79.2,5.2,4.7,18.0,234,6
AITK-2205214-205,1760,1760,,335.0,350.0,0.15,85.6,5.0,4.8,21.1,235,7
AITK-2205219-20,3175,3175,,35.0,50.0,0.11,88.9,5.3,4.3,6.3,236,1
AITK-2205219-20,3176,3176,,85.0,100.0,0.08,91.9,5.5,4.4,9.0,237,2
AITK-2205219-20,3177,3177,,130.0,145.0,0.15,86.0,5.6,4.6,11.6,238,3
AITK-2205223-202,1728,1728,,35.0,50.0,0.07,92.3,3.7,2.9,7.2,239,1
AITK-2205223-202,1729,1729,,85.0,100.0,0.08,92.3,3.9,3.2,4.8,240,2
AITK-2205223-202,1730,1730,,135.0,150.0,0.1,89.8,4.4,3.8,7.2,241,3
AITK-2205223-202,1731,1731,,185.0,200.0,0.1,89.5,5.0,4.2,8.8,242,4
AITK-2205223-202,1732,1732,,235.0,250.0,0.12,88.9,5.0,4.4,9.8,243,5
AITK-2205223-202,1733,1733,,285.0,300.0,0.13,87.3,5.2,4.5,10.8,244,6
AITK-2205223-202,1734,1734,,315.0,330.0,0.18,82.9,5.3,4.8,15.5,245,7
AITK-2205223-203,1736,1736,,35.0,50.0,0.05,94.3,3.3,2.4,6.8,246,1
AITK-2205223-203,1737,1737,,85.0,100.0,0.07,93.1,3.6,2.5,4.5,247,2
AITK-2205223-203,1738,1738,,135.0,150.0,0.08,91.3,3.6,2.7,4.7,248,3
AITK-2205223-203,1739,1739,,185.0,200.0,0.06,93.7,3.9,3.0,3.5,249,4
AITK-2205223-203,1740,1740,,235.0,250.0,0.08,91.5,4.5,3.7,6.4,250,5
AITK-2205223-203,1741,1741,,285.0,300.0,0.09,90.6,5.7,4.4,12.2,251,6
AITK-2205223-203,1742,1742,,335.0,350.0,0.13,87.5,5.7,4.7,9.7,252,7
AITK-2205223-203,1743,1743,,385.0,400.0,0.18,82.3,5.4,4.8,17.2,253,8
AITK-2205223-203,1744,1744,,435.0,450.0,0.19,82.7,5.6,4.9,22.9,254,9
AITK-2205223-210,1794,1794,,35.0,50.0,0.08,91.9,3.2,2.5,6.1,255,1
AITK-2205223-210,1795,1795,,85.0,100.0,0.07,91.2,3.6,3.0,4.7,256,2
AITK-2205223-210,1796,1796,,135.0,150.0,0.1,90.8,3.8,3.4,7.2,257,3
AITK-2205223-210,1797,1797,,185.0,200.0,0.09,91.6,4.2,3.8,12.8,258,4
AITK-2205223-211,1799,1799,,35.0,50.0,0.09,90.5,3.7,3.1,7.5,259,1
AITK-2205223-211,1800,1800,,85.0,100.0,0.11,89.8,4.5,4.0,6.5,260,2
AITK-2205223-211,1801,1801,,135.0,150.0,0.08,91.0,5.3,4.6,6.1,261,3
AITK-2205223-211,1802,1802,,185.0,200.0,0.09,90.8,5.4,4.7,7.6,262,4
AITK-2205223-211,1803,1803,,235.0,250.0,0.1,89.4,5.3,4.7,10.2,263,5
AITK-2205223-211,1804,1804,,285.0,300.0,0.12,88.2,5.5,4.9,9.6,264,6
AITK-2205223-211,1805,1805,,335.0,350.0,0.19,82.9,5.3,4.9,23.1,265,7
AITK-2205223-211,1806,1806,,385.0,400.0,0.14,86.2,5.6,5.0,10.0,266,8
AITK-2205223-211,1807,1807,,435.0,450.0,0.14,87.4,5.2,5.0,10.2,267,9
AITK-2205223-212,1810,1810,,35.0,50.0,0.08,92.2,4.1,2.8,6.9,268,1
AITK-2205223-212,1811,1811,,85.0,100.0,0.08,91.6,4.3,3.8,5.8,269,2
AITK-2205223-212,1812,1812,,135.0,150.0,0.1,90.4,5.2,4.8,7.8,270,3
AITK-2205223-212,1813,1813,,185.0,200.0,0.12,88.6,5.5,5.1,7.3,271,4
AITK-2205223-212,1814,1814,,235.0,250.0,0.16,85.9,5.4,5.2,11.6,272,5
AITK-2205223-212,1815,1815,,285.0,300.0,0.2,81.2,5.6,5.4,19.8,273,6
AITK-2205223-213,1818,1818,,35.0,50.0,0.03,94.0,4.5,3.5,8.9,274,1
AITK-2205223-213,1819,1819,,85.0,100.0,0.1,89.1,4.6,4.1,29.0,275,2
AITK-2205223-518,3137,3137,,35.0,50.0,0.06,92.0,4.7,3.6,7.4,276,1
AITK-2205223-518,3138,3138,,85.0,100.0,0.09,88.6,5.4,4.4,6.4,277,2
AITK-2205223-518,3139,3139,,135.0,150.0,0.12,88.2,5.9,5.0,14.7,278,3
AITK-2304505-1,3349,3349,,35.0,50.0,0.12,88.0,5.6,4.5,7.7,279,1
AITK-2304505-1,3350,3350,,85.0,100.0,0.09,91.7,5.6,4.5,7.2,280,2
AITK-2304505-1,3351,3351,,135.0,150.0,0.11,89.3,5.8,4.6,11.7,281,3
AITK-2304505-1,3352,3352,,185.0,200.0,0.09,90.7,5.8,4.7,7.9,282,4
AITK-2304505-1,3353,3353,,235.0,250.0,0.17,84.6,5.9,5.0,17.2,283,5
AITK-2304505-1,3354,3354,,280.0,295.0,0.28,77.0,5.9,5.3,46.8,284,6
AITK-2304505-12,3361,3361,,35.0,50.0,0.09,90.5,5.9,4.8,9.0,285,1
AITK-2304505-12,3362,3362,,85.0,100.0,0.1,90.4,6.0,4.9,8.6,286,2
AITK-2304505-12,3363,3363,,135.0,150.0,0.11,89.9,6.1,5.0,12.3,287,3
AITK-2304505-12,3364,3364,,185.0,200.0,0.1,90.4,6.2,5.1,9.4,288,4
AITK-2304505-12,3365,3365,,235.0,250.0,0.13,88.2,6.3,5.3,16.9,289,5
AITK-2304505-12,3366,3366,,285.0,300.0,0.15,85.8,6.4,5.4,19.0,290,6
AITK-2304505-12,3367,3367,,350.0,365.0,0.28,76.2,5.6,5.3,48.6,291,7
AITK-2304505-14,3369,3369,,35.0,50.0,0.15,85.9,4.2,3.3,11.3,292,1
AITK-2304505-14,3370,3370,,85.0,100.0,0.13,87.8,5.6,4.6,22.9,293,2
AITK-2304505-14,3371,3371,,135.0,150.0,0.11,89.7,5.8,4.9,10.0,294,3
AITK-2304505-14,3372,3372,,205.0,220.0,0.16,85.2,6.1,5.2,24.3,295,4
AITK-2304505-15,3374,3374,,35.0,50.0,0.12,88.5,4.8,3.9,13.0,296,1
AITK-2304505-15,3375,3375,,85.0,100.0,0.08,91.5,5.5,4.6,8.5,297,2
AITK-2304505-15,3376,3376,,135.0,150.0,0.09,91.0,5.7,4.7,7.1,298,3
AITK-2304505-15,3377,3377,,185.0,200.0,0.08,91.8,6.0,4.9,10.6,299,4
AITK-2304505-15,3378,3378,,235.0,250.0,0.07,92.4,6.1,5.1,9.0,300,5
AITK-2304505-15,3379,3379,,285.0,300.0,0.16,85.2,6.2,5.3,24.4,301,6
AITK-2304505-15,3380,3380,,330.0,345.0,0.22,79.4,6.3,5.5,39.7,302,7
AITK-2304505-2,3356,3356,,35.0,50.0,0.12,88.5,5.4,4.5,9.3,303,1
AITK-2304505-2,3357,3357,,85.0,100.0,0.09,90.9,5.7,4.6,16.1,304,2
AITK-2304505-2,3358,3358,,135.0,150.0,0.11,90.2,5.7,4.6,10.4,305,3
AITK-2304505-2,3359,3359,,165.0,180.0,0.17,84.0,5.8,4.9,22.2,306,4
AITK-2304523-474,3275,3275,,35.0,50.0,,,5.8,4.8,,307,1
AITK-2304523-474,3276,3276,,85.0,100.0,0.11,88.9,6.1,5.2,10.3,308,2
AITK-2304523-474,3277,3277,,135.0,150.0,,,6.2,5.3,,309,3
AITK-2304523-474,3278,3278,,185.0,200.0,0.15,86.5,6.2,5.4,17.1,310,4
AITK-2304523-474,3279,3279,,235.0,250.0,,,6.4,5.5,,311,5
AITK-2304523-474,3280,3280,,285.0,300.0,,,6.5,5.5,,312,6
AITK-2304529-114,3305,3305,,35.0,50.0,0.19,81.7,6.3,5.8,25.5,313,1
AITK-2304529-114,3306,3306,,85.0,100.0,0.18,83.7,6.3,5.7,19.4,314,2
AITK-2304632-519,3288,3288,,35.0,50.0,0.08,89.4,4.9,4.0,10.5,315,1
AITK-2304632-519,3289,3289,,85.0,100.0,0.11,88.4,5.3,4.4,8.2,316,2
AITK-2304632-519,3290,3290,,135.0,150.0,0.08,92.1,5.7,4.8,9.5,317,3
AITK-2304632-519,3291,3291,,185.0,200.0,0.1,89.8,5.8,4.9,10.0,318,4
AITK-2304632-519,3292,3292,,250.0,265.0,0.1,89.9,6.0,5.1,9.3,319,5
AITK-2304632-599,4876,4876,,20.0,30.0,,,4.7,,,320,1
AITK-2304632-599,4877,4877,,20.0,35.0,0.09,88.4,,,11.0,321,2
AITK-2304632-599,4878,4878,,60.0,75.0,0.12,88.8,,,8.6,322,3
AITK-2304632-599,4879,4879,,80.0,95.0,0.1,90.5,,,9.4,323,4
AITK-2304632-599,4880,4880,,115.0,130.0,0.09,91.0,,,7.7,324,5
AITK-2304632-599,4881,4881,,130.0,145.0,0.11,90.0,,,10.0,325,6
AITK-2304632-599,4882,4882,,160.0,175.0,0.09,91.4,,,10.2,326,7
AITK-2304714-427,3262,3262,,35.0,50.0,0.1,90.4,4.3,3.2,7.3,327,1
AITK-2304714-427,3263,3263,,85.0,100.0,0.14,86.7,4.4,3.2,5.6,328,2
AITK-2304714-427,3264,3264,,135.0,150.0,0.16,85.1,4.5,3.4,8.8,329,3
AITK-2304714-427,3265,3265,,185.0,200.0,0.19,82.5,4.9,3.9,13.8,330,4
AITK-2304714-427,3266,3266,,235.0,250.0,0.19,83.1,5.3,4.4,18.6,331,5
AITK-2304714-427,3267,3267,,285.0,300.0,0.37,70.8,5.6,4.7,69.4,332,6
AITK-2304832-71,3232,3232,,35.0,50.0,0.19,81.4,5.6,5.0,28.9,333,1
AITK-2304832-71,3233,3233,,85.0,100.0,0.2,81.0,5.1,4.6,40.0,334,2
AITK-2304832-71,3234,3234,,125.0,140.0,0.18,83.3,5.4,5.1,39.4,335,3
AITK-2304916-371,3198,3198,,35.0,50.0,,,4.7,3.5,,336,1
AITK-2304916-371,3199,3199,,85.0,100.0,,,4.6,3.4,,337,2
AITK-2304916-371,3200,3200,,135.0,150.0,,,5.0,3.8,,338,3
AITK-2304916-371,3201,3201,,185.0,200.0,,,5.5,4.3,,339,4
AITK-2304916-371,3202,3202,,235.0,250.0,0.05,94.9,6.1,5.0,17.5,340,5
AITK-2304916-371,3203,3203,,285.0,300.0,0.05,95.1,6.6,5.3,21.9,341,6
AITK-2305226-105,1981,1981,,35.0,50.0,0.16,85.4,5.2,4.6,13.9,342,1
AITK-2305226-105,1982,1982,,85.0,100.0,0.16,84.8,5.5,4.9,18.3,343,2
AITK-2305226-105,1983,1983,,135.0,150.0,0.13,87.3,5.4,4.8,15.7,344,3
AITK-2305227-106,1985,1985,,35.0,50.0,0.19,81.6,6.4,5.8,18.4,345,1
AITK-2305227-106,1986,1986,,85.0,100.0,0.18,81.1,6.4,5.8,20.8,346,2
AITK-2305227-106,1987,1987,,115.0,130.0,0.22,80.1,6.8,6.3,47.2,347,3
AITK-2404305-104,3337,3337,,35.0,50.0,0.13,88.0,5.6,4.8,8.7,348,1
AITK-2404305-104,3338,3338,,85.0,100.0,0.12,88.4,5.9,4.9,12.3,349,2
AITK-2404305-104,3339,3339,,135.0,150.0,0.12,89.0,6.0,5.0,8.3,350,3
AITK-2404305-104,3340,3340,,185.0,200.0,0.09,90.9,5.9,5.0,8.5,351,4
AITK-2404305-104,3341,3341,,240.0,255.0,0.18,84.1,6.2,5.4,24.2,352,5
AITK-2404315-592,4862,4862,,20.0,35.0,0.13,85.7,,,11.0,353,1
AITK-2404315-592,4863,4863,,30.0,45.0,,,4.2,3.0,,354,2
AITK-2404315-592,4864,4864,,60.0,75.0,0.12,89.3,,,5.7,355,3
AITK-2404315-592,4865,4865,,80.0,95.0,0.12,88.6,,,7.9,356,4
AITK-2404315-592,4866,4866,,130.0,145.0,0.14,87.3,,,10.2,357,5
AITK-2404315-592,4867,4867,,165.0,180.0,0.14,87.2,,,10.2,358,6
AITK-2404315-593,4868,4868,,20.0,30.0,,,4.0,3.1,,359,1
AITK-2404315-593,4869,4869,,30.0,45.0,0.13,86.6,,,9.9,360,2
AITK-2404315-593,4870,4870,,60.0,75.0,0.12,88.6,,,6.5,361,3
AITK-2404315-593,4871,4871,,80.0,95.0,0.11,89.5,,,6.6,362,4
AITK-2404315-593,4872,4872,,115.0,130.0,0.12,88.6,,,11.5,363,5
AITK-2404315-593,4873,4873,,130.0,145.0,0.12,88.8,,,9.2,364,6
AITK-2404315-593,4874,4874,,160.0,180.0,0.11,90.1,,,6.6,365,7
AITK-2404322-589,4853,4853,,10.0,25.0,0.11,88.5,,,12.9,366,1
AITK-2404322-589,4854,4854,,30.0,45.0,0.11,88.7,,,7.5,367,2
AITK-2404322-589,4855,4855,,65.0,80.0,0.16,88.3,,,8.2,368,3
AITK-2404322-589,4856,4856,,83.0,98.0,0.11,89.4,,,7.3,369,4
AITK-2404322-589,4857,4857,,110.0,125.0,0.14,88.0,,,10.8,370,5
AITK-2404322-589,4858,4858,,130.0,145.0,0.13,87.9,,,14.7,371,6
AITK-2404424-108,3299,3299,,35.0,50.0,0.13,85.9,5.9,5.1,12.1,372,1
AITK-2404424-108,3300,3300,,85.0,100.0,0.14,86.9,5.8,4.8,9.3,373,2
AITK-2404424-108,3301,3301,,135.0,150.0,0.11,89.0,5.9,4.9,9.2,374,3
AITK-2404424-108,3302,3302,,185.0,200.0,0.12,88.6,5.9,4.9,13.9,375,4
AITK-2404424-108,3303,3303,,220.0,235.0,0.14,86.7,5.9,4.9,13.8,376,5
AITK-2404513-452,3282,3282,,35.0,50.0,,,5.9,5.0,,377,1
AITK-2404513-452,3283,3283,,85.0,100.0,0.12,88.8,6.0,5.0,9.2,378,2
AITK-2404513-452,3284,3284,,135.0,150.0,,,6.2,5.2,,379,3
AITK-2404513-452,3285,3285,,185.0,200.0,0.12,89.1,6.0,5.3,25.2,380,4
AITK-2404513-452,3286,3286,,235.0,250.0,0.16,85.7,5.8,5.4,47.5,381,5
AITK-2404513-452,3287,3287,,285.0,300.0,0.27,76.1,6.4,6.1,78.1,382,6
AITK-2404731-405,3236,3236,,35.0,50.0,0.11,88.6,5.1,4.3,9.2,383,1
AITK-2404731-405,3237,3237,,85.0,100.0,0.11,89.6,5.5,4.5,6.6,384,2
AITK-2404731-405,3238,3238,,135.0,150.0,0.12,88.7,5.6,4.5,9.4,385,3
AITK-2404731-405,3239,3239,,185.0,200.0,0.11,89.9,5.7,4.6,4.8,386,4
AITK-2404731-405,3240,3240,,235.0,250.0,0.19,83.1,5.6,4.7,43.7,387,5
AITK-2404805-9,1435,1435,,35.0,50.0,0.1,90.1,3.7,3.1,3.4,388,1
AITK-2404805-9,1436,1436,,85.0,100.0,0.11,89.4,4.0,3.4,7.2,389,2
AITK-2404805-9,1437,1437,,135.0,150.0,0.14,87.2,4.5,4.0,11.1,390,3
AITK-2404805-9,1438,1438,,185.0,200.0,0.14,86.1,5.1,4.4,14.5,391,4
AITK-2404806-10,1440,1440,,35.0,50.0,0.23,77.7,3.8,3.2,5.7,392,1
AITK-2404806-10,1441,1441,,85.0,100.0,0.2,80.5,4.3,3.7,8.9,393,2
AITK-2404806-10,1442,1442,,135.0,150.0,0.3,73.8,4.9,4.3,14.7,394,3
AITK-2404806-10,1443,1443,,152.0,167.0,0.2,82.1,5.0,4.5,19.7,395,4
AITK-2404806-11,1446,1446,,35.0,50.0,0.21,80.7,4.3,3.8,9.3,396,1
AITK-2404806-11,1447,1447,,85.0,100.0,0.2,80.7,4.7,4.2,7.1,397,2
AITK-2404806-12,1450,1450,,35.0,50.0,0.18,82.3,4.6,4.2,11.0,398,1
AITK-2404806-12,1451,1451,,85.0,100.0,0.16,84.7,5.1,4.6,16.1,399,2
AITK-2404806-12,1452,1452,,135.0,150.0,0.33,70.8,5.0,4.8,,400,3
AITK-2404806-13,1454,1454,,35.0,50.0,0.17,80.3,6.1,5.0,21.0,401,1
AITK-2404806-13,1455,1455,,77.0,92.0,0.27,73.5,5.7,5.1,22.4,402,2
AITK-2404808-5,1428,1428,,35.0,50.0,0.16,84.0,4.1,3.3,7.9,403,1
AITK-2404808-5,1429,1429,,84.0,99.0,0.12,87.5,4.6,4.0,9.9,404,2
AITK-2404808-5,1430,1430,,135.0,150.0,0.16,85.6,5.1,4.4,15.0,405,3
AITK-2404808-6,1432,1432,,55.0,65.0,,82.5,4.2,3.9,14.7,406,1
AITK-2404808-7,1433,1433,,26.0,41.0,0.14,87.2,3.8,3.5,17.8,407,1
AITK-2404808-8,1434,1434,,35.0,50.0,0.17,82.4,3.7,3.2,9.0,408,1
AITK-2404809-4,1423,1423,,45.0,60.0,0.14,85.5,4.2,3.5,6.8,409,1
AITK-2404809-4,1424,1424,,84.0,99.0,0.14,86.3,4.6,3.9,7.8,410,2
AITK-2404809-4,1425,1425,,135.0,150.0,0.16,84.9,5.0,4.3,12.2,411,3
AITK-2404809-4,1426,1426,,172.0,187.0,0.17,82.2,5.2,4.6,16.8,412,4
AITK-2404906-13,3194,3194,,35.0,50.0,0.17,84.3,5.3,4.4,10.3,413,1
AITK-2404906-13,3195,3195,,85.0,100.0,0.13,87.4,5.6,4.7,8.7,414,2
AITK-2404906-13,3196,3196,,160.0,175.0,0.3,74.4,6.1,5.4,55.2,415,3
AITK-2405007-15,1694,1694,,15.0,30.0,0.2,79.3,5.3,4.7,26.6,416,1
AITK-2405007-16,1696,1696,,15.0,30.0,0.2,80.9,5.9,5.3,24.7,417,1
AITK-2405016-1,1633,1633,,20.0,35.0,0.2,79.6,3.7,3.3,14.8,418,1
AITK-2405016-2,1635,1635,,35.0,50.0,0.17,84.7,3.8,3.2,11.5,419,1
AITK-2405016-4,1637,1637,,35.0,50.0,0.18,83.0,4.0,3.4,8.6,420,1
AITK-2405020-8,1654,1654,,35.0,50.0,0.14,86.7,4.6,4.1,6.8,421,1
AITK-2405020-8,1655,1655,,85.0,100.0,0.12,88.2,4.8,4.4,9.3,422,2
AITK-2405020-8,1656,1656,,135.0,150.0,0.13,87.2,5.1,4.7,9.3,423,3
AITK-2405020-9,1658,1658,,35.0,50.0,0.12,88.2,3.8,3.2,7.6,424,1
AITK-2405020-9,1659,1659,,85.0,100.0,0.1,90.0,4.4,3.9,7.3,425,2
AITK-2405020-9,1660,1660,,135.0,150.0,0.1,90.0,4.9,4.4,6.9,426,3
AITK-2405020-9,1661,1661,,185.0,200.0,0.12,87.9,5.2,4.8,10.9,427,4
AITK-2405020-9,1662,1662,,235.0,250.0,0.12,88.8,5.4,4.9,6.2,428,5
AITK-2405020-9,1663,1663,,285.0,300.0,0.16,84.5,5.5,5.1,14.1,429,6
AITK-2405020-9,1664,1664,,335.0,350.0,0.2,82.4,5.5,5.1,14.5,430,7
AITK-2405021-5,1639,1639,,35.0,50.0,0.15,85.8,4.0,3.2,8.2,431,1
AITK-2405021-6,1641,1641,,35.0,50.0,0.15,85.8,3.7,2.8,6.6,432,1
AITK-2405021-6,1642,1642,,85.0,100.0,0.09,90.3,4.1,3.4,5.8,433,2
AITK-2405021-6,1643,1643,,135.0,150.0,0.12,88.5,4.6,3.8,10.2,434,3
AITK-2405021-6,1644,1644,,185.0,200.0,0.12,87.6,5.0,4.2,9.3,435,4
AITK-2405021-6,1645,1645,,235.0,250.0,0.17,84.3,5.2,4.7,12.4,436,5
AITK-2405021-6,1646,1646,,285.0,300.0,0.23,78.4,5.4,4.8,37.9,437,6
AITK-2405021-7,1648,1648,,35.0,50.0,0.15,85.4,3.7,2.8,6.4,438,1
AITK-2405021-7,1649,1649,,85.0,100.0,0.11,88.6,4.8,4.1,9.2,439,2
AITK-2405021-7,1650,1650,,135.0,150.0,0.11,89.3,5.0,4.3,7.7,440,3
AITK-2405021-7,1651,1651,,185.0,200.0,0.14,86.0,5.5,4.9,9.5,441,4
AITK-2405021-7,1652,1652,,213.0,228.0,0.22,80.5,5.6,5.0,22.3,442,5
AITK-2405030-10,1668,1668,,35.0,50.0,0.11,88.4,4.0,3.2,5.0,443,1
AITK-2405030-10,1669,1669,,85.0,100.0,0.1,89.5,4.4,3.6,5.2,444,2
AITK-2405030-10,1670,1670,,135.0,150.0,0.12,88.4,5.0,4.0,9.6,445,3
AITK-2405030-10,1671,1671,,185.0,200.0,0.1,89.8,5.1,4.2,5.6,446,4
AITK-2405030-10,1672,1672,,235.0,250.0,0.17,85.1,5.2,4.4,18.1,447,5
AITK-2405030-10,1673,1673,,285.0,300.0,0.14,86.3,5.3,4.6,12.5,448,6
AITK-2405030-10,1674,1674,,335.0,350.0,0.14,87.6,4.8,4.4,12.8,449,7
AITK-2405030-10,1675,1675,,372.0,387.0,0.13,86.7,4.6,4.3,25.5,450,8
AITK-2405030-11,1677,1677,,35.0,50.0,0.11,89.5,4.2,3.9,5.7,451,1
AITK-2405030-11,1678,1678,,85.0,100.0,0.12,88.3,4.9,4.5,7.3,452,2
AITK-2405030-11,1679,1679,,135.0,150.0,0.12,88.9,5.1,4.6,10.6,453,3
AITK-2405030-11,1680,1680,,185.0,200.0,0.12,87.7,5.4,5.0,10.2,454,4
AITK-2405030-11,1681,1681,,235.0,250.0,0.17,84.6,5.6,5.2,17.3,455,5
AITK-2405030-11,1682,1682,,285.0,300.0,0.19,82.1,5.7,5.4,32.4,456,6
AITK-2405030-11,1683,1683,,309.0,324.0,0.16,85.1,5.1,4.8,21.2,457,7
AITK-2405031-12,1685,1685,,35.0,50.0,0.12,87.8,4.2,3.8,8.6,458,1
AITK-2405031-12,1686,1686,,85.0,100.0,0.13,86.8,5.0,4.5,13.7,459,2
AITK-2405031-12,1687,1687,,135.0,150.0,0.13,87.8,5.3,5.0,8.1,460,3
AITK-2405031-12,1688,1688,,172.0,187.0,0.18,83.0,5.4,5.1,18.5,461,4
AITK-2405102-19,1582,1582,,35.0,50.0,0.13,87.6,3.8,3.0,4.4,462,1
AITK-2405102-19,1583,1583,,85.0,100.0,0.14,86.7,4.0,3.6,8.0,463,2
AITK-2405102-19,1584,1584,,135.0,150.0,0.13,88.2,4.6,4.3,9.2,464,3
AITK-2405102-19,1585,1585,,185.0,200.0,0.15,85.8,5.1,4.8,13.0,465,4
AITK-2405102-19,1586,1586,,235.0,250.0,0.18,82.4,5.4,5.0,17.0,466,5
AITK-2405102-19,1587,1587,,262.0,277.0,0.22,80.3,5.4,5.1,24.4,467,6
AITK-2405102-20,1589,1589,,35.0,50.0,0.12,87.6,4.0,3.4,4.1,468,1
AITK-2405102-20,1590,1590,,85.0,100.0,0.11,89.3,4.3,3.8,6.7,469,2
AITK-2405102-20,1591,1591,,135.0,150.0,0.15,86.6,5.6,5.1,10.8,470,3
AITK-2405102-20,1592,1592,,185.0,200.0,0.15,85.3,5.6,4.9,13.4,471,4
AITK-2405102-20,1593,1593,,207.0,222.0,0.23,80.1,6.2,5.6,38.8,472,5
AITK-2405102-21,1612,1612,,35.0,50.0,0.14,87.0,3.4,2.6,5.8,473,1
AITK-2405102-21,1613,1613,,85.0,100.0,0.14,86.7,3.6,3.0,5.2,474,2
AITK-2405102-21,1614,1614,,135.0,150.0,0.17,85.4,4.3,3.8,7.2,475,3
AITK-2405102-21,1615,1615,,161.0,176.0,0.18,84.2,4.6,4.0,8.0,476,4
AITK-2405102-23,1621,1621,,40.0,55.0,0.13,87.3,3.7,2.9,9.4,477,1
AITK-2405102-23,1622,1622,,85.0,100.0,0.15,85.5,4.3,4.0,9.6,478,2
AITK-2405102-23,1623,1623,,118.0,133.0,0.2,81.4,4.9,4.6,16.7,479,3
AITK-2405102-24,1626,1626,,35.0,50.0,0.16,84.2,3.7,3.2,7.9,480,1
AITK-2405102-24,1627,1627,,85.0,100.0,0.16,84.5,4.9,4.6,12.2,481,2
AITK-2405102-24,1628,1628,,120.0,135.0,0.25,77.3,5.4,5.0,32.4,482,3
AITK-2405102-25,1630,1630,,35.0,50.0,0.16,84.3,3.6,3.1,8.1,483,1
AITK-2405102-25,1631,1631,,70.0,85.0,0.22,79.4,4.6,4.0,17.5,484,2
AITK-2405103-22,1617,1617,,35.0,50.0,0.1,89.2,3.6,2.7,9.8,485,1
AITK-2405103-22,1618,1618,,85.0,100.0,0.17,83.9,4.0,3.5,12.4,486,2
AITK-2405103-22,1619,1619,,135.0,150.0,0.18,83.6,4.9,4.3,9.9,487,3
AITK-2405104-18,1572,1572,,35.0,50.0,0.15,86.4,5.0,4.6,9.2,488,1
AITK-2405104-18,1573,1573,,85.0,100.0,0.14,86.3,5.2,4.7,8.7,489,2
AITK-2405104-18,1574,1574,,135.0,150.0,0.2,82.7,5.5,5.0,12.2,490,3
AITK-2405104-18,1575,1575,,185.0,200.0,0.2,79.6,5.7,5.2,15.4,491,4
AITK-2405104-18A,1578,1578,,35.0,50.0,0.14,86.6,5.4,4.8,12.2,492,1
AITK-2405104-18A,1579,1579,,85.0,100.0,0.15,85.3,5.4,4.8,8.9,493,2
AITK-2405104-18A,1580,1580,,135.0,150.0,0.2,82.3,5.6,5.0,12.7,494,3
AITK-2405104-53,2008,2008,,35.0,50.0,0.12,87.6,5.2,5.0,12.0,495,1
AITK-2405104-53,2009,2009,,85.0,100.0,0.11,89.2,5.3,5.0,11.1,496,2
AITK-2405104-53,2010,2010,,135.0,150.0,0.1,90.1,5.5,5.2,8.8,497,3
AITK-2405104-53,2011,2011,,185.0,200.0,0.12,88.1,5.8,5.4,10.0,498,4
AITK-2405104-53,2012,2012,,235.0,250.0,0.17,84.8,5.5,5.4,13.6,499,5
AITK-2405104-53,2013,2013,,285.0,300.0,0.2,82.4,5.7,5.4,15.2,500,6
AITK-2405104-53,2014,2014,,333.0,348.0,0.26,76.7,5.6,5.4,34.0,501,7
AITK-2405105-51,1994,1994,,35.0,50.0,0.12,88.3,5.0,4.1,8.4,502,1
AITK-2405105-51,1995,1995,,85.0,100.0,0.09,90.9,5.3,4.2,9.8,503,2
AITK-2405105-51,1996,1996,,135.0,150.0,0.09,91.2,5.4,4.3,8.1,504,3
AITK-2405105-51,1997,1997,,185.0,200.0,0.09,90.9,5.4,4.6,11.9,505,4
AITK-2405105-51,1998,1998,,235.0,250.0,0.12,89.0,5.6,4.9,9.8,506,5
AITK-2405105-51,1999,1999,,285.0,300.0,0.16,86.0,5.7,4.9,14.6,507,6
AITK-2405105-51,2000,2000,,308.0,323.0,0.17,84.2,5.8,5.1,18.0,508,7
AITK-2405105-52,2003,2003,,35.0,50.0,0.11,88.4,5.4,5.2,9.3,509,1
AITK-2405105-52,2004,2004,,85.0,100.0,0.1,89.7,5.7,5.3,12.4,510,2
AITK-2405105-52,2005,2005,,113.0,128.0,0.17,85.1,5.6,5.2,36.1,511,3
AITK-2405106-50,1988,1988,,35.0,50.0,0.13,88.1,5.2,4.4,10.6,512,1
AITK-2405106-50,1989,1989,,85.0,100.0,0.1,89.9,5.4,4.8,11.9,513,2
AITK-2405106-50,1990,1990,,135.0,150.0,0.09,91.0,5.2,4.8,8.3,514,3
AITK-2405106-50,1991,1991,,185.0,200.0,0.12,88.7,5.6,4.5,14.2,515,4
AITK-2405106-50,1992,1992,,200.0,215.0,0.13,87.9,5.6,4.8,13.5,516,5
AITK-2405117-54,2016,2016,,35.0,50.0,0.18,83.5,5.2,4.8,17.0,517,1
AITK-2405117-54,2017,2017,,85.0,100.0,0.19,82.4,5.4,5.0,17.4,518,2
AITK-2405117-54,2018,2018,,133.0,148.0,0.37,70.1,5.2,5.0,54.9,519,3
AITK-2405120-56,3128,3128,,35.0,50.0,0.17,83.7,6.1,5.1,13.7,520,1
AITK-2405120-56,3129,3129,,85.0,100.0,,,5.8,5.1,,521,2
AITK-2405120-56,3130,3130,,135.0,150.0,,,6.0,5.3,,522,3
AITK-2405120-56,3131,3131,,185.0,200.0,,,6.2,5.5,,523,4
AITK-2405120-57,2032,2032,,35.0,50.0,0.14,84.9,5.5,5.2,11.1,524,1
AITK-2405120-57,2033,2033,,85.0,100.0,0.17,83.7,5.6,5.4,12.1,525,2
AITK-2405120-57,2034,2034,,135.0,150.0,0.2,82.6,5.9,5.5,17.6,526,3
AITK-2405129-58,2036,2036,,35.0,50.0,0.21,75.4,5.7,5.6,18.6,527,1
AITK-2405129-58,2037,2037,,85.0,100.0,0.22,79.8,5.6,5.3,18.3,528,2
AITK-2405129-58,2038,2038,,135.0,150.0,0.22,80.6,5.6,5.4,22.4,529,3
AITK-2405129-59,2040,2040,,35.0,50.0,0.19,82.2,6.4,6.2,18.9,530,1
AITK-2405208-7,1372,1372,,35.0,50.0,,83.0,5.3,4.8,31.2,531,1
AITK-2405209-5,1366,1366,,35.0,50.0,0.17,83.6,4.0,3.5,9.4,532,1
AITK-2405209-5,1367,1367,,85.0,100.0,0.17,84.8,4.4,3.9,7.6,533,2
AITK-2405209-6,3118,3118,,35.0,50.0,0.18,82.5,5.2,4.7,17.3,534,1
AITK-2405209-6,3119,3119,,85.0,100.0,0.15,84.5,5.5,4.9,10.9,535,2
AITK-2405209-6,3120,3120,,135.0,150.0,0.2,82.4,5.6,5.1,18.4,536,3
AITK-2405209-6,3121,3121,,185.0,200.0,0.31,71.8,5.7,5.4,52.6,537,4
AITK-2405210-28,1362,1362,,35.0,50.0,0.12,87.4,6.0,5.3,13.2,538,1
AITK-2405210-28,1363,1363,,85.0,100.0,0.17,84.1,5.7,5.3,11.9,539,2
AITK-2405210-28,1364,1364,,110.0,125.0,0.18,82.2,,,13.0,540,3
AITK-2405210-28,1365,1365,,135.0,150.0,,81.5,6.0,5.4,17.7,541,4
AITK-2405211-27,1353,1353,,35.0,55.0,0.13,86.9,5.1,4.4,12.9,542,1
AITK-2405211-27,1354,1354,,85.0,100.0,0.13,87.8,5.4,4.7,9.4,543,2
AITK-2405211-27,1355,1355,,135.0,150.0,0.12,89.6,5.5,4.8,7.1,544,3
AITK-2405211-27,1356,1356,,185.0,200.0,0.11,90.0,5.6,5.0,8.0,545,4
AITK-2405211-27,1357,1357,,235.0,250.0,0.15,86.2,5.5,4.9,3.8,546,5
AITK-2405211-27,1358,1358,,285.0,300.0,0.18,83.4,4.8,4.6,16.0,547,6
AITK-2405211-27,1359,1359,,335.0,350.0,0.14,87.6,5.2,5.0,8.9,548,7
AITK-2405211-27,1360,1360,,385.0,400.0,0.14,87.8,5.0,4.8,7.8,549,8
AITK-2405211-27,1361-1,1361,1.0,390.0,405.0,0.12,89.8,,,7.6,550,9
AITK-2405211-27,1361-2,1361,2.0,435.0,450.0,,,5.4,5.0,,551,10
AITK-2405212-1,1345,1345,,35.0,50.0,0.1,87.5,5.4,5.0,17.0,552,1
AITK-2405212-1,1346,1346,,85.0,100.0,0.12,88.2,5.2,4.8,10.8,553,2
AITK-2405212-1,1347,1347,,135.0,150.0,0.15,86.2,5.6,5.0,11.8,554,3
AITK-2405212-1,1348,1348,,185.0,200.0,0.16,85.6,5.7,5.0,10.6,555,4
AITK-2405212-1,1349,1349,,235.0,250.0,0.16,85.5,5.6,5.3,12.2,556,5
AITK-2405212-1,1350,1350,,285.0,300.0,0.18,84.2,5.7,5.4,16.2,557,6
AITK-2405212-26,1351,1351,,35.0,50.0,0.12,84.1,4.0,3.3,7.5,558,1
AITK-2405212-26,1352,1352,,65.0,80.0,0.17,84.1,4.3,3.6,7.6,559,2
AITK-2405216-8,1373,1373,,35.0,50.0,0.16,83.0,5.2,4.7,23.3,560,1
AITK-2405216-8,1374,1374,,85.0,100.0,0.18,81.9,5.8,5.2,25.8,561,2
AITK-2405216-8,1375,1375,,135.0,150.0,0.24,77.1,6.0,5.6,40.6,562,3
AITK-2405216-8,1376,1376,,150.0,165.0,0.22,83.7,,,27.4,563,4
AITK-2405216-9,1379,1379,,13.0,28.0,0.2,79.9,4.4,4.1,23.9,564,1
AITK-2405221-10,1384,1384,,35.0,50.0,0.15,85.2,5.2,4.6,14.8,565,1
AITK-2405221-10,1385,1385,,85.0,100.0,0.18,82.7,5.1,4.5,14.3,566,2
AITK-2405225-3,1503,1503,,35.0,50.0,0.08,90.6,3.9,2.9,8.6,567,1
AITK-2405225-3,1504,1504,,85.0,100.0,0.11,89.1,4.2,3.3,6.7,568,2
AITK-2405225-3,1505,1505,,135.0,150.0,0.14,86.4,4.8,4.0,11.1,569,3
AITK-2405225-3,1506,1506,,185.0,200.0,0.15,85.0,5.4,4.8,13.2,570,4
AITK-2405225-3,1507,1507,,210.0,225.0,0.19,82.1,5.8,5.3,16.5,571,5
AITK-2405225-4,1509,1509,,35.0,50.0,0.07,92.9,3.8,2.8,7.5,572,1
AITK-2405225-4,1510,1510,,85.0,100.0,0.06,94.0,4.0,2.8,3.8,573,2
AITK-2405225-4,1511,1511,,135.0,150.0,0.1,88.8,4.2,3.0,4.7,574,3
AITK-2405225-4,1512,1512,,185.0,200.0,0.09,90.8,4.6,3.6,7.4,575,4
AITK-2405225-4,1513,1513,,235.0,250.0,0.1,90.1,5.3,4.3,9.8,576,5
AITK-2405225-4,1514,1514,,285.0,300.0,0.1,90.2,5.1,4.8,8.5,577,6
AITK-2405225-4,1515,1515,,335.0,350.0,0.09,91.3,5.6,4.6,6.0,578,7
AITK-2405225-4,1516,1516,,385.0,400.0,0.1,89.6,6.0,5.2,17.8,579,8
AITK-2405225-4,1517,1517,,435.0,450.0,0.11,89.0,6.4,5.6,37.5,580,9
AITK-2405225-7,1542,1542,,35.0,50.0,0.13,87.1,5.2,4.4,10.7,581,1
AITK-2405225-7,1543,1543,,85.0,100.0,0.13,87.1,5.6,4.8,10.4,582,2
AITK-2405225-7,1544,1544,,135.0,150.0,0.11,88.9,5.9,5.0,12.3,583,3
AITK-2405225-7,1545,1545,,185.0,200.0,0.15,86.0,6.0,5.2,15.4,584,4
AITK-2405225-7,1546,1546,,235.0,250.0,0.14,86.7,6.3,5.4,15.0,585,5
AITK-2405225-7,1547,1547,,285.0,300.0,0.17,84.0,6.2,5.6,18.6,586,6
AITK-2405226-1,1483,1483,,35.0,50.0,0.11,89.1,5.0,4.2,10.1,587,1
AITK-2405226-1,1484,1484,,85.0,100.0,0.12,88.6,5.5,4.8,9.1,588,2
AITK-2405226-1,1485,1485,,135.0,150.0,0.14,87.0,5.4,4.8,9.3,589,3
AITK-2405226-1,1486,1486,,185.0,200.0,0.15,85.2,5.8,4.9,11.7,590,4
AITK-2405226-1,1487,1487,,235.0,250.0,0.15,86.2,5.6,5.1,12.1,591,5
AITK-2405226-1,1488,1488,,285.0,300.0,0.17,83.4,5.8,5.2,15.6,592,6
AITK-2405226-1,1489,1489,,335.0,350.0,0.17,84.8,5.8,5.3,14.3,593,7
AITK-2405226-1,1490,1490,,385.0,400.0,0.2,79.4,5.9,5.5,21.3,594,8
AITK-2405226-1,1491,1491,,425.0,440.0,0.19,81.9,6.0,5.6,19.3,595,9
AITK-2405226-2,1493,1493,,35.0,50.0,0.09,91.1,3.7,3.2,6.7,596,1
AITK-2405226-2,1494,1494,,85.0,100.0,0.09,91.3,3.9,3.3,3.9,597,2
AITK-2405226-2,1495,1495,,135.0,150.0,0.1,89.7,4.8,4.2,7.1,598,3
AITK-2405226-2,1496,1496,,185.0,200.0,0.11,88.5,5.2,4.6,11.3,599,4
AITK-2405226-2,1497,1497,,235.0,250.0,0.12,88.5,5.8,5.1,10.2,600,5
AITK-2405226-2,1498,1498,,285.0,300.0,0.14,86.0,5.8,5.4,14.2,601,6
AITK-2405226-2,1499,1499,,335.0,350.0,0.15,86.4,6.0,5.4,16.8,602,7
AITK-2405226-2,1500,1500,,385.0,400.0,0.24,78.0,6.0,5.5,43.5,603,8
AITK-2405226-2,1501,1501,,400.0,415.0,0.13,86.2,6.0,5.5,32.5,604,9
AITK-2405226-5,1523,1523,,35.0,50.0,0.1,90.2,4.0,2.9,7.1,605,1
AITK-2405226-5,1524,1524,,85.0,100.0,0.14,93.4,3.8,3.4,4.9,606,2
AITK-2405226-5,1525,1525,,135.0,150.0,0.1,90.6,4.6,4.2,6.1,607,3
AITK-2405226-5,1526,1526,,185.0,200.0,0.12,88.5,5.2,4.8,8.5,608,4
AITK-2405226-5,1527,1527,,235.0,250.0,0.13,87.8,5.6,5.1,12.9,609,5
AITK-2405226-5,1528,1528,,285.0,300.0,0.12,87.7,5.9,5.3,10.7,610,6
AITK-2405226-5,1529,1529,,335.0,350.0,0.15,85.8,6.0,5.6,13.3,611,7
AITK-2405226-5,1530,1530,,385.0,400.0,0.16,85.1,6.0,5.6,14.5,612,8
AITK-2405226-6,1533,1533,,35.0,50.0,0.06,93.7,3.8,3.0,3.5,613,1
AITK-2405226-6,1534,1534,,85.0,100.0,0.1,89.6,4.4,3.5,3.9,614,2
AITK-2405226-6,1535,1535,,135.0,150.0,0.1,89.9,4.8,4.0,5.0,615,3
AITK-2405226-6,1536,1536,,185.0,200.0,0.11,88.6,5.3,4.7,7.7,616,4
AITK-2405226-6,1537,1537,,235.0,250.0,0.15,85.8,5.4,4.9,10.9,617,5
AITK-2405226-6,1538,1538,,285.0,300.0,0.15,85.0,5.6,4.9,12.0,618,6
AITK-2405226-6,1539,1539,,335.0,350.0,0.19,82.8,5.8,5.2,13.4,619,7
AITK-2405226-6,1540,1540,,370.0,385.0,0.2,81.7,5.8,5.2,16.4,620,8
AITK-2405234-13,1608,1608,,35.0,50.0,0.11,88.9,4.7,4.4,10.7,621,1
AITK-2405234-13,1609,1609,,85.0,100.0,0.18,83.0,5.1,4.8,11.9,622,2
AITK-2405234-13,1610,1610,,115.0,130.0,0.19,81.7,5.2,4.8,17.2,623,3
AITK-2405235-12,1600,1600,,35.0,50.0,0.1,89.4,3.5,3.0,8.9,624,1
AITK-2405235-12,1601,1601,,85.0,100.0,0.07,91.9,3.6,3.1,6.0,625,2
AITK-2405235-12,1602,1602,,135.0,150.0,0.08,91.6,3.8,3.4,6.8,626,3
AITK-2405235-12,1603,1603,,185.0,200.0,0.08,91.9,4.4,4.0,7.2,627,4
AITK-2405235-12,1604,1604,,235.0,250.0,0.12,88.6,4.9,4.6,8.9,628,5
AITK-2405235-12,1605,1605,,285.0,300.0,0.14,86.8,5.2,4.9,12.6,629,6
AITK-2405235-12,1606,1606,,330.0,345.0,0.2,80.5,5.3,5.1,18.6,630,7
AITK-2405236-10,1564,1564,,35.0,50.0,0.1,90.4,3.8,3.1,5.0,631,1
AITK-2405236-10,1565,1565,,85.0,100.0,0.11,89.1,4.1,3.6,5.8,632,2
AITK-2405236-10,1566,1566,,135.0,150.0,0.12,88.7,5.0,4.4,7.2,633,3
AITK-2405236-10,1567,1567,,185.0,200.0,0.15,85.5,5.1,4.7,11.2,634,4
AITK-2405236-10,1568,1568,,235.0,250.0,0.18,84.1,5.4,5.0,22.3,635,5
AITK-2405236-10,1569,1569,,285.0,300.0,0.16,84.9,5.6,5.2,13.5,636,6
AITK-2405236-10,1570,1570,,335.0,350.0,0.19,81.6,5.8,5.3,21.1,637,7
AITK-2405236-11,1595,1595,,35.0,50.0,0.16,85.3,3.5,3.0,6.6,638,1
AITK-2405236-11,1596,1596,,85.0,100.0,0.16,84.0,4.3,3.9,7.8,639,2
AITK-2405236-11,1597,1597,,135.0,150.0,0.14,87.3,4.6,4.4,7.1,640,3
AITK-2405236-11,1598,1598,,170.0,185.0,0.24,78.5,4.8,4.7,27.4,641,4
AITK-2405236-8,1550,1550,,55.0,70.0,0.09,91.5,3.8,3.3,9.4,642,1
AITK-2405236-8,1551,1551,,85.0,100.0,0.16,84.4,4.6,4.3,17.5,643,2
AITK-2405236-8,1552,1552,,135.0,150.0,0.14,87.3,5.4,5.2,10.0,644,3
AITK-2405236-8,1553,1553,,185.0,200.0,0.18,82.7,5.7,5.3,19.1,645,4
AITK-2405236-9,1556,1556,,35.0,50.0,0.08,92.7,4.0,3.2,8.7,646,1
AITK-2405236-9,1557,1557,,85.0,100.0,0.15,85.5,5.2,4.7,10.4,647,2
AITK-2405236-9,1558,1558,,135.0,150.0,0.13,87.6,5.6,5.2,12.1,648,3
AITK-2405236-9,1559,1559,,185.0,200.0,0.1,89.9,5.7,5.2,9.1,649,4
AITK-2405236-9,1560,1560,,235.0,250.0,0.1,90.4,6.0,5.4,11.9,650,5
AITK-2504502-360,3256,3256,,85.0,100.0,,,6.0,5.0,,651,1
AITK-2504502-360,3257,3257,,135.0,150.0,,,6.0,5.0,,652,2
AITK-2504502-360,3258,3258,,185.0,200.0,,,6.2,5.1,,653,3
AITK-2504502-360,3259,3259,,235.0,250.0,,,6.3,5.3,,654,4
AITK-2504502-360,3260,3260,,285.0,300.0,,,6.9,5.9,,655,5
AITK-2504502-360,3261,3261,,335.0,350.0,,,6.7,6.1,,656,6
AITK-2504635-100,3294,3294,,35.0,50.0,0.11,87.6,6.0,5.1,16.7,657,1
AITK-2504635-100,3295,3295,,85.0,100.0,0.17,83.7,6.3,5.4,17.2,658,2
AITK-2504635-100,3296,3296,,135.0,150.0,0.14,87.0,6.3,5.4,19.8,659,3
AITK-2504635-100,3297,3297,,185.0,200.0,0.15,86.4,6.3,5.4,15.8,660,4
AITK-2504635-100,3298,3298,,235.0,250.0,0.2,81.6,6.1,5.4,26.3,661,5
AITK-2504811-330,3208,3208,,35.0,50.0,,,4.6,3.7,,662,1
AITK-2504811-330,3209,3209,,85.0,100.0,,,4.9,4.1,,663,2
AITK-2504811-330,3210,3210,,135.0,150.0,,,5.2,4.4,,664,3
AITK-2504812-1,1410,1410,,35.0,50.0,0.12,88.1,3.9,3.1,9.1,665,1
AITK-2504812-1,1411,1411,,85.0,100.0,0.18,82.3,4.1,3.2,4.1,666,2
AITK-2504812-1,1412,1412,,135.0,150.0,0.13,87.7,4.7,3.9,7.7,667,3
AITK-2504812-1,1413,1413,,185.0,200.0,0.15,85.7,5.1,4.5,12.6,668,4
AITK-2504812-1,1414,1414,,213.0,228.0,0.17,83.1,5.5,4.7,22.3,669,5
AITK-2504812-16,1472,1472,,35.0,50.0,0.16,85.0,3.8,3.1,7.5,670,1
AITK-2504812-16,1473,1473,,85.0,100.0,0.13,87.1,4.2,3.6,9.2,671,2
AITK-2504812-16,1474,1474,,120.0,135.0,0.15,86.4,4.4,3.8,10.9,672,3
AITK-2504812-17,1476,1476,,35.0,50.0,0.11,89.0,3.6,3.0,7.5,673,1
AITK-2504812-17,1477,1477,,85.0,100.0,0.12,88.0,4.0,3.4,6.8,674,2
AITK-2504812-17,1478,1478,,135.0,150.0,0.12,88.1,4.4,3.6,8.3,675,3
AITK-2504812-17,1479,1479,,185.0,200.0,0.11,88.8,4.8,4.4,10.3,676,4
AITK-2504812-17,1480,1480,,235.0,250.0,0.15,86.3,5.2,4.4,12.8,677,5
AITK-2504812-17,1481,1481,,270.0,285.0,0.24,80.1,5.4,4.6,42.7,678,6
AITK-2504812-2,1416,1416,,35.0,50.0,0.16,84.5,4.1,3.3,12.0,679,1
AITK-2504812-2,1417,1417,,85.0,100.0,0.15,85.4,5.3,4.6,9.0,680,2
AITK-2504812-2,1418,1418,,135.0,150.0,0.16,84.7,5.6,5.0,12.9,681,3
AITK-2504812-3,1420,1420,,35.0,50.0,0.18,82.7,5.2,4.6,9.2,682,1
AITK-2504812-3,1421,1421,,85.0,100.0,0.19,81.6,5.6,5.0,34.6,683,2
AITK-2504813-15,1459,1459,,35.0,50.0,0.1,89.9,4.0,3.1,7.0,684,1
AITK-2504813-15,1460,1460,,85.0,100.0,0.1,90.7,4.7,3.6,6.5,685,2
AITK-2504813-15,1461,1461,,135.0,150.0,0.1,89.8,5.4,4.6,8.4,686,3
AITK-2504813-15,1462,1462,,185.0,200.0,0.13,87.0,5.6,4.8,13.5,687,4
AITK-2504813-15,1463,1463,,235.0,250.0,0.16,84.0,5.8,5.0,16.2,688,5
AITK-2504813-15,1464,1464,,285.0,300.0,0.12,87.8,5.8,5.1,12.1,689,6
AITK-2504813-15,1465,1465,,335.0,350.0,0.12,88.5,6.0,5.3,12.0,690,7
AITK-2504813-15,1466,1466,,385.0,400.0,0.1,89.8,6.2,5.4,9.1,691,8
AITK-2504813-15,1467,1467,,435.0,450.0,0.13,87.6,6.0,5.5,26.1,692,9
AITK-2504813-15,1468,1468,,485.0,500.0,0.14,86.1,5.6,5.5,28.2,693,10
AITK-2504813-15,1469,1469,,535.0,550.0,0.11,88.7,5.8,5.6,28.0,694,11
AITK-2504813-15,1470,1470,,585.0,600.0,0.13,87.0,6.1,5.6,28.5,695,12
AITK-2504819-365,3308,3308,,35.0,50.0,0.25,68.7,5.6,5.3,28.7,696,1
AITK-2504819-365,3309,3309,,85.0,100.0,0.28,73.0,5.5,5.2,21.3,697,2
AITK-2504819-365,3310,3310,,135.0,150.0,0.18,83.7,5.7,5.3,15.4,698,3
AITK-2504819-365,3311,3311,,185.0,200.0,0.23,78.4,5.4,5.1,20.4,699,4
AITK-2504819-365,3312,3312,,235.0,250.0,0.2,81.8,5.6,5.2,17.7,700,5
AITK-2504819-365,3313,3313,,285.0,300.0,0.19,82.3,5.8,5.4,26.4,701,6
AITK-2504819-365,3314,3314,,335.0,350.0,0.31,74.7,6.8,6.5,50.2,702,7
AITK-2504936-14,1457,1457,,35.0,50.0,0.4,66.4,6.2,5.7,65.0,703,1
AITK-2505005-1,3041,3041,,35.0,50.0,0.12,85.4,4.3,3.3,9.8,704,1
AITK-2505005-1,3042,3042,,85.0,100.0,0.13,86.9,4.6,3.3,5.7,705,2
AITK-2505005-1,3043,3043,,135.0,150.0,0.13,85.6,5.0,3.6,,706,3
AITK-2505005-1,3044,3044,,185.0,200.0,0.11,88.3,5.2,4.0,11.5,707,4
AITK-2505005-2,3046,3046,,35.0,50.0,0.13,86.0,4.3,3.7,9.3,708,1
AITK-2505005-2,3047,3047,,85.0,100.0,0.13,87.4,5.2,3.9,6.6,709,2
AITK-2505005-2,3048,3048,,135.0,150.0,0.12,87.9,5.1,3.9,9.4,710,3
AITK-2505006-3,3050,3050,,35.0,50.0,0.11,86.8,4.9,3.5,9.3,711,1
AITK-2505006-3,3051,3051,,85.0,100.0,0.09,88.7,4.9,3.6,6.6,712,2
AITK-2505006-3,3052,3052,,135.0,150.0,0.09,91.3,5.0,3.8,5.7,713,3
AITK-2505006-3,3053,3053,,185.0,200.0,0.11,89.0,5.3,4.0,9.4,714,4
AITK-2505006-3,3054,3054,,235.0,250.0,0.13,87.4,5.5,4.4,9.2,715,5
AITK-2505006-5,3062,3062,,35.0,50.0,0.08,91.0,4.4,2.9,4.2,716,1
AITK-2505006-5,3063,3063,,85.0,100.0,0.09,90.3,4.1,2.9,3.5,717,2
AITK-2505006-5,3065,3065,,185.0,200.0,0.1,90.6,4.6,3.5,5.4,718,3
AITK-2505006-5,3066,3066,,235.0,250.0,0.12,88.4,5.1,4.0,10.0,719,4
AITK-2505006-5,3067,3067,,285.0,300.0,0.15,85.5,5.4,4.3,13.2,720,5
AITK-2505006-5,3964,3964,,135.0,150.0,0.1,90.6,4.3,3.1,3.3,721,6
AITK-2505007-44,3140,3140,,35.0,50.0,0.12,88.0,3.8,3.0,8.9,722,1
AITK-2505007-44,3141,3141,,85.0,100.0,0.14,86.5,4.3,3.4,6.9,723,2
AITK-2505007-44,3142,3142,,135.0,150.0,0.14,87.5,5.0,3.8,10.8,724,3
AITK-2505008-225,3144,3144,,35.0,50.0,0.09,90.3,3.9,3.0,3.6,725,1
AITK-2505008-225,3145,3145,,85.0,100.0,0.1,90.6,4.1,3.1,6.8,726,2
AITK-2505008-225,3146,3146,,135.0,150.0,0.1,90.3,4.2,3.1,3.6,727,3
AITK-2505008-225,3147,3147,,185.0,200.0,0.14,86.8,4.6,3.4,10.1,728,4
AITK-2505008-225,3148,3148,,235.0,250.0,0.13,87.1,4.9,3.8,7.9,729,5
AITK-2505010-260,3188,3188,,35.0,50.0,0.15,84.7,6.1,5.5,11.1,730,1
AITK-2505010-260,3189,3189,,85.0,100.0,0.13,87.3,6.1,5.4,10.7,731,2
AITK-2505010-260,3190,3190,,135.0,150.0,0.15,86.1,6.2,5.5,11.9,732,3
AITK-2505010-260,3191,3191,,185.0,200.0,0.19,81.7,6.3,5.7,20.5,733,4
AITK-2505010-260,3192,3192,,250.0,265.0,0.22,79.0,6.1,5.8,28.6,734,5
AITK-2505014-17,1698,1698,,35.0,50.0,0.23,80.0,6.0,5.3,50.4,735,1
AITK-2505014-17,1699,1699,,85.0,100.0,0.21,80.3,5.6,5.2,27.2,736,2
AITK-2505014-18,1701,1701,,35.0,50.0,0.15,85.2,5.1,4.8,11.2,737,1
AITK-2505014-18,1702,1702,,85.0,100.0,0.15,85.2,5.2,4.8,14.1,738,2
AITK-2505014-18,1703,1703,,135.0,150.0,0.18,83.2,5.4,5.1,14.8,739,3
AITK-2505014-18,1704,1704,,170.0,185.0,0.18,82.8,5.7,5.3,15.7,740,4
AITK-2505014-19,1706,1706,,35.0,50.0,0.13,87.5,5.6,5.0,11.5,741,1
AITK-2505014-19,1707,1707,,85.0,100.0,0.13,87.3,5.4,5.0,13.3,742,2
AITK-2505014-19,1708,1708,,135.0,150.0,0.16,85.2,5.9,5.3,13.1,743,3
AITK-2505014-19,1709,1709,,185.0,200.0,0.16,85.0,6.1,5.5,10.5,744,4
AITK-2505014-19,1710,1710,,235.0,250.0,0.13,88.0,6.1,5.5,9.7,745,5
AITK-2505014-19,1712,1712,,285.0,300.0,0.16,83.8,6.2,6.1,31.5,746,6
AITK-2505014-19,1713,1713,,325.0,340.0,0.28,75.1,6.1,6.0,67.8,747,7
AITK-2505102-61,2042,2042,,35.0,50.0,0.25,67.6,4.6,4.4,48.9,748,1
AITK-2505107-89,2115,2115,,35.0,50.0,0.17,84.6,4.8,3.5,8.7,749,1
AITK-2505107-89,2116,2116,,85.0,100.0,0.15,85.4,4.8,3.8,8.6,750,2
AITK-2505107-89,2117,2117,,135.0,150.0,0.2,82.5,5.1,4.3,15.4,751,3
AITK-2505107-89,2118,2118,,185.0,200.0,0.2,81.4,4.9,4.4,21.5,752,4
AITK-2505107-89,2119,2119,,235.0,250.0,0.12,88.8,4.5,4.2,7.3,753,5
AITK-2505107-89,2120,2120,,285.0,300.0,0.11,88.4,5.3,4.4,6.2,754,6
AITK-2505107-89,2121,2121,,335.0,350.0,0.16,85.6,4.8,4.3,13.3,755,7
AITK-2505107-90,2123,2123,,35.0,50.0,0.14,85.8,4.4,3.5,8.0,756,1
AITK-2505107-90,2124,2124,,85.0,100.0,0.2,80.5,4.5,3.9,14.6,757,2
AITK-2505107-90,2125,2125,,135.0,150.0,0.19,83.2,4.7,4.2,9.6,758,3
AITK-2505107-91,2127,2127,,35.0,50.0,0.17,83.2,4.1,3.2,6.8,759,1
AITK-2505107-91,2128,2128,,85.0,100.0,0.17,83.5,4.4,3.4,9.5,760,2
AITK-2505107-91,2129,2129,,135.0,150.0,0.24,79.1,4.6,3.8,20.3,761,3
AITK-2505107-91,2130,2130,,185.0,200.0,0.18,83.0,4.8,4.0,11.0,762,4
AITK-2505107-91,2131,2131,,215.0,230.0,0.12,88.0,4.6,4.0,5.7,763,5
AITK-2505111-73,2087,2087,,35.0,50.0,0.19,82.2,5.9,4.8,12.5,764,1
AITK-2505111-74,2089,2089,,0.0,15.0,0.2,72.4,7.4,6.2,33.5,765,1
AITK-2505114-69,2073,2073,,35.0,50.0,0.15,84.7,6.2,5.8,12.7,766,1
AITK-2505114-69,2074,2074,,85.0,100.0,0.17,83.7,6.0,5.8,11.5,767,2
AITK-2505114-70,2076,2076,,35.0,50.0,0.16,84.3,5.5,5.2,9.6,768,1
AITK-2505114-70,2077,2077,,85.0,100.0,0.16,84.9,5.8,5.4,8.2,769,2
AITK-2505114-70,2078,2078,,135.0,150.0,0.16,85.2,5.8,5.6,12.1,770,3
AITK-2505114-70,2079,2079,,185.0,200.0,0.22,78.4,5.9,5.7,24.5,771,4
AITK-2505114-71,2081,2081,,35.0,50.0,0.16,85.5,5.4,4.8,13.8,772,1
AITK-2505114-71,2082,2082,,85.0,100.0,0.16,85.0,5.4,5.0,7.8,773,2
AITK-2505114-71,2083,2083,,135.0,150.0,0.14,86.6,5.7,5.0,8.1,774,3
AITK-2505114-71,2084,2084,,185.0,200.0,0.21,80.4,5.8,5.3,31.9,775,4
AITK-2505114-72,2085,2085,,35.0,50.0,0.2,81.7,5.6,5.4,23.7,776,1
AITK-2505118-88,2112,2112,,35.0,50.0,0.18,83.4,4.2,3.3,8.2,777,1
AITK-2505118-88,2113,2113,,85.0,100.0,0.17,83.9,4.6,3.6,9.2,778,2
AITK-2505118-88,2114,2114,,110.0,125.0,0.17,84.2,4.4,3.8,9.5,779,3
AITK-2505123-62,2044,2044,,35.0,50.0,0.18,84.6,5.5,5.2,10.4,780,1
AITK-2505123-62,2045,2045,,56.0,71.0,0.17,84.5,6.6,5.6,18.7,781,2
AITK-2505123-63,2047,2047,,35.0,50.0,0.14,86.9,5.7,5.4,14.6,782,1
AITK-2505123-63,2048,2048,,85.0,100.0,0.12,87.1,6.0,5.3,11.2,783,2
AITK-2505123-63,2049,2049,,120.0,135.0,0.1,89.8,5.5,5.3,12.7,784,3
AITK-2505123-64,2051,2051,,35.0,50.0,0.14,86.2,5.7,5.2,15.7,785,1
AITK-2505123-64,2052,2052,,85.0,100.0,0.12,88.9,5.8,5.3,12.0,786,2
AITK-2505123-64,2053,2053,,135.0,150.0,0.12,88.7,5.8,5.4,11.2,787,3
AITK-2505123-64,2054,2054,,171.0,186.0,0.2,81.6,6.1,5.8,32.3,788,4
AITK-2505123-65,2056,2056,,35.0,50.0,0.15,87.5,5.9,5.4,13.5,789,1
AITK-2505123-65,2057,2057,,85.0,100.0,0.12,88.1,5.8,5.2,9.7,790,2
AITK-2505123-65,2058,2058,,135.0,150.0,0.12,88.2,6.0,5.6,11.8,791,3
AITK-2505123-66,2061,2061,,35.0,50.0,0.14,85.5,5.7,5.3,12.9,792,1
AITK-2505123-66,2062,2062,,85.0,100.0,0.12,87.9,5.4,5.0,11.1,793,2
AITK-2505123-66,2063,2063,,118.0,133.0,0.15,85.6,5.6,5.1,10.9,794,3
AITK-2505124-67,2066,2066,,35.0,50.0,0.19,82.4,5.6,5.3,35.0,795,1
AITK-2505124-67,2067,2067,,85.0,100.0,0.15,85.4,5.8,5.4,16.5,796,2
AITK-2505124-67,2068,2068,,125.0,140.0,0.16,85.2,5.9,5.4,14.2,797,3
AITK-2505124-68,2070,2070,,35.0,50.0,0.22,79.3,5.8,5.3,33.1,798,1
AITK-2505124-68,2071,2071,,65.0,80.0,0.2,81.8,5.5,5.1,17.0,799,2
AITK-2505215-39,3102,3102,,35.0,50.0,0.13,85.7,6.0,5.4,13.4,800,1
AITK-2505215-39,3103,3103,,85.0,100.0,0.1,89.5,6.1,5.6,13.3,801,2
AITK-2505215-39,3104,3104,,135.0,150.0,0.12,88.7,6.1,5.7,8.2,802,3
AITK-2505215-39,3105,3105,,185.0,200.0,0.12,88.2,6.3,5.7,8.4,803,4
AITK-2505215-39,3106,3106,,235.0,250.0,0.13,87.5,6.3,5.7,9.6,804,5
AITK-2505215-39,3107,3107,,285.0,300.0,0.13,86.9,6.4,5.8,9.6,805,6
AITK-2505215-39,3108,3108,,315.0,330.0,0.12,87.6,6.2,6.0,13.9,806,7
AITK-2505222-93,2135,2135,,35.0,50.0,0.09,89.9,5.9,5.1,12.1,807,1
AITK-2505222-93,2136,2136,,85.0,100.0,0.1,89.3,5.9,5.2,13.4,808,2
AITK-2505222-93,2137,2137,,135.0,150.0,0.13,88.0,5.6,5.0,7.8,809,3
AITK-2505224-92,2132,2132,,10.0,25.0,0.18,82.1,5.8,4.9,36.5,810,1
AITK-2505231-76,2097,2097,,40.0,55.0,0.31,72.2,5.9,4.8,43.3,811,1
AITK-2505231-77,2099,2099,,35.0,50.0,0.35,70.1,5.5,4.6,41.4,812,1
AITK-2505231-77,2100,2100,,85.0,100.0,0.26,74.7,4.7,4.7,37.5,813,2
AITK-2505231-77,2101,2101,,135.0,150.0,0.49,63.9,5.0,3.9,75.3,814,3
AITK-2505231-77,2102,2102,,185.0,200.0,0.57,57.0,4.5,4.5,80.6,815,4
AITK-2505231-77,2103,2103,,208.0,223.0,0.54,59.7,3.4,3.2,80.3,816,5
AITK-2505231-77A,2098,2098,,32.0,47.0,0.33,68.0,5.6,4.4,46.0,817,1
AITK-2505232-189,3133,3133,,35.0,50.0,0.26,74.8,5.7,5.3,37.5,818,1
AITK-2505232-189,3134,3134,,85.0,100.0,0.23,77.8,5.4,5.0,26.9,819,2
AITK-2505232-189,3135,3135,,135.0,150.0,0.44,65.2,3.0,3.3,72.5,820,3
AITK-2505232-75A,2091,2091,,35.0,50.0,0.19,81.4,5.6,3.8,15.0,821,1
AITK-2505232-75A,2092,2092,,85.0,100.0,0.21,79.0,5.6,4.0,20.4,822,2
AITK-2505232-75A,2093,2093,,135.0,150.0,0.18,84.4,5.3,4.5,8.6,823,3
AITK-2505232-75A,2094,2094,,185.0,200.0,0.15,86.5,5.6,4.6,6.7,824,4
AITK-2505232-75A,2095,2095,,225.0,240.0,0.11,89.7,6.0,4.7,8.1,825,5
AITK-2505235-175,3123,3123,,35.0,50.0,,,5.9,5.5,,826,1
AITK-2505235-175,3124,3124,,85.0,100.0,,,6.1,5.5,,827,2
AITK-2505235-175,3125,3125,,135.0,150.0,,,5.3,5.1,,828,3
AITK-2505235-175,3126,3126,,185.0,200.0,,,4.6,4.5,,829,4
AITK-2604722-322,3246,3246,,35.0,50.0,0.15,85.2,5.3,4.6,9.4,830,1
AITK-2604722-322,3247,3247,,85.0,100.0,0.13,87.4,5.5,4.7,12.0,831,2
AITK-2604722-322,3248,3248,,135.0,150.0,0.13,87.5,5.8,4.9,8.9,832,3
AITK-2604722-322,3249,3249,,185.0,200.0,0.12,88.4,6.3,5.2,10.9,833,4
AITK-2604722-322,3250,3250,,235.0,250.0,0.12,88.6,6.5,5.4,7.0,834,5
AITK-2604722-322,3251,3251,,285.0,300.0,0.13,87.1,6.5,5.6,15.9,835,6
AITK-2604722-322,3252,3252,,335.0,350.0,0.16,85.3,6.3,5.5,23.0,836,7
AITK-2604722-322,3253,3253,,385.0,400.0,0.19,82.6,6.3,5.6,37.9,837,8
AITK-2604722-322,3254,3254,,440.0,455.0,0.19,83.0,6.3,5.7,31.4,838,9
AITK-2604723-324,3242,3242,,35.0,50.0,0.19,80.2,5.6,5.0,13.8,839,1
AITK-2604723-324,3243,3243,,85.0,100.0,0.18,82.8,5.6,4.8,14.7,840,2
AITK-2604723-324,3244,3244,,135.0,150.0,0.18,84.4,5.9,5.2,12.8,841,3
AITK-2604931-60,3219,3219,,35.0,50.0,,,4.0,3.2,,842,1
AITK-2604931-60,3220,3220,,70.0,85.0,,,3.9,3.2,,843,2
AITK-2605011-43,3150,3150,,35.0,50.0,0.16,84.6,4.7,4.0,8.0,844,1
AITK-2605011-43,3151,3151,,85.0,100.0,0.12,87.7,5.1,4.2,7.9,845,2
AITK-2605011-43,3152,3152,,135.0,150.0,0.15,86.0,5.5,4.6,11.7,846,3
AITK-2605011-43,3153,3153,,185.0,200.0,0.14,85.8,5.8,4.9,13.2,847,4
AITK-2605011-43,3154,3154,,215.0,230.0,0.31,73.3,5.2,4.8,60.9,848,5
AITK-2605020-38,3156,3156,,35.0,50.0,0.11,88.9,5.3,4.5,6.6,849,1
AITK-2605020-38,3157,3157,,85.0,100.0,0.11,89.6,5.4,4.5,7.5,850,2
AITK-2605020-38,3158,3158,,135.0,150.0,0.1,90.5,5.6,4.6,8.1,851,3
AITK-2605020-38,3159,3159,,185.0,200.0,0.09,90.4,5.6,4.6,6.4,852,4
AITK-2605020-38,3160,3160,,235.0,250.0,0.09,91.2,5.7,4.6,6.9,853,5
AITK-2605020-38,3161,3161,,285.0,300.0,0.07,92.2,6.0,4.8,5.7,854,6
AITK-2605020-38,3162,3162,,335.0,350.0,0.08,91.5,6.0,5.2,13.5,855,7
AITK-2605020-38,3163,3163,,385.0,400.0,0.09,90.4,6.7,5.7,22.4,856,8
AITK-2605020-38,3164,3164,,435.0,450.0,0.11,88.6,5.6,5.2,27.3,857,9
AITK-2605020-38,3165,3165,,485.0,500.0,0.09,90.3,6.4,5.9,25.7,858,10
AITK-2605020-38,3166,3166,,535.0,550.0,0.15,85.5,7.5,7.3,55.6,859,11
AITK-2605111-85,2108,2108,,13.0,28.0,,68.2,5.4,,53.1,860,1
AITK-2605112-84,2105,2105,,35.0,50.0,0.63,52.5,4.8,4.5,80.9,861,1
AITK-2605112-84,2106,2106,,85.0,100.0,0.63,52.8,6.7,6.3,83.9,862,2
AITK-2605113-87,2110,2110,,35.0,50.0,0.24,78.5,4.7,3.8,18.1,863,1
AITK-2605113-87,2111,2111,,83.0,98.0,0.25,74.7,5.2,4.3,26.2,864,2
AITK-2704510-97,3326,3326,,35.0,50.0,0.15,85.1,4.5,3.6,9.1,865,1
AITK-2704510-97,3327,3327,,85.0,100.0,0.13,87.8,4.7,3.8,7.8,866,2
AITK-2704510-97,3328,3328,,135.0,150.0,0.08,91.8,5.1,4.1,5.3,867,3
AITK-2704510-97,3329,3329,,185.0,200.0,0.09,91.2,5.7,4.6,14.5,868,4
AITK-2704510-97,3330,3330,,235.0,250.0,0.09,91.5,6.0,4.9,14.3,869,5
AITK-2704510-97,3331,3331,,285.0,300.0,0.12,88.3,5.7,4.9,27.1,870,6
AITK-2704510-97,3332,3332,,335.0,350.0,0.12,88.2,5.7,5.0,30.6,871,7
AITK-2704510-97,3333,3333,,385.0,400.0,0.13,87.1,5.4,4.9,26.9,872,8
AITK-2704510-97,3334,3334,,435.0,450.0,0.12,89.2,4.1,4.0,26.8,873,9
AITK-2704510-97,3335,3335,,485.0,500.0,0.12,88.7,5.8,5.2,41.5,874,10
AITK-2704814-297,3212,3212,,35.0,50.0,0.13,86.0,5.9,5.0,11.7,875,1
AITK-2704814-297,3213,3213,,85.0,100.0,0.09,89.7,6.1,5.1,8.0,876,2
AITK-2704814-297,3214,3214,,135.0,150.0,0.1,90.3,6.0,5.3,11.8,877,3
AITK-2704814-297,3215,3215,,185.0,200.0,0.14,87.0,6.4,5.5,14.4,878,4
AITK-2704814-297,3216,3216,,235.0,250.0,0.13,88.5,6.1,5.6,12.6,879,5
AITK-2704814-297,3217,3217,,285.0,300.0,0.14,87.3,6.4,5.8,20.5,880,6
AITK-2704814-297,3218,3218,,335.0,350.0,0.21,80.9,4.7,4.6,41.3,881,7
AITK-2705023-243,3170,3170,,35.0,50.0,0.13,86.9,3.9,3.0,6.7,882,1
AITK-2705023-243,3171,3171,,85.0,100.0,0.09,91.2,4.2,3.1,4.1,883,2
AITK-2705023-243,3172,3172,,135.0,150.0,0.13,88.0,4.2,3.2,7.3,884,3
AITK-2705023-243,3173,3173,,185.0,200.0,0.12,88.0,4.6,3.5,12.5,885,4
AITK-2705215-208,3109,3109,,35.0,50.0,0.09,90.9,4.2,3.1,5.3,886,1
AITK-2705215-208,3110,3110,,85.0,100.0,0.07,92.3,4.0,2.9,3.9,887,2
AITK-2705215-208,3111,3111,,135.0,150.0,0.09,91.7,4.1,3.0,4.5,888,3
AITK-2705215-208,3112,3112,,185.0,200.0,0.08,92.3,4.2,3.1,3.6,889,4
AITK-2705215-208,3113,3113,,235.0,250.0,0.1,90.4,4.5,3.4,4.6,890,5
AITK-2705215-208,3114,3114,,285.0,300.0,0.09,90.7,4.8,3.6,7.7,891,6
AITK-2705215-208,3115,3115,,335.0,350.0,0.12,88.1,5.0,4.0,15.7,892,7
AITK-2705215-208,3116,3116,,380.0,395.0,0.16,85.6,5.2,4.4,28.4,893,8
BELT-3015501-285,2783,2783,,50.0,65.0,0.09,90.8,3.4,3.0,8.5,894,1
BELT-3015501-285,2784,2784,,85.0,100.0,0.11,88.3,3.8,3.6,4.8,895,2
BELT-3015501-285,2785,2785,,130.0,145.0,0.17,84.1,4.6,4.2,9.7,896,3
BELT-3015515-263,3484,3484,,60.0,110.0,0.11,88.3,5.5,4.9,6.2,897,1
BELT-3015515-263,3485,3485,,110.0,160.0,0.14,87.2,5.4,4.8,9.0,898,2
BELT-3015618-528,3475,3475,,75.0,100.0,0.1,89.7,5.2,4.8,7.0,899,1
BELT-3015618-528,3476,3476,,110.0,150.0,0.11,89.1,5.2,4.9,9.6,900,2
BELT-3115516-322,3481,3481,,50.0,100.0,0.08,90.9,4.9,3.9,5.3,901,1
BELT-3115516-322,3482,3482,,130.0,180.0,0.12,88.9,5.8,5.0,7.7,902,2
BELT-3115516-322,3483,3483,,200.0,250.0,0.13,88.1,5.3,5.0,12.7,903,3
BELT-3215501-354,3498,3498,,50.0,120.0,,,4.4,3.6,,904,1
BELT-3215501-354,3499,3499,,150.0,315.0,0.07,92.3,5.6,4.8,7.1,905,2
BELT-3215507-377,3486,3486,,50.0,100.0,0.09,89.2,4.2,3.2,8.8,906,1
BELT-3215507-377,3487,3487,,100.0,200.0,0.05,94.4,4.2,3.5,3.0,907,2
BELT-3215507-377,3488,3488,,210.0,270.0,0.07,93.3,5.5,4.6,5.5,908,3
BELT-3215507-377,3489,3489,,300.0,400.0,,,5.2,4.8,,909,4
BELT-3215513-527,3500,3500,,50.0,100.0,0.09,91.3,3.8,2.8,5.8,910,1
BELT-3215513-527,3501,3501,,150.0,200.0,0.05,94.8,4.5,3.6,3.8,911,2
BELT-3215514-328,3494,3494,,50.0,100.0,0.08,91.7,3.7,2.8,4.2,912,1
BELT-3215514-328,3495,3495,,100.0,270.0,0.06,93.5,4.0,3.0,4.5,913,2
BELT-3215514-328,3496,3496,,270.0,360.0,0.05,94.1,4.5,3.6,3.2,914,3
BELT-3215514-328,3497,3497,,360.0,400.0,0.1,90.1,5.5,5.1,11.2,915,4
BELT-3215523-372,3479,3479,,50.0,150.0,0.1,89.5,5.0,4.1,4.6,916,1
BELT-3215523-372,3480,3480,,200.0,300.0,0.14,87.4,5.9,5.3,13.3,917,2
BELT-3215612-336,3473,3473,,50.0,90.0,0.09,91.1,5.4,4.8,5.9,918,1
BELT-3215612-336,3474,3474,,100.0,180.0,0.11,89.5,5.9,5.3,7.3,919,2
BELT-3215625-346,3502,3502,,60.0,90.0,,,4.4,3.4,,920,1
BELT-3215625-346,3503,3503,,100.0,270.0,0.06,93.4,5.5,4.5,5.3,921,2
BELT-3215625-346,3504,3504,,360.0,390.0,0.16,86.0,4.5,4.4,14.2,922,3
BELT-3215626-339,3470,3470,,45.0,60.0,,,5.5,4.5,,923,1
BELT-3215626-339,3471,3471,,100.0,180.0,0.07,92.8,5.6,4.7,5.9,924,2
BELT-3215626-339,3472,3472,,210.0,270.0,0.1,89.8,5.2,4.9,11.0,925,3
BELT-3215633-380,3466,3466,,0.0,60.0,,,4.1,3.0,,926,1
BELT-3215633-380,3467,3467,,100.0,200.0,0.07,92.0,5.0,3.7,4.9,927,2
BELT-3215633-380,3468,3468,,210.0,300.0,0.07,92.1,5.9,5.1,6.1,928,3
BELT-3215633-380,3469,3469,,300.0,345.0,0.11,89.8,5.4,5.1,9.0,929,4
BELT-3315504-525,3463,3463,,0.0,140.0,0.06,93.9,5.9,5.2,4.9,930,1
BELT-3315504-525,3464,3464,,140.0,230.0,0.09,90.4,4.8,4.6,7.1,931,2
BELT-3315524-376,3478,3478,,50.0,90.0,0.16,84.2,4.9,4.6,10.5,932,1
BELT-3315624-529,3490,3490,,70.0,120.0,0.09,90.8,5.1,4.7,6.6,933,1
BELT-3315624-529,3491,3491,,125.0,175.0,0.08,91.6,5.3,5.0,5.8,934,2
BELT-3315624-529,3492,3492,,210.0,225.0,0.11,89.6,4.7,4.5,11.7,935,3
BELT-3415502-524,3460,3460,,0.0,110.0,,,6.0,5.1,,936,1
BELT-3415502-524,3461,3461,,110.0,175.0,0.09,90.7,6.0,5.2,6.1,937,2
BELT-3415502-524,3462,3462,,175.0,190.0,0.13,87.5,6.0,5.5,9.7,938,3
BELT-3415611-402,3459,3459,,40.0,90.0,0.16,83.7,5.0,4.5,9.9,939,1
BELT-3515501-526,3465,3465,,90.0,140.0,0.11,90.0,5.6,4.7,5.7,940,1
BELT-3515525-396,3477,3477,,60.0,130.0,0.13,88.2,5.7,5.2,8.3,941,1
BELT-3515618-429,3458,3458,,0.0,100.0,0.17,81.5,5.9,5.5,10.1,942,1
BELT-3615725-444,3451,3451,,75.0,125.0,0.1,90.5,5.6,5.0,6.2,943,1
BELT-3615725-444,3452,3452,,175.0,225.0,0.14,87.5,5.5,5.0,9.5,944,2
BELT-3615729-436,3449,3449,,0.0,90.0,0.1,89.9,5.6,5.0,6.0,945,1
BELT-3615729-436,3450,3450,,90.0,120.0,0.14,86.0,5.7,5.2,8.3,946,2
BENT-3003631-1,5057,5057,,0.0,29.0,,,,,21.9,947,1
BENT-3003631-1,5058,5058,,29.0,56.0,,,,,18.6,948,2
BENT-3003631-2,5059,5059,,0.0,25.0,,,,,22.4,949,1
BENT-3003631-2,5060,5060,,25.0,45.0,,,,,14.4,950,2
BENT-3003631-2,5061,5061,,45.0,80.0,,,,,18.5,951,3
BENT-3003631-2,5062,5062,,80.0,127.0,,,,,45.6,952,4
BENT-3003631-3,5063,5063,,0.0,27.0,,,,,23.6,953,1
BENT-3003631-3,5064,5064,,27.0,73.0,,,,,16.4,954,2
BENT-3003631-3,5065,5065,,73.0,95.0,,,,,41.0,955,3
CARL-1704805-102,3596,3596,,135.0,150.0,0.16,84.4,4.4,4.1,8.5,956,1
CARL-1704805-102,3597,3597,,185.0,200.0,0.11,91.1,4.6,4.5,35.1,957,2
CARL-1804802-104,3598,3598,,30.0,45.0,0.09,92.4,4.0,3.3,7.0,958,1
CARL-1804802-104,3599,3599,,120.0,135.0,0.11,89.6,4.3,3.4,6.6,959,2
CARL-1804915-105,3600,3600,,35.0,50.0,0.18,84.3,4.3,3.7,11.0,960,1
CARL-1904801-244,3529,3529,,40.0,90.0,0.12,87.6,4.1,3.2,5.8,961,1
CARL-1904801-244,3530,3530,,230.0,245.0,0.19,81.8,4.7,4.1,13.7,962,2
CARL-1904803-242,3526,3526,,15.0,30.0,0.1,89.4,3.9,3.2,7.1,963,1
CARL-1904803-242,3527,3527,,60.0,80.0,0.07,92.9,3.8,3.0,2.9,964,2
CARL-1904803-242,3528,3528,,100.0,150.0,0.06,92.9,4.0,3.2,6.1,965,3
CARL-1904804-381,3878,3878,,20.0,40.0,0.15,84.0,,,,966,1
CARL-1904804-381,3879,3879,,65.0,80.0,0.12,88.4,,,,967,2
CARL-1904804-381,3880,3880,,80.0,95.0,0.12,88.3,,,,968,3
CARL-1904804-382,3881,3881,,15.0,30.0,0.16,81.3,,,,969,1
CARL-1904804-382,3882,3882,,32.0,48.0,0.12,85.7,,,,970,2
CARL-1904827-A0+-0,4105,4105,,20.0,45.0,0.04,93.8,3.8,3.0,4.4,971,1
CARL-1904827-A0+-0,4106,4106,,70.0,85.0,0.1,88.5,,,8.0,972,2
CARL-1904827-A0+-0,4107,4107,,72.0,82.0,,,3.9,3.0,,973,3
CARL-1904827-A0+-0,4108,4108,,90.0,100.0,,,3.8,3.0,,974,4
CARL-1904827-A0+-0,4109,4109,,85.0,100.0,0.09,91.2,,,4.0,975,5
CARL-1904827-A0+-0,4110,4110,,125.0,145.0,,,4.1,3.2,,976,6
CARL-1904827-A0+-0,4111,4111,,130.0,145.0,0.06,93.2,,,3.5,977,7
CARL-1904827-A0+-0,4112,4112,,150.0,165.0,0.08,91.1,,,5.8,978,8
CARL-1904827-A0-400,4113,4113,,18.0,33.0,0.07,92.0,,,4.4,979,1
CARL-1904827-A0-400,4114,4114,,33.0,48.0,0.07,92.3,,,4.0,980,2
CARL-1904827-A0-400,4115,4115,,50.0,75.0,0.08,91.4,3.6,3.1,5.3,981,3
CARL-1904827-A0-400,4116,4116,,75.0,90.0,0.09,90.7,,,4.5,982,4
CARL-1904827-A0-400,4117,4117,,105.0,120.0,0.06,93.3,,,6.6,983,5
CARL-1904827-A0-400,4118,4118,,120.0,145.0,0.09,90.6,3.8,3.1,5.9,984,6
CARL-1904827-A0-400,4119,4119,,150.0,170.0,0.06,92.8,4.2,3.5,2.7,985,7
CARL-1904827-A0-800,4120,4120,,35.0,50.0,0.08,91.6,,,7.7,986,1
CARL-1904827-A0-800,4121,4121,,62.0,83.0,0.05,94.7,4.0,3.1,3.8,987,2
CARL-1904827-A0-800,4122,4122,,85.0,100.0,0.07,93.2,,,4.8,988,3
CARL-1904827-A0-800,4123,4123,,110.0,135.0,0.06,93.3,4.2,3.2,2.3,989,4
CARL-1904827-A0-800,4124,4124,,140.0,155.0,0.06,94.2,,,2.7,990,5
CARL-1904827-A1200-155,4145,4145,,30.0,50.0,0.07,92.6,3.7,3.0,5.6,991,1
CARL-1904827-A1200-155,4146,4146,,55.0,70.0,0.06,93.0,,,4.8,992,2
CARL-1904827-A1200-155,4147,4147,,85.0,100.0,0.05,94.0,,,3.1,993,3
CARL-1904827-A1200-155,4148,4148,,100.0,115.0,0.05,92.7,,,4.4,994,4
CARL-1904827-A1200-455,4149,4149,,15.0,30.0,0.06,92.8,,,7.1,995,1
CARL-1904827-A1200-455,4150,4150,,30.0,45.0,0.07,91.6,,,8.3,996,2
CARL-1904827-A1200-455,4151,4151,,65.0,80.0,0.07,90.8,,,6.1,997,3
CARL-1904827-A1200-455,4152,4152,,80.0,90.0,,,4.2,3.5,,998,4
CARL-1904827-A1200-455,4153,4153,,90.0,105.0,0.09,91.1,,,5.3,999,5
CARL-1904827-A465-200,4082,4082,,0.0,25.0,,,4.1,3.1,,1000,1
CARL-1904827-A465-200,4083,4083,,25.0,40.0,0.06,92.6,,,6.1,1001,2
CARL-1904827-A465-200,4084,4084,,60.0,85.0,0.06,92.8,4.1,3.1,4.3,1002,3
CARL-1904827-A465-200,4085,4085,,93.0,108.0,0.06,93.7,,,2.5,1003,4
CARL-1904827-A465-200,4086,4086,,130.0,145.0,0.04,95.0,,,2.4,1004,5
CARL-1904827-A465-200,4087,4087,,155.0,175.0,0.06,93.9,4.5,3.3,2.9,1005,6
CARL-1904827-A465-200,4088,4088,,202.0,217.0,0.06,92.9,,,6.2,1006,7
CARL-1904827-A465-500,4089,4089,,33.0,48.0,0.05,92.8,,,5.5,1007,1
CARL-1904827-A465-500,4090,4090,,48.0,63.0,0.08,91.1,,,6.7,1008,2
CARL-1904827-A465-500,4091,4091,,80.0,105.0,0.05,93.7,3.6,3.0,1.8,1009,3
CARL-1904827-A465-500,4092,4092,,105.0,120.0,0.05,94.6,,,1.6,1010,4
CARL-1904827-A465-500,4093,4093,,125.0,140.0,0.04,95.7,,,2.2,1011,5
CARL-1904827-A465-500,4094,4094,,140.0,153.0,,,3.9,3.1,,1012,6
CARL-1904827-A465-500,4095,4095,,153.0,168.0,0.04,95.2,,,2.3,1013,7
CARL-1904827-A465-500,4096,4096,,185.0,200.0,0.06,92.5,,,3.9,1014,8
CARL-1904827-A465-500,4097,4097,,200.0,215.0,0.07,92.1,,,5.6,1015,9
CARL-1904827-A465-800,4098,4098,,33.0,48.0,0.04,92.7,,,5.4,1016,1
CARL-1904827-A465-800,4099,4099,,60.0,72.0,,,3.8,3.0,,1017,2
CARL-1904827-A465-800,4100,4100,,72.0,87.0,0.07,91.7,,,6.6,1018,3
CARL-1904827-A465-800,4101,4101,,92.0,107.0,0.05,92.9,,,4.6,1019,4
CARL-1904827-A465-800,4102,4102,,115.0,130.0,0.07,91.8,,,5.2,1020,5
CARL-1904827-A465-800,4103,4103,,130.0,137.0,,,4.2,3.2,,1021,6
CARL-1904827-A465-800,4104,4104,,137.0,152.0,0.06,93.3,,,3.0,1022,7
CARL-1904827-A890+-0,4125,4125,,35.0,50.0,0.04,92.5,,,7.6,1023,1
CARL-1904827-A890+-0,4126,4126,,50.0,65.0,0.05,93.1,,,5.2,1024,2
CARL-1904827-A890+-0,4127,4127,,85.0,100.0,0.06,92.8,,,3.4,1025,3
CARL-1904827-A890+-0,4128,4128,,110.0,127.0,0.09,91.0,3.8,3.1,3.9,1026,4
CARL-1904827-A890+-0,4129,4129,,132.0,147.0,0.06,92.5,,,3.2,1027,5
CARL-1904827-A890+-0,4130,4130,,147.0,162.0,0.06,92.2,,,3.8,1028,6
CARL-1904827-A890+-0,4131,4131,,162.0,177.0,0.09,90.7,,,5.3,1029,7
CARL-1904827-A890-300,4132,4132,,25.0,40.0,0.08,92.2,3.7,3.0,6.3,1030,1
CARL-1904827-A890-300,4133,4133,,45.0,60.0,0.06,92.5,,,6.6,1031,2
CARL-1904827-A890-300,4134,4134,,60.0,75.0,0.08,91.4,,,6.3,1032,3
CARL-1904827-A890-300,4135,4135,,95.0,110.0,0.06,93.5,,,2.6,1033,4
CARL-1904827-A890-300,4136,4136,,115.0,130.0,0.06,93.3,,,2.7,1034,5
CARL-1904827-A890-300,4137,4137,,142.0,157.0,0.05,93.9,,,4.3,1035,6
CARL-1904827-A890-300,4138,4138,,157.0,172.0,0.07,91.7,,,4.8,1036,7
CARL-1904827-A890-700,4139,4139,,20.0,47.0,0.05,92.0,3.8,3.1,4.2,1037,1
CARL-1904827-A890-700,4140,4140,,47.0,62.0,0.06,93.6,,,5.2,1038,2
CARL-1904827-A890-700,4141,4141,,80.0,95.0,0.05,93.9,,,2.3,1039,3
CARL-1904827-A890-700,4142,4142,,95.0,117.0,0.04,94.8,4.0,3.2,2.8,1040,4
CARL-1904827-A890-700,4143,4143,,123.0,138.0,0.05,94.3,,,5.3,1041,5
CARL-1904827-A890-700,4144,4144,,138.0,153.0,0.08,92.0,,,5.3,1042,6
CARL-1904831-220,3524,3524,,40.0,55.0,0.09,90.0,3.7,3.1,4.1,1043,1
CARL-1904831-220,3525,3525,,135.0,150.0,0.08,91.2,4.4,3.5,3.1,1044,2
CARL-1904918-150,3594,3594,,0.0,30.0,0.21,81.3,3.9,3.7,11.3,1045,1
CARL-1904918-150,3595,3595,,30.0,60.0,0.2,83.9,4.7,4.5,12.4,1046,2
CARL-1904921-146,3593,3593,,0.0,90.0,0.15,85.0,5.6,5.2,13.1,1047,1
CARL-1904928-585,3930,3930,,60.0,75.0,0.15,84.0,5.7,5.2,14.0,1048,1
CARL-1904929-193,3516,3516,,20.0,70.0,0.18,81.9,3.8,3.2,13.3,1049,1
CARL-1904929-193,3517,3517,,190.0,205.0,0.13,84.9,4.1,3.2,8.6,1050,2
CARL-2004723-120,3592,3592,,0.0,90.0,0.24,75.8,4.5,4.3,24.0,1051,1
CARL-2004807-278,3511,3511,,35.0,50.0,0.1,89.0,3.8,3.1,4.8,1052,1
CARL-2004807-278,3512,3512,,75.0,100.0,0.1,90.5,4.1,3.2,4.0,1053,2
CARL-2004807-278,3513,3513,,90.0,105.0,0.15,86.1,4.3,3.4,10.7,1054,3
CARL-2004811-189,3514,3514,,35.0,50.0,0.13,86.8,4.2,3.3,4.7,1055,1
CARL-2004811-189,3515,3515,,125.0,140.0,0.2,81.8,4.4,3.5,10.0,1056,2
CARL-2004907-125,3609,3609,,20.0,35.0,0.04,94.9,3.8,3.2,3.2,1057,1
CARL-2004907-125,3610,3610,,40.0,55.0,0.1,88.8,4.0,3.1,7.9,1058,2
CARL-2004907-125,3611,3611,,130.0,145.0,0.12,88.0,4.1,3.2,3.4,1059,3
CARL-2004907-258,3604,3604,,35.0,50.0,0.09,90.0,3.8,3.1,7.0,1060,1
CARL-2004907-258,3605,3605,,170.0,185.0,0.14,87.2,4.2,3.4,7.2,1061,2
CARL-2004918-A900-80,3905,3905,,50.0,70.0,0.12,88.3,3.6,3.0,7.9,1062,1
CARL-2004918-A900-80,3906,3906,,103.0,123.0,0.08,91.8,3.7,3.0,,1063,2
CARL-2004918-D+150+200,5006,5006,,0.0,20.0,,,3.7,2.9,,1064,1
CARL-2004918-D+150+200,5007,5007,,20.0,50.0,,,3.8,2.9,,1065,2
CARL-2004918-D+150+200,5008,5008,,70.0,100.0,,,3.9,3.0,,1066,3
CARL-2004918-D+150+200,5009,5009,,140.0,170.0,,,4.4,3.2,,1067,4
CARL-2004919-301,3617,3617,,75.0,90.0,0.05,92.9,4.0,2.8,2.4,1068,1
CARL-2004919-301,3618,3618,,90.0,120.0,0.06,92.0,4.0,2.8,1.9,1069,2
CARL-2004919-301,3619,3619,,135.0,150.0,0.05,94.5,4.0,2.9,2.5,1070,3
CARL-2004919-301,3620,3620,,165.0,180.0,0.06,93.6,4.1,2.9,3.6,1071,4
CARL-2004919-301,3621,3621,,200.0,215.0,0.07,93.4,4.1,3.0,3.3,1072,5
CARL-2004919-301,3622,3622,,225.0,240.0,0.06,93.9,4.2,3.1,2.9,1073,6
CARL-2004919-301,3623,3623,,300.0,315.0,0.09,90.5,4.7,3.5,5.5,1074,7
CARL-2004919-A500-40,3937,3937,,185.0,200.0,0.08,92.2,4.5,3.4,4.2,1075,1
CARL-2004919-A500-40,3938,3938,,310.0,325.0,0.12,88.1,5.0,4.1,9.4,1076,2
CARL-2004919-A500-60,3892,3892,,52.0,72.0,0.09,89.8,3.8,3.0,,1077,1
CARL-2004919-A500-60,3893,3893,,103.0,123.0,0.07,92.3,,,3.0,1078,2
CARL-2004919-A500-60,3894,3894,,156.0,176.0,0.1,90.3,3.9,3.3,,1079,3
CARL-2004919-A700+-0,3895,3895,,88.0,108.0,0.07,92.9,3.6,3.0,,1080,1
CARL-2004919-A700+-0,3896,3896,,145.0,165.0,0.09,91.6,,,,1081,2
CARL-2004919-A700+-0,3897,3897,,208.0,228.0,0.12,88.5,4.0,3.2,5.8,1082,3
CARL-2004919-A700-40,3898,3898,,28.0,48.0,0.1,90.0,3.6,2.9,9.2,1083,1
CARL-2004919-A700-40,3899,3899,,174.0,194.0,0.07,93.0,4.0,3.1,,1084,2
CARL-2004919-A700-40,3900,3900,,240.0,260.0,0.07,93.1,,,,1085,3
CARL-2004919-A900-20,3901,3901,,55.0,75.0,0.08,91.8,3.7,3.0,,1086,1
CARL-2004919-A900-20,3902,3902,,102.0,122.0,0.06,93.3,,,1.6,1087,2
CARL-2004919-A900-20,3903,3903,,141.0,161.0,0.07,92.6,4.1,3.1,,1088,3
CARL-2004919-A900-20,3904,3904,,189.0,209.0,0.08,91.5,,,3.7,1089,4
CARL-2004919-D+100-600,5010,5010,,0.0,20.0,,,3.6,2.9,,1090,1
CARL-2004919-D+100-600,5011,5011,,20.0,50.0,,,3.6,2.8,,1091,2
CARL-2004919-D+100-600,5012,5012,,70.0,100.0,,,3.7,2.9,,1092,3
CARL-2004919-D+100-600,5013,5013,,150.0,180.0,,,4.0,3.2,,1093,4
CARL-2004919-E+600-600,5014,5014,,0.0,20.0,,,3.8,3.0,,1094,1
CARL-2004919-E+600-600,5015,5015,,20.0,50.0,,,3.9,3.1,,1095,2
CARL-2004919-E+600-600,5016,5016,,70.0,100.0,,,4.2,3.3,,1096,3
CARL-2004919-E+600-600,5017,5017,,150.0,180.0,,,4.7,3.7,,1097,4
CARL-2104816-175,3507,3507,,50.0,75.0,0.11,88.0,4.9,4.0,8.7,1098,1
CARL-2104822-182,3508,3508,,0.0,90.0,,92.9,,,8.1,1099,1
CARL-2104822-182,3509,3509,,140.0,190.0,0.09,90.4,5.4,4.7,7.7,1100,2
CARL-2104822-182,3510,3510,,200.0,250.0,0.12,88.3,5.3,4.8,10.4,1101,3
CARL-2104829-203,3518,3518,,30.0,45.0,0.15,84.0,4.4,3.6,6.9,1102,1
CARL-2104836-279,3522,3522,,25.0,50.0,0.08,91.7,3.8,3.0,4.5,1103,1
CARL-2104836-279,3523,3523,,150.0,165.0,0.08,91.4,3.9,3.0,4.1,1104,2
CARL-2104912-134,3606,3606,,40.0,55.0,0.1,87.6,4.2,3.5,5.0,1105,1
CARL-2104912-134,3607,3607,,135.0,150.0,0.13,87.0,4.2,3.3,6.2,1106,2
CARL-2104912-134,3608,3608,,235.0,250.0,0.13,87.1,4.4,3.7,10.8,1107,3
CARL-2104924-160,3601,3601,,40.0,55.0,0.1,88.9,4.0,3.0,6.5,1108,1
CARL-2104924-160,3602,3602,,60.0,75.0,0.09,89.6,4.1,2.9,4.2,1109,2
CARL-2104924-160,3603,3603,,235.0,250.0,0.11,89.4,4.4,3.3,4.3,1110,3
CARL-2104924-612,3939,3939,,10.0,25.0,0.06,91.9,3.6,3.0,4.7,1111,1
CARL-2104924-612,3940,3940,,30.0,45.0,0.12,86.4,3.7,3.0,11.2,1112,2
CARL-2104924-612,3941,3941,,105.0,120.0,0.08,91.8,4.1,3.2,3.5,1113,3
CARL-2104924-612,3942,3942,,130.0,145.0,0.08,91.8,4.2,3.2,4.6,1114,4
CARL-2104924-612,3943,3943,,200.0,215.0,0.1,90.2,4.5,3.5,6.1,1115,5
CARL-2104924-A100+-0,3883,3883,,35.0,55.0,0.12,88.6,,,,1116,1
CARL-2104924-A100+-0,3884,3884,,84.0,104.0,0.06,93.5,3.6,3.0,2.6,1117,2
CARL-2104924-A100+-0,3885,3885,,136.0,156.0,0.07,92.8,3.9,3.2,,1118,3
CARL-2104924-A100-40,3886,3886,,35.0,55.0,0.1,88.9,,,,1119,1
CARL-2104924-A100-40,3887,3887,,80.0,100.0,0.07,92.5,3.7,3.0,2.5,1120,2
CARL-2104924-A300-30,3888,3888,,58.0,78.0,0.1,90.7,3.5,2.9,7.2,1121,1
CARL-2104924-A300-30,3889,3889,,105.0,125.0,0.07,93.0,,,,1122,2
CARL-2104924-A300-30,3890,3890,,150.0,170.0,0.07,92.5,3.9,3.0,,1123,3
CARL-2104924-A300-30,3891,3891,,200.0,220.0,0.08,92.4,,,,1124,4
CARL-2104924-F+400-200,5018,5018,,0.0,20.0,,,3.7,2.9,,1125,1
CARL-2104924-F+400-200,5019,5019,,20.0,50.0,,,3.7,2.9,,1126,2
CARL-2104924-F+400-200,5020,5020,,70.0,100.0,,,3.7,2.9,,1127,3
CARL-2104924-F+400-200,5021,5021,,150.0,180.0,,,4.2,3.2,,1128,4
CARL-2104931-115,3589,3589,,0.0,30.0,0.07,94.4,3.5,3.0,6.6,1129,1
CARL-2104931-115,3590,3590,,30.0,90.0,0.13,87.9,3.8,3.1,6.7,1130,2
CARL-2104931-115,3591,3591,,90.0,150.0,0.15,84.7,3.9,3.2,12.2,1131,3
CHIS-2103510-4,3931,3931,,15.0,30.0,0.23,65.4,6.0,5.6,18.1,1132,1
CHIS-2103510-4,3932,3932,,76.0,91.0,0.16,83.2,6.1,5.8,12.3,1133,2
CHIS-2103510-4,3933,3933,,125.0,140.0,0.26,78.6,6.2,5.7,17.9,1134,3
CHIS-2103515-17,3934,3934,,25.0,40.0,0.25,77.4,6.4,5.8,24.9,1135,1
CHIS-2103515-20,3935,3935,,34.0,49.0,0.27,70.7,,,20.1,1136,1
CROW-2904630-2,3650,3650,,91.0,122.0,0.11,89.0,5.3,4.5,7.5,1137,1
CROW-2904630-2,3651,3651,,152.0,183.0,0.12,88.5,5.3,4.6,12.1,1138,2
CROW-2904630-2,3652,3652,,183.0,213.0,0.12,89.3,5.3,4.6,9.5,1139,3
CROW-2904630-2,3653,3653,,213.0,244.0,0.15,86.9,5.5,4.7,16.6,1140,4
CROW-2904630-2,3654,3654,,274.0,305.0,0.19,83.0,5.6,4.9,25.9,1141,5
CROW-2904630-2,3655,3655,,305.0,335.0,0.13,88.4,5.7,4.9,13.8,1142,6
ITAS-2205336-302,3612,3612,,140.0,155.0,0.05,94.8,4.1,3.0,2.9,1143,1
ITAS-2205336-302,3613,3613,,210.0,225.0,0.05,93.9,4.7,3.6,4.2,1144,2
ITAS-2205336-302,3614,3614,,300.0,315.0,0.11,87.9,5.5,4.7,13.5,1145,3
ITAS-2205336-313,3615,3615,,135.0,150.0,0.09,90.7,4.2,3.3,3.8,1146,1
ITAS-2205336-313,3616,3616,,240.0,255.0,0.1,89.1,4.8,3.9,10.3,1147,2
ITAS-2205905-52,3547,3547,,30.0,45.0,0.18,82.9,4.9,4.6,14.6,1148,1
ITAS-2205905-52,3548,3548,,60.0,75.0,0.26,78.2,5.4,5.0,23.6,1149,2
ITAS-2205910-71,3549,3549,,20.0,35.0,0.12,87.4,4.4,3.8,8.3,1150,1
ITAS-2205910-71,3550,3550,,70.0,85.0,0.11,90.7,4.5,3.9,5.8,1151,2
ITAS-2205910-71,3551,3551,,,,0.13,87.7,5.0,4.2,6.0,1152,3
ITAS-2205910-71,3552,3552,,,,0.2,82.4,5.5,4.9,14.8,1153,4
ITAS-2305518-481,4026,4026,,48.0,60.0,,,4.1,3.1,,1154,1
ITAS-2305518-481,4027,4027,,60.0,75.0,0.12,88.6,,,6.1,1155,2
ITAS-2305518-481,4028,4028,,80.0,90.0,,,3.9,3.2,,1156,3
ITAS-2305518-481,4029,4029,,90.0,105.0,0.14,85.3,,,4.4,1157,4
ITAS-2305518-481,4030,4030,,105.0,110.0,,,4.2,3.4,,1158,5
ITAS-2305518-481,4031,4031,,110.0,125.0,0.16,85.3,,,8.4,1159,6
ITAS-2305518-481,4032,4032,,190.0,200.0,,,5.3,4.6,,1160,7
ITAS-2305518-481,4033,4033,,200.0,215.0,0.15,85.9,,,10.7,1161,8
ITAS-2305924-231,3586,3586,,0.0,50.0,0.1,88.9,3.9,3.1,3.5,1162,1
ITAS-2305924-231,3587,3587,,60.0,120.0,0.11,89.1,4.0,3.2,3.9,1163,2
ITAS-2305924-231,3588,3588,,120.0,180.0,0.11,90.2,4.1,3.3,3.6,1164,3
ITAS-2306031-36,3540,3540,,30.0,45.0,0.11,87.1,4.4,3.5,5.1,1165,1
ITAS-2306031-36,3541,3541,,85.0,100.0,0.16,85.7,4.7,3.8,7.6,1166,2
ITAS-2306031-36,3542,3542,,285.0,300.0,0.23,80.1,5.1,4.7,25.4,1167,3
ITAS-2306032-38,3543,3543,,30.0,45.0,,94.6,,,8.6,1168,1
ITAS-2306032-38,3544,3544,,75.0,90.0,0.21,80.5,5.6,5.0,21.8,1169,2
ITAS-2306106-252,3571,3571,,30.0,45.0,0.2,79.1,5.8,5.5,21.5,1170,1
ITAS-2306107-33,3538,3538,,30.0,45.0,0.13,88.9,5.6,5.3,9.7,1171,1
ITAS-2306107-33,3539,3539,,70.0,85.0,0.18,84.5,6.0,5.5,13.2,1172,2
ITAS-2306223-228,3573,3573,,60.0,100.0,0.12,87.9,5.8,5.3,10.1,1173,1
ITAS-2306223-228,3574,3574,,110.0,140.0,0.18,83.3,5.6,5.3,14.3,1174,2
ITAS-2306223-228,3575,3575,,160.0,180.0,0.17,85.3,5.5,5.2,11.5,1175,3
ITAS-2306223-229,3572,3572,,85.0,100.0,0.14,86.4,6.1,5.7,17.2,1176,1
ITAS-2405513-483,4039,4039,,30.0,55.0,,,4.1,3.2,,1177,1
ITAS-2405513-483,4041,4041,,35.0,50.0,0.11,88.3,,,14.3,1178,2
ITAS-2405513-483,4043-1,4043,1.0,160.0,175.0,0.16,85.5,,,10.6,1179,3
ITAS-2405513-483,4043-2,4043,2.0,175.0,200.0,,,5.4,4.4,,1180,4
ITAS-2405524-482,4034,4034,,125.0,150.0,,,6.4,5.4,,1181,1
ITAS-2405524-482,4035,4035,,130.0,145.0,0.18,84.2,,,13.6,1182,2
ITAS-2405524-482,4037,4037,,170.0,195.0,,,6.4,5.6,,1183,3
ITAS-2405524-482,4038,4038,,175.0,190.0,0.19,83.3,,,14.9,1184,4
ITAS-2405901-42,3545,3545,,20.0,35.0,0.08,91.4,4.6,4.0,8.8,1185,1
ITAS-2405901-42,3546,3546,,60.0,75.0,0.21,80.5,4.1,3.8,36.8,1186,2
ITAS-2406118-31,3534,3534,,30.0,45.0,0.17,85.4,4.4,3.9,8.9,1187,1
ITAS-2406118-31,3535,3535,,120.0,135.0,0.1,91.1,5.8,5.0,6.0,1188,2
ITAS-2406118-31,3536,3536,,270.0,285.0,0.12,89.1,6.0,5.4,7.1,1189,3
ITAS-2406118-31,3537,3537,,420.0,435.0,0.26,78.2,5.5,5.4,31.5,1190,4
ITAS-2706112-23,3531,3531,,30.0,45.0,0.12,89.4,4.2,3.3,4.9,1191,1
ITAS-2706112-23,3532,3532,,50.0,75.0,0.14,88.0,4.4,3.4,5.1,1192,2
ITAS-2706112-23,3533,3533,,110.0,125.0,0.11,89.8,5.4,4.6,7.0,1193,3
KANA-2404216-9,3875,3875,,38.0,53.0,0.17,84.0,6.2,5.6,16.9,1194,1
KANA-2404216-9,3876,3876,,90.0,105.0,0.15,85.9,6.0,5.4,9.6,1195,2
KANA-2404216-9,3877,3877,,120.0,135.0,0.14,87.1,5.9,5.3,8.0,1196,3
KOOC-2206709-631,3069,3069,,35.0,50.0,,92.3,5.3,5.5,10.0,1197,1
KOOC-2206709-631,3070,3070,,85.0,100.0,0.16,84.9,5.2,5.3,10.2,1198,2
KOOC-2206709-631,3071,3071,,135.0,150.0,0.15,85.8,5.2,5.4,10.8,1199,3
KOOC-2206709-631,3072,3072,,185.0,200.0,0.18,82.3,5.6,5.5,14.9,1200,4
KOOC-2206709-631,3073,3073,,235.0,250.0,0.22,80.5,5.7,5.6,19.1,1201,5
KOOC-2206709-631,3074,3074,,285.0,300.0,0.19,82.6,5.8,5.7,13.3,1202,6
KOOC-2206709-631,3075,3075,,335.0,350.0,0.17,83.7,5.8,5.7,12.1,1203,7
KOOC-2206709-631,3076,3076,,385.0,400.0,0.18,82.5,5.6,5.5,16.1,1204,8
KOOC-2206709-631,3077,3077,,435.0,450.0,0.17,82.9,5.8,5.8,18.6,1205,9
KOOC-2206905-27,2934,2934,,35.0,50.0,0.02,96.4,3.6,3.2,6.4,1206,1
KOOC-2206905-27,2935,2935,,85.0,100.0,0.07,92.9,3.8,3.1,5.0,1207,2
KOOC-2206905-27,2936,2936,,135.0,150.0,0.06,92.8,4.1,3.5,4.8,1208,3
KOOC-2206905-27,2937,2937,,185.0,200.0,0.07,92.4,5.2,4.8,5.8,1209,4
KOOC-2206905-27,2938,2938,,235.0,250.0,0.08,91.8,5.5,5.1,6.3,1210,5
KOOC-2206905-27,2939,2939,,285.0,300.0,0.06,93.8,5.9,5.4,7.6,1211,6
KOOC-2206905-27,2940,2940,,335.0,350.0,0.11,89.2,5.9,5.6,10.2,1212,7
KOOC-2206905-27,2941,2941,,385.0,400.0,0.07,92.4,6.1,5.7,8.6,1213,8
KOOC-2206905-27,2942,2942,,435.0,450.0,0.09,90.8,6.0,5.6,8.4,1214,9
KOOC-2206905-27,2943,2943,,485.0,500.0,0.12,88.6,5.8,5.5,9.3,1215,10
KOOC-2206905-27,2944,2944,,535.0,550.0,0.17,85.0,5.8,5.6,13.1,1216,11
KOOC-2206908-2,2896,2896,,35.0,50.0,0.09,91.9,3.9,3.3,6.0,1217,1
KOOC-2206908-2,2897,2897,,85.0,100.0,0.1,90.5,4.5,4.0,10.5,1218,2
KOOC-2206908-2,2898,2898,,135.0,150.0,0.1,90.2,5.1,4.5,4.9,1219,3
KOOC-2206908-2,2899,2899,,185.0,200.0,0.09,91.4,5.3,4.8,6.3,1220,4
KOOC-2206908-2,2900,2900,,235.0,250.0,0.1,90.5,5.6,5.0,6.1,1221,5
KOOC-2206908-2,2901,2901,,285.0,300.0,0.09,91.1,5.8,5.4,6.9,1222,6
KOOC-2206908-2,2902,2902,,335.0,350.0,0.11,89.6,6.0,5.5,8.1,1223,7
KOOC-2206908-2,2903,2903,,385.0,400.0,0.13,87.6,6.1,5.7,8.7,1224,8
KOOC-2206908-2,2904,2904,,435.0,450.0,0.12,88.2,6.1,5.8,9.2,1225,9
KOOC-2206908-2,2905,2905,,485.0,500.0,0.11,88.9,6.2,5.8,7.8,1226,10
KOOC-2206908-2,2906,2906,,535.0,550.0,0.13,88.1,6.3,6.0,12.3,1227,11
KOOC-2206908-2,2907,2907,,585.0,600.0,0.18,83.2,6.0,5.9,14.7,1228,12
KOOC-2206909-4,2909,2909,,35.0,50.0,0.09,91.0,3.8,3.2,5.7,1229,1
KOOC-2206909-4,2910,2910,,85.0,100.0,,92.1,4.3,3.8,6.3,1230,2
KOOC-2206909-4,2911,2911,,135.0,150.0,0.08,92.7,3.9,3.3,3.7,1231,3
KOOC-2206909-4,2912,2912,,185.0,200.0,0.09,91.3,4.3,3.6,3.9,1232,4
KOOC-2206909-4,2913,2913,,235.0,250.0,0.08,91.3,4.7,4.0,5.9,1233,5
KOOC-2206909-4,2914,2914,,285.0,300.0,0.06,92.7,5.0,4.3,4.1,1234,6
KOOC-2206909-4,2915,2915,,335.0,350.0,0.13,87.7,4.8,4.4,8.1,1235,7
KOOC-2206909-4,2916,2916,,385.0,400.0,0.1,90.4,5.0,4.6,7.2,1236,8
KOOC-2206909-4,2917,2917,,435.0,450.0,0.08,91.1,5.1,4.6,5.3,1237,9
KOOC-2206909-4,2918,2918,,485.0,500.0,0.07,92.9,5.2,4.7,4.5,1238,10
KOOC-2206909-4,2919,2919,,535.0,550.0,0.1,90.2,5.1,4.8,5.9,1239,11
KOOC-2206909-4,2920,2920,,585.0,600.0,0.11,89.1,5.2,4.9,7.7,1240,12
KOOC-2206909-4,2921,2921,,635.0,650.0,0.11,89.8,5.4,5.1,7.9,1241,13
KOOC-2206910-6,2923,2923,,35.0,50.0,0.13,87.7,5.5,5.3,11.4,1242,1
KOOC-2206910-6,2924,2924,,85.0,100.0,0.08,92.1,5.3,5.2,7.1,1243,2
KOOC-2206910-6,2925,2925,,135.0,150.0,0.1,90.6,5.3,5.1,5.9,1244,3
KOOC-2206910-6,2926,2926,,185.0,200.0,0.09,91.3,5.2,5.0,5.8,1245,4
KOOC-2206910-6,2927,2927,,235.0,250.0,0.09,91.2,5.2,4.9,7.6,1246,5
KOOC-2206910-6,2928,2928,,285.0,300.0,0.13,87.9,5.1,5.0,7.5,1247,6
KOOC-2206910-6,2929,2929,,335.0,350.0,0.11,87.9,5.2,5.1,5.5,1248,7
KOOC-2206910-6,2930,2930,,385.0,400.0,0.09,89.5,5.3,5.1,6.7,1249,8
KOOC-2206910-6,2931,2931,,435.0,450.0,0.13,88.2,5.3,5.2,6.9,1250,9
KOOC-2206910-6,2932,2932,,485.0,500.0,0.19,82.1,5.8,5.7,17.3,1251,10
KOOC-2207032-13,2946,2946,,35.0,50.0,0.12,88.2,5.5,5.3,8.6,1252,1
KOOC-2207032-13,2947,2947,,85.0,100.0,0.13,87.1,5.3,4.9,5.9,1253,2
KOOC-2207032-13,2948,2948,,135.0,150.0,0.16,85.8,5.7,5.4,9.3,1254,3
KOOC-2207032-13,2949,2949,,185.0,200.0,0.15,85.8,5.9,5.6,11.9,1255,4
KOOC-2207032-13,2950,2950,,235.0,250.0,0.18,84.2,5.9,5.6,11.2,1256,5
KOOC-2306317-648,3080,3080,,35.0,50.0,0.15,85.2,3.3,3.2,4.5,1257,1
KOOC-2306317-648,3081,3081,,85.0,100.0,0.15,85.3,4.3,4.3,7.8,1258,2
KOOC-2306317-648,3082,3082,,135.0,150.0,0.22,80.6,5.4,5.3,13.8,1259,3
KOOC-2306317-648,3083,3083,,185.0,200.0,0.22,78.3,5.7,5.6,17.8,1260,4
KOOC-2306317-648,3084,3084,,205.0,220.0,0.27,75.0,6.0,5.8,30.9,1261,5
KOOC-2307006-1,4624,4624,,20.0,30.0,,,,5.6,,1262,1
KOOC-2307006-1,4625,4625,,30.0,45.0,0.11,87.0,,,11.6,1263,2
KOOC-2307006-1,4626,4626,,80.0,95.0,0.12,88.0,,,8.8,1264,3
KOOC-2307006-1,4627,4627,,130.0,145.0,0.15,84.9,,,10.9,1265,4
KOOC-2307006-1A,1387,1387,,35.0,50.0,0.07,89.9,5.8,5.2,7.5,1266,1
KOOC-2307006-1A,1388,1388,,85.0,100.0,0.09,88.3,6.1,5.6,8.2,1267,2
KOOC-2307006-1A,1389,1389,,135.0,150.0,0.11,85.8,6.3,5.8,12.7,1268,3
KOOC-2307006-1A,1390,1390,,185.0,200.0,0.11,86.9,6.3,5.8,11.1,1269,4
KOOC-2307006-1A,1391,1391,,225.0,240.0,0.12,86.1,6.4,5.8,11.7,1270,5
KOOC-2307006-2,1393,1393,,35.0,50.0,0.07,91.5,5.4,4.8,7.6,1271,1
KOOC-2307006-2,1394,1394,,85.0,100.0,0.14,87.3,5.5,5.0,9.1,1272,2
KOOC-2307006-2,1395,1395,,135.0,150.0,0.14,88.2,5.6,5.2,10.9,1273,3
KOOC-2307006-2,1396,1396,,185.0,200.0,0.15,87.3,5.8,5.3,10.0,1274,4
KOOC-2307006-2,1397,1397,,235.0,250.0,0.13,88.0,5.8,5.4,9.2,1275,5
KOOC-2307006-2,1398,1398,,285.0,300.0,0.14,87.2,5.8,5.4,10.0,1276,6
KOOC-2307006-2,1399,1399,,335.0,350.0,0.15,86.5,6.0,5.4,11.6,1277,7
KOOC-2307006-2,1400,1400,,385.0,400.0,0.18,84.5,5.8,5.6,11.9,1278,8
KOOC-2307006-2,1401,1401,,435.0,450.0,0.24,79.6,5.4,5.2,28.3,1279,9
KOOC-2307006-3,1403,1403,,35.0,50.0,0.14,86.8,5.9,5.4,11.2,1280,1
KOOC-2307006-3,1404,1404,,85.0,100.0,0.15,86.8,6.0,5.4,9.9,1281,2
KOOC-2307006-3,1405,1405,,135.0,150.0,0.13,87.4,6.0,5.5,9.9,1282,3
KOOC-2307006-3,1406,1406,,185.0,200.0,0.16,85.7,6.0,5.6,11.5,1283,4
KOOC-2307006-3,1407,1407,,235.0,250.0,0.15,86.4,6.2,5.7,11.5,1284,5
KOOC-2307006-3,1408,1408,,285.0,300.0,0.19,83.4,6.1,5.7,23.9,1285,6
KOOC-2307006-3,1409,1409,,320.0,335.0,,82.7,6.0,5.7,28.1,1286,7
KOOC-2406318-652,3086,3086,,35.0,50.0,0.14,86.9,3.8,3.6,8.5,1287,1
KOOC-2406318-652,3087,3087,,85.0,100.0,0.18,83.9,5.4,5.2,11.5,1288,2
KOOC-2406318-652,3088,3088,,135.0,150.0,0.2,82.2,5.8,5.6,13.7,1289,3
KOOC-2406328-655,3090,3090,,35.0,50.0,0.08,92.3,4.1,3.6,6.4,1290,1
KOOC-2406328-655,3091,3091,,85.0,100.0,0.15,86.2,5.0,4.7,6.9,1291,2
KOOC-2406328-655,3092,3092,,135.0,150.0,0.16,84.1,5.9,5.7,17.4,1292,3
KOOC-2407024-W-2,4620,4620,,20.0,30.0,,,4.6,,,1293,1
KOOC-2407024-W-2,4621,4621,,30.0,45.0,0.08,90.9,,,7.9,1294,2
KOOC-2407024-W-2,4622,4622,,70.0,85.0,0.07,92.5,,,6.9,1295,3
KOOC-2407024-W-2,4623,4623,,125.0,140.0,0.06,93.3,,,10.0,1296,4
KOOC-2506831-69, 109,109,,40.0,55.0,0.1,89.5,4.4,3.8,10.6,1297,1
KOOC-2506831-69, 110,110,,135.0,150.0,0.07,92.1,5.5,5.2,6.0,1298,2
KOOC-2506831-69, 111,111,,220.0,235.0,0.17,86.2,5.9,5.8,11.6,1299,3
KOOC-2506910-N-12,4546,4546,,30.0,45.0,0.07,92.0,,,7.9,1300,1
KOOC-2506910-N-12,4547,4547,,80.0,95.0,0.08,90.6,,,5.8,1301,2
KOOC-2506910-N-12,4548,4548,,130.0,145.0,0.13,88.2,,,8.8,1302,3
KOOC-2506910-N-12,4549,4549,,170.0,185.0,0.1,90.6,,,8.5,1303,4
KOOC-2506910-N-13,4574,4574,,33.0,48.0,0.07,92.1,,,8.1,1304,1
KOOC-2506910-N-13,4575,4575,,80.0,95.0,0.1,92.0,,,6.5,1305,2
KOOC-2506910-N-13,4576,4576,,115.0,130.0,0.1,90.1,,,7.9,1306,3
KOOC-2506910-N-13,4577,4577,,163.0,178.0,0.09,90.4,,,6.4,1307,4
KOOC-2506910-N-28,4633,4633,,33.0,48.0,0.09,90.3,,,7.8,1308,1
KOOC-2506910-N-28,4634,4634,,80.0,95.0,0.11,89.4,,,6.6,1309,2
KOOC-2506910-N-28,4635,4635,,160.0,175.0,0.1,90.5,,,6.6,1310,3
KOOC-2506911-N-15,4585,4585,,32.0,47.0,0.1,90.2,,,7.9,1311,1
KOOC-2506911-N-15,4586,4586,,80.0,95.0,0.1,90.2,,,6.5,1312,2
KOOC-2506911-N-15,4587,4587,,130.0,145.0,0.09,90.6,,,9.2,1313,3
KOOC-2506911-N-15,4588,4588,,167.0,182.0,0.05,94.6,,,8.2,1314,4
KOOC-2506911-N-2,4523,4523,,65.0,80.0,0.07,91.0,,,5.6,1315,1
KOOC-2506911-N-2,4524,4524,,110.0,120.0,,,,5.2,,1316,2
KOOC-2506911-N-2,4525,4525,,120.0,135.0,0.09,90.8,,,5.4,1317,3
KOOC-2506911-N-3,4568,4568,,55.0,70.0,0.12,88.9,,,7.8,1318,1
KOOC-2506911-N-3,4570,4570,,83.0,98.0,0.09,90.8,,,5.2,1319,2
KOOC-2506911-N-3,4572,4572,,125.0,140.0,0.1,90.3,,,5.6,1320,3
KOOC-2506911-N-4,4561,4561,,33.0,48.0,0.08,91.3,,,7.0,1321,1
KOOC-2506914-N-17,4589,4589,,20.0,30.0,,,,4.6,,1322,1
KOOC-2506914-N-17,4590,4590,,32.0,47.0,0.07,91.7,,,6.5,1323,2
KOOC-2506914-N-17,4591,4591,,80.0,95.0,0.08,90.0,,,5.7,1324,3
KOOC-2506914-N-17,4592,4592,,130.0,145.0,0.09,91.3,,,8.4,1325,4
KOOC-2506914-N-17,4593,4593,,180.0,195.0,0.08,91.7,,,7.8,1326,5
KOOC-2506914-N-18,4594,4594,,20.0,30.0,,,,5.4,,1327,1
KOOC-2506914-N-18,4595,4595,,32.0,47.0,0.06,90.3,,,6.5,1328,2
KOOC-2506914-N-18,4596,4596,,80.0,95.0,0.07,91.6,,,5.8,1329,3
KOOC-2506914-N-18,4597,4597,,120.0,135.0,0.09,90.9,,,8.9,1330,4
KOOC-2506914-N-18,4598,4598,,170.0,180.0,,,,4.7,,1331,5
KOOC-2506914-N-18,4599,4599,,180.0,195.0,0.08,90.7,,,7.4,1332,6
KOOC-2506914-N-19,4600,4600,,15.0,30.0,,,,4.0,,1333,1
KOOC-2506914-N-19,4601,4601,,32.0,47.0,0.06,90.8,,,6.4,1334,2
KOOC-2506914-N-19,4602,4602,,70.0,80.0,,,,4.8,,1335,3
KOOC-2506914-N-19,4603,4603,,80.0,95.0,0.07,91.5,,,6.4,1336,4
KOOC-2506914-N-19,4604,4604,,130.0,145.0,0.08,91.8,,,7.0,1337,5
KOOC-2506914-N-19,4605,4605,,180.0,195.0,0.07,92.2,,,6.6,1338,6
KOOC-2506914-N-20,4606,4606,,60.0,75.0,0.06,91.7,,,4.7,1339,1
KOOC-2506914-N-20,4607,4607,,120.0,135.0,0.07,91.0,,,5.6,1340,2
KOOC-2506914-N-20,4608,4608,,180.0,195.0,0.08,91.8,,,7.8,1341,3
KOOC-2506915-N-11,4540,4540,,30.0,45.0,0.09,90.8,,,6.6,1342,1
KOOC-2506915-N-11,4541,4541,,80.0,95.0,0.09,90.7,,,7.8,1343,2
KOOC-2506915-N-11,4542,4542,,110.0,120.0,,,,5.5,,1344,3
KOOC-2506915-N-11,4543,4543,,120.0,135.0,0.09,91.5,,,8.4,1345,4
KOOC-2506915-N-11,4544,4544,,165.0,180.0,0.1,90.8,,,9.6,1346,5
KOOC-2506915-N-14,4579,4579,,30.0,45.0,0.1,90.4,,,6.5,1347,1
KOOC-2506915-N-14,4580,4580,,75.0,90.0,0.08,91.6,,,6.0,1348,2
KOOC-2506915-N-14,4581,4581,,133.0,148.0,0.1,90.6,,,7.2,1349,3
KOOC-2506915-N-14,4583,4583,,170.0,185.0,0.1,90.2,,,7.9,1350,4
KOOC-2506915-N-30,4641,4641,,32.0,47.0,0.09,90.8,,,8.4,1351,1
KOOC-2506915-N-30,4642,4642,,75.0,90.0,0.11,89.6,,,8.2,1352,2
KOOC-2506915-N-30,4643,4643,,130.0,145.0,0.09,91.3,,,7.9,1353,3
KOOC-2506915-N-30,4644,4644,,175.0,190.0,0.11,90.2,,,7.7,1354,4
KOOC-2506916-N-26,4629,4629,,75.0,85.0,0.13,87.6,,,11.5,1355,1
KOOC-2506916-N-26,4630,4630,,120.0,135.0,0.13,88.3,,,9.4,1356,2
KOOC-2506916-N-26,4631,4631,,130.0,145.0,0.1,87.4,,,10.1,1357,3
KOOC-2506916-N-29,4637,4637,,33.0,47.0,0.12,87.5,,,9.2,1358,1
KOOC-2506916-N-29,4638,4638,,80.0,95.0,0.12,88.7,,,9.4,1359,2
KOOC-2506916-N-29,4639,4639,,120.0,135.0,0.12,89.4,,,9.0,1360,3
KOOC-2506916-N-29,4640,4640,,160.0,175.0,0.1,90.4,,,8.4,1361,4
KOOC-2506922-N-9,4534,4534,,25.0,40.0,0.12,88.4,,,8.8,1362,1
KOOC-2506922-N-9,4535,4535,,70.0,85.0,0.11,89.1,,,8.1,1363,2
KOOC-2506922-N-9,4536,4536,,120.0,130.0,,,,5.4,,1364,3
KOOC-2506922-N-9,4537,4537,,130.0,145.0,0.12,89.0,,,9.3,1365,4
KOOC-2506922-N-9,4538,4538,,170.0,185.0,0.11,89.3,,,8.3,1366,5
KOOC-2506927-N-7,4528,4528,,30.0,45.0,0.13,86.9,,,7.8,1367,1
KOOC-2506927-N-7,4529,4529,,80.0,95.0,0.14,86.7,,,9.0,1368,2
KOOC-2506927-N-7,4530,4530,,115.0,125.0,0.12,89.4,,,7.0,1369,3
KOOC-2506927-N-7,4532,4532,,165.0,180.0,0.11,89.3,,,6.1,1370,4
KOOC-2606703-11,   8,8,,37.0,52.0,,93.3,,,4.5,1371,1
KOOC-2606703-11,   9,9,,135.0,150.0,0.12,88.8,5.3,4.8,7.3,1372,2
KOOC-2606713-37,  54,54,,60.0,75.0,0.14,86.0,3.9,3.3,4.9,1373,1
KOOC-2606713-37,  55,55,,166.0,181.0,0.18,83.0,4.6,4.3,9.8,1374,2
KOOC-2606713-37,  56,56,,250.0,265.0,0.18,83.3,5.1,4.9,9.3,1375,3
KOOC-2606713-37,  57,57,,325.0,340.0,0.21,81.5,5.2,5.1,13.0,1376,4
KOOC-2606714-29,  45,45,,53.0,68.0,0.08,92.5,4.2,3.6,9.8,1377,1
KOOC-2606714-29,  46,46,,160.0,175.0,0.05,93.7,4.9,4.4,4.9,1378,2
KOOC-2606714-29,  47,47,,235.0,250.0,0.09,91.7,5.5,5.0,6.8,1379,3
KOOC-2606715-26,  40,40,,35.0,50.0,0.09,90.4,4.1,3.4,5.8,1380,1
KOOC-2606715-26,  41,41,,140.0,155.0,0.09,91.1,4.9,4.4,4.1,1381,2
KOOC-2606715-26,  42,42,,235.0,250.0,0.09,91.3,5.8,5.3,5.4,1382,3
KOOC-2606715-26,  43,43,,335.0,350.0,0.13,87.7,5.6,5.4,7.7,1383,4
KOOC-2606715-32,  49,49,,8.0,23.0,,93.7,4.1,3.4,7.5,1384,1
KOOC-2606715-32,  50,50,,50.0,65.0,0.12,87.3,4.6,4.0,6.5,1385,2
KOOC-2606715-32,  51,51,,135.0,150.0,0.13,87.8,5.4,4.9,5.4,1386,3
KOOC-2606715-32,  52,52,,235.0,250.0,0.1,89.6,5.6,5.1,6.6,1387,4
KOOC-2606717-14,  15,15,,0.0,25.0,,93.9,4.2,3.6,9.2,1388,1
KOOC-2606717-14,  16,16,,50.0,65.0,0.14,87.3,4.6,4.0,7.7,1389,2
KOOC-2606717-14,  17,17,,165.0,180.0,0.15,86.9,5.4,5.0,7.9,1390,3
KOOC-2606717-14,  18,18,,260.0,295.0,0.16,86.2,5.3,5.2,8.1,1391,4
KOOC-2606718-13,  10,10,,50.0,65.0,0.17,84.3,5.0,4.5,8.2,1392,1
KOOC-2606718-13,  11,11,,168.0,183.0,0.13,88.0,5.4,4.9,6.0,1393,2
KOOC-2606718-13,  12,12,,260.0,275.0,0.16,84.7,5.4,5.1,9.2,1394,3
KOOC-2606719-20,  20,20,,35.0,50.0,0.13,86.1,3.8,3.4,8.4,1395,1
KOOC-2606719-20,  21,21,,135.0,150.0,0.15,85.6,5.1,4.7,9.6,1396,2
KOOC-2606719-20,  22,22,,184.0,199.0,0.18,81.8,5.4,5.2,18.1,1397,3
KOOC-2606719-20,  23,23,,220.0,235.0,0.15,86.2,5.2,5.0,13.8,1398,4
KOOC-2606720-21, 162,162,,35.0,50.0,0.13,85.4,5.0,4.6,6.2,1399,1
KOOC-2606721-44,  70,70,,22.0,37.0,0.07,92.3,4.0,3.1,4.3,1400,1
KOOC-2606721-44,  71,71,,50.0,65.0,0.1,89.6,4.0,3.1,7.2,1401,2
KOOC-2606721-44,  72,72,,170.0,185.0,0.08,91.7,4.3,3.5,2.8,1402,3
KOOC-2606721-44,  73,73,,235.0,250.0,0.12,88.4,4.8,4.0,3.8,1403,4
KOOC-2606721-44,  74,74,,335.0,350.0,0.11,89.4,5.2,4.6,7.6,1404,5
KOOC-2606721-44,  75,75,,435.0,450.0,0.14,86.5,5.2,4.9,8.5,1405,6
KOOC-2606721-44,  76,76,,475.0,490.0,0.23,79.4,5.6,5.2,17.4,1406,7
KOOC-2606721-46,  77,77,,35.0,50.0,0.09,90.4,4.2,3.4,5.9,1407,1
KOOC-2606721-46,  78,78,,135.0,150.0,0.06,92.8,5.0,4.1,4.0,1408,2
KOOC-2606721-46,  79,79,,235.0,250.0,0.12,88.2,5.5,4.9,7.8,1409,3
KOOC-2606721-46,  80,80,,335.0,350.0,0.14,85.2,5.8,5.4,11.0,1410,4
KOOC-2606721-46,  81,81,,425.0,440.0,0.19,81.1,6.0,5.6,11.9,1411,5
KOOC-2606722-43,  68,68,,15.0,30.0,0.04,94.4,4.3,3.5,6.9,1412,1
KOOC-2606722-43,  69,69,,35.0,50.0,0.11,89.0,4.6,3.8,15.5,1413,2
KOOC-2606722-48,  82,82,,35.0,50.0,0.06,91.2,6.1,5.7,9.4,1414,1
KOOC-2606722-48,  83,83,,135.0,150.0,0.11,88.2,5.8,5.4,7.6,1415,2
KOOC-2606722-48,  84,84,,215.0,230.0,0.12,87.3,5.8,5.5,7.6,1416,3
KOOC-2606723-39,  58,58,,35.0,50.0,0.09,88.6,4.6,4.0,8.7,1417,1
KOOC-2606723-39,  59,59,,135.0,150.0,0.13,86.5,5.5,5.0,11.7,1418,2
KOOC-2606723-40,  62,62,,35.0,50.0,0.1,89.8,4.0,3.3,8.9,1419,1
KOOC-2606723-40,  63,63,,135.0,150.0,0.06,92.5,5.0,4.5,4.8,1420,2
KOOC-2606723-40,  64,64,,235.0,250.0,0.16,83.9,5.4,5.0,7.9,1421,3
KOOC-2606723-40,  65,65,,275.0,290.0,0.18,82.4,5.0,4.9,13.0,1422,4
KOOC-2606723-42,  66,66,,35.0,50.0,0.07,91.1,4.2,3.4,5.5,1423,1
KOOC-2606723-42,  67,67,,135.0,150.0,0.22,74.8,,,6.5,1424,2
KOOC-2606729-22,  25,25,,35.0,50.0,0.15,86.1,5.7,5.4,11.3,1425,1
KOOC-2606729-22,  26,26,,80.0,95.0,0.2,80.4,5.6,5.4,18.7,1426,2
KOOC-2606732-23,  28,28,,35.0,50.0,0.15,85.3,5.1,4.9,11.2,1427,1
KOOC-2606732-23,  29,29,,135.0,150.0,0.15,85.7,5.8,5.6,11.7,1428,2
KOOC-2606732-23,  30,30,,195.0,210.0,0.16,85.4,5.1,5.0,14.4,1429,3
KOOC-2606732-24,  33,33,,35.0,50.0,0.12,87.8,4.7,4.3,7.6,1430,1
KOOC-2606732-24,  34,34,,135.0,150.0,0.14,85.6,5.0,4.6,5.5,1431,2
KOOC-2606732-24,  35,35,,235.0,250.0,0.2,79.7,4.9,4.8,20.7,1432,3
KOOC-2606828-51, 159,159,,35.0,50.0,0.17,84.0,4.3,3.8,8.7,1433,1
KOOC-2606828-51, 160,160,,100.0,115.0,0.2,83.8,5.2,4.7,13.0,1434,2
KOOC-2606829-52, 156,156,,50.0,65.0,0.16,85.5,4.5,4.0,8.5,1435,1
KOOC-2606832-56, 157,157,,58.0,73.0,0.22,77.4,5.2,4.8,60.7,1436,1
KOOC-2606833-58,  87,87,,10.0,25.0,0.03,94.7,4.2,3.5,5.7,1437,1
KOOC-2606833-58,  88,88,,85.0,100.0,0.11,89.9,4.5,3.9,4.6,1438,2
KOOC-2606833-58,  89,89,,135.0,150.0,0.14,88.2,5.2,4.8,8.4,1439,3
KOOC-2606833-58,  90,90,,235.0,250.0,0.21,80.9,5.9,5.7,12.2,1440,4
KOOC-2606833-61,  92,92,,60.0,75.0,0.08,91.8,4.6,4.0,6.1,1441,1
KOOC-2606833-61,  93,93,,135.0,150.0,0.08,92.1,5.3,4.8,5.4,1442,2
KOOC-2606833-61,  94,94,,200.0,215.0,0.17,84.5,5.0,4.9,11.6,1443,3
KOOC-2606834-4,   1,1,,26.0,41.0,,93.8,4.8,4.0,3.2,1444,1
KOOC-2606834-4,   2,2,,80.0,95.0,0.07,91.7,4.9,4.2,6.5,1445,2
KOOC-2606834-4,   3,3,,170.0,185.0,0.16,83.9,5.4,5.1,11.0,1446,3
KOOC-2606834-6,   4,4,,73.0,88.0,0.1,90.0,4.7,4.2,7.5,1447,1
KOOC-2606834-6,   5,5,,170.0,185.0,0.14,85.9,5.5,5.0,8.3,1448,2
KOOC-2606834-6,   6,6,,270.0,285.0,0.14,85.7,5.2,5.0,8.0,1449,3
KOOC-2606834-62,  96,96,,30.0,45.0,0.09,90.7,4.9,4.0,6.8,1450,1
KOOC-2606834-62,  97,97,,135.0,150.0,0.15,86.0,5.2,5.0,6.4,1451,2
KOOC-2606834-62,  98,98,,200.0,215.0,0.16,85.4,5.6,5.4,9.5,1452,3
KOOC-2606836-64,  99,99,,35.0,50.0,0.07,92.6,4.2,3.2,4.2,1453,1
KOOC-2606836-64, 100,100,,140.0,155.0,0.06,93.5,4.3,3.6,3.4,1454,2
KOOC-2606836-64, 101,101,,240.0,255.0,0.08,91.4,5.4,4.9,7.6,1455,3
KOOC-2606836-64, 102,102,,340.0,355.0,0.15,85.3,5.8,5.4,11.0,1456,4
KOOC-2606836-64, 103,103,,435.0,450.0,0.16,80.9,5.5,5.4,9.6,1457,5
KOOC-2606836-64, 104,104,,535.0,550.0,0.15,84.6,6.0,5.8,10.4,1458,6
KOOC-2606902-L-10,4646,4646,,33.0,48.0,0.12,87.3,,,6.8,1459,1
KOOC-2606902-L-10,4647,4647,,75.0,90.0,0.15,85.5,,,5.1,1460,2
KOOC-2606902-L-10,4648,4648,,125.0,140.0,0.14,87.1,,,6.5,1461,3
KOOC-2606902-L-10,4649,4649,,180.0,195.0,0.13,88.2,,,8.6,1462,4
KOOC-2606903-A-1800-1400,4738,4738,,18.0,33.0,0.12,87.0,,,10.5,1463,1
KOOC-2606903-A-1800-1400,4739,4739,,33.0,48.0,0.15,85.5,,,9.2,1464,2
KOOC-2606903-A-1800-1400,4740,4740,,52.0,67.0,0.15,84.8,,,11.6,1465,3
KOOC-2606903-A-1800-1400,4741,4741,,67.0,82.0,0.14,86.0,,,11.3,1466,4
KOOC-2606903-A-1800-1400,4742,4742,,82.0,97.0,0.13,88.0,,,11.0,1467,5
KOOC-2606903-A-1800-1400,4743,4743,,102.0,117.0,0.15,85.9,,,11.2,1468,6
KOOC-2606903-A-1800-1400,4744,4744,,117.0,132.0,0.15,86.2,,,12.4,1469,7
KOOC-2606903-A-1800-1400,4745,4745,,132.0,147.0,0.15,86.3,,,11.2,1470,8
KOOC-2606910-L-3,4617,4617,,50.0,65.0,0.12,88.6,,,8.2,1471,1
KOOC-2606910-L-3,4618,4618,,130.0,145.0,0.12,88.2,,,7.9,1472,2
KOOC-2606911-A0-2200,4722,4722,,0.0,15.0,0.04,93.0,,,5.1,1473,1
KOOC-2606911-A0-2200,4723,4723,,15.0,30.0,0.08,90.2,,,6.5,1474,2
KOOC-2606911-A0-2200,4724,4724,,30.0,45.0,0.09,89.7,,,5.8,1475,3
KOOC-2606911-A0-2200,4725,4725,,45.0,60.0,0.1,89.6,,,3.5,1476,4
KOOC-2606911-A0-2200,4726,4726,,60.0,75.0,0.1,90.1,,,5.0,1477,5
KOOC-2606911-A0-2200,4727,4727,,75.0,90.0,0.1,89.9,,,6.0,1478,6
KOOC-2606911-A0-2200,4728,4728,,90.0,105.0,0.11,89.1,,,8.5,1479,7
KOOC-2606911-A0-2200,4729,4729,,105.0,120.0,0.14,87.5,,,10.7,1480,8
KOOC-2606911-A0-2200,4730,4730,,120.0,135.0,0.11,89.1,,,7.7,1481,9
KOOC-2606911-A0-2200,4731,4731,,135.0,150.0,0.09,90.6,,,7.0,1482,10
KOOC-2606911-A0-2200,4732,4732,,150.0,165.0,0.09,90.6,,,6.6,1483,11
KOOC-2606911-A0-2200,4733,4733,,165.0,180.0,0.11,89.4,,,6.9,1484,12
KOOC-2606911-A0-2200,4734,4734,,180.0,195.0,0.15,86.1,,,9.9,1485,13
KOOC-2606911-L-1,4609,4609,,20.0,30.0,,,3.3,,,1486,1
KOOC-2606911-L-1,4610,4610,,30.0,45.0,0.11,89.6,,,7.7,1487,2
KOOC-2606911-L-1,4611,4611,,75.0,90.0,0.11,88.9,,,6.8,1488,3
KOOC-2606911-L-2,4613,4613,,25.0,50.0,,,,3.0,,1489,1
KOOC-2606911-L-2,4614,4614,,50.0,65.0,0.11,88.8,,,4.6,1490,2
KOOC-2606911-L-2,4615,4615,,125.0,140.0,0.12,88.5,,,4.0,1491,3
KOOC-2606911-L-2,4616,4616,,165.0,180.0,0.11,89.6,,,3.6,1492,4
KOOC-2606915-113, 183,183,,65.0,80.0,0.12,88.6,4.6,4.0,4.8,1493,1
KOOC-2606915-113, 184,184,,180.0,195.0,0.14,83.8,5.7,5.4,11.2,1494,2
KOOC-2606915-113, 185,185,,240.0,255.0,,87.5,5.8,5.4,8.4,1495,3
KOOC-2606922-8, 180,180,,230.0,245.0,0.09,91.5,5.8,5.3,8.0,1496,1
KOOC-2606922-8, 181,181,,310.0,325.0,0.17,83.9,5.6,5.4,19.2,1497,2
KOOC-2606922-94, 171,171,,50.0,65.0,,87.9,4.2,3.6,8.5,1498,1
KOOC-2606922-94, 172,172,,130.0,145.0,0.08,92.4,5.4,4.8,6.1,1499,2
KOOC-2606922-94, 173,173,,283.0,298.0,0.18,84.2,5.7,5.5,13.1,1500,3
KOOC-2606926-80, 163,163,,175.0,190.0,,89.3,5.6,5.2,6.1,1501,1
KOOC-2606926-80, 164,164,,240.0,255.0,0.13,87.1,,,9.7,1502,2
KOOC-2606926-88, 166,166,,75.0,90.0,0.07,92.8,4.2,3.5,3.7,1503,1
KOOC-2606926-88, 167,167,,170.0,185.0,0.06,92.4,5.2,4.6,4.8,1504,2
KOOC-2606926-88, 168,168,,250.0,265.0,0.15,86.5,5.4,5.0,10.0,1505,3
KOOC-2606928-82, 165,165,,85.0,100.0,,85.6,4.6,4.0,7.2,1506,1
KOOC-2606934-105, 178,178,,70.0,85.0,0.16,85.7,5.0,4.9,12.7,1507,1
KOOC-2606934-105, 179,179,,178.0,193.0,0.22,79.8,4.6,4.6,18.6,1508,2
KOOC-2615316-1,5292,5292,,25.0,36.0,,81.2,,5.1,10.6,1509,1
KOOC-2615316-1,5293,5293,,97.0,107.0,,82.1,,5.4,13.0,1510,2
KOOC-2615321-3,5296,5296,,25.0,36.0,,77.3,,5.4,11.6,1511,1
KOOC-2615321-3,5297,5297,,97.0,107.0,,81.1,,5.3,11.8,1512,2
KOOC-2615321-4,5294,5294,,25.0,36.0,,80.8,,5.2,10.1,1513,1
KOOC-2615321-4,5295,5295,,97.0,107.0,,83.1,,5.4,10.0,1514,2
KOOC-2615330-6,5298,5298,,25.0,36.0,,78.5,,5.3,14.2,1515,1
KOOC-2615330-6,5299,5299,,81.0,91.0,,76.3,,5.1,26.2,1516,2
KOOC-2615330-7,5300,5300,,38.0,48.0,,74.4,,5.5,16.1,1517,1
KOOC-2615419-13,2987,2987,,35.0,50.0,0.13,86.5,3.5,3.7,11.5,1518,1
KOOC-2615419-13,2988,2988,,85.0,100.0,0.11,87.8,4.0,4.2,4.7,1519,2
KOOC-2615419-13,2989,2989,,135.0,150.0,0.11,88.5,4.7,4.8,5.8,1520,3
KOOC-2615419-13,2990,2990,,185.0,200.0,0.11,88.5,4.8,4.8,7.1,1521,4
KOOC-2615802-6,2835,2835,,35.0,50.0,0.1,89.1,4.4,4.5,12.9,1522,1
KOOC-2615802-6,2836,2836,,85.0,100.0,0.09,90.7,4.5,4.7,17.4,1523,2
KOOC-2615802-6,2837,2837,,135.0,150.0,0.1,89.9,4.9,5.0,6.7,1524,3
KOOC-2615802-6,2838,2838,,185.0,200.0,0.08,91.5,5.1,5.2,7.8,1525,4
KOOC-2615802-6,2839,2839,,235.0,250.0,0.09,91.0,5.3,5.5,5.7,1526,5
KOOC-2615802-6,2840,2840,,285.0,300.0,0.11,89.0,5.4,5.6,8.9,1527,6
KOOC-2615803-4,2821,2821,,35.0,50.0,0.05,91.9,4.4,4.5,7.1,1528,1
KOOC-2615803-4,2822,2822,,85.0,100.0,0.09,90.7,5.3,5.2,6.6,1529,2
KOOC-2615803-4,2823,2823,,135.0,150.0,0.09,90.7,5.6,5.4,5.1,1530,3
KOOC-2615803-4,2824,2824,,185.0,200.0,0.11,88.9,5.9,5.7,7.0,1531,4
KOOC-2615803-4,2825,2825,,235.0,250.0,0.11,88.7,6.0,5.9,7.0,1532,5
KOOC-2615803-4,2826,2826,,285.0,300.0,0.13,86.7,6.0,5.9,9.6,1533,6
KOOC-2615807-9,2855,2855,,35.0,50.0,0.05,89.1,4.7,4.5,7.9,1534,1
KOOC-2615807-9,2856,2856,,85.0,100.0,0.07,91.4,5.0,4.9,17.8,1535,2
KOOC-2615807-9,2857,2857,,135.0,150.0,0.09,91.2,5.5,5.2,6.5,1536,3
KOOC-2615807-9,2858,2858,,185.0,200.0,0.13,87.2,5.5,5.2,10.6,1537,4
KOOC-2615807-9,2859,2859,,235.0,250.0,0.13,87.3,5.3,5.3,8.3,1538,5
KOOC-2615807-9,2860,2860,,285.0,300.0,0.15,85.5,5.6,5.5,9.7,1539,6
KOOC-2615808-8,2848,2848,,35.0,50.0,0.07,92.1,4.7,4.5,8.4,1540,1
KOOC-2615808-8,2849,2849,,85.0,100.0,0.09,90.8,5.2,5.0,11.8,1541,2
KOOC-2615808-8,2850,2850,,135.0,150.0,0.08,89.5,5.3,5.1,6.6,1542,3
KOOC-2615808-8,2851,2851,,185.0,200.0,0.08,92.3,5.3,5.2,7.8,1543,4
KOOC-2615808-8,2852,2852,,235.0,250.0,0.07,92.2,5.4,5.2,7.4,1544,5
KOOC-2615808-8,2853,2853,,285.0,300.0,0.12,88.2,5.4,5.4,10.0,1545,6
KOOC-2615808-8,2854,2854,,335.0,350.0,0.13,87.3,5.4,5.5,12.0,1546,7
KOOC-2615809-7,2842,2842,,35.0,50.0,0.09,90.9,4.7,4.5,7.8,1547,1
KOOC-2615809-7,2843,2843,,85.0,100.0,0.07,92.2,5.2,5.0,10.7,1548,2
KOOC-2615809-7,2844,2844,,135.0,150.0,0.08,91.3,5.3,5.1,5.6,1549,3
KOOC-2615809-7,2845,2845,,185.0,200.0,0.07,92.2,5.3,5.2,7.1,1550,4
KOOC-2615809-7,2846,2846,,235.0,250.0,0.09,90.5,5.5,5.4,6.0,1551,5
KOOC-2615809-7,2847,2847,,285.0,300.0,0.13,86.5,5.6,5.6,10.6,1552,6
KOOC-2615810-2,2809,2809,,85.0,100.0,0.09,89.1,6.0,5.3,15.7,1553,1
KOOC-2615810-2,2810,2810,,135.0,150.0,0.07,92.5,5.9,5.4,6.3,1554,2
KOOC-2615810-2,2811,2811,,185.0,200.0,0.05,93.8,6.1,5.6,8.7,1555,3
KOOC-2615810-2,2812,2812,,235.0,250.0,0.08,91.6,6.5,6.0,6.1,1556,4
KOOC-2615810-2,2813,2813,,285.0,300.0,0.09,90.6,6.4,6.1,8.5,1557,5
KOOC-2615810-2,2814,2814,,335.0,350.0,,,,,15.7,1558,6
KOOC-2615810-3,2815,2815,,35.0,50.0,0.08,91.3,5.1,4.6,10.4,1559,1
KOOC-2615810-3,2816,2816,,85.0,100.0,0.08,91.1,5.4,4.9,12.3,1560,2
KOOC-2615810-3,2817,2817,,135.0,150.0,0.08,91.4,5.7,5.2,6.9,1561,3
KOOC-2615810-3,2818,2818,,185.0,200.0,0.09,90.0,5.9,5.3,10.2,1562,4
KOOC-2615810-3,2819,2819,,235.0,250.0,0.1,90.4,5.8,5.7,7.8,1563,5
KOOC-2615815-1,2802,2802,,35.0,50.0,0.09,89.3,4.1,3.3,5.3,1564,1
KOOC-2615815-1,2803,2803,,85.0,100.0,0.08,91.3,5.7,5.1,6.2,1565,2
KOOC-2615815-1,2804,2804,,135.0,150.0,0.09,90.8,6.1,5.5,5.6,1566,3
KOOC-2615815-1,2805,2805,,185.0,200.0,0.1,90.6,6.3,5.8,9.0,1567,4
KOOC-2615815-1,2806,2806,,235.0,250.0,,,5.9,5.7,,1568,5
KOOC-2615823-10,2862,2862,,35.0,50.0,0.06,91.5,5.2,5.0,9.0,1569,1
KOOC-2615823-10,2863,2863,,85.0,100.0,0.11,89.1,5.1,5.0,8.1,1570,2
KOOC-2615823-10,2864,2864,,135.0,150.0,0.07,90.8,5.2,5.1,6.3,1571,3
KOOC-2615823-10,2865,2865,,185.0,200.0,0.12,88.9,5.3,5.2,7.6,1572,4
KOOC-2615934-5,2829,2829,,35.0,50.0,0.12,88.3,3.9,3.4,4.8,1573,1
KOOC-2615934-5,2830,2830,,85.0,100.0,0.12,88.0,5.0,4.8,7.1,1574,2
KOOC-2615934-5,2831,2831,,135.0,150.0,0.11,89.4,5.7,5.4,5.1,1575,3
KOOC-2615934-5,2832,2832,,185.0,200.0,0.1,90.2,6.0,5.7,6.9,1576,4
KOOC-2615934-5,2833,2833,,235.0,250.0,0.1,90.4,6.2,6.0,6.6,1577,5
KOOC-2615934-5,2834,2834,,285.0,300.0,0.11,89.3,6.3,6.2,8.1,1578,6
KOOC-2706912-134, 192,192,,110.0,125.0,,88.9,5.2,4.7,6.3,1579,1
KOOC-2706912-134, 193,193,,175.0,190.0,,87.9,5.6,5.0,9.6,1580,2
KOOC-2706912-134, 194,194,,220.0,235.0,,86.9,5.6,5.2,9.0,1581,3
KOOC-2706924-122, 188,188,,20.0,35.0,,93.5,4.3,3.7,10.4,1582,1
KOOC-2706924-122, 189,189,,115.0,130.0,,91.7,5.4,4.8,5.7,1583,2
KOOC-2706924-122, 190,190,,165.0,180.0,,91.1,5.6,5.1,7.0,1584,3
KOOC-2706924-122, 191,191,,265.0,280.0,,87.6,5.4,5.1,9.0,1585,4
KOOC-2706926-101, 174,174,,55.0,70.0,0.07,93.0,4.3,3.6,7.1,1586,1
KOOC-2706926-101, 175,175,,130.0,145.0,0.11,89.2,5.3,4.7,7.9,1587,2
KOOC-2706926-101, 176,176,,245.0,260.0,0.18,82.8,5.8,5.5,12.9,1588,3
KOOC-2715201-1,5301,5301,,36.0,46.0,,73.0,,6.7,16.8,1589,1
KOOC-2715317-1,5302,5302,,41.0,51.0,,86.6,,4.6,7.0,1590,1
KOOC-2715317-1,5303,5303,,117.0,127.0,,89.0,,5.4,6.6,1591,2
KOOC-2715317-1,5304,5304,,198.0,208.0,,90.2,,5.7,9.3,1592,3
KOOC-2715317-1,5305,5305,,307.0,318.0,,83.2,,4.9,14.7,1593,4
KOOC-2715318-2,5306,5306,,25.0,36.0,,92.0,,4.5,5.5,1594,1
KOOC-2715318-2,5307,5307,,102.0,112.0,,89.7,,5.6,7.1,1595,2
KOOC-2715318-2,5308,5308,,251.0,260.0,,90.9,,5.6,8.1,1596,3
KOOC-2715318-2,5309,5309,,295.0,305.0,,86.0,,5.6,12.8,1597,4
KOOC-2715318-3,5310,5310,,25.0,36.0,,89.0,,4.0,6.6,1598,1
KOOC-2715318-3,5311,5311,,97.0,107.0,,93.4,,4.1,3.4,1599,2
KOOC-2715318-3,5312,5312,,157.0,168.0,,91.1,,4.4,4.4,1600,3
KOOC-2715318-3,5313,5313,,249.0,259.0,,90.1,,5.1,8.6,1601,4
KOOC-2715318-3,5314,5314,,323.0,333.0,,85.8,,5.0,7.1,1602,5
KOOC-2715319-4,5315,5315,,25.0,36.0,,92.7,,4.3,5.6,1603,1
KOOC-2715319-4,5316,5316,,122.0,132.0,,92.0,,4.4,5.0,1604,2
KOOC-2715319-4,5317,5317,,203.0,213.0,,92.5,,5.2,5.9,1605,3
KOOC-2715319-4,5318,5318,,297.0,307.0,,92.0,,5.7,7.6,1606,4
KOOC-2715319-4,5319,5319,,386.0,396.0,,90.1,,5.5,9.8,1607,5
KOOC-2715319-4,5320,5320,,406.0,417.0,,83.1,,5.7,14.9,1608,6
KOOC-2715336-6,5321,5321,,71.0,81.0,,82.6,,5.7,15.1,1609,1
KOOC-2715336-6,5322,5322,,127.0,137.0,,86.2,,5.7,12.0,1610,2
KOOC-2715401-7,2969,2969,,35.0,50.0,0.16,84.8,3.5,3.7,8.5,1611,1
KOOC-2715401-7,2970,2970,,85.0,100.0,0.12,88.0,5.0,5.1,5.5,1612,2
KOOC-2715401-7,2971,2971,,135.0,150.0,0.13,87.7,5.2,5.2,8.1,1613,3
KOOC-2715401-7,2972,2972,,180.0,195.0,0.15,86.4,5.3,5.4,17.1,1614,4
KOOC-2715402-5,2962,2962,,35.0,50.0,0.08,91.2,3.8,3.3,5.0,1615,1
KOOC-2715402-5,2963,2963,,85.0,100.0,0.13,87.0,4.7,4.5,6.9,1616,2
KOOC-2715402-5,2964,2964,,135.0,150.0,0.11,89.4,5.3,5.0,6.8,1617,3
KOOC-2715402-5,2965,2965,,185.0,200.0,0.07,92.4,5.9,5.6,7.2,1618,4
KOOC-2715402-5,2966,2966,,235.0,250.0,0.13,87.9,5.7,5.7,9.9,1619,5
KOOC-2715402-5,2967,2967,,285.0,300.0,0.15,85.5,5.7,5.6,12.1,1620,6
KOOC-2715403-15,2992,2992,,35.0,50.0,0.08,91.5,3.3,3.0,6.4,1621,1
KOOC-2715403-15,2993,2993,,85.0,100.0,0.1,89.7,3.9,3.8,5.5,1622,2
KOOC-2715403-15,2994,2994,,135.0,150.0,0.13,87.3,5.0,4.8,5.6,1623,3
KOOC-2715403-15,2995,2995,,185.0,200.0,0.12,88.1,5.5,5.6,8.7,1624,4
KOOC-2715403-3,2955,2955,,35.0,50.0,0.11,89.8,3.6,3.2,6.3,1625,1
KOOC-2715403-3,2956,2956,,85.0,100.0,0.15,85.5,4.1,3.9,8.8,1626,2
KOOC-2715403-3,2957,2957,,135.0,150.0,0.14,87.3,5.0,4.7,7.7,1627,3
KOOC-2715403-3,2958,2958,,185.0,200.0,0.12,88.1,5.6,5.3,7.8,1628,4
KOOC-2715403-3,2959,2959,,235.0,250.0,0.15,86.2,5.5,5.5,9.7,1629,5
KOOC-2715403-3,2960,2960,,285.0,300.0,0.18,83.1,5.7,5.7,12.9,1630,6
KOOC-2715409-1,2952,2952,,35.0,50.0,0.17,84.3,3.5,3.8,9.6,1631,1
KOOC-2715409-1,2953,2953,,85.0,100.0,0.19,82.3,5.1,5.0,13.2,1632,2
KOOC-2715411-9,2974,2974,,35.0,50.0,0.11,88.8,3.8,3.6,9.2,1633,1
KOOC-2715411-9,2975,2975,,85.0,100.0,0.11,89.1,4.5,4.3,5.6,1634,2
KOOC-2715411-9,2976,2976,,135.0,150.0,0.09,90.3,5.0,4.9,4.5,1635,3
KOOC-2715411-9,2977,2977,,185.0,200.0,0.09,90.8,5.3,5.2,5.6,1636,4
KOOC-2715413-11,2979,2979,,35.0,50.0,0.08,91.2,3.5,3.1,3.9,1637,1
KOOC-2715413-11,2980,2980,,85.0,100.0,0.11,88.5,3.6,3.4,4.5,1638,2
KOOC-2715413-11,2981,2981,,135.0,150.0,0.11,89.2,4.8,4.6,4.8,1639,3
KOOC-2715413-11,2982,2982,,185.0,200.0,0.09,90.2,5.4,5.2,5.9,1640,4
KOOC-2715413-11,2983,2983,,235.0,250.0,0.11,89.3,5.2,5.1,4.9,1641,5
KOOC-2715413-11,2984,2984,,285.0,300.0,0.09,90.5,5.4,5.3,8.6,1642,6
KOOC-2715413-11,2985,2985,,335.0,350.0,0.12,87.7,5.6,5.5,11.2,1643,7
KOOC-2715413-56,5323,5323,,208.0,218.0,,91.0,,5.9,7.1,1644,1
KOOC-2715422-85,5324,5324,,56.0,66.0,,89.0,,5.9,8.7,1645,1
KOOC-2715422-85,5325,5325,,117.0,127.0,,89.1,,5.8,9.1,1646,2
KOOC-2715422-85,5326,5326,,178.0,188.0,,88.3,,5.8,11.1,1647,3
KOOC-2715426-103,5327,5327,,71.0,81.0,,82.7,,5.5,6.8,1648,1
KOOC-2715426-108,5328,5328,,56.0,66.0,,86.7,,5.4,8.4,1649,1
KOOC-2715426-108,5329,5329,,117.0,127.0,,89.0,,5.5,6.8,1650,2
KOOC-2715426-108,5330,5330,,178.0,188.0,,89.8,,5.6,7.3,1651,3
KOOC-2715503-1,5332,5332,,5.0,20.0,,85.8,,4.2,6.4,1652,1
KOOC-2715503-1,5333,5333,,107.0,122.0,,86.5,,5.3,7.2,1653,2
KOOC-2715503-1,5334,5334,,168.0,183.0,,86.6,,5.4,9.4,1654,3
KOOC-2715503-2,5331,5331,,20.0,36.0,,77.8,,5.2,96.6,1655,1
KOOC-2715510-4,5340,5340,,15.0,31.0,,83.4,,4.0,7.8,1656,1
KOOC-2715510-4,5341,5341,,91.0,107.0,,83.5,,5.3,9.3,1657,2
KOOC-2715510-4,5342,5342,,109.0,124.0,,85.0,,5.4,14.3,1658,3
KOOC-2715510-5,5335,5335,,15.0,31.0,,87.2,,4.5,7.7,1659,1
KOOC-2715510-5,5336,5336,,84.0,99.0,,86.2,,5.2,6.1,1660,2
KOOC-2715510-5,5337,5337,,178.0,193.0,,82.4,,5.4,13.8,1661,3
KOOC-2715510-5,5338,5338,,218.0,234.0,,83.4,,5.6,11.9,1662,4
KOOC-2715510-5,5339,5339,,244.0,259.0,,85.4,,5.6,14.6,1663,5
KOOC-2715514-10,5343,5343,,56.0,66.0,,80.7,,5.8,13.4,1664,1
KOOC-2715514-10,5344,5344,,99.0,109.0,,81.1,,5.5,11.4,1665,2
KOOC-2715515-13,5353,5353,,0.0,15.0,,88.0,,4.1,13.5,1666,1
KOOC-2715515-13,5354,5354,,36.0,51.0,,84.8,,4.5,16.3,1667,2
KOOC-2715515-14,5345,5345,,5.0,20.0,,83.9,,4.0,7.6,1668,1
KOOC-2715515-14,5346,5346,,41.0,50.0,,83.7,,4.4,10.4,1669,2
KOOC-2715515-14,5347,5347,,76.0,91.0,,84.8,,5.4,7.6,1670,3
KOOC-2715515-14,5348,5348,,137.0,152.0,,85.3,,5.5,9.6,1671,4
KOOC-2715515-14,5349,5349,,188.0,203.0,,84.6,,5.7,12.8,1672,5
KOOC-2715515-14,5350,5350,,218.0,234.0,,82.0,,5.5,13.4,1673,6
KOOC-2715515-14,5351,5351,,282.0,297.0,,80.5,,5.1,18.0,1674,7
KOOC-2715515-14,5352,5352,,300.0,315.0,,82.5,,5.0,28.2,1675,8
KOOC-2715522-21,5362,5362,,0.0,15.0,,53.8,,4.9,49.4,1676,1
KOOC-2715522-22,5359,5359,,0.0,15.0,,59.9,,4.7,56.6,1677,1
KOOC-2715522-22,5360,5360,,25.0,41.0,,74.4,,4.1,18.7,1678,2
KOOC-2715522-22,5361,5361,,76.0,91.0,,78.8,,5.8,19.0,1679,3
KOOC-2715522-23,5355,5355,,15.0,25.0,,84.4,,4.1,9.0,1680,1
KOOC-2715522-23,5356,5356,,76.0,91.0,,85.7,,5.3,7.7,1681,2
KOOC-2715522-23,5357,5357,,127.0,142.0,,84.4,,5.5,10.7,1682,3
KOOC-2715522-23,5358,5358,,163.0,178.0,,79.9,,5.8,14.3,1683,4
KOOC-2715531-39,5365,5365,,15.0,30.0,,93.7,,4.2,8.5,1684,1
KOOC-2715531-39,5366,5366,,99.0,114.0,,87.1,,5.3,10.9,1685,2
KOOC-2715531-39,5367,5367,,180.0,196.0,,88.4,,5.6,9.5,1686,3
KOOC-2715531-39,5368,5368,,221.0,236.0,,82.9,,5.6,14.8,1687,4
KOOC-2715531-42,5363,5363,,15.0,30.0,,81.0,,4.5,9.1,1688,1
KOOC-2715531-42,5364,5364,,66.0,81.0,,79.2,,5.3,14.3,1689,2
KOOC-2715532-48,5369,5369,,36.0,51.0,,88.7,,4.4,7.2,1690,1
KOOC-2715532-48,5370,5370,,97.0,112.0,,87.7,,5.2,7.9,1691,2
KOOC-2715532-48,5371,5371,,165.0,180.0,,84.4,,5.3,13.2,1692,3
KOOC-2715532-48,5372,5372,,198.0,213.0,,78.7,,5.2,23.2,1693,4
KOOC-2715534-17,2997,2997,,35.0,50.0,0.16,85.5,3.8,3.6,8.2,1694,1
KOOC-2715534-17,2998,2998,,85.0,100.0,0.19,83.1,5.3,5.3,15.2,1695,2
KOOC-2715615-160, 272,272,,35.0,50.0,,74.6,6.0,5.8,19.3,1696,1
KOOC-2715615-160, 273,273,,65.0,80.0,,79.5,6.0,5.8,11.4,1697,2
KOOC-2715622-155, 270,270,,70.0,85.0,,78.7,5.9,5.6,15.1,1698,1
KOOC-2715627-153, 266,266,,20.0,35.0,,80.9,6.4,6.2,18.2,1699,1
KOOC-2715627-154, 267,267,,20.0,35.0,,81.6,5.4,5.2,12.5,1700,1
KOOC-2715627-154, 268,268,,85.0,100.0,,79.8,5.8,5.6,15.2,1701,2
KOOC-2715627-154, 269,269,,115.0,130.0,,81.0,6.1,5.8,15.6,1702,3
KOOC-2715802-1,5373,5373,,41.0,51.0,,80.6,,5.4,10.6,1703,1
KOOC-2715802-1,5374,5374,,99.0,109.0,,83.4,,5.2,10.4,1704,2
KOOC-2715802-2,5375,5375,,56.0,66.0,,85.8,,4.9,10.9,1705,1
KOOC-2715811-3,5379,5379,,25.0,36.0,,88.3,,5.7,6.0,1706,1
KOOC-2715811-3,5380,5380,,102.0,112.0,,89.5,,5.4,5.4,1707,2
KOOC-2715811-3,5381,5381,,213.0,224.0,,90.0,,5.5,10.0,1708,3
KOOC-2715811-4,5376,5376,,56.0,66.0,,87.0,,5.4,5.6,1709,1
KOOC-2715811-4,5377,5377,,117.0,127.0,,97.0,,5.9,8.3,1710,2
KOOC-2715811-4,5378,5378,,208.0,218.0,,83.6,,5.6,12.6,1711,3
KOOC-2715814-5,5386,5386,,51.0,61.0,,79.5,,5.3,11.4,1712,1
KOOC-2715814-6,5382,5382,,41.0,51.0,,85.4,,5.0,8.1,1713,1
KOOC-2715814-6,5383,5383,,112.0,122.0,,87.1,,5.6,9.1,1714,2
KOOC-2715814-6,5384,5384,,142.0,152.0,,85.4,,5.8,9.5,1715,3
KOOC-2715814-6,5385,5385,,173.0,183.0,,83.8,,5.9,10.3,1716,4
KOOC-2715823-7,5387,5387,,61.0,71.0,,80.0,,5.2,18.1,1717,1
KOOC-2815310-1,5388,5388,,38.0,46.0,,62.8,,5.6,67.6,1718,1
KOOC-2815310-2,5389,5389,,25.0,36.0,,88.5,,5.5,10.1,1719,1
KOOC-2815310-2,5390,5390,,109.0,119.0,,87.9,,5.9,10.6,1720,2
KOOC-2815313-3,5391,5391,,25.0,36.0,,88.2,,4.6,8.0,1721,1
KOOC-2815313-3,5392,5392,,94.0,104.0,,91.3,,4.9,6.7,1722,2
KOOC-2815313-3,5393,5393,,135.0,145.0,,82.8,,5.2,27.8,1723,3
KOOC-2815313-4,5394,5394,,20.0,30.0,,90.4,,4.2,5.9,1724,1
KOOC-2815313-4,5395,5395,,109.0,119.0,,93.8,,4.2,3.4,1725,2
KOOC-2815313-4,5396,5396,,221.0,231.0,,92.3,,5.3,6.5,1726,3
KOOC-2815313-4,5397,5397,,310.0,320.0,,91.6,,5.8,9.2,1727,4
KOOC-2815313-4,5398,5398,,399.0,409.0,,87.2,,5.4,13.2,1728,5
KOOC-2815314-5,5399,5399,,109.0,119.0,,89.9,,5.9,7.7,1729,1
KOOC-2815314-5,5400,5400,,208.0,218.0,,88.7,,5.7,10.7,1730,2
KOOC-2815314-5,5401,5401,,325.0,335.0,,83.1,,5.8,15.4,1731,3
KOOC-2815315-6,5402,5402,,25.0,36.0,,90.0,,5.8,10.7,1732,1
KOOC-2815315-6,5403,5403,,109.0,119.0,,92.5,,5.8,7.3,1733,2
KOOC-2815315-6,5404,5404,,196.0,206.0,,87.6,,6.2,13.8,1734,3
KOOC-2815315-6,5405,5405,,208.0,218.0,,19.0,,6.4,98.0,1735,4
KOOC-2815323-7,5406,5406,,119.0,130.0,,90.8,,5.6,8.4,1736,1
KOOC-2815323-7,5407,5407,,231.0,241.0,,89.2,,5.6,9.3,1737,2
KOOC-2815323-7,5408,5408,,274.0,284.0,,86.6,,5.7,13.3,1738,3
KOOC-2815323-8,5412,5412,,25.0,36.0,,90.3,,5.6,10.9,1739,1
KOOC-2815323-8,5413,5413,,107.0,117.0,,91.1,,5.5,7.9,1740,2
KOOC-2815323-8,5414,5414,,208.0,218.0,,88.6,,5.8,8.4,1741,3
KOOC-2815323-9,5409,5409,,107.0,117.0,,90.8,,5.7,7.3,1742,1
KOOC-2815323-9,5410,5410,,198.0,208.0,,90.7,,5.8,8.5,1743,2
KOOC-2815323-9,5411,5411,,325.0,335.0,,86.9,,5.7,10.6,1744,3
KOOC-2815324-10,5420,5420,,97.0,107.0,,92.7,,6.1,6.2,1745,1
KOOC-2815324-10,5421,5421,,137.0,147.0,,89.9,,5.6,6.0,1746,2
KOOC-2815324-10,5422,5422,,239.0,249.0,,90.3,,5.8,6.7,1747,3
KOOC-2815324-10,5423,5423,,328.0,338.0,,89.4,,6.0,8.5,1748,4
KOOC-2815324-10,5424,5424,,411.0,422.0,,83.9,,5.7,15.7,1749,5
KOOC-2815324-11,5415,5415,,25.0,36.0,,93.2,,4.3,5.7,1750,1
KOOC-2815324-11,5416,5416,,122.0,132.0,,90.3,,4.8,5.4,1751,2
KOOC-2815324-11,5417,5417,,216.0,226.0,,91.8,,5.7,6.4,1752,3
KOOC-2815324-11,5418,5418,,300.0,310.0,,90.1,,5.8,7.7,1753,4
KOOC-2815324-11,5419,5419,,376.0,386.0,,87.9,,6.0,11.0,1754,5
KOOC-2815324-12,5428,5428,,91.0,102.0,,92.2,,5.5,8.0,1755,1
KOOC-2815324-12,5429,5429,,259.0,269.0,,90.4,,5.7,11.1,1756,2
KOOC-2815324-12,5430,5430,,320.0,330.0,,86.4,,5.7,13.9,1757,3
KOOC-2815324-13,5431,5431,,109.0,119.0,,89.7,,5.6,9.0,1758,1
KOOC-2815324-13,5432,5432,,196.0,206.0,,89.7,,5.7,9.9,1759,2
KOOC-2815324-13,5433,5433,,259.0,269.0,,88.7,,5.8,11.4,1760,3
KOOC-2815324-14,5425,5425,,109.0,119.0,,91.0,,5.5,7.1,1761,1
KOOC-2815324-14,5426,5426,,198.0,208.0,,90.3,,5.6,9.3,1762,2
KOOC-2815324-14,5427,5427,,335.0,345.0,,84.3,,5.6,14.1,1763,3
KOOC-2815401-2,5436,5436,,33.0,48.0,,84.1,,4.9,11.6,1764,1
KOOC-2815401-2,5437,5437,,89.0,104.0,,85.7,,5.7,9.5,1765,2
KOOC-2815401-2,5438,5438,,175.0,191.0,,87.5,,5.6,9.8,1766,3
KOOC-2815401-4,5434,5434,,15.0,30.0,,87.1,,4.5,10.1,1767,1
KOOC-2815401-4,5435,5435,,91.0,107.0,,83.5,,5.5,8.4,1768,2
KOOC-2815402-6,5439,5439,,38.0,66.0,,89.5,,5.1,10.3,1769,1
KOOC-2815402-6,5440,5440,,99.0,114.0,,89.3,,5.6,7.3,1770,2
KOOC-2815402-6,5441,5441,,175.0,191.0,,86.2,,5.6,13.1,1771,3
KOOC-2815409-20,5442,5442,,20.0,30.0,,81.6,,4.0,8.6,1772,1
KOOC-2815409-20,5443,5443,,71.0,81.0,,75.1,,3.8,8.5,1773,2
KOOC-2815409-20,5444,5444,,122.0,132.0,,86.2,,4.7,18.2,1774,3
KOOC-2815409-20,5445,5445,,173.0,183.0,,83.3,,5.3,7.7,1775,4
KOOC-2815409-20,5446,5446,,224.0,234.0,,85.5,,5.8,19.4,1776,5
KOOC-2815413-33,5447,5447,,91.0,107.0,,86.6,,3.9,5.1,1777,1
KOOC-2815413-33,5448,5448,,142.0,153.0,,91.2,,4.3,4.3,1778,2
KOOC-2815413-33,5449,5449,,193.0,203.0,,91.2,,5.0,6.4,1779,3
KOOC-2815413-33,5450,5450,,244.0,254.0,,90.1,,5.7,16.3,1780,4
KOOC-2815413-33,5451,5451,,295.0,305.0,,89.8,,5.7,9.5,1781,5
KOOC-2815413-33,5452,5452,,345.0,356.0,,91.0,,5.9,9.7,1782,6
KOOC-2815413-33,5453,5453,,396.0,406.0,,90.9,,5.6,8.0,1783,7
KOOC-2815413-33,5454,5454,,447.0,457.0,,88.4,,5.8,9.8,1784,8
KOOC-2815503-5,2882,2882,,35.0,50.0,0.09,90.2,3.6,3.6,8.6,1785,1
KOOC-2815503-5,2883,2883,,85.0,100.0,0.09,90.8,4.1,4.1,5.6,1786,2
KOOC-2815503-5,2884,2884,,135.0,150.0,0.09,90.9,4.6,4.6,6.3,1787,3
KOOC-2815503-5,2885,2885,,185.0,200.0,0.09,90.4,4.8,4.8,6.1,1788,4
KOOC-2815503-5,2886,2886,,235.0,250.0,0.1,89.5,5.0,5.1,6.2,1789,5
KOOC-2815503-5,2887,2887,,285.0,300.0,0.18,82.2,5.2,5.4,13.0,1790,6
KOOC-2815510-6,2889,2889,,35.0,50.0,0.08,89.6,4.2,4.2,9.2,1791,1
KOOC-2815510-6,2890,2890,,85.0,100.0,0.09,90.4,5.1,5.1,6.3,1792,2
KOOC-2815510-6,2891,2891,,135.0,150.0,0.12,88.4,5.2,5.2,7.8,1793,3
KOOC-2815510-7,2893,2893,,35.0,50.0,0.13,86.6,4.8,4.9,10.3,1794,1
KOOC-2815510-7,2894,2894,,85.0,100.0,0.16,83.7,5.2,5.3,11.8,1795,2
KOOC-2815535-25,5455,5455,,36.0,51.0,,80.5,,4.7,8.5,1796,1
KOOC-2815535-25,5456,5456,,91.0,107.0,,79.8,,5.6,10.5,1797,2
KOOC-2815535-26,5457,5457,,15.0,30.0,,92.3,,4.1,7.2,1798,1
KOOC-2815535-26,5458,5458,,91.0,107.0,,87.9,,5.2,6.0,1799,2
KOOC-2815535-26,5459,5459,,191.0,211.0,,88.1,,5.6,7.0,1800,3
KOOC-2815603-4,5466,5466,,81.0,91.0,,81.3,,5.9,13.2,1801,1
KOOC-2815603-6,5460,5460,,25.0,36.0,,81.4,,5.6,9.2,1802,1
KOOC-2815603-6,5461,5461,,112.0,122.0,,85.6,,5.8,8.9,1803,2
KOOC-2815603-6,5462,5462,,168.0,178.0,,82.0,,5.6,12.4,1804,3
KOOC-2815603-8,5463,5463,,51.0,61.0,,83.6,,5.8,13.2,1805,1
KOOC-2815603-8,5464,5464,,107.0,117.0,,84.5,,5.7,9.4,1806,2
KOOC-2815603-8,5465,5465,,165.0,175.0,,85.6,,5.7,12.0,1807,3
KOOC-2815610-10,5467,5467,,56.0,66.0,,79.3,,5.7,14.7,1808,1
KOOC-2815610-13,5468,5468,,25.0,36.0,,82.2,,5.7,13.0,1809,1
KOOC-2815610-13,5469,5469,,86.0,97.0,,83.9,,5.8,13.8,1810,2
KOOC-2815610-13,5470,5470,,147.0,157.0,,83.3,,5.8,14.4,1811,3
KOOC-2815610-164, 274,274,,100.0,115.0,,84.1,6.0,5.8,10.3,1812,1
KOOC-2815610-164, 275,275,,158.0,173.0,,86.4,7.2,7.2,34.0,1813,2
KOOC-2815610-165, 276,276,,85.0,100.0,,84.8,6.4,6.0,10.0,1814,1
KOOC-2815615-19,5471,5471,,25.0,36.0,,80.5,,6.1,15.0,1815,1
KOOC-2815615-19,5472,5472,,56.0,66.0,,78.9,,6.1,21.9,1816,2
KOOC-2815625-1,2866,2866,,35.0,50.0,0.12,88.4,2.9,3.1,4.8,1817,1
KOOC-2815625-1,2867,2867,,85.0,100.0,0.11,88.8,3.7,3.7,5.7,1818,2
KOOC-2815625-1,2868,2868,,135.0,150.0,0.11,88.8,4.7,4.8,7.5,1819,3
KOOC-2815625-2,2870,2870,,40.0,55.0,0.08,90.7,3.8,3.8,9.2,1820,1
KOOC-2815625-2,2871,2871,,85.0,100.0,0.14,85.6,4.5,4.5,8.9,1821,2
KOOC-2815625-2,2872,2872,,115.0,130.0,0.19,82.7,5.0,5.1,14.6,1822,3
KOOC-2815626-1,2567,2567,,35.0,50.0,0.07,92.7,3.7,2.9,7.8,1823,1
KOOC-2815626-1,2568,2568,,85.0,100.0,0.07,92.6,4.0,3.2,3.8,1824,2
KOOC-2815626-1,2569,2569,,135.0,150.0,0.09,91.0,4.1,3.2,5.2,1825,3
KOOC-2815626-1,2570,2570,,185.0,200.0,0.09,90.4,4.7,4.1,6.3,1826,4
KOOC-2815626-1,2571,2571,,235.0,250.0,0.08,91.2,5.4,5.0,7.2,1827,5
KOOC-2815626-1,2572,2572,,285.0,300.0,0.13,87.4,5.4,5.1,11.2,1828,6
KOOC-2815626-1,2573,2573,,335.0,350.0,0.14,87.0,5.7,5.0,10.6,1829,7
KOOC-2815626-1,2574,2574,,375.0,390.0,0.25,77.0,5.3,4.9,48.3,1830,8
KOOC-2815626-2,2576,2576,,35.0,50.0,0.08,91.4,3.6,2.9,7.1,1831,1
KOOC-2815626-2,2577,2577,,85.0,100.0,0.08,91.3,3.6,2.8,3.4,1832,2
KOOC-2815626-2,2578,2578,,135.0,150.0,0.07,92.6,3.5,2.9,2.1,1833,3
KOOC-2815626-2,2579,2579,,185.0,200.0,0.07,92.1,3.6,3.0,2.6,1834,4
KOOC-2815626-2,2580,2580,,235.0,250.0,0.06,93.3,3.8,3.1,3.5,1835,5
KOOC-2815626-2,2581,2581,,285.0,300.0,0.09,90.5,4.2,3.6,4.5,1836,6
KOOC-2815626-2,2582,2582,,335.0,350.0,0.12,88.6,4.9,4.4,9.7,1837,7
KOOC-2815626-2,2583,2583,,385.0,400.0,0.11,88.4,5.0,4.7,6.9,1838,8
KOOC-2815626-2,2584,2584,,435.0,450.0,0.12,88.2,5.2,5.0,7.1,1839,9
KOOC-2815626-2,2585,2585,,465.0,480.0,0.15,85.0,4.8,4.7,21.7,1840,10
KOOC-2815627-3,2587,2587,,35.0,50.0,0.09,89.9,3.5,2.8,8.2,1841,1
KOOC-2815627-3,2588,2588,,85.0,100.0,0.06,93.0,3.6,2.9,4.9,1842,2
KOOC-2815627-3,2589,2589,,135.0,150.0,0.06,93.4,3.6,3.1,3.1,1843,3
KOOC-2815627-3,2590,2590,,185.0,200.0,0.07,92.9,4.0,3.5,4.4,1844,4
KOOC-2815627-3,2591,2591,,235.0,250.0,0.07,93.0,5.1,4.3,5.0,1845,5
KOOC-2815627-3,2592,2592,,285.0,300.0,0.1,89.2,5.7,5.2,10.0,1846,6
KOOC-2815627-3,2593,2593,,335.0,350.0,0.13,87.0,5.8,5.3,7.8,1847,7
KOOC-2815627-3,2594,2594,,385.0,400.0,0.14,85.7,5.9,5.5,9.5,1848,8
KOOC-2815627-3,2595,2595,,400.0,415.0,0.12,88.2,5.5,5.1,9.3,1849,9
KOOC-2815627-4,2597,2597,,35.0,50.0,0.06,94.6,4.0,3.0,5.8,1850,1
KOOC-2815627-4,2598,2598,,85.0,100.0,0.09,90.5,3.7,2.9,3.4,1851,2
KOOC-2815627-4,2599,2599,,135.0,150.0,0.08,91.0,4.1,3.3,4.5,1852,3
KOOC-2815627-4,2600,2600,,185.0,200.0,0.09,90.9,3.9,3.0,4.3,1853,4
KOOC-2815627-4,2601,2601,,235.0,250.0,0.12,88.8,4.7,4.1,9.6,1854,5
KOOC-2815627-4,2602,2602,,285.0,300.0,0.11,89.1,5.2,4.6,6.6,1855,6
KOOC-2815627-4,2603,2603,,335.0,350.0,0.11,88.9,5.4,5.1,8.5,1856,7
KOOC-2815627-5,2605,2605,,35.0,50.0,0.1,89.7,4.1,3.6,10.4,1857,1
KOOC-2815627-5,2606,2606,,85.0,100.0,0.08,91.1,5.7,5.2,7.8,1858,2
KOOC-2815627-5,2607,2607,,135.0,150.0,0.06,92.7,6.0,5.5,6.2,1859,3
KOOC-2815627-5,2608,2608,,185.0,200.0,0.06,92.6,5.9,5.5,8.3,1860,4
KOOC-2815627-5,2609,2609,,235.0,250.0,0.09,90.9,5.9,5.3,8.2,1861,5
KOOC-2815627-5,2610,2610,,285.0,300.0,0.12,88.3,6.0,5.7,9.8,1862,6
KOOC-2815627-5,2611,2611,,306.0,321.0,0.15,85.5,6.0,5.6,11.9,1863,7
KOOC-2815628-3,2874,2874,,35.0,50.0,0.12,87.9,3.3,3.1,7.6,1864,1
KOOC-2815628-3,2875,2875,,85.0,100.0,0.11,88.9,3.9,3.8,5.2,1865,2
KOOC-2815628-3,2876,2876,,135.0,150.0,0.13,87.3,5.2,5.2,8.5,1866,3
KOOC-2815634-41,2878,2878,,35.0,50.0,0.12,87.5,4.0,4.1,11.6,1867,1
KOOC-2815634-41,2879,2879,,85.0,100.0,0.13,86.9,5.1,5.5,8.4,1868,2
KOOC-2815634-41,2880,2880,,135.0,150.0,0.16,85.2,5.5,5.6,11.0,1869,3
KOOC-2915505-2,2777,2777,,35.0,50.0,0.09,90.9,3.4,2.9,8.8,1870,1
KOOC-2915505-2,2778,2778,,85.0,100.0,0.05,94.6,3.6,3.2,4.1,1871,2
KOOC-2915505-2,2779,2779,,135.0,150.0,0.03,95.4,4.0,3.8,4.9,1872,3
KOOC-2915505-2,2780,2780,,185.0,200.0,0.08,91.5,4.5,4.4,9.2,1873,4
KOOC-2915505-2,2781,2781,,225.0,240.0,0.15,85.9,4.8,4.8,11.3,1874,5
KOOC-2915516-151, 261,261,,35.0,50.0,,85.8,5.9,5.7,9.1,1875,1
KOOC-2915516-151, 262,262,,65.0,80.0,,85.6,5.9,5.7,9.9,1876,2
KOOC-2915516-151, 263,263,,85.0,100.0,,85.9,6.0,5.8,9.3,1877,3
KOOC-2915516-151, 264,264,,120.0,135.0,,84.4,6.1,5.8,11.0,1878,4
KOOC-2915516-2,2620,2620,,35.0,50.0,0.11,89.4,5.2,5.0,9.2,1879,1
KOOC-2915516-2,2621,2621,,85.0,100.0,0.09,90.2,5.6,5.2,10.1,1880,2
KOOC-2915516-2,2622,2622,,135.0,150.0,0.14,87.3,5.5,5.3,9.4,1881,3
KOOC-2915516-2,2623,2623,,185.0,200.0,0.47,62.7,4.9,4.9,69.1,1882,4
KOOC-2915517-1,2614,2614,,35.0,50.0,0.12,89.7,5.2,5.1,10.0,1883,1
KOOC-2915517-1,2615,2615,,85.0,100.0,0.13,87.8,5.3,5.1,9.4,1884,2
KOOC-2915517-1,2616,2616,,135.0,150.0,0.14,86.9,5.4,5.2,11.5,1885,3
KOOC-2915517-1,2617,2617,,180.0,195.0,0.15,86.0,5.4,5.2,8.8,1886,4
KOOC-2915520-4,2633,2633,,35.0,50.0,0.14,88.6,5.5,5.0,9.2,1887,1
KOOC-2915520-4,2634,2634,,85.0,100.0,0.16,84.7,5.6,5.2,8.4,1888,2
KOOC-2915520-4,2635,2635,,135.0,150.0,0.14,87.1,5.6,5.3,8.2,1889,3
KOOC-2915521-142, 210,210,,20.0,35.0,,82.5,5.6,5.0,9.6,1890,1
KOOC-2915521-142, 211,211,,80.0,95.0,,84.2,5.7,5.2,9.8,1891,2
KOOC-2915521-147, 233,233,,30.0,45.0,,79.8,,5.3,10.4,1892,1
KOOC-2915521-147, 234,234,,70.0,85.0,,86.6,5.8,5.4,4.8,1893,2
KOOC-2915521-147, 235,235,,115.0,130.0,,85.0,5.8,5.2,10.1,1894,3
KOOC-2915521-147, 236,236,,131.0,146.0,,85.3,5.8,5.4,13.1,1895,4
KOOC-2915521-148, 238,238,,15.0,30.0,,89.9,5.7,5.3,10.1,1896,1
KOOC-2915521-148, 239,239,,70.0,85.0,,89.9,5.8,5.4,9.5,1897,2
KOOC-2915521-148, 240,240,,110.0,125.0,,87.1,6.0,5.6,10.6,1898,3
KOOC-2915521-148, 241,241,,143.0,158.0,,82.4,6.2,5.8,23.6,1899,4
KOOC-2915521-3, 204,204,,18.0,33.0,,85.6,5.2,4.8,15.0,1900,1
KOOC-2915521-3, 205,205,,60.0,75.0,,83.6,5.6,5.0,8.2,1901,2
KOOC-2915521-3, 206,206,,65.0,80.0,,86.7,5.6,5.2,8.6,1902,3
KOOC-2915521-3, 207,207,,160.0,175.0,,87.6,5.6,5.0,6.9,1903,4
KOOC-2915521-3, 208,208,,200.0,215.0,,80.6,5.4,5.2,13.5,1904,5
KOOC-2915521-31,2625,2625,,35.0,50.0,0.08,90.8,5.0,4.6,9.3,1905,1
KOOC-2915521-31,2626,2626,,85.0,100.0,0.07,91.7,5.3,4.9,6.1,1906,2
KOOC-2915521-31,2627,2627,,135.0,150.0,0.11,90.0,5.4,5.1,7.2,1907,3
KOOC-2915521-31,2628,2628,,185.0,200.0,0.1,90.1,5.7,5.3,8.0,1908,4
KOOC-2915521-31,2629,2629,,235.0,250.0,0.12,88.7,5.7,5.4,9.3,1909,5
KOOC-2915521-31,2630,2630,,285.0,300.0,0.18,82.9,5.5,5.4,12.3,1910,6
KOOC-2915521-5,2637,2637,,35.0,50.0,0.12,87.6,5.1,4.8,9.4,1911,1
KOOC-2915521-5,2638,2638,,85.0,100.0,0.14,86.7,5.3,5.1,10.0,1912,2
KOOC-2915521-5,2639,2639,,135.0,150.0,0.15,85.8,5.2,5.1,10.9,1913,3
KOOC-2915521-51, 213,213,,0.0,15.0,,81.9,5.6,5.4,14.6,1914,1
KOOC-2915521-51, 214,214,,35.0,50.0,,82.4,5.6,5.2,12.0,1915,2
KOOC-2915521-51, 215,215,,85.0,100.0,,82.6,5.4,5.0,9.1,1916,3
KOOC-2915521-51, 216,216,,107.0,122.0,,84.4,5.6,5.2,12.5,1917,4
KOOC-2915521-52, 218,218,,0.0,15.0,,85.1,5.8,5.3,16.1,1918,1
KOOC-2915521-52, 219,219,,35.0,50.0,,84.5,6.0,5.8,14.1,1919,2
KOOC-2915521-52, 220,220,,70.0,85.0,,84.4,6.0,5.3,8.8,1920,3
KOOC-2915521-52, 221,221,,127.0,142.0,,76.1,6.2,5.7,20.2,1921,4
KOOC-2915521-53, 223,223,,0.0,25.0,,87.2,6.0,5.6,15.1,1922,1
KOOC-2915521-53, 224,224,,25.0,50.0,,89.2,6.0,5.8,11.0,1923,2
KOOC-2915521-53, 225,225,,67.0,82.0,,85.8,6.0,5.6,13.4,1924,3
KOOC-2915521-53, 226,226,,95.0,110.0,,84.8,6.0,5.7,13.1,1925,4
KOOC-2915521-54, 228,228,,0.0,25.0,,90.9,6.0,5.3,10.4,1926,1
KOOC-2915521-54, 229,229,,25.0,50.0,,89.4,6.0,5.4,9.6,1927,2
KOOC-2915521-54, 230,230,,60.0,75.0,,87.0,5.8,5.4,8.0,1928,3
KOOC-2915521-54, 231,231,,110.0,125.0,,83.5,6.0,5.8,12.8,1929,4
KOOC-2915521-6, 243,243,,35.0,50.0,,87.6,5.6,5.2,10.1,1930,1
KOOC-2915521-6, 244,244,,80.0,95.0,,86.5,5.8,5.4,9.0,1931,2
KOOC-2915521-6, 245,245,,115.0,130.0,,82.7,6.0,5.6,8.6,1932,3
KOOC-2915521-6, 246,246,,185.0,200.0,,80.3,5.7,5.6,10.6,1933,4
KOOC-2915521-6, 247,247,,215.0,230.0,,80.6,5.8,5.7,13.2,1934,5
KOOC-2915521-7, 251,251,,15.0,30.0,,82.1,5.5,5.2,14.2,1935,1
KOOC-2915521-7, 252,252,,65.0,80.0,,87.5,5.6,5.4,8.0,1936,2
KOOC-2915521-7, 253,253,,110.0,125.0,,83.5,5.9,5.6,13.1,1937,3
KOOC-2915521-7, 254,254,,145.0,160.0,,87.5,6.0,5.6,8.9,1938,4
KOOC-2915521-7, 255,255,,180.0,195.0,,86.0,5.8,5.6,11.7,1939,5
KOOC-2915521-7, 256,256,,200.0,215.0,,83.3,5.8,5.6,11.1,1940,6
KOOC-2915521-7, 257,257,,223.0,238.0,,80.1,5.8,5.6,13.0,1941,7
KOOC-2915521-7, 258,258,,234.0,249.0,,79.1,5.7,5.6,15.4,1942,8
KOOC-2915528-1, 196,196,,19.0,34.0,,89.1,5.4,4.7,29.9,1943,1
KOOC-2915528-1, 197,197,,50.0,65.0,,87.7,5.4,4.8,8.1,1944,2
KOOC-2915528-1, 198,198,,70.0,85.0,,86.1,5.6,5.2,9.6,1945,3
KOOC-2915528-1, 199,199,,90.0,105.0,,86.6,5.6,5.0,10.2,1946,4
KOOC-2915528-140, 200,200,,10.0,25.0,,88.2,5.6,5.0,11.4,1947,1
KOOC-2915528-140, 201,201,,35.0,50.0,,83.8,5.6,5.2,13.1,1948,2
KOOC-2915528-140, 202,202,,65.0,80.0,,82.2,5.4,5.4,9.4,1949,3
KOOC-2915534-17,5473,5473,,53.0,61.0,,91.7,,6.0,6.8,1950,1
KOOC-2915534-17,5474,5474,,191.0,198.0,,88.9,,5.8,6.7,1951,2
KOOC-2915534-17,5475,5475,,264.0,272.0,,86.9,,4.8,13.0,1952,3
KOOC-2915534-19,5476,5476,,23.0,30.0,,84.0,,5.2,6.1,1953,1
KOOC-2915534-19,5477,5477,,76.0,84.0,,82.3,,5.4,6.8,1954,2
KOOC-2915534-19,5478,5478,,145.0,152.0,,87.0,,5.4,6.0,1955,3
KOOC-2915534-19,5479,5479,,211.0,218.0,,87.5,,5.7,4.8,1956,4
KOOC-2915534-19,5480,5480,,249.0,257.0,,87.1,,4.6,12.3,1957,5
KOOC-2915534-21,5481,5481,,66.0,74.0,,86.0,,5.7,11.7,1958,1
KOOC-2915534-21,5482,5482,,168.0,175.0,,85.4,,5.7,8.2,1959,2
KOOC-2915535-22,5483,5483,,38.0,46.0,,91.3,,6.5,12.0,1960,1
KOOC-2915535-22,5484,5484,,142.0,150.0,,85.4,,6.4,19.8,1961,2
KOOC-2915535-22,5485,5485,,180.0,188.0,,85.6,,6.8,24.3,1962,3
KOOC-2915535-25,5493,5493,,33.0,41.0,,87.6,,5.9,16.9,1963,1
KOOC-2915535-25,5494,5494,,130.0,137.0,,87.6,,5.8,10.1,1964,2
KOOC-2915535-25,5495,5495,,206.0,213.0,,89.9,,5.8,6.6,1965,3
KOOC-2915535-25,5496,5496,,312.0,320.0,,81.6,,5.6,34.2,1966,4
KOOC-2915535-27,5486,5486,,51.0,58.0,,81.0,,5.6,9.8,1967,1
KOOC-2915535-27,5487,5487,,104.0,112.0,,85.0,,5.7,5.9,1968,2
KOOC-2915535-27,5488,5488,,201.0,206.0,,91.1,,5.4,7.4,1969,3
KOOC-2915535-27,5489,5489,,277.0,284.0,,86.0,,5.4,11.1,1970,4
KOOC-2915535-28,5490,5490,,48.0,56.0,,88.2,,6.0,13.0,1971,1
KOOC-2915535-28,5491,5491,,163.0,170.0,,89.2,,6.2,10.4,1972,2
KOOC-2915535-28,5492,5492,,282.0,290.0,,82.7,,5.8,28.3,1973,3
KOOC-2915632-18,2787,2787,,35.0,50.0,0.07,91.5,3.4,2.8,8.2,1974,1
KOOC-2915632-18,2788,2788,,85.0,100.0,0.08,91.1,4.4,4.2,8.2,1975,2
KOOC-2915632-18,2789,2789,,135.0,150.0,0.12,88.0,5.4,5.2,8.8,1976,3
KOOC-2915632-18,2790,2790,,185.0,200.0,0.16,85.2,5.6,5.2,12.1,1977,4
LOTW-3015806-1,2287,2287,,35.0,50.0,0.16,85.8,5.4,5.1,10.6,1978,1
LOTW-3015806-1,2288,2288,,80.0,95.0,0.18,83.5,5.3,5.0,10.1,1979,2
LOTW-3015807-4,2254,2254,,35.0,50.0,0.13,87.1,4.4,4.1,6.4,1980,1
LOTW-3015807-4,2255,2255,,85.0,100.0,0.11,88.3,4.6,4.4,6.7,1981,2
LOTW-3015807-4,2256,2256,,135.0,150.0,0.14,86.9,5.0,5.0,8.4,1982,3
LOTW-3015807-4,2257,2257,,172.0,187.0,0.17,84.0,4.8,4.8,10.8,1983,4
LOTW-3015807-5,2280,2280,,35.0,50.0,0.04,92.9,5.4,5.2,6.8,1984,1
LOTW-3015807-5,2281,2281,,85.0,100.0,0.09,91.1,5.3,4.8,5.3,1985,2
LOTW-3015807-5,2282,2282,,135.0,150.0,0.09,91.2,5.4,5.0,5.1,1986,3
LOTW-3015807-5,2283,2283,,185.0,200.0,0.09,90.9,5.5,4.2,6.3,1987,4
LOTW-3015807-5,2284,2284,,235.0,250.0,0.1,90.1,5.6,5.3,7.4,1988,5
LOTW-3015807-5,2285,2285,,285.0,300.0,0.13,86.3,5.1,5.0,14.5,1989,6
LOTW-3015807-6,2260,2260,,35.0,50.0,0.07,91.9,5.4,5.0,8.6,1990,1
LOTW-3015807-6,2261,2261,,85.0,100.0,0.09,90.5,5.3,5.0,7.0,1991,2
LOTW-3015807-6,2262,2262,,135.0,150.0,0.11,89.1,5.5,5.0,6.4,1992,3
LOTW-3015807-6,2263,2263,,185.0,200.0,0.09,90.4,5.5,5.2,7.5,1993,4
LOTW-3015807-6,2264,2264,,235.0,250.0,0.12,88.5,5.6,5.3,8.5,1994,5
LOTW-3015808-10,2271,2271,,35.0,50.0,0.09,90.1,5.8,5.4,8.8,1995,1
LOTW-3015808-10,2272,2272,,85.0,100.0,0.13,86.5,5.4,5.3,8.2,1996,2
LOTW-3015808-10,2273,2273,,135.0,150.0,0.13,87.2,5.4,5.2,6.7,1997,3
LOTW-3015808-10,2274,2274,,185.0,200.0,0.14,85.5,5.1,5.0,11.2,1998,4
LOTW-3015808-8,2266,2266,,35.0,50.0,0.11,89.2,5.2,5.0,9.1,1999,1
LOTW-3015808-8,2267,2267,,85.0,100.0,0.08,90.9,5.4,5.2,8.5,2000,2
LOTW-3015808-8,2268,2268,,135.0,150.0,0.11,88.7,5.8,5.6,8.0,2001,3
LOTW-3015808-8,2269,2269,,185.0,200.0,0.14,85.9,5.4,5.4,11.8,2002,4
LOTW-3015809-13,2276,2276,,40.0,55.0,0.11,89.2,5.4,5.2,12.3,2003,1
LOTW-3015809-13,2277,2277,,85.0,100.0,0.09,90.9,5.2,5.0,9.3,2004,2
LOTW-3015809-13,2278,2278,,135.0,150.0,0.13,88.2,5.3,5.0,8.8,2005,3
LOTW-3015818-15,2290,2290,,35.0,50.0,0.11,88.6,5.1,4.9,9.6,2006,1
LOTW-3015818-15,2291,2291,,85.0,100.0,0.09,90.6,5.2,5.0,7.6,2007,2
LOTW-3015818-15,2292,2292,,135.0,150.0,0.12,88.8,5.2,5.0,9.8,2008,3
LOTW-3015818-15,2293,2293,,165.0,180.0,0.26,78.3,5.4,5.2,52.3,2009,4
LOTW-3015818-18,2295,2295,,35.0,50.0,0.08,90.8,5.6,5.4,8.7,2010,1
LOTW-3015818-18,2296,2296,,85.0,100.0,0.08,91.9,5.7,5.6,9.2,2011,2
LOTW-3015818-18,2297,2297,,135.0,150.0,0.12,89.4,5.8,5.7,8.7,2012,3
LOTW-3015901-19,2398,2398,,35.0,50.0,0.07,91.9,3.9,3.4,7.9,2013,1
LOTW-3015901-19,2399,2399,,85.0,100.0,0.09,90.4,5.2,5.0,7.6,2014,2
LOTW-3015901-19,2400,2400,,135.0,150.0,0.09,90.9,5.6,5.3,6.1,2015,3
LOTW-3015901-19,2401,2401,,185.0,200.0,0.11,89.1,5.9,5.7,6.8,2016,4
LOTW-3015901-19,2402,2402,,225.0,240.0,0.16,86.5,5.7,5.6,7.6,2017,5
LOTW-3015902-23,2392,2392,,35.0,50.0,0.08,91.5,5.6,4.8,10.4,2018,1
LOTW-3015902-23,2393,2393,,85.0,100.0,0.06,93.2,5.8,5.1,9.0,2019,2
LOTW-3015902-23,2394,2394,,135.0,150.0,0.1,90.4,6.0,5.4,8.2,2020,3
LOTW-3015902-23,2395,2395,,185.0,200.0,0.11,89.2,6.2,5.5,9.6,2021,4
LOTW-3015902-23,2396,2396,,235.0,250.0,0.17,84.4,6.2,5.8,12.8,2022,5
LOTW-3015903-28,2387,2387,,50.0,65.0,0.1,90.7,5.4,5.2,8.4,2023,1
LOTW-3015903-28,2388,2388,,85.0,100.0,0.08,90.7,5.5,5.2,9.1,2024,2
LOTW-3015903-28,2389,2389,,135.0,150.0,0.11,89.5,5.5,5.2,9.8,2025,3
LOTW-3015903-28,2390,2390,,175.0,190.0,0.18,83.5,5.4,5.2,14.9,2026,4
LOTW-3015905-31,2446,2446,,35.0,50.0,0.15,85.9,5.5,5.2,11.3,2027,1
LOTW-3015905-31,2447,2447,,80.0,95.0,0.23,80.9,5.4,5.3,16.2,2028,2
LOTW-3015906-33,2443,2443,,35.0,50.0,0.15,84.8,5.5,5.3,12.5,2029,1
LOTW-3015906-33,2444,2444,,85.0,100.0,0.2,81.8,5.4,5.3,11.6,2030,2
LOTW-3015910-42,2410,2410,,35.0,50.0,0.1,90.4,5.2,4.9,10.6,2031,1
LOTW-3015910-42,2411,2411,,85.0,100.0,0.1,90.2,5.4,5.2,10.3,2032,2
LOTW-3015910-42,2412,2412,,135.0,150.0,0.06,93.2,5.4,5.2,9.7,2033,3
LOTW-3015910-42,2413,2413,,185.0,200.0,0.15,85.6,5.5,5.4,13.8,2034,4
LOTW-3015910-42,2414,2414,,205.0,220.0,0.28,77.2,5.6,5.6,40.7,2035,5
LOTW-3015911-44,2407,2407,,20.0,35.0,0.12,88.4,4.8,4.2,8.6,2036,1
LOTW-3015911-44,2408,2408,,60.0,75.0,0.14,86.1,5.1,4.6,8.8,2037,2
LOTW-3015912-48,2404,2404,,35.0,50.0,0.16,84.9,4.6,4.2,9.2,2038,1
LOTW-3015912-48,2405,2405,,85.0,100.0,0.21,82.8,5.4,5.2,9.2,2039,2
LOTW-3015914-49,2436,2436,,35.0,50.0,0.16,85.8,5.6,5.3,15.1,2040,1
LOTW-3015915-54,2434,2434,,35.0,50.0,0.16,85.9,5.5,5.3,12.5,2041,1
LOTW-3015918-56,2522,2522,,45.0,60.0,0.1,89.5,3.5,3.1,6.6,2042,1
LOTW-3015918-56,2523,2523,,85.0,100.0,0.1,89.4,4.6,4.4,6.8,2043,2
LOTW-3015918-56,2524,2524,,135.0,150.0,0.1,90.1,5.2,5.0,8.1,2044,3
LOTW-3015918-56,2525,2525,,185.0,200.0,0.12,87.7,5.6,5.4,8.7,2045,4
LOTW-3015918-57,2527,2527,,35.0,50.0,0.11,87.4,5.6,5.2,10.2,2046,1
LOTW-3015918-57,2528,2528,,85.0,100.0,0.16,84.0,5.4,5.1,13.2,2047,2
LOTW-3015918-57,2529,2529,,135.0,150.0,0.2,81.6,5.4,5.3,15.1,2048,3
LOTW-3015918-60,2516,2516,,35.0,50.0,0.1,88.8,3.4,2.8,7.0,2049,1
LOTW-3015918-60,2517,2517,,85.0,100.0,0.08,91.6,3.6,3.2,3.5,2050,2
LOTW-3015918-60,2518,2518,,135.0,150.0,0.09,90.7,4.4,4.2,5.4,2051,3
LOTW-3015918-60,2519,2519,,185.0,200.0,0.11,89.0,5.0,4.8,8.6,2052,4
LOTW-3015918-60,2520,2520,,235.0,250.0,0.17,84.4,5.2,5.1,12.2,2053,5
LOTW-3015919-849,3862,3862,,20.0,35.0,0.2,80.5,4.2,3.7,7.6,2054,1
LOTW-3015919-849,3863,3863,,37.0,52.0,0.18,82.0,4.2,3.8,7.8,2055,2
LOTW-3015919-850,3864,3864,,25.0,40.0,0.17,81.5,4.0,3.5,6.8,2056,1
LOTW-3015919-850,3865,3865,,50.0,65.0,0.15,85.0,4.4,3.9,6.6,2057,2
LOTW-3015919-851,3866,3866,,10.0,25.0,0.16,81.0,5.4,4.9,9.9,2058,1
LOTW-3015919-851,3867,3867,,15.0,30.0,0.2,80.3,,,10.0,2059,2
LOTW-3015919-851,3868,3868,,35.0,50.0,0.18,81.3,5.4,4.8,9.4,2060,3
LOTW-3015919-852,3869,3869,,10.0,25.0,0.17,82.3,5.3,4.9,10.9,2061,1
LOTW-3015919-852,3870,3870,,35.0,50.0,0.18,83.7,5.3,4.8,8.8,2062,2
LOTW-3015919-853,3871,3871,,15.0,30.0,0.12,84.9,5.3,4.8,9.1,2063,1
LOTW-3015919-853,3872,3872,,35.0,50.0,0.16,83.8,5.3,4.8,9.5,2064,2
LOTW-3015919-853,3873,3873,,60.0,75.0,0.17,83.9,5.4,4.9,8.7,2065,3
LOTW-3015919-853,3874,3874,,80.0,95.0,0.15,85.1,5.5,5.0,6.8,2066,4
LOTW-3015920-64,2219,2219,,35.0,50.0,0.11,87.4,6.4,5.8,13.6,2067,1
LOTW-3015920-64,2220,2220,,75.0,90.0,0.17,82.9,6.2,5.6,14.0,2068,2
LOTW-3015920-65,2216,2216,,35.0,50.0,0.13,87.0,6.0,5.5,11.5,2069,1
LOTW-3015920-65,2217,2217,,84.0,99.0,0.18,82.6,6.0,5.4,10.8,2070,2
LOTW-3015920-66,2212,2212,,35.0,50.0,0.13,88.0,5.4,4.9,9.2,2071,1
LOTW-3015920-66,2213,2213,,65.0,80.0,0.18,82.3,5.4,4.8,9.1,2072,2
LOTW-3015920-67,2225,2225,,34.0,49.0,0.18,81.8,6.6,6.0,17.5,2073,1
LOTW-3015925-71,2431,2431,,35.0,50.0,0.13,87.5,4.2,3.8,7.8,2074,1
LOTW-3015925-71,2432,2432,,85.0,100.0,0.22,78.8,5.2,5.0,15.8,2075,2
LOTW-3015926-75,2424,2424,,45.0,60.0,0.04,95.2,3.7,3.0,3.7,2076,1
LOTW-3015926-75,2425,2425,,85.0,100.0,0.11,88.5,4.0,3.6,9.7,2077,2
LOTW-3015926-75,2426,2426,,135.0,150.0,0.15,85.8,5.2,5.0,5.3,2078,3
LOTW-3015926-78,2428,2428,,35.0,50.0,0.12,85.3,3.7,3.2,5.1,2079,1
LOTW-3015926-78,2429,2429,,85.0,100.0,0.14,86.3,4.2,4.0,11.9,2080,2
LOTW-3015934-81,2420,2420,,35.0,50.0,0.1,89.6,4.0,3.5,9.2,2081,1
LOTW-3015934-81,2421,2421,,85.0,100.0,0.1,89.8,5.2,4.7,6.3,2082,2
LOTW-3015934-81,2422,2422,,130.0,145.0,0.15,83.4,5.4,5.0,12.5,2083,3
LOTW-3015934-84,2416,2416,,40.0,55.0,0.1,89.6,3.8,3.2,8.0,2084,1
LOTW-3015934-84,2417,2417,,85.0,100.0,0.08,90.9,4.6,4.3,6.3,2085,2
LOTW-3015934-84,2418,2418,,135.0,150.0,0.14,88.3,5.0,4.6,7.1,2086,3
LOTW-3016017-88,2385,2385,,35.0,50.0,0.12,86.9,4.9,4.7,9.7,2087,1
LOTW-3016025-91,2197,2197,,35.0,50.0,0.1,88.6,6.4,6.0,,2088,1
LOTW-3016025-91,2198,2198,,85.0,100.0,0.16,84.5,6.2,5.6,9.3,2089,2
LOTW-3016025-91,2199,2199,,135.0,150.0,0.15,86.2,6.2,5.8,9.6,2090,3
LOTW-3016026-95,2153,2153,,35.0,50.0,0.14,87.2,5.7,5.2,11.2,2091,1
LOTW-3016026-95,2154,2154,,85.0,100.0,0.16,84.8,5.9,5.4,12.1,2092,2
LOTW-3016026-95,2155,2155,,124.0,139.0,0.17,83.7,5.9,5.5,13.6,2093,3
LOTW-3016026-97,2156,2156,,35.0,50.0,0.13,87.5,5.9,5.1,8.6,2094,1
LOTW-3016026-97,2157,2157,,85.0,100.0,0.09,90.7,6.0,5.4,7.1,2095,2
LOTW-3016026-97,2158,2158,,135.0,150.0,0.13,88.1,6.0,5.5,11.8,2096,3
LOTW-3016026-97,2159,2159,,185.0,200.0,0.15,86.1,5.4,5.3,13.9,2097,4
LOTW-3016026-97,2160,2160,,225.0,240.0,0.18,83.6,5.5,5.4,15.5,2098,5
LOTW-3016027-99,2182,2182,,35.0,50.0,0.14,87.0,5.7,5.1,9.8,2099,1
LOTW-3016027-99,2183,2183,,85.0,100.0,0.15,85.9,6.0,5.3,9.3,2100,2
LOTW-3016027-99,2184,2184,,135.0,150.0,0.16,85.5,5.6,5.3,11.9,2101,3
LOTW-3016027-99,2185,2185,,180.0,195.0,0.2,81.0,5.6,5.3,13.4,2102,4
LOTW-3016028-112,2328,2328,,35.0,50.0,0.12,88.4,4.9,4.7,8.3,2103,1
LOTW-3016028-112,2329,2329,,85.0,100.0,0.12,86.3,5.2,5.0,9.8,2104,2
LOTW-3016028-112,2330,2330,,135.0,150.0,0.15,86.1,5.2,5.0,9.6,2105,3
LOTW-3016030-114,2299,2299,,35.0,50.0,0.1,83.6,5.2,4.7,8.1,2106,1
LOTW-3016030-114,2300,2300,,85.0,100.0,0.16,84.3,5.1,4.8,7.4,2107,2
LOTW-3016031-118,2312,2312,,35.0,50.0,0.11,88.9,5.0,4.4,7.5,2108,1
LOTW-3016031-118,2313,2313,,85.0,100.0,0.14,85.7,5.2,4.8,10.0,2109,2
LOTW-3016031-118,2314,2314,,135.0,150.0,0.15,85.3,5.2,5.0,10.2,2110,3
LOTW-3016031-120,2307,2307,,35.0,50.0,0.12,89.0,5.2,5.0,7.3,2111,1
LOTW-3016031-120,2308,2308,,85.0,100.0,0.14,86.2,5.5,5.2,9.9,2112,2
LOTW-3016031-120,2309,2309,,135.0,150.0,0.14,86.2,5.6,5.4,10.0,2113,3
LOTW-3016031-120,2310,2310,,185.0,200.0,0.19,82.3,4.7,4.6,27.7,2114,4
LOTW-3016031-123,2302,2302,,35.0,50.0,0.1,89.5,4.7,4.4,4.8,2115,1
LOTW-3016031-123,2303,2303,,85.0,100.0,0.1,88.7,5.2,5.0,6.4,2116,2
LOTW-3016031-123,2304,2304,,135.0,150.0,0.1,89.5,5.2,5.0,7.3,2117,3
LOTW-3016031-123,2305,2305,,182.0,197.0,0.16,84.3,4.6,4.5,27.0,2118,4
LOTW-3016031-125,2316,2316,,35.0,50.0,0.14,85.9,4.6,4.2,7.0,2119,1
LOTW-3016031-125,2317,2317,,85.0,100.0,0.17,83.2,5.4,5.1,9.8,2120,2
LOTW-3016031-125,2318,2318,,115.0,130.0,0.15,85.5,5.5,5.3,11.4,2121,3
LOTW-3016032-127,2320,2320,,35.0,50.0,0.09,89.2,4.4,4.0,8.7,2122,1
LOTW-3016032-127,2321,2321,,85.0,100.0,0.13,87.4,4.7,4.5,7.2,2123,2
LOTW-3016032-127,2322,2322,,135.0,150.0,0.11,88.2,4.8,4.6,9.4,2124,3
LOTW-3016032-129,2324,2324,,35.0,50.0,0.12,88.3,4.6,4.4,9.1,2125,1
LOTW-3016032-129,2325,2325,,85.0,100.0,0.13,86.7,5.2,5.1,10.0,2126,2
LOTW-3016032-129,2326,2326,,135.0,150.0,0.15,86.1,5.2,5.2,10.2,2127,3
LOTW-3016034-101,2162,2162,,35.0,50.0,0.11,87.9,5.6,4.9,8.1,2128,1
LOTW-3016034-101,2163,2163,,85.0,100.0,0.12,88.1,6.0,5.2,11.6,2129,2
LOTW-3016034-101,2164,2164,,135.0,150.0,0.11,90.1,6.1,5.4,8.6,2130,3
LOTW-3016034-101,2165,2165,,185.0,200.0,0.14,86.8,5.2,5.0,12.8,2131,4
LOTW-3016034-103,2167,2167,,35.0,50.0,0.13,88.1,5.7,4.8,10.4,2132,1
LOTW-3016034-103,2168,2168,,85.0,100.0,0.12,88.6,5.9,5.0,7.5,2133,2
LOTW-3016034-103,2169,2169,,135.0,150.0,0.11,89.9,5.9,5.2,8.5,2134,3
LOTW-3016034-103,2170,2170,,176.0,191.0,0.13,87.6,5.7,5.3,12.5,2135,4
LOTW-3016035-105,2172,2172,,35.0,50.0,0.13,88.0,5.6,4.9,10.1,2136,1
LOTW-3016035-105,2173,2173,,85.0,100.0,0.12,88.2,6.0,5.3,10.4,2137,2
LOTW-3016035-105,2174,2174,,135.0,150.0,0.15,86.3,6.0,5.4,9.1,2138,3
LOTW-3016035-105,2175,2175,,162.0,177.0,0.17,84.3,6.0,5.6,10.6,2139,4
LOTW-3016035-106,2177,2177,,35.0,50.0,0.12,88.8,4.9,4.0,7.4,2140,1
LOTW-3016035-106,2178,2178,,85.0,100.0,0.11,88.9,6.0,5.2,10.1,2141,2
LOTW-3016035-106,2179,2179,,135.0,150.0,0.11,89.2,6.0,5.4,5.5,2142,3
LOTW-3016035-106,2180,2180,,179.0,194.0,0.13,87.1,5.4,5.2,9.0,2143,4
LOTW-3016036-108,2192,2192,,35.0,50.0,0.06,93.6,4.3,3.3,9.5,2144,1
LOTW-3016036-108,2193,2193,,85.0,100.0,0.08,91.0,4.8,4.0,7.6,2145,2
LOTW-3016036-108,2194,2194,,135.0,150.0,0.14,87.3,5.8,5.2,8.6,2146,3
LOTW-3016036-108,2195,2195,,185.0,200.0,0.14,86.9,5.8,5.4,9.2,2147,4
LOTW-3016036-110,2187,2187,,35.0,50.0,0.08,92.5,4.4,3.4,7.0,2148,1
LOTW-3016036-110,2188,2188,,85.0,100.0,0.1,89.7,5.4,4.6,7.4,2149,2
LOTW-3016036-110,2189,2189,,135.0,150.0,0.1,90.1,5.7,5.0,5.7,2150,3
LOTW-3016036-110,2190,2190,,185.0,200.0,0.11,89.3,5.6,5.2,8.1,2151,4
LOTW-3115812-133,2231,2231,,35.0,50.0,0.14,84.9,5.3,4.8,7.2,2152,1
LOTW-3115812-133,2232,2232,,110.0,125.0,0.16,84.3,5.6,5.1,10.8,2153,2
LOTW-3115812-134,2249,2249,,35.0,50.0,0.11,87.8,4.8,4.4,7.2,2154,1
LOTW-3115812-134,2250,2250,,85.0,100.0,0.1,88.4,5.0,4.7,9.3,2155,2
LOTW-3115812-134,2251,2251,,135.0,150.0,0.13,87.8,5.0,4.8,10.6,2156,3
LOTW-3115812-134,2252,2252,,180.0,195.0,0.19,81.5,4.7,4.6,14.6,2157,4
LOTW-3115812-136,2235,2235,,35.0,50.0,0.1,88.6,5.2,4.6,6.9,2158,1
LOTW-3115812-136,2236,2236,,85.0,100.0,0.14,86.0,5.2,4.7,9.1,2159,2
LOTW-3115812-136,2237,2237,,135.0,150.0,0.18,83.8,5.3,5.0,9.5,2160,3
LOTW-3115812-137,2243,2243,,35.0,50.0,0.12,87.9,4.8,4.1,7.5,2161,1
LOTW-3115812-137,2244,2244,,85.0,100.0,0.13,87.1,4.9,4.4,7.6,2162,2
LOTW-3115812-137,2245,2245,,135.0,150.0,0.19,83.7,5.1,4.8,11.0,2163,3
LOTW-3115812-138,2239,2239,,35.0,50.0,0.13,86.8,5.2,4.7,6.5,2164,1
LOTW-3115812-138,2240,2240,,85.0,100.0,0.14,86.3,5.3,4.8,9.9,2165,2
LOTW-3115812-138,2241,2241,,135.0,150.0,0.17,83.8,5.5,5.0,8.6,2166,3
LOTW-3115813-135,2227,2227,,35.0,50.0,0.15,84.9,5.5,4.8,8.1,2167,1
LOTW-3115813-135,2228,2228,,85.0,100.0,0.14,86.3,5.9,5.2,8.4,2168,2
LOTW-3115813-135,2229,2229,,135.0,150.0,0.16,84.6,6.0,5.4,10.0,2169,3
LOTW-3115901-141,2477,2477,,50.0,65.0,0.11,88.6,5.3,4.9,6.7,2170,1
LOTW-3115901-141,2478,2478,,85.0,100.0,0.09,92.2,5.0,4.7,6.2,2171,2
LOTW-3115901-141,2479,2479,,135.0,150.0,0.1,89.9,5.0,4.8,6.4,2172,3
LOTW-3115902-145,2438,2438,,35.0,50.0,0.12,88.4,5.0,4.7,12.6,2173,1
LOTW-3115902-145,2439,2439,,85.0,100.0,0.12,87.8,5.2,5.0,7.5,2174,2
LOTW-3115902-145,2440,2440,,125.0,140.0,0.13,87.7,5.4,5.1,7.6,2175,3
LOTW-3115902-145,2441,2441,,175.0,190.0,0.16,84.3,5.0,4.9,14.9,2176,4
LOTW-3115902-148,2484,2484,,35.0,50.0,0.11,89.1,5.6,5.4,9.1,2177,1
LOTW-3115902-148,2485,2485,,85.0,100.0,0.13,86.9,5.4,5.2,7.9,2178,2
LOTW-3115902-148,2486,2486,,128.0,143.0,0.19,82.3,5.5,5.4,17.8,2179,3
LOTW-3115910-151,2452,2452,,35.0,50.0,0.12,87.7,5.3,5.0,7.2,2180,1
LOTW-3115910-151,2453,2453,,85.0,100.0,0.16,84.9,5.2,5.0,7.7,2181,2
LOTW-3115911-153,2488,2488,,35.0,50.0,0.09,89.4,5.7,5.2,12.7,2182,1
LOTW-3115911-153,2489,2489,,85.0,100.0,0.18,82.7,5.2,5.0,16.9,2183,2
LOTW-3115912-155,2481,2481,,35.0,50.0,0.09,90.9,4.4,3.8,5.1,2184,1
LOTW-3115912-155,2482,2482,,85.0,100.0,0.14,86.6,5.4,5.2,10.4,2185,2
LOTW-3115913-157,2512,2512,,35.0,50.0,0.16,85.1,4.0,3.4,6.1,2186,1
LOTW-3115913-157,2513,2513,,85.0,100.0,0.18,83.4,4.8,4.6,11.8,2187,2
LOTW-3115913-157,2514,2514,,117.0,132.0,0.22,82.2,5.0,4.8,17.9,2188,3
LOTW-3115913-159,2508,2508,,35.0,50.0,0.12,88.7,3.7,3.0,4.9,2189,1
LOTW-3115913-159,2509,2509,,85.0,100.0,0.12,88.9,4.6,4.1,9.0,2190,2
LOTW-3115913-159,2510,2510,,135.0,150.0,0.15,86.7,5.0,4.6,10.0,2191,3
LOTW-3115915-164,2449,2449,,35.0,50.0,0.15,86.9,4.9,4.6,9.9,2192,1
LOTW-3115915-164,2450,2450,,68.0,83.0,0.19,84.2,4.7,4.4,8.2,2193,2
LOTW-3115915-515,2550,2550,,35.0,50.0,0.12,89.0,5.0,4.8,7.6,2194,1
LOTW-3115915-515,2551,2551,,85.0,100.0,0.14,86.2,5.0,4.9,8.0,2195,2
LOTW-3115915-515,2552,2552,,135.0,150.0,0.15,86.5,5.4,5.3,8.6,2196,3
LOTW-3115916-517,2554,2554,,35.0,50.0,0.11,88.3,5.2,4.9,6.6,2197,1
LOTW-3115916-517,2555,2555,,85.0,100.0,0.13,87.7,5.5,5.2,12.3,2198,2
LOTW-3115916-517,2556,2556,,135.0,150.0,0.13,87.9,5.6,5.3,9.5,2199,3
LOTW-3115916-517,2557,2557,,185.0,200.0,0.14,87.2,5.6,5.3,9.0,2200,4
LOTW-3115916-518,2541,2541,,35.0,50.0,0.14,87.1,5.0,4.4,5.3,2201,1
LOTW-3115916-518,2542,2542,,85.0,100.0,0.13,87.8,5.4,4.9,7.9,2202,2
LOTW-3115916-518,2543,2543,,135.0,150.0,0.12,88.4,5.5,5.1,10.4,2203,3
LOTW-3115916-519,2545,2545,,35.0,50.0,0.13,87.7,5.1,4.7,5.8,2204,1
LOTW-3115916-519,2546,2546,,85.0,100.0,0.11,89.6,5.2,4.8,7.4,2205,2
LOTW-3115916-519,2547,2547,,135.0,150.0,0.14,87.2,5.2,4.9,8.1,2206,3
LOTW-3115916-519,2548,2548,,185.0,200.0,0.12,87.9,5.3,4.9,7.0,2207,4
LOTW-3115917-520,2531,2531,,35.0,50.0,0.13,87.3,4.2,3.8,7.2,2208,1
LOTW-3115917-520,2532,2532,,85.0,100.0,0.18,83.4,5.1,4.8,9.7,2209,2
LOTW-3115917-520,2533,2533,,135.0,150.0,0.17,84.4,5.2,5.0,9.6,2210,3
LOTW-3115917-520,2534,2534,,185.0,200.0,0.17,84.2,5.2,5.0,9.6,2211,4
LOTW-3115917-520,2535,2535,,225.0,240.0,0.24,79.2,5.2,5.1,24.6,2212,5
LOTW-3115917-521,2537,2537,,35.0,50.0,0.11,89.1,4.6,4.5,8.4,2213,1
LOTW-3115917-521,2538,2538,,85.0,100.0,0.09,91.1,5.2,4.7,7.5,2214,2
LOTW-3115917-521,2539,2539,,135.0,150.0,0.11,89.9,5.4,5.1,9.9,2215,3
LOTW-3115921-516,2559,2559,,35.0,50.0,0.15,82.4,5.4,5.3,8.4,2216,1
LOTW-3115921-516,2560,2560,,85.0,100.0,0.17,83.0,5.3,5.2,8.5,2217,2
LOTW-3115921-522,2562,2562,,35.0,50.0,0.1,89.7,5.3,5.0,9.2,2218,1
LOTW-3115921-522,2563,2563,,85.0,100.0,0.11,88.8,5.3,5.1,9.8,2219,2
LOTW-3115921-522,2564,2564,,135.0,150.0,0.12,88.9,5.4,5.2,9.6,2220,3
LOTW-3115921-522,2565,2565,,180.0,195.0,0.18,84.8,5.4,5.2,10.7,2221,4
LOTW-3115922-165,2455,2455,,35.0,50.0,0.12,87.5,5.0,4.6,7.2,2222,1
LOTW-3115922-165,2456,2456,,80.0,95.0,0.12,88.3,5.1,4.8,7.3,2223,2
LOTW-3115922-166,2458,2458,,35.0,50.0,0.15,86.2,5.4,4.2,6.4,2224,1
LOTW-3115922-166,2459,2459,,85.0,100.0,0.11,89.0,5.4,4.6,7.2,2225,2
LOTW-3115922-166,2460,2460,,135.0,150.0,0.17,84.6,5.7,5.0,9.2,2226,3
LOTW-3115923-169,2462,2462,,35.0,50.0,0.12,88.5,3.5,2.9,4.0,2227,1
LOTW-3115923-169,2463,2463,,85.0,100.0,0.13,87.9,3.8,3.2,5.4,2228,2
LOTW-3115923-169,2464,2464,,135.0,150.0,0.15,86.4,4.6,4.1,6.4,2229,3
LOTW-3115923-169,2465,2465,,185.0,200.0,0.17,84.6,5.2,4.8,9.0,2230,4
LOTW-3115923-169,2466,2466,,235.0,250.0,0.2,81.2,5.5,5.1,9.4,2231,5
LOTW-3115924-172,2468,2468,,35.0,50.0,0.1,90.6,3.8,3.0,3.3,2232,1
LOTW-3115924-172,2469,2469,,85.0,100.0,0.07,91.8,4.4,3.6,4.6,2233,2
LOTW-3115924-172,2470,2470,,135.0,150.0,0.1,90.2,5.0,4.6,6.7,2234,3
LOTW-3115924-172,2471,2471,,185.0,200.0,0.11,89.2,5.6,5.2,9.2,2235,4
LOTW-3115924-172,2472,2472,,235.0,250.0,0.16,86.1,5.8,5.4,8.3,2236,5
LOTW-3115924-174,2474,2474,,35.0,50.0,0.15,87.0,4.8,4.3,8.5,2237,1
LOTW-3115924-174,2475,2475,,85.0,100.0,0.17,84.6,5.4,5.2,11.9,2238,2
LOTW-3115925-180,2497,2497,,35.0,50.0,0.13,88.3,3.6,3.2,5.2,2239,1
LOTW-3115925-180,2498,2498,,85.0,100.0,0.16,85.7,4.6,4.4,7.5,2240,2
LOTW-3115925-180,2499,2499,,135.0,150.0,0.17,85.1,5.3,5.0,12.6,2241,3
LOTW-3115925-180,2500,2500,,175.0,190.0,0.22,80.9,5.6,5.4,12.4,2242,4
LOTW-3115926-176,2493,2493,,35.0,50.0,0.14,87.2,4.4,4.2,7.2,2243,1
LOTW-3115926-176,2494,2494,,85.0,100.0,0.12,88.3,5.2,4.8,9.2,2244,2
LOTW-3115926-176,2495,2495,,120.0,135.0,0.15,86.4,5.2,5.0,10.6,2245,3
LOTW-3115926-181,2502,2502,,35.0,50.0,0.18,84.5,5.0,4.8,11.0,2246,1
LOTW-3115926-182,2491,2491,,35.0,50.0,0.18,84.4,4.9,4.6,10.6,2247,1
LOTW-3115934-140,2504,2504,,35.0,50.0,0.19,82.4,4.9,4.8,12.1,2248,1
LOTW-3115934-140,2505,2505,,85.0,100.0,0.21,79.8,5.2,5.0,11.0,2249,2
LOTW-3115934-140,2506,2506,,135.0,150.0,0.5,65.2,5.6,5.5,72.0,2250,3
LOTW-3116013-186,2139,2139,,35.0,50.0,0.08,88.0,6.4,6.0,12.3,2251,1
LOTW-3116013-187,2140,2140,,35.0,50.0,0.1,86.1,5.4,5.0,11.0,2252,1
LOTW-3116013-187,2141,2141,,75.0,90.0,0.14,82.1,5.4,5.1,17.3,2253,2
LOTW-3116013-188,2381,2381,,35.0,50.0,0.14,86.8,5.4,5.1,10.6,2254,1
LOTW-3116013-188,2382,2382,,50.0,100.0,0.1,90.1,5.6,5.4,11.6,2255,2
LOTW-3116013-188,2383,2383,,125.0,140.0,0.19,83.8,5.6,5.5,13.0,2256,3
LOTW-3116016-190,2142,2142,,35.0,50.0,0.09,84.8,5.0,4.6,7.3,2257,1
LOTW-3116016-190,2143,2143,,90.0,100.0,,,5.5,5.3,,2258,2
LOTW-3116017-191,2148,2148,,35.0,50.0,0.11,83.2,4.6,4.1,9.2,2259,1
LOTW-3116017-191,2149,2149,,90.0,100.0,,,5.4,4.8,,2260,2
LOTW-3116017-192,2145,2145,,35.0,50.0,0.11,85.4,5.3,4.8,6.7,2261,1
LOTW-3116017-192,2146,2146,,85.0,100.0,0.09,85.3,5.6,5.0,9.6,2262,2
LOTW-3116023-196,2332,2332,,35.0,50.0,0.12,88.3,3.8,3.1,6.8,2263,1
LOTW-3116023-196,2333,2333,,85.0,100.0,0.09,90.5,4.3,3.8,4.8,2264,2
LOTW-3116023-196,2334,2334,,135.0,150.0,0.1,90.2,5.4,5.0,7.8,2265,3
LOTW-3116023-196,2335,2335,,185.0,200.0,0.1,88.9,5.7,5.4,8.5,2266,4
LOTW-3116023-196,2336,2336,,210.0,225.0,0.18,83.3,5.6,5.3,19.2,2267,5
LOTW-3116024-197,2374,2374,,35.0,50.0,0.12,88.2,3.7,3.2,7.9,2268,1
LOTW-3116024-197,2375,2375,,85.0,100.0,0.11,88.5,5.0,4.6,7.6,2269,2
LOTW-3116024-197,2376,2376,,135.0,150.0,0.08,90.1,5.3,5.0,9.2,2270,3
LOTW-3116024-197,2377,2377,,185.0,200.0,0.15,85.4,5.4,5.2,13.6,2271,4
LOTW-3116024-197,2378,2378,,215.0,230.0,0.24,78.5,5.5,5.4,20.6,2272,5
LOTW-3116024-199,2367,2367,,35.0,50.0,0.07,93.2,4.4,3.5,7.5,2273,1
LOTW-3116024-199,2368,2368,,85.0,100.0,0.08,90.7,5.7,5.4,6.7,2274,2
LOTW-3116024-199,2369,2369,,135.0,150.0,0.09,90.5,6.0,5.0,8.3,2275,3
LOTW-3116024-199,2370,2370,,185.0,200.0,0.1,89.6,6.2,5.6,8.2,2276,4
LOTW-3116024-199,2371,2371,,235.0,250.0,0.1,89.7,6.2,5.5,9.7,2277,5
LOTW-3116024-199,2372,2372,,285.0,300.0,0.13,87.0,6.2,5.7,9.4,2278,6
LOTW-3116024-858,4063,4063,,75.0,100.0,,,5.0,3.9,,2279,1
LOTW-3116024-858,4064,4064,,100.0,125.0,0.11,89.3,5.6,4.9,7.4,2280,2
LOTW-3116024-858,4065,4065,,150.0,170.0,0.09,90.9,6.0,5.3,7.3,2281,3
LOTW-3116024-A1200+800,4058,4058,,28.0,43.0,0.06,94.3,,,5.9,2282,1
LOTW-3116024-A1200+800,4060,4060,,85.0,100.0,0.11,89.4,,,5.6,2283,2
LOTW-3116024-A1200+800,4061,4061,,118.0,133.0,0.13,88.6,,,7.6,2284,3
LOTW-3116024-A1200+800,4062,4062,,133.0,148.0,0.12,89.0,,,7.7,2285,4
LOTW-3116024-A1600+1400,4073,4073,,60.0,75.0,0.16,84.6,,,7.2,2286,1
LOTW-3116024-A1600+1400,4074,4074,,75.0,100.0,,,5.6,5.0,,2287,2
LOTW-3116024-A1600+1400,4075,4075,,102.0,117.0,0.11,87.6,,,8.1,2288,3
LOTW-3116024-A1600+800,4066,4066,,65.0,80.0,0.11,89.6,,,8.2,2289,1
LOTW-3116024-A1600+800,4069,4069,,133.0,148.0,0.11,89.4,,,8.0,2290,2
LOTW-3116024-A1600+800,4071,4071,,178.0,193.0,0.09,90.7,,,7.4,2291,3
LOTW-3116024-A800+-0,4045,4045,,25.0,33.0,,,3.9,3.0,,2292,1
LOTW-3116024-A800+-0,4046,4046,,33.0,60.0,0.09,90.2,3.9,3.2,5.7,2293,2
LOTW-3116024-A800+-0,4047,4047,,60.0,83.0,0.09,87.9,4.3,3.6,5.2,2294,3
LOTW-3116024-A800+-0,4049,4049,,116.0,131.0,0.1,88.9,,,6.7,2295,4
LOTW-3116024-A800+-0,4051,4051,,165.0,180.0,0.08,91.7,,,7.7,2296,5
LOTW-3116024-A800+800,4052,4052,,30.0,48.0,,,4.2,3.4,8.2,2297,1
LOTW-3116025-202,2361,2361,,35.0,50.0,0.1,89.7,4.2,3.4,5.0,2298,1
LOTW-3116025-202,2362,2362,,85.0,100.0,0.08,91.8,5.6,4.8,5.9,2299,2
LOTW-3116025-202,2363,2363,,135.0,150.0,0.13,86.4,6.0,5.2,7.5,2300,3
LOTW-3116025-202,2364,2364,,185.0,200.0,0.09,90.8,6.2,5.6,7.7,2301,4
LOTW-3116025-202,2365,2365,,215.0,230.0,0.17,82.2,5.5,5.4,22.5,2302,5
LOTW-3116025-205,2356,2356,,35.0,50.0,0.09,90.5,5.3,4.8,7.7,2303,1
LOTW-3116025-205,2357,2357,,85.0,100.0,0.13,87.6,5.6,5.3,9.0,2304,2
LOTW-3116025-205,2358,2358,,135.0,150.0,0.11,89.0,5.7,5.4,9.2,2305,3
LOTW-3116025-205,2359,2359,,185.0,200.0,0.14,86.9,6.0,5.6,13.2,2306,4
LOTW-3116025-A2400+1200,4079,4079,,25.0,50.0,0.07,89.6,4.8,4.0,8.7,2307,1
LOTW-3116025-A2400+1200,4080,4080,,45.0,60.0,0.1,90.1,,,5.9,2308,2
LOTW-3116025-A2400+1200,4081,4081,,105.0,130.0,0.13,87.7,6.2,5.3,7.8,2309,3
LOTW-3116025-A2400+800,4077,4077,,40.0,65.0,,,4.2,3.4,,2310,1
LOTW-3116025-A2400+800,4078,4078,,105.0,130.0,0.08,90.5,5.5,4.7,5.1,2311,2
LOTW-3116026-206,2342,2342,,35.0,50.0,0.09,91.3,3.5,3.0,6.3,2312,1
LOTW-3116026-206,2343,2343,,85.0,100.0,0.09,90.8,3.7,3.2,4.2,2313,2
LOTW-3116026-206,2344,2344,,135.0,150.0,0.1,89.3,4.2,3.9,5.9,2314,3
LOTW-3116026-206,2345,2345,,185.0,200.0,0.12,87.8,5.0,4.8,7.7,2315,4
LOTW-3116026-206,2346,2346,,210.0,225.0,0.2,81.7,5.4,5.2,19.6,2316,5
LOTW-3116026-208,2338,2338,,35.0,50.0,,95.3,3.7,3.2,5.9,2317,1
LOTW-3116026-208,2339,2339,,85.0,100.0,0.08,89.5,3.8,3.4,5.6,2318,2
LOTW-3116026-208,2340,2340,,135.0,150.0,0.11,89.5,4.8,4.5,7.2,2319,3
LOTW-3116035-213,2348,2348,,35.0,50.0,0.07,90.1,5.8,5.0,9.5,2320,1
LOTW-3116035-213,2349,2349,,85.0,100.0,0.12,88.5,6.0,5.2,7.0,2321,2
LOTW-3116035-213,2350,2350,,135.0,150.0,0.09,87.2,6.1,5.4,5.5,2322,3
LOTW-3116035-213,2351,2351,,175.0,190.0,0.18,83.7,5.8,5.4,9.7,2323,4
LOTW-3116036-219,2353,2353,,35.0,50.0,0.06,91.7,5.6,4.8,7.2,2324,1
LOTW-3116036-219,2354,2354,,85.0,100.0,0.1,89.1,5.9,5.2,7.3,2325,2
LOTW-3215704-302,3457,3457,,60.0,100.0,0.13,87.4,5.8,5.3,10.6,2326,1
LOTW-3215732-358,3493,3493,,50.0,150.0,0.1,89.7,5.2,4.8,7.6,2327,1
LOTW-3315712-425,3455,3455,,75.0,95.0,,,4.8,4.1,,2328,1
LOTW-3315712-425,3456,3456,,100.0,200.0,0.09,91.5,5.5,4.9,6.7,2329,2
LOTW-3315904-462,3448,3448,,75.0,125.0,0.13,87.7,6.0,5.4,12.3,2330,1
LOTW-3415706-450,3454,3454,,100.0,150.0,0.2,81.8,5.7,5.2,12.2,2331,1
LOTW-3415918-508,3446,3446,,35.0,50.0,,,4.0,3.1,,2332,1
LOTW-3415918-508,3447,3447,,100.0,150.0,0.16,84.5,5.5,4.6,12.8,2333,2
LOTW-3416018-468,3442,3442,,50.0,90.0,0.1,89.5,6.1,5.5,7.7,2334,1
LOTW-3416018-468,3443,3443,,100.0,140.0,0.11,89.3,6.6,5.8,9.3,2335,2
LOTW-3416030-514,3444,3444,,60.0,90.0,0.17,82.8,6.3,5.7,13.3,2336,1
LOTW-3416203-465,3439,3439,,60.0,90.0,0.18,79.7,5.9,5.5,13.0,2337,1
LOTW-3515725-447,3453,3453,,0.0,100.0,0.15,86.0,5.9,5.4,7.7,2338,1
LOTW-3515809-481,3445,3445,,75.0,125.0,0.11,89.1,6.4,5.7,9.8,2339,1
LOTW-3516005-474,3440,3440,,50.0,150.0,0.12,89.1,6.5,5.7,10.0,2340,1
LOTW-3516005-474,3441,3441,,150.0,250.0,0.13,88.1,6.1,5.6,8.9,2341,2
PINE-1704530-A+2100+300,4905,4905,,10.0,25.0,0.1,86.0,,,10.3,2342,1
PINE-1704530-A+2100+300,4906,4906,,25.0,40.0,0.12,87.5,,,8.2,2343,2
PINE-1704530-A+2100+300,4907,4907,,55.0,70.0,0.17,82.5,,,17.8,2344,3
PINE-1704530-A+2100+300,4908,4908,,70.0,85.0,0.18,82.8,,,19.6,2345,4
PINE-1704530-A+2100+300,4909,4909,,103.0,118.0,0.12,87.3,,,15.0,2346,5
PINE-1704530-A+2100+300,4910,4910,,118.0,133.0,0.12,87.9,,,23.2,2347,6
PINE-1704530-A+2100+300,4911,4911,,133.0,148.0,0.11,88.9,,,20.2,2348,7
PINE-1704530-A+2100+300,4912,4912,,0.0,20.0,,,4.4,3.8,,2349,8
PINE-1704530-A+2100+300,4913,4913,,20.0,50.0,,,5.0,4.5,,2350,9
PINE-1704530-A+2100+300,4914,4914,,70.0,100.0,,,5.2,4.9,,2351,10
PINE-1704530-A+2100+300,4915,4915,,120.0,150.0,,,4.5,4.2,,2352,11
PINE-1704530-A+2100+300,4916,4916,,170.0,200.0,,,5.5,5.0,,2353,12
PINE-1804535-15,4883,4883,,15.0,30.0,0.13,86.8,,,7.1,2354,1
PINE-1804535-15,4884,4884,,30.0,40.0,,,3.9,3.1,,2355,2
PINE-1804535-15,4885,4885,,52.0,67.0,0.1,89.1,,,5.8,2356,3
PINE-1804535-15,4886,4886,,80.0,95.0,0.11,88.8,,,,2357,4
PINE-1804535-15,4887,4887,,105.0,120.0,0.13,87.9,,,7.8,2358,5
PINE-1804535-15,4888,4888,,130.0,145.0,0.14,86.5,,,11.7,2359,6
PINE-1804535-15,4889,4889,,160.0,175.0,0.15,85.9,,,10.4,2360,7
PINE-1804536-12,4833,4833,,25.0,40.0,,,4.0,3.1,,2361,1
PINE-1804536-12,4834,4834,,30.0,45.0,0.07,91.1,,,6.6,2362,2
PINE-1804536-12,4836,4836,,80.0,95.0,0.07,92.9,,,4.1,2363,3
PINE-1804536-12,4837,4837,,110.0,125.0,0.08,92.0,,,4.4,2364,4
PINE-1804536-12,4838,4838,,130.0,145.0,0.09,90.4,,,4.5,2365,5
PINE-1804536-12,4875,4875,,160.0,175.0,0.09,90.4,,,10.4,2366,6
PINE-1804536-13,4839,4839,,0.0,15.0,,,4.1,2.9,,2367,1
PINE-1804536-13,4840,4840,,20.0,35.0,0.08,91.6,,,6.5,2368,2
PINE-1804536-13,4841,4841,,55.0,70.0,0.09,91.5,,,2.8,2369,3
PINE-1804536-13,4842,4842,,80.0,95.0,0.12,88.7,,,9.0,2370,4
PINE-1804536-13,4843,4843,,110.0,125.0,0.12,91.1,,,4.9,2371,5
PINE-1804536-13,4844,4844,,130.0,145.0,0.07,93.2,,,6.1,2372,6
PINE-1804536-13,4845,4845,,150.0,160.0,,,4.2,3.2,,2373,7
PINE-1804536-13,4846,4846,,160.0,175.0,0.13,88.3,,,2.6,2374,8
PINE-1804536-14,4847,4847,,15.0,30.0,0.06,93.0,,,5.5,2375,1
PINE-1804536-14,4849,4849,,60.0,75.0,0.09,91.2,,,4.7,2376,2
PINE-1804536-14,4850,4850,,80.0,95.0,0.07,92.5,,,3.0,2377,3
PINE-1804536-14,4851,4851,,115.0,130.0,0.09,87.0,,,5.6,2378,4
PINE-1804536-14,4852,4852,,170.0,185.0,0.15,86.0,,,8.0,2379,5
PINE-1804536-17,4890,4890,,10.0,25.0,0.09,90.0,,,6.4,2380,1
PINE-1804536-17,4891,4891,,20.0,30.0,,,3.8,3.1,,2381,2
PINE-1804536-17,4892,4892,,30.0,45.0,0.1,90.0,,,8.3,2382,3
PINE-1804536-17,4893,4893,,60.0,75.0,0.07,91.8,,,3.7,2383,4
PINE-1804536-17,4894,4894,,85.0,100.0,0.12,88.5,,,4.1,2384,5
PINE-1804536-17,4895,4895,,110.0,125.0,0.11,89.6,,,5.1,2385,6
PINE-1804536-17,4896,4896,,130.0,145.0,0.11,89.1,,,7.1,2386,7
PINE-1804536-17,4897,4897,,160.0,175.0,0.14,86.8,,,7.5,2387,8
PINE-1804536-19,4898,4898,,10.0,25.0,,,4.5,3.5,,2388,1
PINE-1804536-19,4899,4899,,25.0,40.0,0.08,90.8,,,8.3,2389,2
PINE-1804536-19,4900,4900,,60.0,75.0,0.09,90.0,,,7.1,2390,3
PINE-1804536-19,4901,4901,,80.0,95.0,0.12,88.9,,,7.8,2391,4
PINE-1804536-19,4902,4902,,105.0,120.0,0.12,87.7,,,13.5,2392,5
PINE-1804536-19,4903,4903,,130.0,145.0,0.12,89.6,,,9.8,2393,6
PINE-1804536-19,4904,4904,,160.0,175.0,0.15,86.5,,,8.7,2394,7
PINE-1804536-A+1500+-0,4929,4929,,0.0,20.0,,,4.3,3.2,,2395,1
PINE-1804536-A+1500+-0,4930,4930,,20.0,50.0,,,5.3,3.5,,2396,2
PINE-1804536-A+1500+-0,4931,4931,,70.0,100.0,,,5.6,4.0,,2397,3
PINE-1804536-A+1500+-0,4932,4932,,120.0,150.0,,,5.6,4.2,,2398,4
PINE-1804536-A+1500+-0,4933,4933,,170.0,200.0,,,5.7,4.5,,2399,5
PINE-1804536-A+1500+-0,4934,4934,,10.0,25.0,0.09,88.0,,,8.5,2400,6
PINE-1804536-A+1500+-0,4935,4935,,30.0,45.0,0.1,88.0,,,7.6,2401,7
PINE-1804536-A+1500+-0,4936,4936,,53.0,68.0,0.12,87.1,,,6.1,2402,8
PINE-1804536-A+1500+-0,4937,4937,,68.0,83.0,0.15,85.7,,,8.6,2403,9
PINE-1804536-A+1500+-0,4938,4938,,83.0,98.0,0.15,85.7,,,11.1,2404,10
PINE-1804536-A+1500+-0,4939,4939,,105.0,120.0,0.16,84.5,,,14.8,2405,11
PINE-1804536-A+1500+-0,4940,4940,,130.0,145.0,0.16,84.7,,,17.0,2406,12
PINE-1804536-A+300+100,4917,4917,,0.0,20.0,,,4.0,3.2,,2407,1
PINE-1804536-A+300+100,4918,4918,,20.0,50.0,,,3.8,3.2,,2408,2
PINE-1804536-A+300+100,4919,4919,,70.0,100.0,,,4.0,3.1,,2409,3
PINE-1804536-A+300+100,4920,4920,,120.0,150.0,,,4.0,3.3,,2410,4
PINE-1804536-A+300+100,4921,4921,,170.0,200.0,,,4.3,3.2,,2411,5
PINE-1804536-A+300+100,4922,4922,,12.0,27.0,0.09,88.0,,,7.9,2412,6
PINE-1804536-A+300+100,4923,4923,,27.0,42.0,0.08,90.6,,,8.7,2413,7
PINE-1804536-A+300+100,4924,4924,,53.0,68.0,0.07,89.6,,,4.8,2414,8
PINE-1804536-A+300+100,4925,4925,,75.0,90.0,0.1,89.2,,,5.1,2415,9
PINE-1804536-A+300+100,4926,4926,,103.0,118.0,0.14,86.9,,,7.5,2416,10
PINE-1804536-A+300+100,4927,4927,,118.0,133.0,0.16,85.9,,,7.6,2417,11
PINE-1804536-A+300+100,4928,4928,,133.0,148.0,0.14,86.9,,,7.3,2418,12
PINE-1804536-A+900+-0,4941,4941,,0.0,20.0,,,4.2,3.2,,2419,1
PINE-1804536-A+900+-0,4942,4942,,20.0,50.0,,,4.2,3.1,,2420,2
PINE-1804536-A+900+-0,4943,4943,,70.0,100.0,,,4.1,3.1,,2421,3
PINE-1804536-A+900+-0,4944,4944,,120.0,150.0,,,4.3,3.2,,2422,4
PINE-1804536-A+900+-0,4945,4945,,170.0,200.0,,,4.5,3.4,,2423,5
PINE-1804536-A+900+-0,4946,4946,,10.0,25.0,0.05,91.7,,,5.8,2424,6
PINE-1804536-A+900+-0,4947,4947,,25.0,40.0,0.09,89.6,,,6.3,2425,7
PINE-1804536-A+900+-0,4948,4948,,53.0,68.0,0.08,90.1,,,4.5,2426,8
PINE-1804536-A+900+-0,4949,4949,,68.0,83.0,0.11,89.6,,,5.9,2427,9
PINE-1804536-A+900+-0,4950,4950,,83.0,98.0,0.13,87.3,,,5.3,2428,10
PINE-1804536-A+900+-0,4951,4951,,105.0,120.0,0.12,87.3,,,7.0,2429,11
PINE-1804536-A+900+-0,4952,4952,,125.0,140.0,0.15,86.2,,,7.1,2430,12
PINE-2003922-10,4831,4831,,25.0,50.0,,87.9,,,18.6,2431,1
PINE-2003922-10,4832,4832,,110.0,130.0,,85.0,,,20.6,2432,2
PINE-2004016-5,4828,4828,,0.0,50.0,,85.7,,,17.3,2433,1
PINE-2004016-5,4829,4829,,70.0,100.0,,92.2,,,8.4,2434,2
PINE-2004016-5,4830,4830,,100.0,150.0,,92.2,,,10.7,2435,3
ROSE-3916314-22,2652,2652,,35.0,50.0,0.1,90.0,6.4,5.6,6.1,2436,1
ROSE-3916314-22,2653,2653,,85.0,100.0,0.11,89.7,6.4,5.7,6.0,2437,2
ROSE-3916314-22,2654,2654,,135.0,150.0,0.1,89.4,6.2,5.9,7.6,2438,3
ROSE-3916314-22,2655,2655,,185.0,200.0,0.14,87.1,5.9,5.6,11.8,2439,4
ROSE-3916314-25,2206,2206,,35.0,50.0,0.06,93.2,6.8,6.4,7.3,2440,1
ROSE-3916314-25,2207,2207,,85.0,100.0,0.06,93.4,6.9,6.3,6.7,2441,2
ROSE-3916314-25,2208,2208,,135.0,150.0,0.08,92.0,7.1,6.5,6.3,2442,3
ROSE-3916314-25,2209,2209,,185.0,200.0,0.06,93.1,6.9,6.5,7.3,2443,4
ROSE-3916314-25,2210,2210,,228.0,243.0,0.12,88.1,5.9,5.7,16.2,2444,5
ROSE-3916315-21,2647,2647,,35.0,50.0,0.08,91.7,6.4,6.4,6.0,2445,1
ROSE-3916315-21,2648,2648,,85.0,100.0,0.09,90.2,5.6,5.4,5.7,2446,2
ROSE-3916315-21,2649,2649,,135.0,150.0,0.11,89.9,5.9,5.7,7.0,2447,3
ROSE-3916315-21,2650,2650,,185.0,200.0,0.12,88.1,5.7,5.6,8.5,2448,4
ROSE-3916315-21,2651,2651,,235.0,250.0,0.19,83.5,5.0,5.0,34.0,2449,5
ROSE-3916316-20,2641,2641,,35.0,50.0,0.1,89.7,6.0,5.7,6.4,2450,1
ROSE-3916316-20,2642,2642,,85.0,100.0,0.09,90.9,6.2,5.9,6.1,2451,2
ROSE-3916316-20,2643,2643,,135.0,150.0,0.1,89.9,6.2,5.9,7.9,2452,3
ROSE-3916316-20,2644,2644,,185.0,200.0,0.13,87.7,5.8,5.7,9.2,2453,4
ROSE-3916316-20,2645,2645,,225.0,240.0,0.17,84.4,5.1,5.6,21.9,2454,5
ROSE-3916316-26,2657,2657,,35.0,50.0,0.09,90.6,6.1,5.6,9.5,2455,1
ROSE-3916316-26,2658,2658,,85.0,100.0,0.08,91.4,6.2,5.8,6.0,2456,2
ROSE-3916316-26,2659,2659,,135.0,150.0,0.12,90.6,6.1,5.8,5.4,2457,3
ROSE-3916316-26,2660,2660,,185.0,200.0,0.13,89.1,5.9,5.7,8.7,2458,4
ROSE-3916316-26,2661,2661,,235.0,250.0,0.14,86.9,5.7,5.4,19.6,2459,5
ROSE-3916317-18,2201,2201,,35.0,50.0,0.11,89.8,6.6,6.0,9.5,2460,1
ROSE-3916317-18,2202,2202,,85.0,100.0,0.14,87.0,6.7,6.1,7.5,2461,2
ROSE-3916317-18,2203,2203,,135.0,150.0,0.16,85.7,6.4,6.1,9.2,2462,3
ROSE-3916317-18,2204,2204,,160.0,175.0,0.19,81.5,6.5,6.1,29.5,2463,4
STLO-1505832-637,4007,4007,,65.0,71.0,,,4.2,3.6,,2464,1
STLO-1505832-637,4008,4008,,72.0,87.0,0.15,86.6,,,5.0,2465,2
STLO-1505832-637,4009,4009,,87.0,107.0,0.14,87.1,5.0,4.4,5.4,2466,3
STLO-1505832-637,4010,4010,,140.0,155.0,0.16,85.5,,,8.1,2467,4
STLO-1505832-637,4011,4011,,160.0,182.0,0.16,85.2,6.0,5.1,9.5,2468,5
STLO-1505832-641,4016,4016,,30.0,35.0,,,3.9,3.1,,2469,1
STLO-1505832-641,4017,4017,,35.0,50.0,0.11,88.3,,,6.3,2470,2
STLO-1505832-641,4018,4018,,55.0,65.0,,,3.9,3.3,,2471,3
STLO-1505832-641,4019,4019,,65.0,80.0,0.13,87.2,,,4.6,2472,4
STLO-1505832-641,4020,4020,,80.0,85.0,,,4.3,3.6,,2473,5
STLO-1505832-641,4021,4021,,85.0,100.0,0.12,88.2,,,6.8,2474,6
STLO-1505832-641,4022,4022,,110.0,125.0,0.18,84.2,,,10.8,2475,7
STLO-1505832-641,4023,4023,,135.0,150.0,0.15,85.9,,,8.8,2476,8
STLO-1505832-641,4024,4024,,160.0,175.0,0.17,84.0,,,10.4,2477,9
STLO-1505832-641,4025,4025,,185.0,200.0,0.18,83.4,,,13.5,2478,10
STLO-1606220-74,3556,3556,,40.0,55.0,,93.7,,,5.5,2479,1
STLO-1606220-74,3557,3557,,130.0,145.0,0.06,93.5,4.5,3.4,3.8,2480,2
STLO-1606220-74,3558,3558,,340.0,355.0,0.11,89.7,5.0,4.3,8.7,2481,3
STLO-1705015-1,1333,1333,,35.0,50.0,0.14,86.5,6.4,6.0,14.6,2482,1
STLO-1705015-1,1334,1334,,85.0,100.0,0.23,79.8,5.7,5.6,23.8,2483,2
STLO-1705101-11,1312,1312,,35.0,50.0,0.2,79.1,5.3,4.9,19.0,2484,1
STLO-1705101-11,1313,1313,,75.0,90.0,0.26,74.3,5.5,5.0,36.2,2485,2
STLO-1705124-13,1306,1306,,35.0,50.0,0.11,86.6,5.5,4.7,9.6,2486,1
STLO-1705124-13,1307,1307,,85.0,100.0,0.1,90.4,5.8,5.0,13.3,2487,2
STLO-1705124-13,1308,1308,,135.0,150.0,0.13,88.7,5.7,5.0,9.3,2488,3
STLO-1705124-13,1309,1309,,185.0,200.0,0.17,84.0,5.8,5.1,12.6,2489,4
STLO-1705124-13,1310,1310,,250.0,260.0,,,5.7,5.0,15.1,2490,5
STLO-1705124-15,1303,1303,,35.0,50.0,0.15,85.6,5.0,4.5,12.1,2491,1
STLO-1705124-15,1304,1304,,85.0,100.0,0.15,86.7,5.3,4.5,5.5,2492,2
STLO-1705211-79,1317,1317,,35.0,50.0,0.25,74.9,6.2,5.6,23.5,2493,1
STLO-1705211-79,1318,1318,,85.0,100.0,0.23,78.9,6.0,5.7,22.6,2494,2
STLO-1705226-83,1315,1315,,35.0,50.0,0.2,80.1,6.3,6.0,19.8,2495,1
STLO-1705226-83,1316,1316,,85.0,100.0,0.22,80.8,4.9,4.8,25.8,2496,2
STLO-1705319-152,1254,1254,,5.0,20.0,,,5.0,4.9,32.8,2497,1
STLO-1705321-153,1320,1320,,35.0,50.0,0.17,82.9,5.4,4.7,12.7,2498,1
STLO-1705321-153,1321,1321,,85.0,100.0,0.18,84.6,5.8,5.0,9.8,2499,2
STLO-1705435-195,1323,1323,,35.0,50.0,0.09,89.5,4.1,2.9,6.7,2500,1
STLO-1705435-195,1324,1324,,85.0,100.0,0.15,86.2,4.1,3.0,6.0,2501,2
STLO-1705435-195,1325,1325,,135.0,150.0,0.19,82.9,4.3,3.4,8.6,2502,3
STLO-1705435-195,1326,1326,,155.0,170.0,0.18,81.8,4.4,3.5,15.0,2503,4
STLO-1705517-370,3644,3644,,122.0,137.0,0.07,,5.0,4.3,6.6,2504,1
STLO-1705517-370,3645,3645,,152.0,167.0,0.07,,5.1,4.3,6.1,2505,2
STLO-1705518-364,3624,3624,,91.0,106.0,0.07,90.9,5.3,4.4,5.6,2506,1
STLO-1705518-364,3625,3625,,122.0,137.0,0.06,92.9,5.5,4.5,5.8,2507,2
STLO-1705518-364,3626,3626,,152.0,167.0,0.07,92.9,5.6,4.6,7.5,2508,3
STLO-1705518-364,3627,3627,,183.0,198.0,0.05,94.4,5.6,4.6,5.8,2509,4
STLO-1705519-390,3659,3659,,90.0,105.0,0.08,91.5,5.6,4.7,6.6,2510,1
STLO-1705519-390,3660,3660,,190.0,205.0,0.05,93.7,5.7,4.9,6.7,2511,2
STLO-1705519-391,3661,3661,,80.0,95.0,0.08,91.2,5.9,5.1,6.0,2512,1
STLO-1705519-391,3662,3662,,155.0,170.0,0.08,91.6,6.0,5.2,8.0,2513,2
STLO-1705519-392,3663,3663,,130.0,145.0,0.05,92.6,5.3,4.5,6.4,2514,1
STLO-1705519-392,3664,3664,,195.0,210.0,0.06,93.0,5.4,4.7,6.0,2515,2
STLO-1705520-371,3646,3646,,61.0,91.0,0.1,89.2,5.4,4.5,6.6,2516,1
STLO-1705520-371,3647,3647,,91.0,122.0,0.09,90.4,5.5,4.7,6.1,2517,2
STLO-1705528-372,3648,3648,,30.0,61.0,0.06,89.7,5.2,4.4,7.8,2518,1
STLO-1705528-372,3649,3649,,61.0,91.0,0.05,94.2,5.1,4.4,8.2,2519,2
STLO-1705530-389,3656,3656,,95.0,110.0,0.07,92.9,5.3,4.7,5.4,2520,1
STLO-1705530-389,3657,3657,,130.0,145.0,0.07,92.5,5.5,4.7,5.9,2521,2
STLO-1705530-389,3658,3658,,160.0,175.0,0.07,92.6,5.7,4.9,6.2,2522,3
STLO-1705531-369,3640,3640,,30.0,61.0,0.09,88.5,5.3,4.5,5.2,2523,1
STLO-1705531-369,3641,3641,,61.0,91.0,0.08,90.3,5.4,4.6,6.8,2524,2
STLO-1705531-369,3642,3642,,122.0,152.0,0.12,88.2,4.5,4.7,10.2,2525,3
STLO-1705531-369,3643,3643,,152.0,183.0,0.15,86.4,5.6,4.8,10.1,2526,4
STLO-1705531-395,3671,3671,,80.0,95.0,0.1,90.2,5.7,5.0,7.3,2527,1
STLO-1705531-395,3672,3672,,135.0,150.0,0.09,91.0,5.8,5.0,7.5,2528,2
STLO-1705531-395,3673,3673,,210.0,225.0,0.1,90.5,6.1,5.3,8.9,2529,3
STLO-1705629-468,3816,3816,,35.0,50.0,0.04,93.2,4.2,3.2,4.7,2530,1
STLO-1705629-468,3817,3817,,75.0,90.0,0.06,92.2,4.2,3.1,3.7,2531,2
STLO-1705629-468,3818,3818,,120.0,135.0,0.08,92.0,,3.5,3.5,2532,3
STLO-1705629-468,3819,3819,,140.0,155.0,0.11,89.2,,3.6,5.1,2533,4
STLO-1705629-468,3820,3820,,165.0,180.0,0.11,90.1,4.5,3.6,7.0,2534,5
STLO-1705629-468,3821,3821,,190.0,205.0,0.14,86.3,4.6,3.7,11.0,2535,6
STLO-1705630-466,3795,3795,,45.0,55.0,,,4.0,3.1,,2536,1
STLO-1705630-466,3796,3796,,60.0,75.0,0.07,89.2,4.0,3.1,5.3,2537,2
STLO-1705630-466,3797,3797,,90.0,105.0,0.08,89.3,3.9,3.1,3.1,2538,3
STLO-1705630-466,3798,3798,,112.0,127.0,0.13,86.6,3.9,3.1,4.1,2539,4
STLO-1705630-466,3799,3799,,150.0,175.0,0.17,85.1,4.1,3.4,8.7,2540,5
STLO-1705630-466,3800,3800,,180.0,195.0,0.17,85.3,4.4,3.6,15.6,2541,6
STLO-1705630-467,3801,3801,,30.0,45.0,,,4.0,3.1,,2542,1
STLO-1705630-467,3802,3802,,70.0,85.0,0.04,94.8,4.2,3.2,3.0,2543,2
STLO-1705630-467,3803,3803,,95.0,110.0,0.09,90.3,4.1,3.1,4.1,2544,3
STLO-1705630-467,3804,3804,,120.0,135.0,0.05,93.9,4.2,3.2,2.2,2545,4
STLO-1705630-467,3805,3805,,145.0,160.0,0.09,90.0,4.2,3.3,4.0,2546,5
STLO-1705630-467,3806,3806,,175.0,190.0,0.1,90.1,4.3,3.4,5.0,2547,6
STLO-1705630-467,3807,3807,,200.0,215.0,0.08,90.6,4.5,3.5,3.4,2548,7
STLO-1705630-467,3808,3808,,235.0,250.0,0.13,87.9,4.5,3.6,9.4,2549,8
STLO-1705630-467,3809,3809,,250.0,265.0,0.13,88.1,4.6,3.8,7.6,2550,9
STLO-1705630-467,3810,3810,,315.0,330.0,0.12,88.8,4.8,4.0,7.5,2551,10
STLO-1705630-467,3811,3811,,340.0,355.0,0.14,87.1,4.9,4.2,13.9,2552,11
STLO-1705630-467,3812,3812,,370.0,385.0,0.17,84.7,5.1,4.3,15.8,2553,12
STLO-1705630-467,3813,3813,,390.0,405.0,0.15,86.3,5.1,4.4,8.5,2554,13
STLO-1705630-467,3814,3814,,430.0,445.0,0.13,88.0,5.2,4.5,11.4,2555,14
STLO-1705630-467,3815,3815,,445.0,460.0,0.14,87.2,,4.6,16.7,2556,15
STLO-1706236-77,3553,3553,,120.0,135.0,0.06,93.6,4.3,3.4,3.7,2557,1
STLO-1706236-77,3554,3554,,240.0,255.0,0.1,90.6,5.0,4.2,6.0,2558,2
STLO-1706236-77,3555,3555,,435.0,450.0,0.12,89.5,5.3,4.6,7.7,2559,3
STLO-1805001-3,1328,1328,,35.0,50.0,0.2,81.4,5.9,5.6,23.0,2560,1
STLO-1805001-3,1329,1329,,85.0,100.0,0.24,78.8,5.9,5.5,21.2,2561,2
STLO-1805001-3,1330,1330,,135.0,150.0,0.18,83.4,6.1,5.8,15.0,2562,3
STLO-1805001-3,1331,1331,,185.0,200.0,0.15,87.0,5.9,5.6,25.8,2563,4
STLO-1805104-B+600+1400,4780,4780,,0.0,30.0,,,,3.1,,2564,1
STLO-1805104-B+600+1400,4781,4781,,33.0,48.0,0.06,92.5,,,8.1,2565,2
STLO-1805104-B+600+1400,4782,4782,,55.0,70.0,0.06,93.4,,,4.5,2566,3
STLO-1805104-B+600+1400,4783,4783,,80.0,95.0,0.06,93.2,,,2.8,2567,4
STLO-1805104-B+600+1400,4784,4784,,110.0,125.0,0.07,93.6,,,2.8,2568,5
STLO-1805104-B+600+1400,4785,4785,,133.0,148.0,0.07,93.1,,,1.7,2569,6
STLO-1805104-B+600+1400,4786,4786,,160.0,175.0,0.09,91.4,,,3.2,2570,7
STLO-1805104-B+600+1400,4787,4787,,180.0,195.0,0.08,92.3,,3.0,2.9,2571,8
STLO-1805105-16, 795,795,,84.0,99.0,0.07,92.4,3.7,2.8,11.4,2572,1
STLO-1805105-16, 796,796,,135.0,150.0,0.08,92.0,3.9,2.9,2.8,2573,2
STLO-1805105-16, 797,797,,184.0,199.0,0.08,91.6,4.0,2.9,3.4,2574,3
STLO-1805105-16, 798,798,,235.0,250.0,0.08,91.2,4.3,3.2,3.1,2575,4
STLO-1805105-16, 799,799,,284.0,299.0,0.08,91.2,4.3,3.5,3.3,2576,5
STLO-1805105-16, 800,800,,335.0,350.0,0.13,87.3,4.5,3.8,9.0,2577,6
STLO-1805105-16, 801,801,,384.0,399.0,0.08,88.6,4.9,4.0,5.4,2578,7
STLO-1805105-16, 802,802,,435.0,450.0,0.18,83.5,5.0,4.4,11.7,2579,8
STLO-1805105-17, 804,804,,50.0,65.0,0.09,90.1,3.9,3.1,5.4,2580,1
STLO-1805105-17, 805,805,,84.0,99.0,0.07,92.7,3.9,3.1,3.2,2581,2
STLO-1805105-17, 806,806,,135.0,150.0,0.09,91.2,3.9,3.1,1.8,2582,3
STLO-1805105-17, 807,807,,184.0,199.0,0.1,90.1,4.1,3.2,2.8,2583,4
STLO-1805105-17, 808,808,,214.0,229.0,0.17,84.1,4.4,3.5,18.2,2584,5
STLO-1805105-18, 811,811,,35.0,50.0,0.05,91.3,4.6,3.7,5.9,2585,1
STLO-1805105-18, 812,812,,84.0,99.0,0.09,90.9,4.7,3.9,4.9,2586,2
STLO-1805105-18, 813,813,,135.0,150.0,0.09,90.3,4.7,3.9,5.1,2587,3
STLO-1805105-18, 814,814,,184.0,199.0,0.08,91.7,4.8,3.9,5.0,2588,4
STLO-1805105-18, 815,815,,235.0,250.0,0.1,88.0,4.5,3.7,35.2,2589,5
STLO-1805105-19, 817,817,,35.0,50.0,0.08,90.5,4.6,3.8,6.1,2590,1
STLO-1805105-19, 818,818,,84.0,99.0,0.11,88.4,4.5,3.8,7.4,2591,2
STLO-1805105-19, 819,819,,115.0,130.0,0.14,86.2,4.7,4.0,15.5,2592,3
STLO-1805105-B+200+1200,4763,4763,,0.0,25.0,,,,3.0,,2593,1
STLO-1805105-B+200+1200,4764,4764,,25.0,40.0,0.08,90.3,,,9.1,2594,2
STLO-1805105-B+200+1200,4765,4765,,55.0,70.0,0.06,92.1,,,3.6,2595,3
STLO-1805105-B+200+1200,4766,4766,,70.0,85.0,0.05,93.9,,,1.9,2596,4
STLO-1805105-B+200+1200,4767,4767,,110.0,125.0,0.06,92.6,,,2.1,2597,5
STLO-1805105-B+200+1200,4768,4768,,135.0,150.0,0.06,93.4,,,1.8,2598,6
STLO-1805105-B+200+1200,4769,4769,,160.0,175.0,0.06,93.7,,,3.5,2599,7
STLO-1805105-B+200+1200,4770,4770,,180.0,195.0,0.07,92.4,,,3.0,2600,8
STLO-1805105-B-100+1000,4746,4746,,0.0,30.0,,,,3.3,,2601,1
STLO-1805105-B-100+1000,4747,4747,,30.0,45.0,0.04,91.7,,,5.1,2602,2
STLO-1805105-B-100+1000,4748,4748,,55.0,70.0,0.07,89.5,,,5.8,2603,3
STLO-1805105-B-100+1000,4749,4749,,83.0,98.0,0.04,93.8,,,2.9,2604,4
STLO-1805105-B-100+1000,4750,4750,,110.0,125.0,0.07,92.4,,,2.7,2605,5
STLO-1805105-B-100+1000,4751,4751,,130.0,145.0,0.05,92.7,,,1.8,2606,6
STLO-1805105-B-100+1000,4752,4752,,155.0,170.0,0.06,93.3,,,2.2,2607,7
STLO-1805105-B-100+1000,4753,4753,,180.0,195.0,0.08,90.8,,,3.4,2608,8
STLO-1805105-B-100+1400,4804,4804,,0.0,25.0,,,,3.0,,2609,1
STLO-1805105-B-100+1400,4805,4805,,33.0,48.0,0.07,92.2,,,7.0,2610,2
STLO-1805105-B-100+1400,4806,4806,,55.0,70.0,0.06,93.6,,,3.8,2611,3
STLO-1805105-B-100+1400,4807,4807,,80.0,95.0,0.06,92.9,,,2.5,2612,4
STLO-1805105-B-100+1400,4808,4808,,105.0,120.0,0.07,93.3,,,2.8,2613,5
STLO-1805105-B-100+1400,4809,4809,,130.0,145.0,0.06,93.3,,,1.8,2614,6
STLO-1805105-B-100+1400,4810,4810,,160.0,175.0,0.06,93.6,,,1.9,2615,7
STLO-1805105-B-100+1400,4811,4811,,175.0,190.0,0.06,94.3,,,1.8,2616,8
STLO-1805105-B-1000+1600,4788,4788,,5.0,20.0,0.06,92.2,,3.0,6.6,2617,1
STLO-1805105-B-1000+1600,4789,4789,,20.0,35.0,0.13,86.1,,,12.4,2618,2
STLO-1805105-B-1000+1600,4790,4790,,60.0,75.0,0.07,93.0,,,3.1,2619,3
STLO-1805105-B-1000+1600,4791,4791,,80.0,95.0,0.07,92.4,,,2.6,2620,4
STLO-1805105-B-1000+1600,4792,4792,,110.0,125.0,0.07,93.1,,,2.1,2621,5
STLO-1805105-B-1000+1600,4793,4793,,130.0,145.0,0.08,91.8,,,3.5,2622,6
STLO-1805105-B-1000+1600,4794,4794,,160.0,175.0,0.09,92.2,,,2.8,2623,7
STLO-1805105-B-1000+1600,4795,4795,,180.0,195.0,0.09,91.9,,,2.4,2624,8
STLO-1805105-B-500+1200,4771,4771,,5.0,25.0,,,,3.0,,2625,1
STLO-1805105-B-500+1200,4772,4772,,17.0,32.0,0.07,93.0,,,3.2,2626,2
STLO-1805105-B-500+1200,4773,4773,,33.0,48.0,0.08,91.9,,,4.8,2627,3
STLO-1805105-B-500+1200,4774,4774,,60.0,75.0,0.07,93.1,,,2.4,2628,4
STLO-1805105-B-500+1200,4775,4775,,80.0,95.0,0.07,93.3,,,1.7,2629,5
STLO-1805105-B-500+1200,4776,4776,,110.0,125.0,0.07,92.7,,,1.4,2630,6
STLO-1805105-B-500+1200,4777,4777,,130.0,145.0,0.07,93.5,,,1.6,2631,7
STLO-1805105-B-500+1200,4778,4778,,160.0,175.0,0.07,93.4,,,2.5,2632,8
STLO-1805105-B-500+1200,4779,4779,,180.0,195.0,0.05,94.5,,,1.7,2633,9
STLO-1805105-B-700+1000,4754,4754,,17.0,33.0,0.1,90.9,,,7.4,2634,1
STLO-1805105-B-700+1000,4755,4755,,33.0,48.0,0.08,92.3,,,4.5,2635,2
STLO-1805105-B-700+1000,4756,4756,,60.0,75.0,0.07,93.6,,,2.3,2636,3
STLO-1805105-B-700+1000,4757,4757,,80.0,95.0,0.07,92.7,,,2.6,2637,4
STLO-1805105-B-700+1000,4758,4758,,110.0,125.0,0.07,93.8,,3.0,2.3,2638,5
STLO-1805105-B-700+1000,4759,4759,,130.0,145.0,0.07,92.7,,,3.1,2639,6
STLO-1805105-B-700+1000,4760,4760,,160.0,175.0,0.06,93.7,,,2.9,2640,7
STLO-1805105-B-700+1000,4761,4761,,180.0,195.0,0.06,94.1,,,2.0,2641,8
STLO-1805107-20, 820,820,,35.0,50.0,0.04,94.9,4.3,3.2,9.0,2642,1
STLO-1805107-20, 821,821,,84.0,99.0,0.06,92.5,4.2,3.2,5.2,2643,2
STLO-1805107-20, 822,822,,135.0,150.0,0.07,92.6,4.2,3.1,2.8,2644,3
STLO-1805107-20, 823,823,,184.0,199.0,0.04,94.9,4.5,3.3,2.3,2645,4
STLO-1805107-20, 824,824,,235.0,250.0,0.05,94.2,4.7,3.5,4.0,2646,5
STLO-1805107-20, 825,825,,284.0,299.0,0.05,93.9,4.9,3.8,3.5,2647,6
STLO-1805107-20, 826,826,,335.0,350.0,0.07,91.9,5.0,4.0,5.7,2648,7
STLO-1805107-20, 827,827,,384.0,399.0,0.08,91.9,5.2,4.2,5.9,2649,8
STLO-1805107-20, 828,828,,435.0,450.0,0.07,92.4,5.5,4.5,8.4,2650,9
STLO-1805107-20, 829,829,,484.0,499.0,0.05,94.6,5.5,4.5,4.7,2651,10
STLO-1805107-20, 830,830,,535.0,550.0,0.06,93.6,5.7,4.7,4.8,2652,11
STLO-1805107-20, 831,831,,584.0,599.0,0.07,92.2,5.8,4.8,7.1,2653,12
STLO-1805107-20, 832,832,,635.0,650.0,0.05,94.1,5.9,5.0,7.9,2654,13
STLO-1805107-20, 833,833,,684.0,699.0,0.05,93.9,5.9,5.0,5.7,2655,14
STLO-1805107-20, 834,834,,735.0,750.0,0.06,93.7,5.7,4.6,12.4,2656,15
STLO-1805107-20, 835,835,,784.0,799.0,0.04,94.9,5.9,5.0,11.5,2657,16
STLO-1805107-20, 838,838,,935.0,950.0,0.07,92.7,5.7,5.2,20.2,2658,17
STLO-1805107-20, 839,839,,984.0,999.0,0.08,91.5,3.9,3.8,27.5,2659,18
STLO-1805107-20, 840,840,,,,0.13,87.1,5.9,5.6,47.3,2660,19
STLO-1805107-20, 841,841,,,,0.3,71.6,7.6,7.2,84.2,2661,20
STLO-1805124-22,1298,1298,,35.0,50.0,0.12,88.9,4.1,3.2,3.7,2662,1
STLO-1805124-22,1299,1299,,85.0,100.0,0.13,87.8,4.1,3.2,3.8,2663,2
STLO-1805124-22,1300,1300,,135.0,150.0,0.11,89.1,4.3,3.4,4.6,2664,3
STLO-1805124-22,1301,1301,,185.0,200.0,0.15,86.3,4.3,3.6,6.6,2665,4
STLO-1805124-23,1285,1285,,185.0,200.0,0.18,84.3,4.3,3.3,5.1,2666,1
STLO-1805124-23,1292,1292,,35.0,50.0,0.13,87.3,4.0,3.1,4.0,2667,2
STLO-1805124-23,1293,1293,,85.0,100.0,0.14,86.5,4.0,3.1,3.4,2668,3
STLO-1805124-23,1294,1294,,135.0,150.0,0.15,86.6,4.2,3.2,5.4,2669,4
STLO-1805124-23,1296,1296,,210.0,220.0,,,4.3,3.4,12.7,2670,5
STLO-1805218-88, 662,662,,35.0,50.0,0.11,87.1,3.9,3.2,9.6,2671,1
STLO-1805218-88, 663,663,,84.0,99.0,0.11,88.8,4.0,3.2,3.3,2672,2
STLO-1805218-88, 664,664,,135.0,150.0,0.1,90.0,4.3,3.5,2.5,2673,3
STLO-1805218-88, 665,665,,184.0,199.0,0.12,88.3,4.6,3.8,7.7,2674,4
STLO-1805218-88, 666,666,,235.0,250.0,0.12,88.6,4.6,3.9,4.5,2675,5
STLO-1805218-88, 667,667,,284.0,299.0,0.13,87.3,4.9,4.0,11.8,2676,6
STLO-1805218-88, 668,668,,315.0,330.0,0.16,84.4,5.0,4.2,35.1,2677,7
STLO-1805231-87, 686,686,,35.0,50.0,0.13,85.9,4.0,3.3,6.3,2678,1
STLO-1805231-87, 687,687,,84.0,99.0,0.13,86.9,4.2,3.4,5.2,2679,2
STLO-1805231-87, 688,688,,135.0,150.0,0.1,89.8,4.7,3.7,5.6,2680,3
STLO-1805231-87, 689,689,,184.0,199.0,0.13,87.1,4.8,3.9,7.9,2681,4
STLO-1805231-87, 690,690,,235.0,250.0,0.1,89.3,5.0,4.2,5.7,2682,5
STLO-1805231-87, 691,691,,284.0,299.0,0.13,87.2,5.3,4.5,12.2,2683,6
STLO-1805231-87, 692,692,,335.0,350.0,0.14,86.2,5.4,4.8,16.0,2684,7
STLO-1805231-87, 693,693,,384.0,399.0,0.16,85.3,5.6,5.0,13.5,2685,8
STLO-1805231-89, 671,671,,35.0,50.0,0.15,84.7,4.3,3.5,8.5,2686,1
STLO-1805231-89, 672,672,,84.0,99.0,0.1,90.0,4.2,3.5,3.7,2687,2
STLO-1805231-89, 673,673,,135.0,150.0,0.11,89.5,4.3,3.5,5.6,2688,3
STLO-1805231-89, 674,674,,184.0,199.0,0.13,87.2,4.3,3.5,7.7,2689,4
STLO-1805231-89, 675,675,,235.0,250.0,0.13,87.7,4.5,3.8,4.5,2690,5
STLO-1805231-89, 676,676,,260.0,275.0,0.16,85.6,4.8,4.1,16.0,2691,6
STLO-1805231-90, 678,678,,35.0,50.0,0.09,90.8,3.8,3.1,6.3,2692,1
STLO-1805231-90, 679,679,,84.0,99.0,0.11,89.3,4.0,3.2,2.9,2693,2
STLO-1805231-90, 680,680,,135.0,150.0,0.11,90.0,4.2,3.3,2.8,2694,3
STLO-1805231-90, 681,681,,184.0,199.0,0.08,92.0,4.4,3.4,2.8,2695,4
STLO-1805231-90, 682,682,,235.0,250.0,0.15,86.0,4.7,3.6,8.2,2696,5
STLO-1805231-90, 683,683,,284.0,299.0,0.14,86.8,4.8,4.1,7.2,2697,6
STLO-1805232-91, 784,784,,35.0,50.0,0.13,86.9,3.6,3.0,7.8,2698,1
STLO-1805232-91, 785,785,,84.0,99.0,0.07,93.0,3.8,3.1,3.7,2699,2
STLO-1805232-91, 786,786,,135.0,150.0,0.1,90.4,4.1,3.2,2.8,2700,3
STLO-1805232-91, 787,787,,184.0,199.0,0.09,91.0,4.1,3.3,3.5,2701,4
STLO-1805232-91, 788,788,,235.0,250.0,0.1,90.7,4.4,3.5,3.3,2702,5
STLO-1805232-91, 789,789,,284.0,299.0,0.12,88.8,4.5,3.6,7.0,2703,6
STLO-1805232-91, 790,790,,335.0,350.0,0.11,89.7,4.6,3.8,8.3,2704,7
STLO-1805232-91, 791,791,,384.0,399.0,0.12,88.2,4.6,3.9,15.7,2705,8
STLO-1805232-91, 792,792,,435.0,450.0,0.16,86.2,4.7,4.0,16.9,2706,9
STLO-1805232-92, 695,695,,35.0,50.0,0.07,92.0,4.0,3.1,7.2,2707,1
STLO-1805232-92, 696,696,,84.0,99.0,0.08,91.4,4.1,3.2,3.8,2708,2
STLO-1805232-92, 697,697,,135.0,150.0,0.07,92.4,4.3,3.3,2.7,2709,3
STLO-1805232-92, 698,698,,184.0,199.0,0.06,93.8,4.3,3.4,3.8,2710,4
STLO-1805232-92, 699,699,,235.0,250.0,0.07,93.0,4.7,3.7,3.7,2711,5
STLO-1805232-92, 700,700,,284.0,299.0,0.11,89.1,4.9,4.0,5.9,2712,6
STLO-1805232-92, 701,701,,335.0,350.0,0.1,90.3,5.2,4.4,6.4,2713,7
STLO-1805232-92, 702,702,,384.0,399.0,0.11,89.2,5.4,4.7,7.2,2714,8
STLO-1805232-92, 703,703,,435.0,450.0,0.13,87.6,5.6,5.0,10.9,2715,9
STLO-1805232-92, 704,704,,484.0,499.0,0.21,80.1,5.9,5.3,30.2,2716,10
STLO-1805232-93, 705,705,,35.0,50.0,0.14,86.7,4.0,3.2,8.6,2717,1
STLO-1805232-93, 706,706,,84.0,99.0,0.08,91.7,4.3,3.3,2.8,2718,2
STLO-1805232-93, 707,707,,135.0,150.0,0.08,92.9,4.4,3.4,2.4,2719,3
STLO-1805232-93, 708,708,,184.0,199.0,0.09,91.4,4.2,3.3,2.4,2720,4
STLO-1805232-93, 709,709,,235.0,250.0,0.09,91.7,4.5,3.5,2.8,2721,5
STLO-1805232-93, 710,710,,284.0,299.0,0.12,88.0,4.4,3.6,6.2,2722,6
STLO-1805232-93, 711,711,,335.0,350.0,0.1,90.1,4.6,3.7,5.5,2723,7
STLO-1805232-93, 712,712,,384.0,399.0,0.12,88.2,4.6,3.9,10.3,2724,8
STLO-1805232-93, 713,713,,435.0,450.0,0.15,86.1,4.7,4.1,11.0,2725,9
STLO-1805232-94, 714,714,,38.0,53.0,0.06,92.4,4.1,3.2,14.2,2726,1
STLO-1805232-94, 715,715,,84.0,99.0,0.06,93.3,4.0,3.0,16.7,2727,2
STLO-1805232-94, 716,716,,135.0,150.0,0.07,92.5,4.1,3.1,4.3,2728,3
STLO-1805232-94, 717,717,,184.0,199.0,0.06,93.4,4.1,3.1,3.8,2729,4
STLO-1805232-94, 718,718,,235.0,250.0,0.08,91.6,4.2,3.2,3.8,2730,5
STLO-1805232-94, 719,719,,284.0,299.0,0.07,92.1,4.2,3.4,6.6,2731,6
STLO-1805232-94, 720,720,,335.0,350.0,0.09,91.1,4.4,3.5,5.2,2732,7
STLO-1805232-94, 721,721,,384.0,399.0,0.12,87.9,4.6,3.4,8.9,2733,8
STLO-1805232-94, 722,722,,435.0,450.0,0.11,89.0,4.7,3.4,5.4,2734,9
STLO-1805232-94, 723,723,,484.0,499.0,0.12,87.7,4.9,4.2,10.5,2735,10
STLO-1805232-94, 724,724,,535.0,550.0,0.16,85.8,5.1,4.5,12.9,2736,11
STLO-1805232-94, 725,725,,584.0,599.0,0.15,85.9,5.3,4.6,11.8,2737,12
STLO-1805232-95, 727,727,,35.0,50.0,0.05,94.4,4.3,3.3,6.0,2738,1
STLO-1805232-95, 728,728,,84.0,99.0,0.06,93.7,4.2,3.1,2.7,2739,2
STLO-1805232-95, 729,729,,135.0,150.0,0.05,94.3,4.2,3.1,2.3,2740,3
STLO-1805232-95, 730,730,,184.0,199.0,0.08,92.2,4.1,3.2,3.8,2741,4
STLO-1805232-95, 731,731,,235.0,250.0,0.07,93.0,4.3,3.3,2.4,2742,5
STLO-1805232-95, 732,732,,284.0,299.0,0.07,92.1,4.4,3.4,2.8,2743,6
STLO-1805232-95, 733,733,,335.0,350.0,0.09,90.7,4.5,3.8,4.2,2744,7
STLO-1805232-95, 734,734,,384.0,399.0,0.1,90.1,4.8,3.9,5.5,2745,8
STLO-1805232-95, 735,735,,435.0,450.0,0.1,89.3,4.9,4.1,5.7,2746,9
STLO-1805232-95, 736,736,,484.0,499.0,0.12,87.8,4.9,4.3,12.7,2747,10
STLO-1805232-95, 737,737,,535.0,550.0,0.15,86.1,5.0,4.3,14.4,2748,11
STLO-1805232-95, 738,738,,584.0,599.0,0.16,84.6,5.1,4.6,25.7,2749,12
STLO-1805232-B+-0+1700,4796,4796,,0.0,30.0,,,,3.0,,2750,1
STLO-1805232-B+-0+1700,4797,4797,,30.0,45.0,0.07,90.1,,,5.1,2751,2
STLO-1805232-B+-0+1700,4798,4798,,55.0,70.0,0.06,90.9,,,3.3,2752,3
STLO-1805232-B+-0+1700,4799,4799,,73.0,98.0,0.04,93.4,,,3.0,2753,4
STLO-1805232-B+-0+1700,4800,4800,,105.0,120.0,0.07,92.7,,,2.7,2754,5
STLO-1805232-B+-0+1700,4801,4801,,130.0,145.0,0.06,93.4,,,2.0,2755,6
STLO-1805232-B+-0+1700,4802,4802,,155.0,170.0,0.06,93.4,,,2.1,2756,7
STLO-1805232-B+-0+1700,4803,4803,,170.0,195.0,0.07,92.9,,,3.7,2757,8
STLO-1805232-B+-0+2000,4820,4820,,0.0,20.0,,,,2.9,,2758,1
STLO-1805232-B+-0+2000,4821,4821,,20.0,35.0,0.07,92.8,,,5.9,2759,2
STLO-1805232-B+-0+2000,4822,4822,,60.0,75.0,0.07,91.3,,,4.0,2760,3
STLO-1805232-B+-0+2000,4823,4823,,83.0,98.0,0.04,94.9,,,2.4,2761,4
STLO-1805232-B+-0+2000,4824,4824,,105.0,120.0,0.06,93.8,,,3.6,2762,5
STLO-1805232-B+-0+2000,4825,4825,,125.0,140.0,0.05,94.0,,,2.4,2763,6
STLO-1805232-B+-0+2000,4826,4826,,155.0,170.0,0.08,92.7,,,4.6,2764,7
STLO-1805232-B+-0+2000,4827,4827,,180.0,195.0,0.05,94.7,,,3.1,2765,8
STLO-1805232-B-200+1800,4812,4812,,0.0,30.0,,94.0,,,7.8,2766,1
STLO-1805232-B-200+1800,4813,4813,,30.0,45.0,,,,3.0,,2767,2
STLO-1805232-B-200+1800,4814,4814,,55.0,70.0,0.05,93.3,,,2.3,2768,3
STLO-1805232-B-200+1800,4815,4815,,80.0,95.0,0.06,93.3,,,2.2,2769,4
STLO-1805232-B-200+1800,4816,4816,,105.0,120.0,0.07,92.5,,,2.7,2770,5
STLO-1805232-B-200+1800,4817,4817,,130.0,145.0,0.07,92.1,,,2.4,2771,6
STLO-1805232-B-200+1800,4818,4818,,160.0,175.0,0.05,95.0,,,2.4,2772,7
STLO-1805232-B-200+1800,4819,4819,,175.0,190.0,0.07,92.6,,,4.4,2773,8
STLO-1805233-96, 740,740,,35.0,50.0,0.03,95.9,4.3,3.2,4.5,2774,1
STLO-1805233-96, 741,741,,84.0,99.0,0.07,92.4,3.9,3.1,7.5,2775,2
STLO-1805233-96, 742,742,,135.0,150.0,0.1,90.0,3.8,3.1,5.8,2776,3
STLO-1805233-96, 743,743,,184.0,199.0,0.09,91.1,3.9,3.0,4.8,2777,4
STLO-1805233-96, 744,744,,235.0,250.0,0.09,91.7,4.0,3.2,3.3,2778,5
STLO-1805233-96, 745,745,,284.0,299.0,0.08,91.5,4.0,3.2,3.5,2779,6
STLO-1805233-96, 746,746,,335.0,350.0,0.13,87.7,4.0,3.2,12.6,2780,7
STLO-1805233-96, 747,747,,384.0,399.0,0.11,88.9,4.1,3.3,10.4,2781,8
STLO-1805233-96, 748,748,,435.0,450.0,0.14,87.0,4.2,3.4,20.0,2782,9
STLO-1805233-96, 749,749,,484.0,499.0,0.14,85.8,4.4,3.8,24.8,2783,10
STLO-1805233-97, 750,750,,35.0,50.0,0.05,95.0,4.3,3.3,6.8,2784,1
STLO-1805233-97, 751,751,,84.0,99.0,0.09,91.0,4.0,3.1,5.3,2785,2
STLO-1805233-97, 752,752,,135.0,150.0,0.07,93.3,4.1,3.2,2.7,2786,3
STLO-1805233-97, 753,753,,184.0,199.0,0.07,92.7,4.0,3.4,2.6,2787,4
STLO-1805233-97, 754,754,,235.0,250.0,0.09,91.1,4.3,3.5,3.8,2788,5
STLO-1805233-97, 755,755,,284.0,299.0,0.12,88.0,4.4,3.5,6.6,2789,6
STLO-1805233-97, 756,756,,335.0,350.0,0.11,89.2,4.4,3.7,5.4,2790,7
STLO-1805233-97, 757,757,,384.0,399.0,0.11,89.3,4.7,3.8,11.6,2791,8
STLO-1805233-97, 758,758,,435.0,450.0,0.13,88.0,4.7,4.0,12.4,2792,9
STLO-1805233-97, 759,759,,484.0,499.0,0.15,84.4,4.8,4.2,15.4,2793,10
STLO-1805233-98, 761,761,,35.0,50.0,0.07,92.7,4.1,3.3,4.6,2794,1
STLO-1805233-98, 762,762,,84.0,99.0,0.12,87.6,3.9,3.1,7.0,2795,2
STLO-1805233-98, 763,763,,120.0,135.0,0.14,85.8,4.2,3.4,13.1,2796,3
STLO-1805234-100, 769,769,,35.0,50.0,0.11,89.0,4.1,3.3,9.3,2797,1
STLO-1805234-100, 770,770,,84.0,99.0,0.14,86.0,4.1,3.4,9.8,2798,2
STLO-1805234-100, 771,771,,135.0,150.0,0.13,87.1,4.3,3.5,4.6,2799,3
STLO-1805234-100, 772,772,,184.0,199.0,0.13,86.9,4.5,3.7,10.0,2800,4
STLO-1805234-100, 773,773,,220.0,235.0,0.16,84.1,4.6,4.0,9.1,2801,5
STLO-1805234-101, 775,775,,35.0,50.0,0.05,94.3,4.1,3.1,6.3,2802,1
STLO-1805234-101, 776,776,,84.0,99.0,0.12,88.0,3.8,3.1,4.8,2803,2
STLO-1805234-101, 777,777,,135.0,150.0,0.1,90.5,3.9,3.2,5.1,2804,3
STLO-1805234-101, 778,778,,184.0,199.0,0.09,90.1,4.1,3.3,6.1,2805,4
STLO-1805234-101, 779,779,,235.0,250.0,0.14,87.0,4.3,3.5,6.9,2806,5
STLO-1805234-101, 780,780,,284.0,299.0,0.12,87.6,4.5,3.7,8.1,2807,6
STLO-1805234-101, 781,781,,335.0,350.0,0.16,85.8,4.7,4.1,11.2,2808,7
STLO-1805234-99, 764,764,,35.0,50.0,0.08,90.6,3.9,3.1,9.8,2809,1
STLO-1805234-99, 765,765,,84.0,99.0,0.12,87.4,3.9,3.2,5.1,2810,2
STLO-1805234-99, 766,766,,135.0,150.0,0.13,87.2,4.1,3.4,6.0,2811,3
STLO-1805234-99, 767,767,,184.0,199.0,0.16,84.7,4.2,3.5,13.0,2812,4
STLO-1805301-155,1269,1269,,35.0,50.0,0.18,83.1,5.4,5.1,14.0,2813,1
STLO-1805301-155,1270,1270,,85.0,100.0,0.13,87.4,5.7,5.2,8.1,2814,2
STLO-1805301-155,1271,1271,,135.0,150.0,0.12,88.7,5.9,5.5,8.7,2815,3
STLO-1805301-155,1272,1272,,185.0,200.0,0.15,86.6,5.5,5.3,16.0,2816,4
STLO-1805311-156,1274,1274,,35.0,50.0,0.18,83.6,5.4,5.1,12.3,2817,1
STLO-1805311-156,1275,1275,,85.0,100.0,0.17,84.2,5.0,4.9,13.0,2818,2
STLO-1805311-156,1276,1276,,135.0,150.0,0.18,83.0,5.2,4.9,10.0,2819,3
STLO-1805311-156,1277,1277,,185.0,200.0,0.18,83.9,4.7,4.7,15.6,2820,4
STLO-1805311-157,1256,1256,,35.0,50.0,0.18,82.6,4.5,4.3,12.2,2821,1
STLO-1805311-157,1257,1257,,85.0,100.0,0.15,86.0,5.1,4.7,12.6,2822,2
STLO-1805311-157,1258,1258,,115.0,130.0,0.17,84.1,5.2,4.9,13.3,2823,3
STLO-1805312-158,1260,1260,,35.0,50.0,0.18,83.4,5.5,5.3,14.3,2824,1
STLO-1805312-158,1261,1261,,85.0,100.0,0.15,85.8,5.8,5.6,9.9,2825,2
STLO-1805312-158,1262,1262,,135.0,150.0,0.25,77.9,6.1,5.7,37.2,2826,3
STLO-1805316-159,2671,2671,,35.0,50.0,0.16,81.7,4.6,4.3,11.0,2827,1
STLO-1805316-159,2672,2672,,85.0,100.0,0.19,81.4,4.9,4.5,21.2,2828,2
STLO-1805317-160,2663,2663,,35.0,50.0,0.17,83.6,6.1,5.6,10.8,2829,1
STLO-1805317-160,2664,2664,,85.0,100.0,0.17,84.3,6.2,5.8,10.5,2830,2
STLO-1805317-161,2666,2666,,35.0,50.0,0.16,83.3,5.6,5.3,11.6,2831,1
STLO-1805317-161,2667,2667,,85.0,100.0,0.11,88.5,5.8,5.4,9.8,2832,2
STLO-1805317-161,2668,2668,,135.0,150.0,0.16,84.6,6.1,5.7,10.8,2833,3
STLO-1805317-161,2669,2669,,185.0,200.0,0.15,85.2,6.1,5.9,11.0,2834,4
STLO-1805320-162,2678,2678,,35.0,50.0,0.16,83.1,4.4,4.2,9.1,2835,1
STLO-1805320-162,2679,2679,,85.0,100.0,0.16,85.3,4.6,4.3,9.8,2836,2
STLO-1805320-162,2680,2680,,135.0,150.0,0.16,84.9,5.0,4.6,13.7,2837,3
STLO-1805320-162,2681,2681,,185.0,200.0,0.17,84.3,5.2,4.7,11.6,2838,4
STLO-1805320-163,1239,1239,,35.0,50.0,0.13,87.0,5.6,5.2,16.4,2839,1
STLO-1805320-163,1240,1240,,85.0,100.0,0.15,79.6,5.0,4.6,17.1,2840,2
STLO-1805320-163,1241,1241,,135.0,150.0,0.19,82.7,5.9,5.2,7.7,2841,3
STLO-1805320-163,1242,1242,,185.0,200.0,0.15,86.3,5.9,5.4,16.4,2842,4
STLO-1805320-163,1243,1243,,235.0,250.0,0.14,86.6,6.1,5.7,16.0,2843,5
STLO-1805320-164,1232,1232,,35.0,50.0,0.14,86.5,5.5,5.1,13.9,2844,1
STLO-1805320-164,1233,1233,,85.0,100.0,0.13,87.9,5.8,5.2,9.8,2845,2
STLO-1805320-164,1234,1234,,135.0,150.0,0.16,86.1,5.8,5.4,11.2,2846,3
STLO-1805320-164,1235,1235,,185.0,200.0,0.15,85.2,6.2,5.6,12.2,2847,4
STLO-1805320-164,1236,1236,,205.0,220.0,,,6.3,5.7,10.2,2848,5
STLO-1805320-164,1237,1237,,220.0,235.0,0.22,80.4,,,13.8,2849,6
STLO-1805320-165,1228,1228,,35.0,50.0,0.18,81.2,5.5,5.0,21.3,2850,1
STLO-1805320-165,1229,1229,,85.0,100.0,0.17,83.7,,,16.6,2851,2
STLO-1805320-165,1230,1230,,105.0,120.0,,83.5,6.1,5.2,15.2,2852,3
STLO-1805320-166,1245,1245,,35.0,50.0,0.12,87.4,5.8,5.1,11.0,2853,1
STLO-1805320-166,1246,1246,,85.0,100.0,0.15,85.6,5.9,5.2,11.4,2854,2
STLO-1805320-166,1247,1247,,132.0,147.0,0.25,78.2,5.4,5.1,38.1,2855,3
STLO-1805321-167,2674,2674,,35.0,50.0,,81.7,4.5,4.2,12.6,2856,1
STLO-1805321-167,2675,2675,,85.0,100.0,,85.4,4.7,4.4,8.7,2857,2
STLO-1805321-167,2676,2676,,135.0,150.0,,83.0,5.1,4.7,35.1,2858,3
STLO-1805322-168,1248,1248,,35.0,50.0,0.09,89.2,4.9,4.7,12.4,2859,1
STLO-1805322-168,1249,1249,,85.0,100.0,0.14,86.3,5.0,4.9,9.9,2860,2
STLO-1805322-168,1250,1250,,135.0,150.0,0.19,82.2,5.3,5.1,20.2,2861,3
STLO-1805323-169,1252,1252,,25.0,40.0,0.17,82.0,3.8,3.3,10.6,2862,1
STLO-1805326-171,1284,1284,,35.0,50.0,0.17,84.2,5.3,4.7,11.6,2863,1
STLO-1805326-171,1285,1285,,85.0,100.0,0.21,81.0,5.2,4.5,13.6,2864,2
STLO-1805326-172,1287,1287,,35.0,50.0,0.15,84.5,5.3,4.7,13.5,2865,1
STLO-1805326-172,1288,1288,,85.0,100.0,0.2,82.5,5.3,4.9,13.7,2866,2
STLO-1805326-172,1289,1289,,105.0,120.0,0.19,83.5,,,11.7,2867,3
STLO-1805326-172,1290,1290,,120.0,135.0,,82.0,5.6,5.2,22.7,2868,4
STLO-1805331-617,3953,3953,,25.0,40.0,0.11,86.7,5.2,4.7,8.9,2869,1
STLO-1805331-617,3954,3954,,100.0,115.0,0.16,84.6,5.6,4.9,11.9,2870,2
STLO-1805401-196,1265,1265,,35.0,50.0,0.18,82.9,5.5,5.2,14.8,2871,1
STLO-1805401-196,1266,1266,,85.0,100.0,0.2,81.7,5.6,5.2,18.9,2872,2
STLO-1805401-196,1267,1267,,135.0,150.0,0.19,83.9,,,9.9,2873,3
STLO-1805404-197,1166,1166,,35.0,50.0,0.14,85.9,4.6,4.4,9.9,2874,1
STLO-1805404-197,1167,1167,,84.0,99.0,0.17,83.0,5.3,5.0,10.6,2875,2
STLO-1805404-197,1168,1168,,125.0,140.0,0.22,80.4,5.5,5.4,23.0,2876,3
STLO-1805405-200,1176,1176,,35.0,50.0,0.09,90.3,4.0,3.5,6.2,2877,1
STLO-1805405-200,1177,1177,,84.0,99.0,0.21,80.6,4.9,4.5,23.0,2878,2
STLO-1805405-202,1172,1172,,35.0,50.0,0.13,86.3,4.2,4.0,7.2,2879,1
STLO-1805405-202,1173,1173,,84.0,99.0,0.15,85.0,5.3,5.0,10.0,2880,2
STLO-1805407-204,1179,1179,,35.0,50.0,0.14,85.3,4.4,3.9,6.4,2881,1
STLO-1805407-204,1180,1180,,84.0,99.0,0.14,85.8,5.1,4.8,12.7,2882,2
STLO-1805408-206,1182,1182,,35.0,50.0,0.13,86.3,4.5,4.0,7.4,2883,1
STLO-1805408-206,1183,1183,,84.0,99.0,0.17,83.7,4.9,4.6,10.4,2884,2
STLO-1805408-206,1184,1184,,110.0,125.0,0.2,81.2,5.2,4.8,21.7,2885,3
STLO-1805435-213,1279,1279,,35.0,50.0,0.17,84.3,3.3,2.8,5.2,2886,1
STLO-1805435-213,1280,1280,,85.0,100.0,0.16,85.7,3.9,3.3,6.0,2887,2
STLO-1805435-213,1281,1281,,135.0,150.0,0.19,82.4,4.9,4.0,17.7,2888,3
STLO-1805435-213,1282,1282,,175.0,190.0,0.24,78.1,5.1,4.3,25.0,2889,4
STLO-1805502-409,3749,3749,,15.0,30.0,0.11,86.4,5.5,4.9,15.2,2890,1
STLO-1805502-409,3750,3750,,40.0,55.0,0.08,91.0,5.6,4.9,6.2,2891,2
STLO-1805502-409,3751,3751,,80.0,95.0,0.07,90.5,5.8,5.1,9.5,2892,3
STLO-1805502-409,3752,3752,,110.0,125.0,0.15,86.2,5.8,5.1,12.5,2893,4
STLO-1805503-256,2743,2743,,33.0,60.0,,81.1,5.5,5.2,9.1,2894,1
STLO-1805503-256,2744,2744,,63.0,90.0,,83.2,5.5,5.2,11.0,2895,2
STLO-1805503-256,2745,2745,,93.0,120.0,,82.9,5.6,5.3,11.0,2896,3
STLO-1805503-256,2746,2746,,123.0,150.0,,86.0,5.8,5.5,8.9,2897,4
STLO-1805503-257,2739,2739,,33.0,60.0,,82.6,5.2,4.9,11.2,2898,1
STLO-1805503-257,2740,2740,,63.0,90.0,,83.1,5.2,4.9,12.1,2899,2
STLO-1805503-257,2741,2741,,93.0,120.0,,83.5,5.4,5.1,13.6,2900,3
STLO-1805503-257,2742,2742,,123.0,150.0,,88.2,5.6,5.2,7.3,2901,4
STLO-1805503-258,2735,2735,,33.0,60.0,,84.0,5.2,4.8,9.8,2902,1
STLO-1805503-258,2736,2736,,63.0,90.0,,84.3,5.2,4.8,12.0,2903,2
STLO-1805503-258,2737,2737,,93.0,120.0,,86.9,5.4,5.0,6.3,2904,3
STLO-1805503-258,2738,2738,,123.0,150.0,,90.4,5.5,5.1,5.1,2905,4
STLO-1805503-259,2731,2731,,33.0,60.0,,84.3,5.1,4.9,10.3,2906,1
STLO-1805503-259,2732,2732,,63.0,90.0,,83.3,5.3,5.0,13.9,2907,2
STLO-1805503-259,2733,2733,,93.0,120.0,,86.0,5.5,5.1,6.8,2908,3
STLO-1805503-259,2734,2734,,123.0,150.0,,88.2,5.7,5.2,5.9,2909,4
STLO-1805503-260,2727,2727,,33.0,60.0,,85.3,5.5,5.0,9.3,2910,1
STLO-1805503-260,2728,2728,,63.0,90.0,,83.7,5.3,5.0,10.6,2911,2
STLO-1805503-260,2729,2729,,93.0,120.0,,87.8,5.7,5.2,6.2,2912,3
STLO-1805503-260,2730,2730,,123.0,150.0,,86.7,5.7,5.3,8.2,2913,4
STLO-1805503-410,3753,3753,,20.0,35.0,0.17,81.7,5.8,5.3,13.4,2914,1
STLO-1805503-410,3754,3754,,45.0,60.0,0.2,80.9,5.9,5.3,16.3,2915,2
STLO-1805503-411,3755,3755,,20.0,35.0,0.12,83.7,5.2,4.7,7.1,2916,1
STLO-1805503-411,3756,3756,,40.0,55.0,0.16,83.5,5.3,4.8,9.5,2917,2
STLO-1805503-411,3757,3757,,65.0,80.0,0.18,83.9,5.5,5.0,11.4,2918,3
STLO-1805503-411,3758,3758,,90.0,105.0,0.14,86.2,5.6,5.1,7.2,2919,4
STLO-1805504-412,3759,3759,,20.0,35.0,0.1,89.6,5.4,4.7,9.1,2920,1
STLO-1805504-412,3760,3760,,45.0,60.0,0.07,92.1,5.6,5.0,6.2,2921,2
STLO-1805504-412,3761,3761,,80.0,95.0,0.07,90.6,5.7,5.0,7.2,2922,3
STLO-1805504-412,3762,3762,,100.0,115.0,0.07,92.4,5.7,5.0,6.6,2923,4
STLO-1805504-412,3763,3763,,145.0,160.0,0.11,89.2,6.0,5.3,9.8,2924,5
STLO-1805504-412,3764,3764,,170.0,185.0,0.13,87.2,6.1,5.4,10.1,2925,6
STLO-1805509-413,3765,3765,,20.0,35.0,0.12,87.6,5.6,5.0,11.1,2926,1
STLO-1805509-413,3766,3766,,45.0,60.0,0.06,92.9,5.7,5.0,5.7,2927,2
STLO-1805509-413,3767,3767,,90.0,105.0,0.1,90.6,5.7,5.0,9.6,2928,3
STLO-1805509-413,3768,3768,,115.0,130.0,0.11,89.2,5.7,4.9,7.9,2929,4
STLO-1805509-413,3769,3769,,150.0,165.0,0.12,89.1,5.7,5.0,7.8,2930,5
STLO-1805509-413,3770,3770,,175.0,190.0,0.14,86.9,5.7,5.0,13.1,2931,6
STLO-1805509-414,3771,3771,,20.0,35.0,0.12,87.4,5.4,4.7,13.0,2932,1
STLO-1805509-414,3772,3772,,45.0,60.0,0.09,89.8,5.4,4.8,5.3,2933,2
STLO-1805509-414,3773,3773,,85.0,100.0,0.08,90.5,5.6,4.9,6.4,2934,3
STLO-1805509-414,3774,3774,,110.0,125.0,0.11,89.0,5.6,5.0,8.4,2935,4
STLO-1805509-414,3775,3775,,150.0,165.0,0.13,87.9,5.8,5.1,8.6,2936,5
STLO-1805509-414,3776,3776,,175.0,190.0,0.13,87.6,5.8,5.2,10.3,2937,6
STLO-1805509-416,3783,3783,,15.0,30.0,0.16,83.7,5.4,4.8,14.6,2938,1
STLO-1805509-416,3784,3784,,35.0,50.0,0.11,87.2,5.4,4.8,8.1,2939,2
STLO-1805509-416,3785,3785,,55.0,70.0,0.11,89.0,5.5,4.8,8.0,2940,3
STLO-1805509-416,3786,3786,,80.0,95.0,0.13,87.1,5.7,5.1,11.5,2941,4
STLO-1805509-416,3787,3787,,105.0,120.0,0.13,87.9,5.8,5.2,8.4,2942,5
STLO-1805509-416,3788,3788,,130.0,145.0,0.17,84.5,6.1,5.4,16.3,2943,6
STLO-1805510-262,2747,2747,,33.0,60.0,,84.9,5.4,5.1,8.7,2944,1
STLO-1805510-262,2748,2748,,63.0,90.0,,85.1,5.7,4.8,6.3,2945,2
STLO-1805510-262,2749,2749,,93.0,120.0,,85.3,5.2,4.9,10.9,2946,3
STLO-1805510-262,2750,2750,,123.0,150.0,,88.2,5.2,5.0,6.4,2947,4
STLO-1805510-263,2751,2751,,33.0,60.0,,87.5,5.2,4.9,6.8,2948,1
STLO-1805510-263,2752,2752,,63.0,90.0,,87.2,5.1,4.9,8.4,2949,2
STLO-1805510-263,2753,2753,,93.0,120.0,,86.1,5.2,4.9,14.0,2950,3
STLO-1805510-263,2754,2754,,123.0,150.0,,87.0,5.7,5.3,12.3,2951,4
STLO-1805510-264,2755,2755,,33.0,60.0,,86.2,5.2,4.8,7.6,2952,1
STLO-1805510-264,2756,2756,,63.0,90.0,,86.9,5.2,4.9,8.5,2953,2
STLO-1805510-264,2757,2757,,93.0,120.0,,77.5,5.3,4.9,13.1,2954,3
STLO-1805510-264,2758,2758,,123.0,150.0,,87.4,5.4,5.3,7.5,2955,4
STLO-1805510-265,2763,2763,,33.0,60.0,,87.5,5.4,5.2,7.8,2956,1
STLO-1805510-265,2764,2764,,63.0,90.0,,88.3,5.4,5.1,6.8,2957,2
STLO-1805510-265,2765,2765,,93.0,120.0,,89.5,5.4,5.0,6.7,2958,3
STLO-1805510-265,2766,2766,,123.0,150.0,,88.7,5.5,5.1,9.0,2959,4
STLO-1805510-266,2759,2759,,33.0,60.0,,86.3,5.2,5.1,7.1,2960,1
STLO-1805510-266,2760,2760,,63.0,90.0,,89.7,5.3,4.9,5.9,2961,2
STLO-1805510-266,2761,2761,,93.0,120.0,,89.1,5.1,6.0,8.0,2962,3
STLO-1805510-266,2762,2762,,123.0,150.0,,87.5,5.3,5.0,8.9,2963,4
STLO-1805510-406,3732,3732,,20.0,35.0,0.11,88.5,5.5,5.0,9.7,2964,1
STLO-1805510-406,3733,3733,,45.0,60.0,0.1,89.8,5.6,5.3,7.3,2965,2
STLO-1805510-406,3734,3734,,80.0,95.0,0.12,88.4,5.6,5.0,11.0,2966,3
STLO-1805510-406,3735,3735,,100.0,115.0,0.09,90.2,5.6,5.0,5.5,2967,4
STLO-1805510-406,3736,3736,,165.0,180.0,0.07,91.8,5.6,5.1,8.6,2968,5
STLO-1805510-408,3743,3743,,16.0,31.0,0.09,86.0,5.2,4.7,9.5,2969,1
STLO-1805510-408,3744,3744,,45.0,60.0,0.14,86.7,5.3,4.7,7.4,2970,2
STLO-1805510-408,3745,3745,,80.0,95.0,0.09,90.3,5.5,4.9,6.6,2971,3
STLO-1805510-408,3746,3746,,105.0,120.0,0.11,88.9,5.5,4.8,8.2,2972,4
STLO-1805510-408,3747,3747,,135.0,150.0,0.12,88.9,5.6,4.9,6.6,2973,5
STLO-1805510-408,3748,3748,,160.0,175.0,0.14,86.9,5.6,5.0,11.0,2974,6
STLO-1805514-403,3712,3712,,25.0,40.0,0.13,85.7,5.4,5.0,8.5,2975,1
STLO-1805514-403,3713,3713,,45.0,60.0,0.12,87.6,5.4,4.8,6.5,2976,2
STLO-1805514-403,3714,3714,,85.0,100.0,0.12,87.8,5.4,4.8,7.3,2977,3
STLO-1805514-403,3715,3715,,110.0,125.0,0.11,88.6,5.6,4.8,7.7,2978,4
STLO-1805514-403,3716,3716,,135.0,150.0,0.14,86.8,5.5,4.9,11.0,2979,5
STLO-1805514-403,3717,3717,,160.0,175.0,0.15,86.2,5.5,4.9,12.1,2980,6
STLO-1805514-404,3718,3718,,25.0,40.0,0.1,87.5,5.5,4.9,7.2,2981,1
STLO-1805514-404,3719,3719,,50.0,65.0,0.1,89.0,5.5,4.9,6.2,2982,2
STLO-1805514-404,3720,3720,,80.0,95.0,0.09,89.8,5.6,4.9,7.2,2983,3
STLO-1805514-404,3721,3721,,100.0,115.0,0.05,94.0,5.6,4.9,6.7,2984,4
STLO-1805514-404,3722,3722,,150.0,165.0,0.11,89.0,5.6,4.9,8.4,2985,5
STLO-1805514-404,3723,3723,,170.0,185.0,0.12,88.9,5.7,5.0,9.9,2986,6
STLO-1805515-407,3737,3737,,25.0,40.0,0.1,88.9,5.7,5.0,7.8,2987,1
STLO-1805515-407,3738,3738,,50.0,65.0,0.08,91.0,5.7,5.0,6.5,2988,2
STLO-1805515-407,3739,3739,,80.0,95.0,0.1,90.6,5.7,5.1,9.1,2989,3
STLO-1805515-407,3740,3740,,105.0,115.0,0.09,90.7,5.9,5.2,6.5,2990,4
STLO-1805515-407,3741,3741,,137.0,152.0,0.13,87.7,6.0,5.3,12.8,2991,5
STLO-1805515-407,3742,3742,,165.0,180.0,0.1,89.8,6.0,5.4,7.4,2992,6
STLO-1805516-415,3777,3777,,20.0,35.0,0.13,87.3,5.5,4.9,11.1,2993,1
STLO-1805516-415,3778,3778,,45.0,60.0,0.1,89.6,5.6,5.0,8.7,2994,2
STLO-1805516-415,3779,3779,,80.0,95.0,0.11,88.4,5.7,5.0,8.0,2995,3
STLO-1805516-415,3780,3780,,105.0,120.0,0.13,88.3,5.7,5.0,11.1,2996,4
STLO-1805516-415,3781,3781,,135.0,150.0,0.12,88.8,5.8,5.1,7.9,2997,5
STLO-1805516-415,3782,3782,,155.0,170.0,0.13,88.6,5.9,5.2,8.7,2998,6
STLO-1805516-417,3789,3789,,20.0,35.0,0.18,81.6,5.4,4.8,15.6,2999,1
STLO-1805516-417,3790,3790,,45.0,60.0,0.16,84.0,5.5,5.0,12.3,3000,2
STLO-1805516-523,3913,3913,,32.0,47.0,0.1,87.7,5.5,4.9,6.4,3001,1
STLO-1805516-523,3914,3914,,65.0,80.0,0.11,89.6,5.8,5.1,11.7,3002,2
STLO-1805516-523,3915,3915,,127.0,142.0,0.13,87.9,6.0,5.4,10.2,3003,3
STLO-1805517-419,3793,3793,,20.0,35.0,0.15,85.6,5.6,5.0,14.5,3004,1
STLO-1805517-419,3794,3794,,40.0,55.0,0.12,88.4,5.9,5.2,8.9,3005,2
STLO-1805520-418,3791,3791,,20.0,35.0,0.15,85.8,5.0,4.3,9.3,3006,1
STLO-1805520-418,3792,3792,,45.0,60.0,0.13,87.4,5.0,4.3,6.8,3007,2
STLO-1805522-405,3724,3724,,25.0,40.0,0.12,87.9,5.6,5.0,9.7,3008,1
STLO-1805522-405,3725,3725,,50.0,65.0,0.08,91.6,5.5,5.0,7.6,3009,2
STLO-1805522-405,3726,3726,,85.0,100.0,0.1,89.3,5.6,4.9,6.7,3010,3
STLO-1805522-405,3727,3727,,110.0,125.0,0.09,91.5,5.6,5.0,7.8,3011,4
STLO-1805522-405,3728,3728,,150.0,165.0,0.15,85.1,5.8,5.1,9.9,3012,5
STLO-1805522-405,3729,3729,,175.0,190.0,0.14,86.5,5.8,5.2,11.7,3013,6
STLO-1805522-405,3730,3730,,205.0,220.0,0.17,84.8,5.9,5.3,14.5,3014,7
STLO-1805522-405,3731,3731,,230.0,245.0,0.17,84.3,5.9,5.4,11.8,3015,8
STLO-1805523-401,3704,3704,,25.0,40.0,0.14,83.9,5.0,4.4,8.0,3016,1
STLO-1805523-401,3705,3705,,50.0,65.0,0.13,87.1,5.1,4.4,9.9,3017,2
STLO-1805523-401,3706,3706,,70.0,85.0,0.11,88.3,5.2,4.6,7.9,3018,3
STLO-1805523-401,3707,3707,,95.0,110.0,0.12,88.5,5.3,4.7,7.1,3019,4
STLO-1805525-368,3635,3635,,61.0,91.0,0.08,90.9,5.3,4.4,5.7,3020,1
STLO-1805525-368,3636,3636,,91.0,122.0,0.08,91.0,5.3,4.4,6.5,3021,2
STLO-1805525-368,3637,3637,,122.0,152.0,0.06,93.0,5.4,4.5,5.2,3022,3
STLO-1805525-368,3638,3638,,152.0,183.0,0.08,91.9,5.5,4.6,5.9,3023,4
STLO-1805525-368,3639,3639,,213.0,244.0,0.08,90.8,5.5,4.7,7.9,3024,5
STLO-1805526-400,3698,3698,,25.0,40.0,0.11,87.0,5.2,4.5,6.8,3025,1
STLO-1805526-400,3699,3699,,50.0,65.0,0.11,88.5,5.4,4.6,6.6,3026,2
STLO-1805526-400,3700,3700,,75.0,90.0,0.12,88.5,5.4,4.7,8.6,3027,3
STLO-1805526-400,3701,3701,,100.0,115.0,0.11,88.9,5.6,4.8,7.3,3028,4
STLO-1805526-400,3702,3702,,125.0,140.0,0.11,89.4,5.5,4.8,10.8,3029,5
STLO-1805526-400,3703,3703,,150.0,165.0,0.1,89.4,5.8,5.0,7.2,3030,6
STLO-1805526-402,3708,3708,,20.0,35.0,0.17,81.4,4.4,3.9,9.4,3031,1
STLO-1805526-402,3709,3709,,45.0,60.0,0.13,86.5,4.8,4.3,8.7,3032,2
STLO-1805526-402,3710,3710,,70.0,85.0,0.14,86.5,4.8,4.2,7.3,3033,3
STLO-1805526-402,3711,3711,,95.0,110.0,0.14,86.7,4.9,4.2,7.4,3034,4
STLO-1805526-621,3957,3957,,20.0,35.0,0.15,82.5,5.6,4.9,7.9,3035,1
STLO-1805526-621,3958,3958,,40.0,55.0,0.13,85.9,5.6,5.0,7.2,3036,2
STLO-1805526-621,3959,3959,,75.0,90.0,0.14,85.5,6.0,5.2,10.6,3037,3
STLO-1805526-621,3960,3960,,105.0,120.0,0.13,87.1,5.9,5.3,7.7,3038,4
STLO-1805535-396,3674,3674,,20.0,35.0,0.14,85.3,5.6,4.8,9.4,3039,1
STLO-1805535-396,3675,3675,,40.0,55.0,0.14,85.6,5.5,4.8,10.8,3040,2
STLO-1805535-396,3676,3676,,70.0,85.0,0.14,87.0,5.7,5.1,8.5,3041,3
STLO-1805535-396,3677,3677,,95.0,110.0,0.15,85.6,5.8,5.3,12.2,3042,4
STLO-1805535-397,3678,3678,,20.0,35.0,0.14,86.0,5.0,4.3,6.5,3043,1
STLO-1805535-397,3679,3679,,45.0,60.0,0.13,87.7,5.2,4.5,8.3,3044,2
STLO-1805535-397,3680,3680,,90.0,105.0,0.1,89.6,5.4,4.8,6.6,3045,3
STLO-1805535-397,3681,3681,,115.0,130.0,0.1,90.2,5.5,4.8,6.3,3046,4
STLO-1805535-397,3682,3682,,145.0,160.0,0.11,89.0,5.5,4.8,7.3,3047,5
STLO-1805535-397,3683,3683,,170.0,185.0,0.12,88.8,5.6,5.0,7.0,3048,6
STLO-1805535-397,3684,3684,,210.0,225.0,0.14,87.3,5.6,5.1,9.8,3049,7
STLO-1805535-397,3685,3685,,235.0,250.0,0.16,84.8,5.7,5.2,12.1,3050,8
STLO-1805535-398,3686,3686,,15.0,30.0,0.11,86.8,5.2,4.5,8.0,3051,1
STLO-1805535-398,3687,3687,,45.0,60.0,0.08,91.6,5.3,4.6,6.4,3052,2
STLO-1805535-398,3688,3688,,70.0,85.0,0.1,90.7,5.3,4.6,8.0,3053,3
STLO-1805535-398,3689,3689,,90.0,105.0,0.09,90.7,5.5,4.8,6.5,3054,4
STLO-1805535-398,3690,3690,,120.0,135.0,0.1,89.9,5.6,4.8,9.1,3055,5
STLO-1805535-398,3691,3691,,145.0,160.0,0.11,89.5,5.6,4.9,9.9,3056,6
STLO-1805535-398,3692,3692,,165.0,180.0,0.1,89.8,5.7,4.9,6.9,3057,7
STLO-1805535-398,3693,3693,,190.0,205.0,0.11,88.5,5.7,5.0,8.7,3058,8
STLO-1805535-399,3694,3694,,15.0,30.0,0.13,87.1,5.1,4.5,10.0,3059,1
STLO-1805535-399,3695,3695,,40.0,55.0,0.12,87.8,5.2,4.5,6.4,3060,2
STLO-1805535-399,3696,3696,,65.0,80.0,0.12,88.3,5.2,4.5,7.4,3061,3
STLO-1805535-399,3697,3697,,90.0,105.0,0.11,89.1,5.2,4.6,6.7,3062,4
STLO-1805536-366,3628,3628,,61.0,91.0,0.11,89.6,5.8,4.9,8.0,3063,1
STLO-1805536-366,3629,3629,,122.0,152.0,0.08,91.9,6.1,5.1,4.1,3064,2
STLO-1805536-366,3630,3630,,213.0,244.0,0.1,90.6,6.1,5.2,12.7,3065,3
STLO-1805536-367,3631,3631,,61.0,91.0,0.1,90.0,5.2,4.4,6.1,3066,1
STLO-1805536-367,3632,3632,,152.0,183.0,0.08,90.8,5.5,4.6,6.3,3067,2
STLO-1805536-367,3633,3633,,213.0,244.0,0.11,89.5,5.8,4.9,7.7,3068,3
STLO-1805536-367,3634,3634,,274.0,305.0,0.13,88.4,5.9,5.1,12.1,3069,4
STLO-1805536-393,3665,3665,,60.0,75.0,0.1,89.8,5.7,5.0,7.4,3070,1
STLO-1805536-393,3666,3666,,140.0,155.0,0.08,91.7,6.0,5.2,6.5,3071,2
STLO-1805536-393,3667,3667,,220.0,235.0,0.16,86.4,6.4,5.7,11.6,3072,3
STLO-1805536-394,3668,3668,,65.0,80.0,0.09,90.8,5.6,4.8,6.4,3073,1
STLO-1805536-394,3669,3669,,140.0,155.0,0.09,91.1,5.9,5.0,7.9,3074,2
STLO-1805536-394,3670,3670,,235.0,250.0,0.13,88.1,6.1,5.4,9.2,3075,3
STLO-1805536-622,3962,3962,,34.0,49.0,0.13,86.6,,,7.1,3076,1
STLO-1805536-622,3964,3964,,80.0,95.0,0.11,89.1,,,5.9,3077,2
STLO-1805536-622,3966,3966,,130.0,145.0,0.12,88.7,,,11.4,3078,3
STLO-1805536-623,3968,3968,,15.0,30.0,0.08,89.4,,,10.5,3079,1
STLO-1805536-623,3969,3969,,30.0,45.0,0.09,90.2,,,9.6,3080,2
STLO-1805536-623,3970,3970,,60.0,75.0,0.09,89.7,,,9.5,3081,3
STLO-1805536-623,3971,3971,,80.0,95.0,0.1,89.4,,,8.8,3082,4
STLO-1805536-623,3972,3972,,110.0,125.0,0.1,88.3,,,9.7,3083,5
STLO-1805536-623,3973,3973,,130.0,145.0,0.12,88.4,,,11.3,3084,6
STLO-1805536-623,3974,3974,,160.0,175.0,0.12,87.8,,,10.1,3085,7
STLO-1805536-623,3975,3975,,180.0,195.0,0.14,87.4,,,10.8,3086,8
STLO-1805536-624,3976,3976,,30.0,45.0,,,5.3,4.5,,3087,1
STLO-1805536-624,3979,3979,,110.0,125.0,,,5.4,4.8,,3088,2
STLO-1805536-625,3985,3985,,60.0,75.0,0.11,89.0,,,6.4,3089,1
STLO-1805536-625,3987,3987,,110.0,125.0,0.1,89.5,,,7.1,3090,2
STLO-1805536-625,3989,3989,,160.0,175.0,0.12,88.7,,,8.3,3091,3
STLO-1805536-626,3992,3992,,25.0,40.0,0.13,85.8,,,9.7,3092,1
STLO-1805536-626,3993,3993,,60.0,75.0,0.11,88.7,,,10.0,3093,2
STLO-1805536-626,3994,3994,,80.0,95.0,0.11,89.0,,,9.3,3094,3
STLO-1805536-626,3995,3995,,110.0,125.0,0.12,88.4,,,10.2,3095,4
STLO-1805536-626,3996,3996,,130.0,145.0,0.11,89.0,,,10.7,3096,5
STLO-1805536-626,3997,3997,,165.0,180.0,0.12,89.3,,,8.7,3097,6
STLO-1805536-626,3998,3998,,185.0,200.0,0.12,88.5,,,10.7,3098,7
STLO-1805536-627,3999,3999,,10.0,25.0,0.14,85.3,,,8.3,3099,1
STLO-1805536-627,4000,4000,,30.0,45.0,,,5.2,4.4,,3100,2
STLO-1805536-627,4001,4001,,60.0,75.0,,,5.2,4.4,,3101,3
STLO-1805536-627,4002,4002,,80.0,95.0,0.09,89.3,,,6.2,3102,4
STLO-1805536-627,4003,4003,,110.0,125.0,,,5.3,4.5,,3103,5
STLO-1805536-627,4004,4004,,130.0,145.0,,,5.3,4.6,,3104,6
STLO-1805536-627,4005,4005,,160.0,175.0,,,5.3,4.7,,3105,7
STLO-1805536-627,4006,4006,,180.0,195.0,0.11,89.0,,,6.3,3106,8
STLO-1806211-209,3580,3580,,0.0,30.0,0.07,91.2,3.8,3.1,4.4,3107,1
STLO-1806211-209,3581,3581,,50.0,100.0,0.1,89.1,4.0,3.2,6.2,3108,2
STLO-1806226-94,3582,3582,,0.0,30.0,,93.3,,,8.2,3109,1
STLO-1806226-94,3583,3583,,30.0,60.0,0.09,88.9,4.5,3.7,6.5,3110,2
STLO-1806226-94,3584,3584,,60.0,120.0,0.14,86.4,4.4,3.7,6.4,3111,3
STLO-1806226-94,3585,3585,,120.0,180.0,0.12,88.1,5.0,4.5,7.4,3112,4
STLO-1806229-97,3559,3559,,60.0,75.0,0.11,87.5,3.9,3.3,4.8,3113,1
STLO-1806229-97,3560,3560,,170.0,185.0,0.19,82.9,5.1,4.7,12.8,3114,2
STLO-1806229-97,3561,3561,,250.0,265.0,0.22,80.4,5.5,5.3,17.2,3115,3
STLO-1806229-97,3562,3562,,285.0,300.0,0.17,85.0,5.9,5.6,,3116,4
STLO-1905102-26, 504,504,,35.0,50.0,0.15,84.6,,3.0,7.2,3117,1
STLO-1905102-26, 505,505,,84.0,99.0,0.1,89.3,,3.1,5.0,3118,2
STLO-1905102-26, 506,506,,135.0,150.0,0.19,82.9,,3.4,5.3,3119,3
STLO-1905102-26, 507,507,,184.0,199.0,0.16,84.6,,3.6,6.7,3120,4
STLO-1905102-27, 463,463,,35.0,50.0,0.13,86.5,6.3,6.0,11.8,3121,1
STLO-1905102-27, 464,464,,84.0,99.0,0.07,92.5,3.9,3.2,3.7,3122,2
STLO-1905102-27, 465,465,,135.0,150.0,0.07,93.2,4.1,3.3,3.3,3123,3
STLO-1905102-27, 466,466,,184.0,199.0,0.08,91.3,4.3,3.5,2.9,3124,4
STLO-1905102-27, 467,467,,235.0,250.0,0.13,88.0,4.8,3.8,5.4,3125,5
STLO-1905102-27, 468,468,,284.0,299.0,0.12,88.2,4.9,4.2,6.1,3126,6
STLO-1905102-27, 469,469,,335.0,350.0,0.14,87.0,5.3,4.5,13.2,3127,7
STLO-1905102-27, 470,470,,384.0,399.0,0.13,87.0,5.3,4.7,9.4,3128,8
STLO-1905102-27, 471,471,,435.0,450.0,0.2,81.5,5.6,5.1,19.5,3129,9
STLO-1905102-29, 473,473,,84.0,99.0,0.14,86.7,3.9,3.3,19.9,3130,1
STLO-1905102-29, 474,474,,135.0,150.0,0.07,93.3,4.0,3.1,5.8,3131,2
STLO-1905102-29, 475,475,,184.0,199.0,0.07,93.0,4.1,3.1,3.0,3132,3
STLO-1905102-29, 476,476,,235.0,250.0,0.08,92.0,4.4,3.3,2.6,3133,4
STLO-1905102-29, 477,477,,284.0,299.0,0.11,89.4,4.5,3.5,6.3,3134,5
STLO-1905102-29, 478,478,,335.0,350.0,0.06,93.5,4.8,3.7,4.5,3135,6
STLO-1905102-29, 479,479,,384.0,399.0,0.12,88.8,4.9,4.1,6.4,3136,7
STLO-1905102-29, 480,480,,435.0,450.0,0.13,87.6,5.2,4.3,8.0,3137,8
STLO-1905102-29, 481,481,,484.0,497.0,0.17,85.1,5.4,4.6,13.4,3138,9
STLO-1905102-29, 482,482,,535.0,550.0,0.15,85.9,5.4,4.7,6.8,3139,10
STLO-1905102-29, 483,483,,583.0,598.0,0.16,85.7,5.5,5.0,31.7,3140,11
STLO-1905102-30, 485,485,,35.0,50.0,0.05,94.3,3.6,2.9,6.2,3141,1
STLO-1905102-30, 486,486,,84.0,99.0,0.05,94.2,3.9,2.9,4.8,3142,2
STLO-1905102-30, 487,487,,135.0,150.0,0.08,91.6,4.3,3.1,2.2,3143,3
STLO-1905102-30, 488,488,,184.0,199.0,0.04,95.6,4.1,3.2,2.6,3144,4
STLO-1905102-30, 489,489,,235.0,250.0,0.1,90.9,4.3,3.3,4.0,3145,5
STLO-1905102-30, 490,490,,284.0,299.0,0.13,87.7,4.2,3.5,5.1,3146,6
STLO-1905102-30, 491,491,,335.0,350.0,0.13,88.4,4.6,3.8,6.0,3147,7
STLO-1905102-30, 492,492,,384.0,399.0,0.14,87.4,4.9,3.2,9.6,3148,8
STLO-1905102-30, 493,493,,435.0,450.0,0.16,85.9,5.1,3.5,12.4,3149,9
STLO-1905102-30, 494,494,,484.0,499.0,0.17,84.3,5.4,4.6,11.1,3150,10
STLO-1905102-31, 496,496,,35.0,50.0,0.09,89.6,3.5,3.0,6.0,3151,1
STLO-1905102-31, 497,497,,84.0,99.0,0.09,92.0,3.7,3.0,2.2,3152,2
STLO-1905102-31, 498,498,,135.0,150.0,0.07,92.9,3.6,3.1,2.2,3153,3
STLO-1905102-31, 499,499,,184.0,199.0,0.05,94.3,4.2,3.4,2.7,3154,4
STLO-1905102-31, 500,500,,235.0,250.0,0.1,89.3,4.4,3.7,4.3,3155,5
STLO-1905102-31, 501,501,,284.0,299.0,0.11,88.5,4.8,4.0,14.9,3156,6
STLO-1905102-31, 502,502,,335.0,350.0,0.12,88.4,5.0,4.4,8.0,3157,7
STLO-1905102-31, 503,503,,384.0,399.0,0.15,85.8,5.3,4.8,14.1,3158,8
STLO-1905102-31, 844,844,,435.0,450.0,0.17,83.6,5.5,5.0,14.5,3159,9
STLO-1905102-31, 845,845,,484.0,499.0,0.14,85.2,5.8,5.1,8.7,3160,10
STLO-1905102-31, 846,846,,510.0,525.0,0.12,87.5,6.3,5.8,6.9,3161,11
STLO-1905102-A0+300,4296,4296,,55.0,70.0,0.04,95.9,,,2.6,3162,1
STLO-1905102-A0+500,4294,4294,,30.0,45.0,0.07,90.6,,,6.4,3163,1
STLO-1905102-A0+500,4295,4295,,70.0,85.0,0.05,93.2,,,3.2,3164,2
STLO-1905102-A400+100,4214,4214,,25.0,40.0,0.1,89.1,,,10.3,3165,1
STLO-1905102-A400+100,4215,4215,,55.0,70.0,0.04,94.2,,,1.7,3166,2
STLO-1905102-A400+100,4216,4216,,70.0,97.0,0.06,93.7,3.5,2.9,2.8,3167,3
STLO-1905102-A400+100,4217,4217,,110.0,150.0,0.05,94.0,3.8,3.2,1.5,3168,4
STLO-1905102-A400+100,4218,4218,,170.0,195.0,0.07,93.4,4.1,3.2,3.3,3169,5
STLO-1905102-A400+100,4219,4219,,210.0,235.0,0.07,92.9,4.4,3.4,4.7,3170,6
STLO-1905102-A400+300,4208,4208,,25.0,40.0,0.06,92.3,,,7.0,3171,1
STLO-1905102-A400+300,4209,4209,,55.0,70.0,0.06,92.3,,,2.6,3172,2
STLO-1905102-A400+300,4210,4210,,77.0,92.0,0.05,94.2,,,2.4,3173,3
STLO-1905102-A400+300,4211,4211,,110.0,125.0,0.05,93.7,,,2.5,3174,4
STLO-1905102-A400+300,4212,4212,,133.0,148.0,0.05,93.0,,,2.7,3175,5
STLO-1905102-A400+300,4213,4213,,160.0,175.0,0.07,92.7,,,2.5,3176,6
STLO-1905102-A400+500,4203,4203,,13.0,28.0,0.06,92.3,,,5.9,3177,1
STLO-1905102-A400+500,4204,4204,,33.0,48.0,0.07,90.7,,,4.2,3178,2
STLO-1905102-A400+500,4205,4205,,60.0,75.0,0.06,92.9,,,3.4,3179,3
STLO-1905102-A400+500,4206,4206,,75.0,90.0,0.06,93.0,,,4.1,3180,4
STLO-1905102-A400+500,4207,4207,,110.0,135.0,0.07,92.7,3.7,3.0,2.1,3181,5
STLO-1905102-A800+100,4261,4261,,0.0,33.0,0.06,88.3,3.7,3.1,5.3,3182,1
STLO-1905102-A800+100,4262,4262,,33.0,48.0,0.07,88.0,,,6.2,3183,2
STLO-1905102-A800+100,4263,4263,,80.0,95.0,0.07,92.8,,,2.7,3184,3
STLO-1905102-A800+100,4264,4264,,100.0,147.0,0.06,93.1,4.1,3.3,6.7,3185,4
STLO-1905102-A800+100,4265,4265,,160.0,180.0,0.09,91.1,4.6,3.8,6.1,3186,5
STLO-1905102-A800+500,4258,4258,,30.0,45.0,0.09,88.8,,,6.8,3187,1
STLO-1905102-A800+500,4259,4259,,50.0,85.0,,98.6,3.9,3.2,4.5,3188,2
STLO-1905102-A800+500,4260,4260,,120.0,145.0,0.05,93.5,4.2,3.4,4.0,3189,3
STLO-1905103-28,2683,2683,,35.0,50.0,0.1,89.6,3.4,2.6,4.3,3190,1
STLO-1905103-28,2684,2684,,85.0,100.0,0.08,92.1,3.5,2.8,2.5,3191,2
STLO-1905103-28,2685,2685,,135.0,150.0,0.1,90.2,3.6,2.9,3.4,3192,3
STLO-1905103-28,2686,2686,,185.0,200.0,0.11,89.1,3.7,3.0,5.3,3193,4
STLO-1905103-28,2687,2687,,235.0,250.0,0.14,87.0,4.0,3.3,8.5,3194,5
STLO-1905103-28,2688,2688,,285.0,300.0,0.11,89.1,4.2,3.7,6.3,3195,6
STLO-1905103-28,2689,2689,,335.0,350.0,0.14,87.0,4.5,4.0,12.6,3196,7
STLO-1905103-28,2690,2690,,380.0,395.0,0.21,80.3,5.0,4.5,31.3,3197,8
STLO-1905103-A-400+300,4166,4166,,25.0,40.0,0.04,93.3,,,2.9,3198,1
STLO-1905103-A-400+300,4167,4167,,55.0,70.0,0.08,90.7,,,5.5,3199,2
STLO-1905103-A-400+300,4168,4168,,70.0,95.0,0.05,94.6,3.7,3.0,2.0,3200,3
STLO-1905103-A-400+300,4169,4169,,105.0,120.0,0.04,94.4,,,1.8,3201,4
STLO-1905103-A-400+300,4170,4170,,133.0,148.0,0.05,94.7,,,2.3,3202,5
STLO-1905103-A-400+300,4171,4171,,160.0,175.0,0.05,94.2,,,2.0,3203,6
STLO-1905103-A-400+300,4172,4172,,180.0,195.0,0.05,94.5,,,2.6,3204,7
STLO-1905103-A-400+300,4173,4173,,205.0,230.0,0.05,94.2,4.0,3.1,2.3,3205,8
STLO-1905103-A-400+300,4174,4174,,230.0,245.0,0.05,94.8,,,1.8,3206,9
STLO-1905103-A-400+300,4175,4175,,255.0,270.0,0.04,94.5,,,2.0,3207,10
STLO-1905103-A-400+300,4176,4176,,270.0,298.0,0.06,94.0,4.2,3.2,4.0,3208,11
STLO-1905103-A-400+300,4177,4177,,305.0,320.0,,,4.3,3.3,,3209,12
STLO-1905103-A-400+500,4161,4161,,55.0,70.0,0.05,93.4,,,1.7,3210,1
STLO-1905103-A-400+500,4162,4162,,70.0,98.0,0.08,91.7,3.7,3.0,3.2,3211,2
STLO-1905103-A-400+500,4163,4163,,110.0,125.0,0.05,93.5,,,1.8,3212,3
STLO-1905103-A-400+500,4164,4164,,160.0,183.0,0.06,93.2,4.1,3.6,2.0,3213,4
STLO-1905103-A-400+500,4165,4165,,183.0,198.0,0.09,91.5,,,3.0,3214,5
STLO-1905103-A-400+700,4154,4154,,15.0,30.0,0.05,94.3,3.9,3.0,4.5,3215,1
STLO-1905103-A-400+700,4155,4155,,33.0,48.0,0.04,94.0,,,1.8,3216,2
STLO-1905103-A-400+700,4156,4156,,50.0,80.0,,98.8,,,3.2,3217,3
STLO-1905103-A-400+700,4157,4157,,80.0,95.0,0.07,92.6,,,2.3,3218,4
STLO-1905103-A-400+700,4158,4158,,105.0,120.0,0.07,92.5,,,2.7,3219,5
STLO-1905103-A-400+700,4159,4159,,120.0,148.0,0.08,92.6,3.7,3.1,2.4,3220,6
STLO-1905103-A-400+700,4160,4160,,160.0,175.0,0.07,92.7,,,2.5,3221,7
STLO-1905103-A-800+100,4271,4271,,11.0,26.0,,85.8,,,9.8,3222,1
STLO-1905103-A-800+100,4272,4272,,35.0,50.0,0.06,93.1,,,1.7,3223,2
STLO-1905103-A-800+100,4273,4273,,67.0,82.0,0.04,94.1,,,2.2,3224,3
STLO-1905103-A-800+100,4274,4274,,98.0,113.0,0.06,94.0,,,2.0,3225,4
STLO-1905103-A-800+100,4275,4275,,121.0,136.0,0.07,91.2,3.9,3.1,4.3,3226,5
STLO-1905103-A-800+100,4276,4276,,151.0,166.0,0.07,92.8,,,2.0,3227,6
STLO-1905103-A-800+100,4277,4277,,171.0,186.0,0.07,91.9,4.2,3.3,4.3,3228,7
STLO-1905103-A-800+600,4266,4266,,15.0,48.0,0.09,90.6,3.6,3.0,8.9,3229,1
STLO-1905103-A-800+600,4267,4267,,65.0,80.0,0.06,92.7,,,3.3,3230,2
STLO-1905103-A-800+600,4268,4268,,80.0,107.0,0.07,92.8,3.8,3.1,2.2,3231,3
STLO-1905103-A-800+600,4269,4269,,125.0,140.0,0.07,92.5,,,6.9,3232,4
STLO-1905103-A-800+600,4270,4270,,140.0,167.0,0.08,92.6,4.0,3.2,3.6,3233,5
STLO-1905110-32,2716,2716,,35.0,50.0,0.09,91.9,3.5,2.9,4.5,3234,1
STLO-1905110-32,2717,2717,,85.0,100.0,0.07,93.0,3.8,2.9,3.8,3235,2
STLO-1905110-32,2718,2718,,135.0,150.0,0.07,93.1,3.7,3.0,4.1,3236,3
STLO-1905110-32,2719,2719,,185.0,200.0,0.07,92.3,3.8,3.1,3.2,3237,4
STLO-1905110-32,2720,2720,,235.0,250.0,0.12,89.0,4.1,3.4,3.8,3238,5
STLO-1905110-32,2721,2721,,285.0,300.0,0.13,87.7,4.3,3.7,6.9,3239,6
STLO-1905110-32,2722,2722,,335.0,350.0,0.12,88.7,4.3,3.9,10.4,3240,7
STLO-1905110-32,2723,2723,,385.0,400.0,0.15,85.5,4.7,4.2,14.7,3241,8
STLO-1905110-32,2724,2724,,435.0,450.0,0.15,87.0,4.8,4.5,9.2,3242,9
STLO-1905110-32,2725,2725,,478.0,493.0,0.17,85.2,5.2,4.8,16.3,3243,10
STLO-1905110-33, 508,508,,35.0,50.0,0.12,87.6,4.1,3.4,3.8,3244,1
STLO-1905110-33, 509,509,,84.0,99.0,0.07,92.0,4.5,3.5,4.0,3245,2
STLO-1905110-33, 510,510,,135.0,150.0,0.12,88.2,4.6,3.8,5.9,3246,3
STLO-1905110-33, 511,511,,184.0,199.0,0.13,87.1,4.9,4.1,11.0,3247,4
STLO-1905110-33, 512,512,,235.0,250.0,0.13,87.5,5.1,4.3,6.9,3248,5
STLO-1905110-33, 513,513,,284.0,299.0,0.13,87.1,5.2,4.6,12.7,3249,6
STLO-1905110-33, 514,514,,335.0,350.0,0.22,80.3,5.4,4.8,34.3,3250,7
STLO-1905110-33, 515,515,,384.0,399.0,0.13,87.0,5.7,5.1,9.6,3251,8
STLO-1905110-34, 519,519,,35.0,50.0,0.11,88.9,3.9,3.2,6.3,3252,1
STLO-1905110-34, 520,520,,84.0,99.0,0.06,92.6,4.0,3.0,4.0,3253,2
STLO-1905110-34, 521,521,,135.0,150.0,0.05,94.4,4.2,3.1,2.2,3254,3
STLO-1905110-34, 522,522,,184.0,199.0,0.07,92.8,4.2,3.2,2.4,3255,4
STLO-1905110-34, 523,523,,235.0,250.0,0.11,89.2,4.5,3.5,6.0,3256,5
STLO-1905110-34, 524,524,,284.0,299.0,0.12,88.4,4.7,3.8,9.3,3257,6
STLO-1905110-34, 525,525,,335.0,350.0,0.08,91.5,5.0,4.2,6.1,3258,7
STLO-1905110-34, 526,526,,384.0,399.0,0.13,86.4,5.2,4.4,19.8,3259,8
STLO-1905110-34, 527,527,,435.0,450.0,0.16,85.6,5.5,4.8,20.5,3260,9
STLO-1905110-34, 528,528,,484.0,499.0,0.18,83.2,5.5,4.9,12.1,3261,10
STLO-1905110-34, 529,529,,507.0,522.0,0.21,81.9,5.6,5.1,17.1,3262,11
STLO-1905110-35, 532,532,,35.0,50.0,0.1,89.8,4.2,3.4,6.3,3263,1
STLO-1905110-35, 533,533,,84.0,99.0,0.05,93.7,4.7,3.7,4.7,3264,2
STLO-1905110-35, 534,534,,135.0,150.0,0.1,89.7,4.6,3.9,4.7,3265,3
STLO-1905110-35, 535,535,,184.0,199.0,0.09,90.3,4.8,3.6,6.6,3266,4
STLO-1905110-35, 536,536,,235.0,250.0,0.13,86.5,5.0,4.1,6.8,3267,5
STLO-1905110-35, 537,537,,284.0,299.0,0.12,87.5,5.0,4.4,6.3,3268,6
STLO-1905110-35, 538,538,,335.0,350.0,0.13,87.4,5.4,4.7,10.4,3269,7
STLO-1905110-35, 539,539,,375.0,390.0,0.15,85.3,5.6,4.9,14.5,3270,8
STLO-1905110-36, 541,541,,35.0,50.0,0.1,89.1,4.8,3.9,8.2,3271,1
STLO-1905110-36, 542,542,,84.0,99.0,0.08,90.6,4.8,3.8,4.8,3272,2
STLO-1905110-36, 543,543,,135.0,150.0,0.11,89.4,4.9,3.9,4.9,3273,3
STLO-1905110-36, 544,544,,184.0,199.0,0.11,88.9,5.1,4.3,5.9,3274,4
STLO-1905110-36, 545,545,,235.0,250.0,0.14,86.4,5.3,4.5,8.0,3275,5
STLO-1905110-36, 546,546,,284.0,299.0,0.12,87.7,5.5,4.8,7.7,3276,6
STLO-1905110-36, 547,547,,335.0,350.0,0.14,86.2,5.6,5.0,10.6,3277,7
STLO-1905110-36, 548,548,,384.0,399.0,0.16,83.8,5.8,5.2,23.7,3278,8
STLO-1905110-36, 549,549,,435.0,450.0,0.15,86.3,5.8,5.2,6.3,3279,9
STLO-1905110-36, 550,550,,452.0,473.0,0.12,88.3,5.9,5.2,4.6,3280,10
STLO-1905110-36, 551,551,,474.0,489.0,0.12,89.0,6.3,5.8,21.6,3281,11
STLO-1905110-38,2703,2703,,35.0,50.0,0.09,91.2,3.5,2.7,6.4,3282,1
STLO-1905110-38,2704,2704,,85.0,100.0,0.05,94.3,3.5,2.7,3.4,3283,2
STLO-1905110-38,2705,2705,,135.0,150.0,0.07,93.6,3.5,2.7,2.3,3284,3
STLO-1905110-38,2706,2706,,185.0,200.0,0.09,91.9,3.6,2.8,3.0,3285,4
STLO-1905110-38,2707,2707,,235.0,250.0,0.07,93.2,3.7,3.1,3.2,3286,5
STLO-1905110-38,2708,2708,,285.0,300.0,0.09,91.0,4.0,3.5,3.7,3287,6
STLO-1905110-38,2709,2709,,335.0,350.0,0.14,87.4,4.4,3.9,9.2,3288,7
STLO-1905110-38,2710,2710,,385.0,400.0,0.11,89.5,4.6,4.2,7.3,3289,8
STLO-1905110-38,2711,2711,,435.0,450.0,0.14,87.8,4.7,4.3,9.8,3290,9
STLO-1905110-38,2712,2712,,485.0,500.0,0.2,82.0,4.9,4.7,22.7,3291,10
STLO-1905110-38,2713,2713,,535.0,550.0,0.19,84.0,5.3,5.1,17.6,3292,11
STLO-1905110-A-400-100,4178,4178,,15.0,30.0,0.05,94.3,,,1.9,3293,1
STLO-1905110-A-400-100,4179,4179,,33.0,48.0,0.06,93.1,,,1.4,3294,2
STLO-1905110-A-400-100,4180,4180,,50.0,80.0,0.07,91.3,3.4,2.9,2.6,3295,3
STLO-1905110-A-400-100,4181,4181,,80.0,115.0,0.07,92.1,3.8,3.0,1.9,3296,4
STLO-1905110-A-400-100,4182,4182,,155.0,170.0,0.07,92.9,,,2.8,3297,5
STLO-1905110-A-400-100,4183,4183,,170.0,195.0,0.1,90.3,3.9,3.2,6.7,3298,6
STLO-1905110-A-400-100,4184,4184,,205.0,230.0,0.08,91.3,4.3,3.5,2.9,3299,7
STLO-1905110-A-400-100,4185,4185,,230.0,245.0,0.13,87.7,,,6.3,3300,8
STLO-1905110-A-400-100,4186,4186,,260.0,275.0,0.12,88.3,,,6.3,3301,9
STLO-1905110-A-400-100,4293,4293,,115.0,130.0,0.09,88.4,,,9.6,3302,10
STLO-1905110-A-400-300,4187,4187,,10.0,25.0,0.04,93.7,,,3.5,3303,1
STLO-1905110-A-400-300,4188,4188,,25.0,40.0,0.09,89.9,3.8,2.9,7.6,3304,2
STLO-1905110-A-400-300,4189,4189,,60.0,75.0,0.07,92.5,3.7,3.0,3.5,3305,3
STLO-1905110-A-400-300,4190,4190,,83.0,98.0,0.07,93.2,,,2.2,3306,4
STLO-1905110-A-400-300,4191,4191,,105.0,115.0,0.06,92.4,,,1.7,3307,5
STLO-1905110-A-400-300,4192,4192,,120.0,148.0,0.08,92.3,3.8,2.9,1.8,3308,6
STLO-1905110-A-400-300,4193,4193,,165.0,183.0,0.07,91.6,4.1,3.2,4.2,3309,7
STLO-1905110-A-400-300,4194,4194,,183.0,198.0,0.07,92.8,,,3.3,3310,8
STLO-1905110-A-400-300,4195,4195,,210.0,235.0,0.06,93.3,4.2,3.3,3.7,3311,9
STLO-1905110-A-400-300,4196,4196,,235.0,250.0,,,4.4,3.5,,3312,10
STLO-1905110-A-400-500,4197,4197,,18.0,33.0,0.05,93.2,,,4.6,3313,1
STLO-1905110-A-400-500,4198,4198,,33.0,75.0,0.08,89.3,3.7,3.1,7.8,3314,2
STLO-1905110-A-400-500,4199,4199,,83.0,98.0,0.06,92.2,,,3.6,3315,3
STLO-1905110-A-400-500,4200,4200,,105.0,120.0,0.06,93.4,,,1.7,3316,4
STLO-1905110-A-400-500,4201,4201,,120.0,148.0,0.07,92.5,3.9,3.1,2.7,3317,5
STLO-1905110-A-400-500,4202,4202,,150.0,185.0,0.06,93.3,4.0,3.2,3.0,3318,6
STLO-1905110-A-800-200,4278,4278,,10.0,25.0,0.1,88.4,,,9.4,3319,1
STLO-1905110-A-800-200,4279,4279,,30.0,50.0,0.06,93.0,3.8,3.0,3.5,3320,2
STLO-1905110-A-800-200,4280,4280,,75.0,90.0,0.07,92.8,,,3.1,3321,3
STLO-1905110-A-800-200,4281,4281,,100.0,115.0,0.06,93.6,,,1.9,3322,4
STLO-1905110-A-800-200,4282,4282,,125.0,140.0,0.06,93.1,,,2.5,3323,5
STLO-1905110-A-800-200,4283,4283,,140.0,165.0,0.07,93.5,4.1,3.1,,3324,6
STLO-1905110-A-800-200,4284,4284,,175.0,203.0,0.07,92.1,4.0,3.2,3.6,3325,7
STLO-1905110-A-800-200,4285,4285,,203.0,217.0,0.09,91.5,,,6.3,3326,8
STLO-1905110-A-800-400,4286,4286,,30.0,45.0,0.11,88.0,,,12.2,3327,1
STLO-1905110-A-800-400,4287,4287,,85.0,100.0,0.07,92.1,,,6.0,3328,2
STLO-1905110-A-800-400,4288,4288,,100.0,115.0,0.07,92.5,,,4.6,3329,3
STLO-1905110-A-800-400,4289,4289,,120.0,142.0,0.06,92.8,3.9,3.1,3.1,3330,4
STLO-1905110-A-800-400,4290,4290,,150.0,165.0,0.07,92.8,,,5.4,3331,5
STLO-1905110-A-800-400,4291,4291,,180.0,195.0,0.07,92.3,,,6.5,3332,6
STLO-1905110-A-800-400,4292,4292,,195.0,220.0,0.09,90.1,3.9,3.3,12.4,3333,7
STLO-1905111-37,2692,2692,,35.0,50.0,0.08,92.5,3.3,2.4,4.1,3334,1
STLO-1905111-37,2693,2693,,85.0,100.0,0.07,92.6,3.3,2.5,3.1,3335,2
STLO-1905111-37,2694,2694,,135.0,150.0,0.1,92.0,3.4,2.6,2.3,3336,3
STLO-1905111-37,2695,2695,,185.0,200.0,0.07,93.0,3.5,2.7,2.7,3337,4
STLO-1905111-37,2696,2696,,235.0,250.0,0.12,89.3,3.6,2.8,4.5,3338,5
STLO-1905111-37,2697,2697,,285.0,300.0,0.11,89.0,3.8,3.1,6.7,3339,6
STLO-1905111-37,2698,2698,,335.0,350.0,0.13,87.7,4.0,3.4,5.6,3340,7
STLO-1905111-37,2699,2699,,385.0,400.0,0.13,88.0,4.3,3.7,9.1,3341,8
STLO-1905111-37,2700,2700,,435.0,450.0,0.23,81.0,4.6,4.1,19.3,3342,9
STLO-1905111-37,2701,2701,,485.0,500.0,0.26,77.2,4.6,4.3,38.1,3343,10
STLO-1905111-A0-200,4297,4297,,60.0,75.0,0.07,92.7,,,7.0,3344,1
STLO-1905111-A0-200,4298,4298,,175.0,190.0,0.07,92.8,,,2.1,3345,2
STLO-1905111-A0-500,4299,4299,,33.0,48.0,0.08,91.6,,,6.4,3346,1
STLO-1905111-A0-500,4300,4300,,130.0,145.0,0.07,93.0,,,4.5,3347,2
STLO-1905111-A0-500,4301,4301,,175.0,190.0,0.07,92.8,,,3.8,3348,3
STLO-1905111-A400-200,4220,4220,,33.0,48.0,0.07,90.9,,,9.0,3349,1
STLO-1905111-A400-200,4221,4221,,50.0,75.0,0.05,92.9,3.7,3.0,3.1,3350,2
STLO-1905111-A400-200,4222,4222,,80.0,95.0,0.06,92.8,,,2.1,3351,3
STLO-1905111-A400-200,4223,4223,,105.0,130.0,0.06,93.7,3.9,3.1,1.9,3352,4
STLO-1905111-A400-200,4224,4224,,132.0,147.0,0.07,93.1,,,2.5,3353,5
STLO-1905111-A400-200,4225,4225,,180.0,195.0,0.07,92.8,,,3.4,3354,6
STLO-1905111-A400-200,4226,4226,,200.0,225.0,0.07,93.0,3.8,3.2,3.0,3355,7
STLO-1905111-A400-200,4227,4227,,233.0,248.0,0.1,89.7,,,6.7,3356,8
STLO-1905111-A400-500,4228,4228,,33.0,48.0,0.07,88.9,,,8.2,3357,1
STLO-1905111-A400-500,4229,4229,,60.0,95.0,0.05,93.1,3.8,3.1,2.4,3358,2
STLO-1905111-A400-500,4230,4230,,100.0,145.0,0.07,92.8,3.8,3.1,2.8,3359,3
STLO-1905111-A400-500,4231,4231,,175.0,190.0,0.08,92.2,,,3.1,3360,4
STLO-1905111-A400-500,4232,4232,,215.0,240.0,0.07,93.0,4.4,3.4,3.7,3361,5
STLO-1905111-A400-800,4233,4233,,30.0,45.0,0.06,91.1,,,3.7,3362,1
STLO-1905111-A400-800,4234,4234,,50.0,80.0,0.06,92.8,,,3.2,3363,2
STLO-1905111-A400-800,4235,4235,,83.0,98.0,0.07,91.9,,,2.6,3364,3
STLO-1905111-A400-800,4236,4236,,120.0,145.0,0.1,88.7,4.2,3.4,5.6,3365,4
STLO-1905111-A743-300,4237,4237,,0.0,30.0,0.09,90.2,3.8,3.0,8.0,3366,1
STLO-1905111-A743-300,4238,4238,,33.0,48.0,0.05,93.9,,,1.8,3367,2
STLO-1905111-A743-300,4239,4239,,65.0,90.0,0.06,93.1,3.4,3.0,1.7,3368,3
STLO-1905111-A743-300,4240,4240,,120.0,145.0,0.07,92.4,3.8,3.0,2.4,3369,4
STLO-1905111-A743-300,4241,4241,,160.0,175.0,0.05,93.4,,,3.4,3370,5
STLO-1905111-A743-300,4242,4242,,180.0,195.0,0.05,93.8,,,3.6,3371,6
STLO-1905111-A743-500,4243,4243,,15.0,48.0,0.06,92.2,3.8,3.0,8.3,3372,1
STLO-1905111-A743-500,4244,4244,,60.0,95.0,0.05,93.5,,,3.2,3373,2
STLO-1905111-A743-500,4245,4245,,120.0,145.0,0.08,91.8,3.9,3.1,2.4,3374,3
STLO-1905111-A743-500,4246,4246,,160.0,175.0,0.07,93.1,,,2.2,3375,4
STLO-1905111-A743-500,4247,4247,,170.0,185.0,0.07,92.6,,,4.5,3376,5
STLO-1905111-A743-500,4248,4248,,215.0,240.0,0.06,93.3,4.2,3.4,2.7,3377,6
STLO-1905111-A743-700,4249,4249,,20.0,35.0,0.08,90.3,,,8.4,3378,1
STLO-1905111-A743-700,4250,4250,,55.0,70.0,0.05,94.5,3.9,3.3,3.8,3379,2
STLO-1905111-A743-700,4251,4251,,83.0,98.0,0.06,93.5,,,2.7,3380,3
STLO-1905111-A743-700,4252,4252,,125.0,150.0,0.07,93.2,3.9,3.2,2.4,3381,4
STLO-1905111-A743-700,4253,4253,,175.0,190.0,0.07,93.0,,,3.6,3382,5
STLO-1905115-39, 554,554,,35.0,50.0,0.12,87.0,4.0,3.3,7.6,3383,1
STLO-1905115-39, 555,555,,84.0,99.0,0.07,92.4,4.1,3.3,4.1,3384,2
STLO-1905115-39, 556,556,,135.0,150.0,0.07,92.5,4.2,3.4,3.8,3385,3
STLO-1905115-39, 557,557,,184.0,199.0,0.1,89.9,4.3,3.6,6.6,3386,4
STLO-1905115-39, 558,558,,235.0,250.0,0.14,86.7,4.6,3.8,10.3,3387,5
STLO-1905115-39, 559,559,,284.0,299.0,0.13,86.8,4.8,4.1,6.2,3388,6
STLO-1905115-40, 562,562,,35.0,50.0,0.08,91.4,4.0,3.1,3.9,3389,1
STLO-1905115-40, 563,563,,84.0,99.0,0.08,91.6,4.1,3.2,3.8,3390,2
STLO-1905115-40, 564,564,,135.0,150.0,0.09,91.1,4.3,3.4,4.2,3391,3
STLO-1905115-40, 565,565,,184.0,199.0,0.1,89.6,4.4,3.6,6.3,3392,4
STLO-1905115-40, 566,566,,235.0,250.0,0.13,88.0,4.6,3.7,6.5,3393,5
STLO-1905115-40, 567,567,,284.0,299.0,0.13,87.6,4.8,4.0,12.7,3394,6
STLO-1905115-40, 568,568,,334.0,349.0,0.15,86.4,5.2,4.4,12.6,3395,7
STLO-1905116-41, 571,571,,35.0,50.0,0.1,89.0,3.9,3.0,8.0,3396,1
STLO-1905116-41, 572,572,,84.0,99.0,0.08,91.5,4.0,3.2,3.6,3397,2
STLO-1905116-41, 573,573,,135.0,150.0,0.11,89.8,4.1,3.2,2.6,3398,3
STLO-1905116-41, 574,574,,184.0,199.0,0.14,86.3,4.2,3.4,5.5,3399,4
STLO-1905116-42, 575,575,,35.0,50.0,0.14,85.4,3.7,3.0,6.8,3400,1
STLO-1905116-42, 576,576,,84.0,99.0,0.1,89.8,3.8,3.1,3.7,3401,2
STLO-1905116-42, 577,577,,135.0,150.0,0.09,90.5,4.2,3.2,5.0,3402,3
STLO-1905116-42, 578,578,,184.0,199.0,0.07,92.2,4.5,3.5,3.4,3403,4
STLO-1905116-42, 579,579,,235.0,250.0,0.2,80.3,4.8,3.9,4.8,3404,5
STLO-1905116-42, 580,580,,284.0,299.0,0.24,75.5,5.1,4.3,4.9,3405,6
STLO-1905116-42, 581,581,,335.0,350.0,0.19,81.4,5.4,4.7,14.5,3406,7
STLO-1905116-42, 582,582,,384.0,399.0,0.19,80.4,5.7,5.1,12.7,3407,8
STLO-1905116-42, 583,583,,415.0,430.0,0.25,75.3,5.5,4.8,9.8,3408,9
STLO-1905116-43, 586,586,,35.0,50.0,0.09,88.4,3.9,3.3,8.5,3409,1
STLO-1905116-43, 587,587,,84.0,99.0,0.14,84.3,4.1,3.3,5.6,3410,2
STLO-1905116-43, 588,588,,135.0,150.0,0.29,73.2,4.5,3.8,5.5,3411,3
STLO-1905116-43, 589,589,,184.0,199.0,0.2,79.2,5.1,4.5,19.1,3412,4
STLO-1905116-44, 592,592,,35.0,50.0,0.16,83.2,3.7,3.0,12.2,3413,1
STLO-1905116-44, 593,593,,84.0,99.0,0.13,86.7,4.0,3.2,4.7,3414,2
STLO-1905116-44, 594,594,,135.0,150.0,0.13,87.5,4.3,3.5,5.1,3415,3
STLO-1905116-44, 595,595,,184.0,199.0,0.16,84.4,4.6,3.9,6.1,3416,4
STLO-1905117-45, 596,596,,35.0,50.0,0.08,91.6,4.1,3.2,4.2,3417,1
STLO-1905117-45, 597,597,,60.0,75.0,0.18,81.7,4.0,3.2,15.7,3418,2
STLO-1905235-105, 849,849,,35.0,50.0,0.12,87.1,3.9,3.3,6.9,3419,1
STLO-1905235-105, 850,850,,84.0,99.0,0.18,81.7,4.6,4.0,19.9,3420,2
STLO-1905235-105, 851,851,,135.0,150.0,0.16,83.9,5.2,4.6,11.4,3421,3
STLO-1905235-106, 599,599,,35.0,50.0,0.15,85.3,3.7,3.1,7.6,3422,1
STLO-1905235-106, 600,600,,84.0,99.0,0.13,86.9,4.2,3.5,10.4,3423,2
STLO-1905235-106, 601,601,,135.0,150.0,0.15,86.4,4.9,4.2,19.3,3424,3
STLO-1905235-106, 602,602,,184.0,199.0,0.14,86.1,5.4,4.8,10.7,3425,4
STLO-1905235-106, 603,603,,235.0,250.0,0.19,83.0,5.6,4.9,29.5,3426,5
STLO-1905235-106, 604,604,,284.0,299.0,0.11,88.8,5.6,4.9,9.3,3427,6
STLO-1905235-106, 605,605,,335.0,350.0,0.14,87.0,5.7,5.0,6.2,3428,7
STLO-1905235-106A,5162,5162,,,300.0,,,5.9,5.1,,3429,1
STLO-1905235-107, 616,616,,45.0,60.0,0.15,84.7,3.9,3.1,7.8,3430,1
STLO-1905235-107, 617,617,,84.0,99.0,0.14,85.8,4.1,3.2,10.7,3431,2
STLO-1905235-107, 618,618,,135.0,150.0,0.15,86.6,4.6,3.7,7.8,3432,3
STLO-1905235-107, 619,619,,184.0,199.0,0.13,87.4,5.1,4.3,7.9,3433,4
STLO-1905235-107, 620,620,,235.0,250.0,0.14,87.0,5.5,6.8,13.2,3434,5
STLO-1905235-107, 621,621,,284.0,299.0,0.16,84.9,5.6,5.1,13.2,3435,6
STLO-1905235-107, 622,622,,335.0,350.0,0.14,86.6,5.9,5.3,8.7,3436,7
STLO-1905235-108, 609,609,,35.0,50.0,0.15,85.3,3.9,3.1,7.9,3437,1
STLO-1905235-108, 610,610,,84.0,99.0,0.14,86.0,4.1,3.3,5.3,3438,2
STLO-1905235-108, 611,611,,135.0,150.0,0.16,84.0,4.3,3.5,5.6,3439,3
STLO-1905235-108, 612,612,,184.0,199.0,0.13,86.6,4.6,3.7,6.2,3440,4
STLO-1905235-108, 613,613,,235.0,250.0,0.21,81.3,4.8,4.1,15.2,3441,5
STLO-1905235-109, 624,624,,35.0,50.0,0.16,84.0,4.3,3.8,9.3,3442,1
STLO-1905235-109, 625,625,,84.0,99.0,0.16,84.4,5.1,4.3,6.3,3443,2
STLO-1905235-109, 626,626,,135.0,150.0,0.16,85.6,5.1,4.3,6.8,3444,3
STLO-1905236-110, 628,628,,35.0,50.0,0.12,87.9,4.0,3.1,4.2,3445,1
STLO-1905236-110, 629,629,,84.0,99.0,0.14,86.0,3.9,3.1,3.7,3446,2
STLO-1905236-110, 630,630,,135.0,150.0,0.16,85.7,4.1,3.3,5.4,3447,3
STLO-1905236-110, 631,631,,184.0,199.0,0.15,85.9,4.3,3.4,5.0,3448,4
STLO-1905236-110, 632,632,,235.0,250.0,0.17,84.0,4.6,3.7,9.3,3449,5
STLO-1905236-111, 634,634,,40.0,55.0,0.15,85.2,3.9,3.2,10.9,3450,1
STLO-1905236-111, 635,635,,84.0,99.0,0.1,90.5,4.1,3.2,4.1,3451,2
STLO-1905236-111, 636,636,,135.0,150.0,0.1,89.5,4.4,3.5,7.6,3452,3
STLO-1905236-111, 637,637,,184.0,199.0,0.12,88.3,4.7,3.8,8.8,3453,4
STLO-1905236-111, 638,638,,235.0,250.0,0.14,87.3,4.9,4.1,6.4,3454,5
STLO-1905236-111, 639,639,,284.0,299.0,0.13,87.6,5.1,4.3,8.4,3455,6
STLO-1905236-111, 640,640,,335.0,350.0,0.16,85.3,5.2,4.5,14.0,3456,7
STLO-1905236-111, 641,641,,384.0,399.0,0.13,87.2,5.3,4.6,5.5,3457,8
STLO-1905236-111, 642,642,,435.0,450.0,0.13,89.0,5.4,4.7,4.0,3458,9
STLO-1905236-112, 644,644,,45.0,60.0,0.11,89.1,3.6,3.0,8.5,3459,1
STLO-1905236-112, 645,645,,84.0,99.0,0.08,91.2,3.9,3.1,5.9,3460,2
STLO-1905236-112, 646,646,,135.0,150.0,0.14,87.4,4.2,3.3,4.1,3461,3
STLO-1905236-112, 647,647,,184.0,199.0,0.11,89.2,4.4,3.5,4.7,3462,4
STLO-1905236-112, 648,648,,235.0,250.0,0.13,87.8,4.7,3.8,7.3,3463,5
STLO-1905236-112, 649,649,,284.0,299.0,0.13,87.2,4.8,4.1,6.8,3464,6
STLO-1905236-112, 650,650,,335.0,350.0,0.12,89.1,5.0,4.3,6.7,3465,7
STLO-1905236-112, 651,651,,384.0,399.0,0.1,90.4,5.1,4.4,7.9,3466,8
STLO-1905236-112, 652,652,,448.0,463.0,,86.4,5.2,4.7,34.9,3467,9
STLO-1905236-113, 654,654,,35.0,50.0,0.11,89.4,3.8,3.1,5.2,3468,1
STLO-1905236-113, 655,655,,84.0,99.0,0.09,90.4,3.9,3.1,3.4,3469,2
STLO-1905236-113, 656,656,,135.0,150.0,0.13,87.8,4.0,3.2,3.4,3470,3
STLO-1905236-113, 657,657,,184.0,199.0,0.09,90.3,4.4,3.5,4.2,3471,4
STLO-1905236-113, 658,658,,235.0,250.0,0.13,87.6,4.4,3.8,6.2,3472,5
STLO-1905236-113, 659,659,,284.0,299.0,0.12,88.1,4.7,4.0,8.4,3473,6
STLO-1905236-113, 660,660,,335.0,350.0,0.15,86.7,4.9,4.1,14.0,3474,7
STLO-1905236-113, 661,661,,384.0,399.0,0.18,82.9,5.0,4.3,9.7,3475,8
STLO-1905403-215, 855,855,,35.0,50.0,0.09,91.1,3.8,3.1,8.4,3476,1
STLO-1905403-215, 856,856,,84.0,99.0,0.07,92.2,4.3,3.6,5.5,3477,2
STLO-1905403-215, 857,857,,135.0,150.0,0.08,92.0,5.4,4.8,10.2,3478,3
STLO-1905403-215, 858,858,,184.0,199.0,0.17,83.5,5.6,5.2,15.3,3479,4
STLO-1905403-215, 859,859,,210.0,225.0,0.2,80.8,5.8,5.3,20.4,3480,5
STLO-1905403-216, 861,861,,35.0,50.0,0.07,92.8,3.7,3.0,7.0,3481,1
STLO-1905403-216, 862,862,,84.0,99.0,0.09,91.2,3.9,3.1,7.7,3482,2
STLO-1905403-216, 863,863,,135.0,150.0,0.09,91.0,4.1,3.4,3.8,3483,3
STLO-1905403-216, 864,864,,184.0,199.0,0.07,92.4,4.8,4.2,4.9,3484,4
STLO-1905403-216, 865,865,,235.0,250.0,0.11,89.2,5.5,5.0,7.3,3485,5
STLO-1905403-216, 866,866,,284.0,299.0,0.15,84.5,5.7,5.1,10.8,3486,6
STLO-1905405-217,1210,1210,,35.0,50.0,0.19,81.3,5.0,4.3,14.2,3487,1
STLO-1905410-218, 868,868,,35.0,50.0,0.09,90.5,3.7,3.2,10.1,3488,1
STLO-1905410-218, 869,869,,84.0,99.0,0.08,91.9,4.2,3.4,8.3,3489,2
STLO-1905410-218, 870,870,,135.0,150.0,0.12,88.3,4.2,3.7,5.2,3490,3
STLO-1905410-218, 871,871,,184.0,199.0,0.14,86.7,4.9,4.3,9.6,3491,4
STLO-1905410-218, 872,872,,235.0,250.0,0.15,85.8,5.4,4.8,9.8,3492,5
STLO-1905410-218, 873,873,,284.0,299.0,0.2,81.2,5.6,5.2,14.4,3493,6
STLO-1905410-218, 874,874,,335.0,350.0,0.17,84.0,5.8,5.4,10.1,3494,7
STLO-1905410-218, 875,875,,384.0,399.0,0.16,85.4,5.5,5.3,12.0,3495,8
STLO-1905410-218, 876,876,,410.0,425.0,0.19,83.3,5.8,5.6,24.7,3496,9
STLO-1905410-219, 878,878,,45.0,58.0,0.15,84.1,4.6,3.9,7.7,3497,1
STLO-1905410-219, 879,879,,84.0,99.0,0.13,86.6,5.1,4.5,8.8,3498,2
STLO-1905410-219, 880,880,,135.0,150.0,0.17,84.1,5.5,5.0,11.9,3499,3
STLO-1905410-219, 881,881,,184.0,199.0,0.21,80.0,5.6,5.2,18.5,3500,4
STLO-1905415-220, 883,883,,50.0,65.0,0.16,85.1,4.2,4.1,7.6,3501,1
STLO-1905415-220, 884,884,,84.0,99.0,0.15,85.9,4.8,4.2,7.7,3502,2
STLO-1905415-220, 885,885,,135.0,150.0,0.16,85.2,5.2,4.7,11.2,3503,3
STLO-1905415-220, 886,886,,161.0,176.0,0.23,80.0,5.4,5.1,16.5,3504,4
STLO-1905415-221, 888,888,,35.0,50.0,0.06,93.0,4.1,3.1,9.5,3505,1
STLO-1905415-221, 889,889,,84.0,99.0,0.05,93.5,4.0,3.1,8.3,3506,2
STLO-1905415-221, 890,890,,135.0,150.0,0.13,87.6,4.2,3.4,4.8,3507,3
STLO-1905415-221, 891,891,,167.0,182.0,0.15,85.8,4.6,4.1,21.1,3508,4
STLO-1905415-222, 893,893,,35.0,50.0,0.08,91.2,4.0,3.1,4.9,3509,1
STLO-1905415-222, 894,894,,84.0,99.0,0.1,89.7,3.9,3.2,3.7,3510,2
STLO-1905415-222, 895,895,,135.0,150.0,0.08,92.0,4.3,3.5,3.8,3511,3
STLO-1905415-222, 896,896,,184.0,199.0,0.13,87.1,4.6,3.9,8.5,3512,4
STLO-1905415-222, 897,897,,235.0,250.0,0.16,84.4,5.2,4.6,10.5,3513,5
STLO-1905415-222, 898,898,,266.0,281.0,0.16,85.2,5.6,5.1,15.2,3514,6
STLO-1905422-223, 900,900,,40.0,55.0,0.07,90.5,4.1,3.3,16.3,3515,1
STLO-1905422-223, 901,901,,84.0,99.0,0.07,90.3,3.8,3.1,9.1,3516,2
STLO-1905422-223, 902,902,,135.0,150.0,0.16,84.8,4.2,3.5,4.8,3517,3
STLO-1905422-223, 903,903,,176.0,191.0,0.2,81.0,4.5,3.9,10.6,3518,4
STLO-1905424-469,3822,3822,,20.0,35.0,0.11,88.2,4.7,4.2,5.2,3519,1
STLO-1905424-469,3823,3823,,70.0,85.0,0.14,86.7,5.4,4.8,10.8,3520,2
STLO-1905424-469,3824,3824,,125.0,140.0,0.13,87.7,5.7,5.2,9.1,3521,3
STLO-1905424-469,3825,3825,,175.0,190.0,0.12,89.0,6.0,5.4,7.7,3522,4
STLO-1905424-469,3826,3826,,205.0,220.0,0.13,88.3,5.8,5.2,6.6,3523,5
STLO-1905424-469,3827,3827,,225.0,240.0,0.21,81.5,6.1,5.5,30.7,3524,6
STLO-1905424-469,3828,3828,,265.0,280.0,0.14,87.6,6.0,5.5,7.3,3525,7
STLO-1905424-469,3829,3829,,320.0,335.0,0.11,89.5,6.2,5.6,6.1,3526,8
STLO-1905424-474,3847,3847,,25.0,40.0,0.1,87.9,5.1,4.3,5.5,3527,1
STLO-1905424-474,3848,3848,,75.0,90.0,0.12,87.9,5.6,4.9,7.2,3528,2
STLO-1905424-474,3849,3849,,115.0,130.0,0.14,86.5,5.8,5.2,9.5,3529,3
STLO-1905424-474,3850,3850,,170.0,185.0,0.16,85.1,6.0,5.4,21.1,3530,4
STLO-1905424-474,3851,3851,,215.0,230.0,0.12,89.2,6.0,5.4,6.4,3531,5
STLO-1905424-474,3852,3852,,265.0,280.0,0.18,83.6,6.2,5.6,16.8,3532,6
STLO-1905424-474,3853,3853,,315.0,330.0,0.11,89.6,6.0,5.4,8.4,3533,7
STLO-1905424-474,3854,3854,,360.0,375.0,0.09,91.8,6.2,5.6,4.7,3534,8
STLO-1905424-474,3920,3920,,55.0,70.0,0.12,87.7,,,7.4,3535,9
STLO-1905424-474,3921,3921,,185.0,200.0,0.15,85.7,,,19.4,3536,10
STLO-1905424-474,3922,3922,,265.0,280.0,0.16,85.9,,,16.6,3537,11
STLO-1905424-475,3855,3855,,25.0,40.0,0.19,86.0,4.7,4.1,10.4,3538,1
STLO-1905424-475,3856,3856,,70.0,85.0,0.18,87.5,5.6,5.0,7.1,3539,2
STLO-1905424-475,3857,3857,,125.0,140.0,0.13,87.9,5.9,5.3,8.8,3540,3
STLO-1905424-475,3858,3858,,165.0,180.0,0.18,87.5,6.0,5.3,9.9,3541,4
STLO-1905424-475,3859,3859,,230.0,245.0,0.11,88.9,6.1,5.5,7.9,3542,5
STLO-1905424-475,3860,3860,,255.0,270.0,0.1,82.9,6.2,5.6,18.6,3543,6
STLO-1905424-475,3861,3861,,315.0,330.0,,85.7,6.0,5.6,13.5,3544,7
STLO-1905425-470,3830,3830,,10.0,25.0,0.16,84.1,4.6,4.0,7.3,3545,1
STLO-1905425-470,3831,3831,,55.0,70.0,0.18,82.7,5.5,4.9,14.5,3546,2
STLO-1905425-470,3832,3832,,80.0,95.0,0.18,82.9,5.8,5.2,13.2,3547,3
STLO-1905425-470,3833,3833,,110.0,125.0,0.19,82.9,5.9,5.3,20.6,3548,4
STLO-1905425-470,3834,3834,,133.0,148.0,0.13,87.7,6.0,5.4,6.9,3549,5
STLO-1905425-470,3835,3835,,160.0,175.0,0.14,87.0,6.1,5.5,8.5,3550,6
STLO-1905425-471,3836,3836,,32.0,47.0,0.17,84.0,4.4,3.7,10.0,3551,1
STLO-1905425-471,3837,3837,,80.0,95.0,0.18,83.7,4.9,4.3,16.0,3552,2
STLO-1905425-471,3838,3838,,105.0,120.0,0.16,85.2,5.2,4.7,7.9,3553,3
STLO-1905425-472,3839,3839,,20.0,35.0,0.17,82.7,5.0,4.5,9.5,3554,1
STLO-1905425-472,3840,3840,,58.0,73.0,0.16,84.1,5.5,5.0,11.6,3555,2
STLO-1905425-472,3841,3841,,80.0,95.0,0.15,85.9,5.5,4.9,8.0,3556,3
STLO-1905425-472,3842,3842,,110.0,125.0,0.18,83.6,5.6,5.1,15.4,3557,4
STLO-1905425-473,3843,3843,,30.0,45.0,0.13,87.2,5.8,5.2,9.0,3558,1
STLO-1905425-473,3844,3844,,68.0,83.0,0.15,85.9,6.1,5.6,12.3,3559,2
STLO-1905425-473,3845,3845,,130.0,145.0,0.14,87.0,6.2,5.6,9.7,3560,3
STLO-1905425-473,3846,3846,,160.0,175.0,0.15,86.1,6.2,5.7,11.6,3561,4
STLO-1905425-473,3916,3916,,20.0,35.0,0.14,85.0,,,9.5,3562,5
STLO-1905425-473,3917,3917,,90.0,105.0,0.17,84.9,,,13.7,3563,6
STLO-1905425-473,3919,3919,,155.0,170.0,0.15,86.0,,,12.4,3564,7
STLO-1905427-224, 905,905,,35.0,50.0,0.17,81.4,5.4,4.9,10.6,3565,1
STLO-1905427-224, 906,906,,84.0,99.0,0.2,80.4,5.8,5.3,11.5,3566,2
STLO-1905427-224, 907,907,,110.0,125.0,0.22,80.5,6.1,5.5,12.3,3567,3
STLO-1905427-225, 909,909,,47.0,62.0,0.17,82.8,4.9,4.4,15.0,3568,1
STLO-1905427-225, 910,910,,84.0,99.0,0.21,79.7,5.5,5.1,16.4,3569,2
STLO-1905427-225, 911,911,,135.0,150.0,0.21,81.9,6.1,5.6,16.2,3570,3
STLO-1905427-226, 913,913,,45.0,60.0,0.15,83.9,4.3,3.9,6.7,3571,1
STLO-1905427-226, 914,914,,84.0,99.0,0.19,81.7,5.3,4.7,11.4,3572,2
STLO-1905427-226, 915,915,,135.0,150.0,0.2,81.7,5.8,5.3,19.0,3573,3
STLO-1905430-227, 946,946,,35.0,50.0,0.1,89.8,3.8,3.0,5.3,3574,1
STLO-1905430-227, 947,947,,84.0,99.0,0.05,94.5,4.0,3.1,2.6,3575,2
STLO-1905430-227, 948,948,,135.0,150.0,0.07,92.3,3.9,3.1,2.7,3576,3
STLO-1905430-227, 949,949,,184.0,199.0,0.07,92.7,4.4,3.5,4.0,3577,4
STLO-1905430-227, 950,950,,235.0,250.0,0.09,90.8,4.7,4.1,6.5,3578,5
STLO-1905430-227, 951,951,,284.0,299.0,0.13,87.1,5.3,4.6,6.7,3579,6
STLO-1905430-227, 952,952,,335.0,350.0,0.13,87.6,5.7,4.9,8.2,3580,7
STLO-1905430-227, 953,953,,384.0,399.0,0.21,80.2,5.8,5.2,30.9,3581,8
STLO-1905430-227, 954,954,,435.0,450.0,0.17,84.0,5.8,5.4,10.6,3582,9
STLO-1905430-228, 926,926,,55.0,70.0,0.08,92.1,3.9,3.0,8.2,3583,1
STLO-1905430-228, 927,927,,84.0,99.0,0.06,93.8,4.0,3.2,7.3,3584,2
STLO-1905430-228, 928,928,,135.0,150.0,0.07,93.1,4.3,3.6,3.0,3585,3
STLO-1905430-228, 929,929,,184.0,199.0,0.1,90.0,5.0,4.5,6.6,3586,4
STLO-1905430-228, 930,930,,235.0,250.0,0.09,90.7,5.7,4.9,6.9,3587,5
STLO-1905430-228, 931,931,,284.0,299.0,0.14,85.9,5.7,5.1,10.9,3588,6
STLO-1905430-228, 932,932,,335.0,350.0,0.18,83.4,5.8,5.2,14.7,3589,7
STLO-1905430-229, 925,925,,64.0,79.0,0.13,85.8,4.3,3.5,6.9,3590,1
STLO-1905430-230, 934,934,,69.0,84.0,0.07,90.0,4.0,3.0,4.6,3591,1
STLO-1905430-230, 935,935,,84.0,99.0,0.04,92.7,4.0,3.0,3.3,3592,2
STLO-1905430-230, 936,936,,135.0,150.0,0.06,93.8,4.2,3.2,2.0,3593,3
STLO-1905430-230, 937,937,,184.0,199.0,0.07,93.1,4.4,3.6,2.9,3594,4
STLO-1905430-230, 938,938,,235.0,250.0,0.08,92.2,4.9,4.1,4.4,3595,5
STLO-1905430-230, 939,939,,284.0,299.0,0.08,91.2,5.4,4.7,5.3,3596,6
STLO-1905430-230, 940,940,,335.0,350.0,0.12,88.0,5.7,5.0,8.8,3597,7
STLO-1905430-230, 941,941,,384.0,399.0,0.13,86.5,5.8,5.1,14.3,3598,8
STLO-1905430-230, 942,942,,435.0,450.0,0.13,87.0,5.8,5.3,10.6,3599,9
STLO-1905430-230, 943,943,,484.0,499.0,0.18,81.4,5.0,4.9,23.0,3600,10
STLO-1905430-A+400+1000,4995,4995,,0.0,20.0,,,3.8,3.0,,3601,1
STLO-1905430-A+400+1000,4996,4996,,20.0,50.0,,,3.8,2.9,,3602,2
STLO-1905430-A+400+1000,4997,4997,,70.0,100.0,,,4.1,3.1,,3603,3
STLO-1905430-A+400+1000,4998,4998,,120.0,150.0,,,4.4,3.5,,3604,4
STLO-1905430-A+400+1000,4999,4999,,170.0,200.0,,,4.8,4.1,,3605,5
STLO-1905430-A+400+1000,5000,5000,,10.0,25.0,0.04,93.7,,,7.1,3606,6
STLO-1905430-A+400+1000,5001,5001,,25.0,40.0,0.05,93.4,,,5.1,3607,7
STLO-1905430-A+400+1000,5002,5002,,60.0,75.0,0.09,90.7,,,7.9,3608,8
STLO-1905430-A+400+1000,5003,5003,,80.0,95.0,0.08,91.9,,,3.3,3609,9
STLO-1905430-A+400+1000,5004,5004,,110.0,125.0,0.04,93.2,,,2.0,3610,10
STLO-1905430-A+400+1000,5005,5005,,130.0,145.0,0.05,92.5,,,3.4,3611,11
STLO-1905430-A-400+800,4965,4965,,0.0,20.0,,,3.5,2.7,,3612,1
STLO-1905430-A-400+800,4966,4966,,20.0,50.0,,,3.6,2.7,,3613,2
STLO-1905430-A-400+800,4967,4967,,70.0,100.0,,,3.8,2.9,,3614,3
STLO-1905430-A-400+800,4968,4968,,120.0,150.0,,,4.0,3.2,,3615,4
STLO-1905430-A-400+800,4969,4969,,170.0,200.0,,,4.5,3.6,,3616,5
STLO-1905430-A-400+800,4970,4970,,15.0,30.0,0.06,92.9,,,4.3,3617,6
STLO-1905430-A-400+800,4971,4971,,30.0,45.0,0.07,91.1,,,7.1,3618,7
STLO-1905430-A-400+800,4972,4972,,55.0,70.0,0.06,90.6,,,3.7,3619,8
STLO-1905430-A-400+800,4973,4973,,80.0,95.0,0.07,92.9,,,1.9,3620,9
STLO-1905430-A-400+800,4974,4974,,105.0,120.0,0.06,92.9,,,2.1,3621,10
STLO-1905430-A-400+800,4975,4975,,130.0,145.0,0.07,93.1,,,2.2,3622,11
STLO-1905430-A0+1200,4986,4986,,0.0,20.0,,,3.8,2.8,,3623,1
STLO-1905430-A0+1200,4987,4987,,20.0,50.0,,,3.8,2.9,,3624,2
STLO-1905430-A0+1200,4988,4988,,70.0,100.0,,,3.9,2.9,,3625,3
STLO-1905430-A0+1200,4989,4989,,120.0,150.0,,,4.0,3.2,,3626,4
STLO-1905430-A0+1200,4990,4990,,170.0,200.0,,,4.4,3.3,,3627,5
STLO-1905430-A0+1200,4991,4991,,30.0,45.0,0.1,89.2,,,8.3,3628,6
STLO-1905430-A0+1200,4992,4992,,55.0,70.0,0.06,92.6,,,2.4,3629,7
STLO-1905430-A0+1200,4993,4993,,80.0,95.0,0.07,92.9,,,2.0,3630,8
STLO-1905430-A0+1200,4994,4994,,125.0,140.0,0.06,93.7,,,1.8,3631,9
STLO-1905430-A0+400,4976,4976,,0.0,20.0,,,3.7,2.8,,3632,1
STLO-1905430-A0+400,4977,4977,,20.0,50.0,,,3.5,2.7,,3633,2
STLO-1905430-A0+400,4978,4978,,70.0,100.0,,,3.7,2.9,,3634,3
STLO-1905430-A0+400,4979,4979,,120.0,150.0,,,4.0,3.0,,3635,4
STLO-1905430-A0+400,4980,4980,,170.0,200.0,,,4.4,3.3,,3636,5
STLO-1905430-A0+400,4981,4981,,30.0,45.0,0.06,90.4,,,6.2,3637,6
STLO-1905430-A0+400,4982,4982,,55.0,70.0,0.05,93.0,,,4.3,3638,7
STLO-1905430-A0+400,4983,4983,,75.0,90.0,0.05,93.0,,,2.3,3639,8
STLO-1905430-A0+400,4984,4984,,90.0,105.0,0.06,93.8,,,2.6,3640,9
STLO-1905430-A0+400,4985,4985,,110.0,125.0,0.05,93.3,,,2.1,3641,10
STLO-1905434-231, 917,917,,40.0,55.0,0.17,83.0,4.8,4.2,10.1,3642,1
STLO-1905434-231, 918,918,,84.0,99.0,0.24,77.6,5.7,5.2,18.5,3643,2
STLO-1905434-231, 919,919,,120.0,135.0,0.26,77.6,6.0,5.7,22.9,3644,3
STLO-1905434-232, 921,921,,30.0,35.0,,,4.4,3.8,,3645,1
STLO-1905434-232, 922,922,,55.0,70.0,0.12,86.5,5.3,4.5,9.2,3646,2
STLO-1905434-232, 923,923,,83.0,98.0,0.27,76.0,5.7,4.9,26.0,3647,3
STLO-1905503-267,1200,1200,,23.0,38.0,,,4.5,4.3,,3648,1
STLO-1905503-268,1202,1202,,35.0,50.0,0.18,81.7,3.9,3.4,7.8,3649,1
STLO-1905503-268,1203,1203,,84.0,99.0,0.15,85.1,4.5,4.1,11.2,3650,2
STLO-1905523-269,1204,1204,,0.0,5.0,,86.6,4.3,,28.3,3651,1
STLO-1905523-269,1205,1205,,20.0,25.0,,76.0,4.4,3.8,66.5,3652,2
STLO-1905526-270,1206,1206,,84.0,99.0,0.2,78.6,5.1,4.6,11.2,3653,1
STLO-1905532-271,1208,1208,,25.0,40.0,0.27,70.3,4.3,3.7,20.6,3654,1
STLO-1906126-221,3576,3576,,40.0,60.0,0.13,87.4,3.6,2.9,6.4,3655,1
STLO-1906126-221,3577,3577,,50.0,100.0,0.07,92.8,3.7,3.0,1.9,3656,2
STLO-1906132-220,3578,3578,,30.0,60.0,0.13,86.2,5.5,4.9,9.4,3657,1
STLO-1906132-220,3579,3579,,80.0,120.0,0.16,83.4,5.2,4.8,10.2,3658,2
STLO-2005212-616,3951,3951,,30.0,45.0,0.17,82.5,3.9,3.4,8.2,3659,1
STLO-2005212-616,3952,3952,,105.0,120.0,0.19,81.9,5.3,4.6,13.4,3660,2
STLO-2005303-174, 342,342,,35.0,50.0,0.06,91.7,4.7,4.0,8.5,3661,1
STLO-2005303-174, 343,343,,84.0,99.0,0.09,90.1,4.9,4.3,5.9,3662,2
STLO-2005303-174, 344,344,,135.0,150.0,0.11,89.2,5.3,4.7,9.4,3663,3
STLO-2005303-174, 345,345,,184.0,199.0,0.11,89.0,5.7,5.0,10.3,3664,4
STLO-2005303-174, 346,346,,235.0,250.0,0.11,89.7,6.0,5.3,8.0,3665,5
STLO-2005303-174, 347,347,,284.0,299.0,0.11,88.8,6.2,5.5,9.6,3666,6
STLO-2005303-174, 348,348,,335.0,350.0,0.14,86.8,6.1,5.6,10.8,3667,7
STLO-2005303-174, 349,349,,360.0,375.0,0.21,81.0,6.1,5.7,15.5,3668,8
STLO-2005303-175, 334,334,,35.0,50.0,0.05,92.8,4.4,3.7,8.3,3669,1
STLO-2005303-175, 335,335,,84.0,99.0,0.1,89.6,4.9,4.3,8.5,3670,2
STLO-2005303-175, 336,336,,135.0,150.0,0.09,90.8,5.3,4.7,10.0,3671,3
STLO-2005303-175, 337,337,,184.0,199.0,0.12,88.7,5.7,5.1,16.4,3672,4
STLO-2005303-175, 338,338,,235.0,250.0,0.11,89.6,6.0,5.4,9.1,3673,5
STLO-2005303-175, 339,339,,284.0,299.0,0.12,88.2,6.1,5.6,10.7,3674,6
STLO-2005303-175, 340,340,,310.0,325.0,0.14,86.5,6.0,5.7,23.4,3675,7
STLO-2005303-176, 326,326,,35.0,50.0,0.08,89.2,4.7,4.0,9.4,3676,1
STLO-2005303-176, 327,327,,84.0,99.0,0.11,88.6,5.7,5.3,7.9,3677,2
STLO-2005303-176, 328,328,,135.0,150.0,0.1,90.0,5.9,5.4,5.8,3678,3
STLO-2005303-176, 329,329,,184.0,199.0,0.11,88.8,6.1,5.5,13.1,3679,4
STLO-2005303-176, 330,330,,235.0,250.0,0.11,88.9,6.3,5.7,9.4,3680,5
STLO-2005303-176, 331,331,,284.0,299.0,0.11,88.7,6.3,5.8,9.8,3681,6
STLO-2005303-176, 332,332,,335.0,350.0,0.13,87.2,6.1,5.8,8.9,3682,7
STLO-2005303-524,3907,3907,,38.0,73.0,0.08,90.6,5.1,4.1,7.0,3683,1
STLO-2005303-524,3908,3908,,143.0,173.0,0.1,89.6,5.7,5.1,10.0,3684,2
STLO-2005303-524,3910,3910,,235.0,280.0,0.12,88.7,5.9,5.3,16.7,3685,3
STLO-2005308-613,3944,3944,,30.0,45.0,0.13,85.8,5.4,4.8,11.8,3686,1
STLO-2005308-613,3945,3945,,95.0,110.0,0.19,82.6,6.0,5.4,12.8,3687,2
STLO-2005310-177, 318,318,,50.0,65.0,0.1,91.0,4.9,4.1,13.6,3688,1
STLO-2005310-177, 319,319,,84.0,99.0,0.1,89.7,5.5,4.8,6.0,3689,2
STLO-2005310-177, 320,320,,135.0,150.0,0.12,88.5,6.0,5.4,9.2,3690,3
STLO-2005310-177, 321,321,,184.0,199.0,0.11,89.2,6.1,5.6,7.3,3691,4
STLO-2005310-177, 322,322,,235.0,250.0,0.12,88.3,6.2,5.6,7.2,3692,5
STLO-2005310-177, 323,323,,284.0,299.0,0.11,88.8,6.3,5.8,7.9,3693,6
STLO-2005310-177, 324,324,,335.0,350.0,0.14,87.0,6.3,5.8,21.5,3694,7
STLO-2005310-178, 308,308,,35.0,50.0,0.07,91.6,4.4,3.7,7.0,3695,1
STLO-2005310-178, 309,309,,84.0,99.0,0.1,89.5,4.9,4.0,9.0,3696,2
STLO-2005310-178, 310,310,,135.0,150.0,0.1,89.5,5.4,4.7,7.4,3697,3
STLO-2005310-178, 311,311,,184.0,199.0,0.1,90.1,6.1,5.5,8.0,3698,4
STLO-2005310-178, 312,312,,235.0,250.0,0.12,88.0,5.9,5.3,12.3,3699,5
STLO-2005310-178, 313,313,,284.0,299.0,0.11,88.8,5.8,5.0,11.1,3700,6
STLO-2005310-178, 314,314,,335.0,350.0,0.07,92.6,6.3,5.6,9.5,3701,7
STLO-2005310-178, 315,315,,384.0,399.0,0.1,90.6,6.3,5.6,9.7,3702,8
STLO-2005310-179, 297,297,,35.0,50.0,0.06,93.0,4.0,3.1,6.8,3703,1
STLO-2005310-179, 298,298,,84.0,99.0,0.1,90.3,4.3,3.4,4.8,3704,2
STLO-2005310-179, 299,299,,135.0,150.0,0.11,89.0,4.9,4.0,6.2,3705,3
STLO-2005310-179, 300,300,,184.0,199.0,0.12,87.8,5.5,4.8,8.4,3706,4
STLO-2005310-179, 301,301,,235.0,250.0,0.12,88.2,5.8,5.0,8.5,3707,5
STLO-2005310-179, 302,302,,284.0,299.0,0.1,90.1,6.1,5.4,9.6,3708,6
STLO-2005310-179, 303,303,,335.0,350.0,0.1,89.9,6.2,5.5,10.0,3709,7
STLO-2005310-179, 304,304,,384.0,399.0,0.1,90.0,6.1,5.5,7.9,3710,8
STLO-2005310-179, 305,305,,420.0,435.0,0.14,86.8,5.4,5.2,11.8,3711,9
STLO-2005310-180, 289,289,,35.0,50.0,0.11,89.5,3.9,3.1,10.6,3712,1
STLO-2005310-180, 290,290,,84.0,99.0,0.07,91.9,5.0,4.2,4.8,3713,2
STLO-2005310-180, 291,291,,135.0,150.0,0.05,88.9,5.8,5.1,8.1,3714,3
STLO-2005310-180, 292,292,,185.0,200.0,0.11,88.6,6.0,5.3,13.1,3715,4
STLO-2005310-180, 293,293,,235.0,250.0,0.15,85.5,5.9,5.3,14.9,3716,5
STLO-2005310-180, 294,294,,284.0,299.0,0.13,87.4,6.0,5.4,10.4,3717,6
STLO-2005310-180, 295,295,,315.0,330.0,0.14,86.4,5.9,5.4,14.3,3718,7
STLO-2005315-181, 151,151,,35.0,50.0,0.1,89.8,4.1,3.3,9.5,3719,1
STLO-2005315-181, 152,152,,84.0,99.0,0.1,90.1,4.1,3.5,3.4,3720,2
STLO-2005315-181, 153,153,,135.0,150.0,0.15,85.7,4.8,4.2,8.9,3721,3
STLO-2005315-181, 154,154,,184.0,199.0,0.15,85.1,5.3,4.8,9.7,3722,4
STLO-2005315-181, 155,155,,220.0,235.0,0.17,83.7,5.5,5.0,15.1,3723,5
STLO-2005315-183, 146,146,,35.0,50.0,0.08,91.5,4.0,3.5,9.2,3724,1
STLO-2005315-183, 147,147,,84.0,99.0,0.13,86.2,5.5,4.9,7.4,3725,2
STLO-2005315-183, 148,148,,135.0,150.0,0.17,83.1,5.6,5.1,14.6,3726,3
STLO-2005315-183, 149,149,,184.0,199.0,,82.5,5.8,5.3,13.5,3727,4
STLO-2005315-183, 150,150,,220.0,235.0,0.18,83.1,6.1,5.4,15.7,3728,5
STLO-2005315-184, 116,116,,35.0,50.0,0.11,88.0,4.0,3.1,8.8,3729,1
STLO-2005315-184, 117,117,,84.0,99.0,0.13,87.6,4.2,3.4,9.8,3730,2
STLO-2005315-184, 118,118,,135.0,150.0,0.17,84.2,4.7,4.2,9.4,3731,3
STLO-2005315-184, 119,119,,184.0,199.0,0.16,84.5,5.3,4.9,11.1,3732,4
STLO-2005315-184, 120,120,,215.0,230.0,0.18,82.8,5.6,5.3,15.9,3733,5
STLO-2005315-525,3910,3910,,20.0,63.0,0.1,89.3,3.9,3.1,4.4,3734,1
STLO-2005315-525,3911,3911,,120.0,145.0,0.13,87.3,5.0,4.2,7.2,3735,2
STLO-2005315-525,3912,3912,,180.0,205.0,0.15,85.8,5.5,4.9,11.9,3736,3
STLO-2005316-185, 114,114,,35.0,50.0,0.13,86.6,4.7,4.1,8.6,3737,1
STLO-2005316-185, 115,115,,78.0,93.0,0.21,78.2,5.4,4.9,23.2,3738,2
STLO-2005316-614,3946,3946,,20.0,35.0,0.13,85.2,4.5,3.7,11.8,3739,1
STLO-2005316-614,3947,3947,,85.0,100.0,0.15,85.4,5.3,5.0,10.8,3740,2
STLO-2005318-186,1212,1212,,35.0,50.0,0.36,62.4,5.6,5.2,66.9,3741,1
STLO-2005336-618,3955,3955,,25.0,40.0,0.1,88.2,4.1,3.2,5.0,3742,1
STLO-2005336-618,3956,3956,,90.0,105.0,0.13,86.5,4.9,4.0,8.0,3743,2
STLO-2005423-233, 454,454,,35.0,50.0,0.1,88.6,3.9,3.3,7.7,3744,1
STLO-2005423-233, 455,455,,84.0,99.0,0.08,91.8,4.8,4.0,5.6,3745,2
STLO-2005423-233, 456,456,,135.0,150.0,0.11,89.0,5.7,5.1,7.7,3746,3
STLO-2005423-233, 457,457,,184.0,199.0,0.1,89.8,6.1,5.5,7.0,3747,4
STLO-2005423-233, 458,458,,235.0,250.0,0.13,86.8,6.0,5.4,11.2,3748,5
STLO-2005423-233, 459,459,,284.0,299.0,0.19,81.3,6.3,5.6,19.2,3749,6
STLO-2005423-233, 460,460,,335.0,350.0,0.19,82.7,6.4,5.8,19.6,3750,7
STLO-2005423-233, 461,461,,370.0,385.0,0.25,77.8,6.4,5.9,21.9,3751,8
STLO-2005423-234, 443,443,,35.0,50.0,0.14,89.0,3.7,3.1,6.7,3752,1
STLO-2005423-234, 444,444,,84.0,99.0,0.08,91.8,4.0,3.2,2.7,3753,2
STLO-2005423-234, 445,445,,135.0,150.0,0.09,90.6,4.4,3.6,2.6,3754,3
STLO-2005423-234, 446,446,,184.0,199.0,0.11,88.9,5.0,4.3,4.3,3755,4
STLO-2005423-234, 447,447,,235.0,250.0,0.16,85.3,5.4,4.8,9.1,3756,5
STLO-2005423-234, 448,448,,284.0,299.0,0.17,84.4,5.8,5.2,24.1,3757,6
STLO-2005423-234, 449,449,,335.0,350.0,0.19,82.1,5.9,3.4,14.1,3758,7
STLO-2005423-234, 450,450,,365.0,380.0,0.2,81.2,6.0,5.4,16.1,3759,8
STLO-2005423-234, 451,451,,395.0,407.0,,59.0,6.2,5.6,6.1,3760,9
STLO-2005423-235, 435,435,,35.0,50.0,0.08,91.3,4.1,3.2,6.8,3761,1
STLO-2005423-235, 436,436,,84.0,99.0,0.06,93.8,4.1,3.3,6.3,3762,2
STLO-2005423-235, 437,437,,135.0,150.0,0.1,89.4,4.3,3.4,5.6,3763,3
STLO-2005423-235, 438,438,,184.0,199.0,0.07,92.1,4.8,4.1,7.1,3764,4
STLO-2005423-235, 439,439,,235.0,250.0,0.12,88.3,5.5,4.8,8.6,3765,5
STLO-2005423-235, 440,440,,284.0,299.0,0.15,85.8,5.9,5.2,16.8,3766,6
STLO-2005423-235, 441,441,,335.0,350.0,0.17,84.3,6.1,5.5,10.7,3767,7
STLO-2005423-235, 442,442,,355.0,365.0,0.12,76.4,6.2,5.6,29.9,3768,8
STLO-2005423-236, 433,433,,35.0,50.0,0.05,94.1,4.0,3.2,5.8,3769,1
STLO-2005423-236, 434,434,,75.0,90.0,0.13,87.0,4.1,3.2,10.5,3770,2
STLO-2005423-237, 429,429,,35.0,50.0,,95.7,4.7,3.8,6.4,3771,1
STLO-2005423-237, 430,430,,84.0,99.0,0.08,91.1,4.7,4.0,7.0,3772,2
STLO-2005423-237, 431,431,,103.0,118.0,0.14,86.4,5.2,3.4,10.5,3773,3
STLO-2005423-238, 994,994,,35.0,50.0,0.08,92.1,3.6,3.1,6.8,3774,1
STLO-2005423-238, 995,995,,84.0,99.0,0.08,91.3,3.7,3.3,6.1,3775,2
STLO-2005423-238, 996,996,,135.0,150.0,0.08,92.0,4.4,4.0,8.6,3776,3
STLO-2005423-238, 997,997,,184.0,199.0,0.11,88.8,5.0,4.8,10.8,3777,4
STLO-2005423-238, 998,998,,235.0,250.0,0.13,86.8,5.3,5.0,14.5,3778,5
STLO-2005423-238, 999,999,,284.0,299.0,0.16,84.7,5.4,5.2,16.8,3779,6
STLO-2005424-239, 988,988,,35.0,50.0,0.08,91.5,4.2,3.5,8.5,3780,1
STLO-2005424-239, 989,989,,84.0,99.0,0.07,91.9,4.8,3.4,5.9,3781,2
STLO-2005424-239, 990,990,,135.0,150.0,0.1,90.1,5.7,5.1,9.9,3782,3
STLO-2005424-239, 991,991,,184.0,199.0,0.08,91.2,5.7,5.3,9.8,3783,4
STLO-2005424-239, 992,992,,225.0,240.0,0.16,84.1,5.5,5.3,10.4,3784,5
STLO-2005424-240, 981,981,,35.0,50.0,0.06,93.4,4.3,3.6,4.5,3785,1
STLO-2005424-240, 982,982,,84.0,99.0,0.07,92.1,4.7,4.5,7.7,3786,2
STLO-2005424-240, 983,983,,135.0,150.0,0.09,91.1,5.6,5.1,10.4,3787,3
STLO-2005424-240, 984,984,,184.0,199.0,0.12,88.5,5.8,5.4,14.0,3788,4
STLO-2005424-240, 985,985,,235.0,250.0,0.14,86.2,5.8,5.4,15.2,3789,5
STLO-2005424-240, 986,986,,263.0,278.0,0.15,85.3,5.7,5.2,14.2,3790,6
STLO-2005425-210, 963,963,,38.0,53.0,0.11,88.5,4.0,3.3,13.4,3791,1
STLO-2005425-211, 956,956,,35.0,50.0,0.07,92.3,4.0,3.1,5.0,3792,1
STLO-2005425-211, 957,957,,84.0,99.0,0.06,93.7,4.0,3.2,4.6,3793,2
STLO-2005425-211, 958,958,,135.0,150.0,0.06,94.1,4.1,3.3,2.6,3794,3
STLO-2005425-211, 959,959,,184.0,199.0,0.08,91.6,4.4,3.5,4.8,3795,4
STLO-2005425-211, 960,960,,235.0,250.0,0.11,88.6,4.9,4.3,7.4,3796,5
STLO-2005425-211, 961,961,,284.0,299.0,0.16,84.8,5.5,4.9,11.0,3797,6
STLO-2005425-241, 972,972,,35.0,50.0,0.07,91.0,3.7,3.0,8.7,3798,1
STLO-2005425-241, 973,973,,84.0,99.0,0.06,93.6,4.0,3.1,3.4,3799,2
STLO-2005425-241, 974,974,,135.0,150.0,0.07,93.2,4.0,3.2,2.1,3800,3
STLO-2005425-241, 975,975,,184.0,199.0,0.06,93.2,4.2,3.5,4.3,3801,4
STLO-2005425-241, 976,976,,235.0,250.0,0.11,88.7,5.1,4.4,10.8,3802,5
STLO-2005425-241, 977,977,,284.0,299.0,0.09,90.1,5.6,4.8,11.0,3803,6
STLO-2005425-241, 978,978,,335.0,350.0,0.14,85.4,5.4,4.9,14.6,3804,7
STLO-2005425-241, 979,979,,370.0,385.0,0.18,82.2,5.6,5.3,19.5,3805,8
STLO-2005425-242, 965,965,,35.0,50.0,0.05,94.9,4.0,3.2,11.6,3806,1
STLO-2005425-242, 966,966,,84.0,99.0,0.07,92.0,4.0,3.2,6.2,3807,2
STLO-2005425-242, 967,967,,135.0,150.0,0.07,93.0,4.2,3.4,3.0,3808,3
STLO-2005425-242, 968,968,,184.0,199.0,0.07,92.0,4.4,3.7,3.6,3809,4
STLO-2005425-242, 969,969,,235.0,250.0,0.12,88.1,5.1,4.4,8.8,3810,5
STLO-2005425-242, 970,970,,284.0,299.0,0.16,84.2,5.3,4.6,13.0,3811,6
STLO-2005426-243, 410,410,,35.0,50.0,0.06,93.0,4.3,3.3,4.8,3812,1
STLO-2005426-243, 411,411,,84.0,99.0,0.09,91.0,4.3,3.5,6.3,3813,2
STLO-2005426-243, 412,412,,135.0,150.0,0.08,91.7,5.3,4.7,6.1,3814,3
STLO-2005426-243, 413,413,,184.0,199.0,0.09,91.2,5.5,4.6,7.7,3815,4
STLO-2005426-243, 414,414,,235.0,250.0,0.07,92.6,5.7,5.1,7.6,3816,5
STLO-2005426-243, 415,415,,284.0,299.0,0.14,86.1,5.8,5.1,12.6,3817,6
STLO-2005426-243, 416,416,,315.0,330.0,0.17,83.6,5.9,5.3,18.1,3818,7
STLO-2005426-244, 399,399,,35.0,50.0,0.03,94.6,4.2,3.3,13.4,3819,1
STLO-2005426-244, 400,400,,84.0,99.0,0.07,91.4,4.4,3.6,6.1,3820,2
STLO-2005426-244, 401,401,,135.0,150.0,0.1,91.0,5.0,4.2,5.3,3821,3
STLO-2005426-244, 402,402,,184.0,199.0,0.09,91.3,5.4,4.8,9.5,3822,4
STLO-2005426-244, 403,403,,235.0,250.0,0.1,90.2,6.2,5.5,8.8,3823,5
STLO-2005426-244, 404,404,,284.0,299.0,0.1,90.0,6.2,5.5,7.7,3824,6
STLO-2005426-244, 405,405,,335.0,350.0,0.08,91.5,6.4,5.7,8.9,3825,7
STLO-2005426-244, 406,406,,384.0,399.0,0.12,88.6,6.3,5.8,9.5,3826,8
STLO-2005426-244, 407,407,,435.0,450.0,0.15,86.4,6.4,5.8,13.9,3827,9
STLO-2005426-244, 408,408,,464.0,479.0,0.19,83.4,6.4,5.8,30.8,3828,10
STLO-2005426-245, 389,389,,84.0,99.0,0.07,92.0,4.7,4.1,6.9,3829,1
STLO-2005426-245, 390,390,,135.0,150.0,0.09,91.4,5.3,4.7,8.8,3830,2
STLO-2005426-245, 391,391,,184.0,199.0,0.1,89.9,5.8,5.1,9.1,3831,3
STLO-2005426-245, 392,392,,235.0,250.0,0.11,89.7,5.6,5.4,10.3,3832,4
STLO-2005426-245, 393,393,,284.0,299.0,0.1,89.5,6.2,5.5,9.7,3833,5
STLO-2005426-245, 394,394,,335.0,350.0,0.11,89.7,6.2,5.5,9.8,3834,6
STLO-2005426-245, 395,395,,384.0,399.0,0.13,87.2,6.3,5.7,10.6,3835,7
STLO-2005426-245, 396,396,,425.0,440.0,0.15,86.8,6.3,5.7,13.7,3836,8
STLO-2005426-245, 397,397,,460.0,475.0,0.3,74.6,6.5,5.9,62.3,3837,9
STLO-2005434-246, 360,360,,50.0,65.0,,92.2,3.7,3.0,7.8,3838,1
STLO-2005434-246, 361,361,,84.0,99.0,0.09,90.2,4.7,3.9,7.8,3839,2
STLO-2005434-246, 362,362,,135.0,150.0,0.09,91.2,5.3,4.5,6.2,3840,3
STLO-2005434-246, 363,363,,184.0,199.0,0.09,91.5,5.7,5.0,6.4,3841,4
STLO-2005434-246, 364,364,,235.0,250.0,0.1,90.2,6.0,5.1,9.7,3842,5
STLO-2005434-246, 365,365,,284.0,299.0,0.1,89.8,6.2,5.4,8.5,3843,6
STLO-2005434-246, 366,366,,335.0,350.0,0.12,89.3,6.2,5.5,9.7,3844,7
STLO-2005434-246, 367,367,,384.0,399.0,0.12,88.7,6.2,5.6,9.1,3845,8
STLO-2005434-246, 368,368,,435.0,450.0,0.19,83.1,6.3,5.7,24.1,3846,9
STLO-2005434-246, 369,369,,459.0,474.0,0.12,88.7,6.1,5.7,8.4,3847,10
STLO-2005434-247, 351,351,,35.0,50.0,0.04,89.1,5.0,4.2,8.9,3848,1
STLO-2005434-247, 352,352,,84.0,99.0,0.08,91.1,5.5,4.9,5.7,3849,2
STLO-2005434-247, 353,353,,135.0,150.0,0.1,89.5,5.8,5.2,9.7,3850,3
STLO-2005434-247, 354,354,,184.0,199.0,0.1,89.5,6.0,5.5,9.9,3851,4
STLO-2005434-247, 355,355,,235.0,250.0,0.11,89.0,6.1,5.6,8.5,3852,5
STLO-2005434-247, 356,356,,284.0,299.0,0.11,88.3,6.3,5.7,11.5,3853,6
STLO-2005434-247, 357,357,,335.0,350.0,0.14,86.9,6.3,5.7,11.3,3854,7
STLO-2005434-247, 358,358,,350.0,365.0,0.14,86.5,6.3,5.8,11.8,3855,8
STLO-2005435-248, 380,380,,84.0,99.0,0.09,91.2,4.8,4.1,9.1,3856,1
STLO-2005435-248, 381,381,,135.0,150.0,0.08,92.0,5.5,4.9,6.8,3857,2
STLO-2005435-248, 382,382,,184.0,199.0,0.09,91.2,5.7,5.1,6.6,3858,3
STLO-2005435-248, 383,383,,235.0,250.0,0.09,91.2,6.1,5.4,8.8,3859,4
STLO-2005435-248, 384,384,,284.0,299.0,0.11,89.8,6.2,5.4,8.3,3860,5
STLO-2005435-248, 385,385,,335.0,350.0,0.12,89.2,6.3,5.6,13.9,3861,6
STLO-2005435-248, 386,386,,384.0,399.0,0.13,88.2,6.2,5.6,8.7,3862,7
STLO-2005435-248, 387,387,,435.0,450.0,0.12,88.7,6.2,5.7,10.7,3863,8
STLO-2005435-248, 388,388,,460.0,475.0,0.18,83.2,6.1,5.7,21.3,3864,9
STLO-2005435-249, 371,371,,84.0,99.0,0.06,92.1,5.3,4.4,7.2,3865,1
STLO-2005435-249, 372,372,,135.0,150.0,0.1,90.5,5.8,5.0,6.7,3866,2
STLO-2005435-249, 373,373,,184.0,199.0,0.08,91.8,6.1,5.3,8.4,3867,3
STLO-2005435-249, 374,374,,235.0,250.0,0.09,90.3,6.1,5.3,9.1,3868,4
STLO-2005435-249, 375,375,,284.0,299.0,0.1,89.8,6.3,5.6,10.7,3869,5
STLO-2005435-249, 376,376,,335.0,350.0,0.12,89.0,6.3,5.7,9.5,3870,6
STLO-2005435-249, 377,377,,384.0,399.0,0.13,88.2,6.3,5.8,9.8,3871,7
STLO-2005435-249, 378,378,,415.0,430.0,0.15,86.2,6.3,5.8,19.8,3872,8
STLO-2005502-273,1198,1198,,35.0,50.0,0.17,82.5,4.9,4.7,14.0,3873,1
STLO-2005503-274,1195,1195,,25.0,40.0,0.13,85.6,4.6,4.1,18.0,3874,1
STLO-2005503-275,1190,1190,,35.0,50.0,0.13,86.6,4.2,3.5,5.8,3875,1
STLO-2005503-275,1191,1191,,85.0,100.0,0.09,89.3,4.9,4.5,7.6,3876,2
STLO-2005503-275,1192,1192,,135.0,150.0,0.2,81.0,5.5,5.1,16.9,3877,3
STLO-2005503-275,1193,1193,,157.0,172.0,0.21,79.9,5.6,5.3,17.5,3878,4
STLO-2005504-276,1186,1186,,35.0,50.0,0.17,83.1,4.9,4.3,9.2,3879,1
STLO-2005504-276,1187,1187,,84.0,99.0,0.2,79.7,5.5,5.2,15.5,3880,2
STLO-2005504-276,1188,1188,,110.0,125.0,0.17,82.2,5.4,5.0,15.8,3881,3
STLO-2005507-T2,4499,4499,,35.0,45.0,,,,4.9,,3882,1
STLO-2005507-T2,4500,4500,,65.0,80.0,0.12,88.5,,,8.5,3883,2
STLO-2005507-T2,4502,4502,,170.0,185.0,0.15,86.6,,,10.8,3884,3
STLO-2005507-T3,4494,4494,,13.0,22.0,,,,5.2,,3885,1
STLO-2005507-T3,4495,4495,,25.0,40.0,0.15,85.6,,,14.6,3886,2
STLO-2005507-T3,4497,4497,,70.0,85.0,0.14,87.2,,,10.2,3887,3
STLO-2005507-T3,4498,4498,,130.0,145.0,0.13,87.9,,,9.9,3888,4
STLO-2005517-T10,4508,4508,,30.0,45.0,,,,5.2,,3889,1
STLO-2005517-T10,4509,4509,,60.0,75.0,0.16,85.2,,,16.9,3890,2
STLO-2005517-T18,4514,4514,,30.0,40.0,,,,4.7,,3891,1
STLO-2005517-T18,4515,4515,,60.0,75.0,0.13,87.8,,,11.0,3892,2
STLO-2005517-T18,4516,4516,,110.0,125.0,0.11,89.6,,,7.0,3893,3
STLO-2005517-T18,4517,4517,,210.0,225.0,0.15,87.0,,,13.6,3894,4
STLO-2005517-T23,4439,4439,,25.0,35.0,,,,4.4,,3895,1
STLO-2005517-T23,4440,4440,,60.0,75.0,0.12,88.2,,,8.0,3896,2
STLO-2005517-T23,4442,4442,,130.0,145.0,0.12,88.5,,,8.6,3897,3
STLO-2005517-T23,4443,4443,,160.0,170.0,,,,4.7,,3898,4
STLO-2005517-T23,4444,4444,,180.0,195.0,0.14,87.3,,,,3899,5
STLO-2005517-T23,4445,4445,,225.0,240.0,0.15,86.0,,,11.7,3900,6
STLO-2005517-T24,4446,4446,,25.0,35.0,,,,4.2,,3901,1
STLO-2005517-T24,4447,4447,,65.0,80.0,0.13,88.0,,,13.6,3902,2
STLO-2005517-T24,4449,4449,,120.0,135.0,0.11,90.1,,,8.4,3903,3
STLO-2005517-T24,4451,4451,,180.0,195.0,0.15,86.9,,,16.9,3904,4
STLO-2005518-T15,4518,4518,,25.0,35.0,,,,4.5,,3905,1
STLO-2005518-T15,4519,4519,,60.0,75.0,0.12,88.6,,,8.7,3906,2
STLO-2005518-T15,4520,4520,,110.0,125.0,0.1,90.4,,,11.0,3907,3
STLO-2005518-T15,4521,4521,,160.0,175.0,0.14,87.7,,,9.7,3908,4
STLO-2005518-T20,4464,4464,,33.0,48.0,0.09,91.1,,,7.3,3909,1
STLO-2005518-T20,4466,4466,,80.0,95.0,0.1,90.4,,,6.6,3910,2
STLO-2005518-T20,4467,4467,,120.0,135.0,0.11,89.9,,,9.6,3911,3
STLO-2005518-T21,4458,4458,,25.0,35.0,,,,4.5,,3912,1
STLO-2005518-T21,4459,4459,,55.0,70.0,0.1,90.7,,,7.9,3913,2
STLO-2005518-T21,4461,4461,,170.0,185.0,0.11,90.2,,,8.1,3914,3
STLO-2005518-T21,4463,4463,,232.0,247.0,0.14,86.8,,,11.9,3915,4
STLO-2005518-T22,4452,4452,,30.0,40.0,,,,4.5,,3916,1
STLO-2005518-T22,4453,4453,,60.0,75.0,0.11,89.7,,,8.3,3917,2
STLO-2005518-T22,4455,4455,,130.0,145.0,0.1,90.4,,,10.3,3918,3
STLO-2005518-T22,4456,4456,,168.0,173.0,0.1,90.7,,,10.4,3919,4
STLO-2005518-T22,4457,4457,,175.0,190.0,0.11,89.2,,,9.1,3920,5
STLO-2005518-T5,4487,4487,,25.0,35.0,,,,4.8,,3921,1
STLO-2005518-T5,4488,4488,,60.0,75.0,0.08,91.3,,,9.4,3922,2
STLO-2005518-T5,4490,4490,,130.0,145.0,0.11,89.6,,,8.9,3923,3
STLO-2005518-T5,4492,4492,,170.0,185.0,0.12,88.6,,,9.8,3924,4
STLO-2005518-T5,4493,4493,,210.0,225.0,0.16,85.4,,,13.8,3925,5
STLO-2005518-T6,4477,4477,,20.0,33.0,,,,4.5,,3926,1
STLO-2005518-T6,4478,4478,,33.0,48.0,0.12,88.7,,,11.9,3927,2
STLO-2005518-T6,4480,4480,,65.0,80.0,0.1,90.6,,,9.6,3928,3
STLO-2005518-T6,4481,4481,,118.0,133.0,0.09,91.2,,,9.7,3929,4
STLO-2005518-T6,4483,4483,,175.0,190.0,0.12,88.8,,,8.5,3930,5
STLO-2005518-T7,4507,4507,,80.0,95.0,0.14,88.2,,,10.7,3931,1
STLO-2005519-279,1129,1129,,45.0,60.0,0.09,90.3,5.0,4.3,11.4,3932,1
STLO-2005519-279,1130,1130,,84.0,99.0,0.09,91.0,5.2,4.4,8.5,3933,2
STLO-2005519-279,1131,1131,,135.0,150.0,0.07,91.9,5.2,4.4,8.8,3934,3
STLO-2005519-279,1132,1132,,184.0,199.0,0.08,91.3,5.2,4.4,7.1,3935,4
STLO-2005519-279,1133,1133,,235.0,250.0,0.11,89.5,5.5,4.7,8.3,3936,5
STLO-2005519-279,1134,1134,,284.0,299.0,0.17,83.1,5.8,5.1,20.9,3937,6
STLO-2005519-T26,4429,4429,,25.0,40.0,,,,4.5,,3938,1
STLO-2005519-T26,4430,4430,,60.0,75.0,0.1,90.8,,,8.7,3939,2
STLO-2005519-T26,4432,4432,,165.0,180.0,0.08,92.1,,,6.0,3940,3
STLO-2005519-T26,4433,4433,,220.0,235.0,0.1,90.9,,,7.8,3941,4
STLO-2005519-T27,4422,4422,,25.0,32.0,,,,4.4,,3942,1
STLO-2005519-T27,4423,4423,,32.0,47.0,0.1,90.0,,,8.5,3943,2
STLO-2005519-T27,4425,4425,,80.0,95.0,0.08,91.8,,,6.8,3944,3
STLO-2005519-T27,4426,4426,,125.0,140.0,0.08,91.7,,,6.5,3945,4
STLO-2005519-T27,4428,4428,,220.0,235.0,0.12,88.4,,,12.2,3946,5
STLO-2005519-T28,4388,4388,,20.0,35.0,0.1,89.9,,,9.0,3947,1
STLO-2005519-T28,4391,4391,,60.0,75.0,0.11,90.2,,,8.4,3948,2
STLO-2005519-T28,4398,4398,,115.0,130.0,0.09,91.5,,,7.1,3949,3
STLO-2005519-T28,4402,4402,,165.0,180.0,0.11,89.5,,,9.9,3950,4
STLO-2005520-281,1122,1122,,35.0,50.0,0.06,91.4,4.8,4.0,11.3,3951,1
STLO-2005520-281,1123,1123,,84.0,99.0,0.1,89.3,5.2,4.3,9.8,3952,2
STLO-2005520-281,1124,1124,,135.0,150.0,0.1,90.1,5.3,4.7,7.7,3953,3
STLO-2005520-281,1125,1125,,184.0,199.0,0.1,89.4,5.5,5.0,12.7,3954,4
STLO-2005520-281,1126,1126,,235.0,250.0,0.13,87.5,5.8,5.2,9.6,3955,5
STLO-2005520-281,1127,1127,,284.0,299.0,0.16,84.0,5.9,5.5,18.4,3956,6
STLO-2005520-T29,4392,4392,,65.0,80.0,0.11,89.4,,,9.0,3957,1
STLO-2005520-T29,4397,4397,,115.0,130.0,0.09,91.3,,,8.7,3958,2
STLO-2005520-T32,4650,4650,,32.0,47.0,0.11,89.6,,,8.1,3959,1
STLO-2005520-T32,4651,4651,,75.0,90.0,0.09,91.0,,,8.9,3960,2
STLO-2005520-T32,4652,4652,,125.0,140.0,0.1,91.0,,,8.8,3961,3
STLO-2005520-T32,4653,4653,,175.0,190.0,0.11,90.3,,,11.3,3962,4
STLO-2005520-T32,4654,4654,,225.0,240.0,0.13,88.1,,,12.6,3963,5
STLO-2005520-T32,4655,4655,,275.0,290.0,0.16,85.4,,,18.6,3964,6
STLO-2005520-T33,4656,4656,,32.0,47.0,0.11,90.2,,,9.6,3965,1
STLO-2005520-T33,4657,4657,,75.0,90.0,0.1,90.3,,,8.3,3966,2
STLO-2005520-T33,4658,4658,,125.0,140.0,0.11,88.8,,,11.5,3967,3
STLO-2005520-T33,4659,4659,,175.0,190.0,0.11,89.2,,,10.2,3968,4
STLO-2005521-282,1112,1112,,60.0,75.0,0.12,87.2,5.4,4.8,13.8,3969,1
STLO-2005521-282,1113,1113,,84.0,99.0,0.16,83.4,5.7,5.1,10.2,3970,2
STLO-2005521-282,1114,1114,,105.0,120.0,0.13,86.3,5.8,5.2,11.0,3971,3
STLO-2005521-283,1116,1116,,45.0,60.0,0.12,88.3,5.0,4.4,10.5,3972,1
STLO-2005521-283,1117,1117,,84.0,99.0,0.13,87.0,5.5,4.9,10.6,3973,2
STLO-2005521-283,1118,1118,,135.0,150.0,0.12,88.3,5.9,5.2,10.1,3974,3
STLO-2005521-283,1119,1119,,184.0,199.0,0.12,88.1,6.1,5.5,8.3,3975,4
STLO-2005521-283,1120,1120,,235.0,250.0,0.16,83.9,6.2,5.7,12.7,3976,5
STLO-2005529-T38,4660,4660,,32.0,47.0,0.09,91.3,,,7.7,3977,1
STLO-2005529-T38,4661,4661,,75.0,90.0,0.09,91.6,,,8.9,3978,2
STLO-2005529-T38,4662,4662,,125.0,140.0,0.09,91.3,,,7.9,3979,3
STLO-2005529-T38,4663,4663,,175.0,190.0,0.11,89.3,,,9.5,3980,4
STLO-2005529-T39,4664,4664,,32.0,47.0,0.1,90.1,,,11.9,3981,1
STLO-2005529-T42,4670,4670,,32.0,47.0,0.09,90.9,,,8.6,3982,1
STLO-2005529-T42,4671,4671,,80.0,95.0,0.1,90.5,,,9.9,3983,2
STLO-2005529-T42,4672,4672,,130.0,145.0,0.09,91.5,,,8.5,3984,3
STLO-2005529-T44,4673,4673,,32.0,47.0,0.11,89.0,,,9.0,3985,1
STLO-2005529-T44,4674,4674,,80.0,95.0,0.09,91.3,,,8.0,3986,2
STLO-2005529-T44,4675,4675,,130.0,145.0,0.09,91.0,,,10.7,3987,3
STLO-2005529-T44,4676,4676,,180.0,195.0,0.09,91.7,,,9.1,3988,4
STLO-2005616-A+800-1600,4685,4685,,15.0,30.0,0.13,91.8,,,9.7,3989,1
STLO-2005616-A+800-1600,4687,4687,,135.0,150.0,0.13,87.5,,,10.1,3990,2
STLO-2005616-A+800-1600,4689,4689,,150.0,165.0,0.13,87.7,,,8.6,3991,3
STLO-2005616-A+800-1600,4690,4690,,165.0,180.0,0.16,85.4,,,14.0,3992,4
STLO-2005616-A+800-1600,4693,4693,,30.0,45.0,0.07,89.8,,,8.4,3993,5
STLO-2005616-A+800-1600,4694,4694,,45.0,60.0,0.09,89.3,,,7.5,3994,6
STLO-2005616-A+800-1600,4695,4695,,60.0,75.0,0.1,88.7,,,7.5,3995,7
STLO-2005616-A+800-1600,4696,4696,,75.0,90.0,0.1,89.0,,,7.5,3996,8
STLO-2005616-A+800-1600,4697,4697,,90.0,105.0,0.11,88.5,,,9.4,3997,9
STLO-2005616-A+800-1600,4698,4698,,105.0,120.0,0.09,90.3,,,6.9,3998,10
STLO-2005616-A+800-1600,4699,4699,,120.0,135.0,0.13,87.5,,,12.5,3999,11
STLO-2005616-A+800-1600,4700,4700,,180.0,195.0,0.16,84.6,,,16.9,4000,12
STLO-2005617-A-700-800,4677,4677,,45.0,60.0,0.09,89.6,,,11.7,4001,1
STLO-2005617-A-700-800,4678,4678,,60.0,75.0,0.09,88.4,,,11.2,4002,2
STLO-2005617-A-700-800,4679,4679,,75.0,90.0,0.12,87.0,,,12.2,4003,3
STLO-2005617-A-700-800,4680,4680,,120.0,135.0,0.18,83.4,,,14.6,4004,4
STLO-2005617-A-700-800,4681,4681,,135.0,150.0,0.18,83.6,,,16.5,4005,5
STLO-2005617-A-700-800,4682,4682,,150.0,165.0,0.19,83.0,,,18.5,4006,6
STLO-2005617-A-700-800,4683,4683,,165.0,180.0,0.18,83.3,,,15.0,4007,7
STLO-2005617-A-700-800,4684,4684,,180.0,195.0,0.16,84.9,,,14.6,4008,8
STLO-2005617-A-700-800,4701,4701,,90.0,105.0,0.13,87.4,,,10.7,4009,9
STLO-2005617-A-700-800,4704,4704,,105.0,120.0,0.17,84.4,,,13.5,4010,10
STLO-2005617-A-700-800,4706,4706,,15.0,30.0,0.05,94.4,,,8.9,4011,11
STLO-2005617-A-700-800,4707,4707,,30.0,45.0,0.09,93.2,,,10.4,4012,12
STLO-2005617-R1,4379,4379,,35.0,50.0,,,,4.7,,4013,1
STLO-2005617-R1,4380,4380,,65.0,80.0,0.12,86.5,,,8.0,4014,2
STLO-2005617-R1,4381,4381,,80.0,100.0,,,,4.6,,4015,3
STLO-2005617-R1,4382,4382,,115.0,130.0,0.14,87.0,,,9.0,4016,4
STLO-2005617-R1,4384,4384,,180.0,195.0,0.17,84.2,,,10.9,4017,5
STLO-2005617-R1,4385,4385,,210.0,230.0,,,,4.9,,4018,6
STLO-2005617-R1,4386,4386,,230.0,245.0,0.18,83.4,,,14.1,4019,7
STLO-2005617-R11,4342,4342,,30.0,50.0,,,5.1,,,4020,1
STLO-2005617-R11,4343,4343,,60.0,75.0,0.14,86.6,,,9.8,4021,2
STLO-2005617-R11,4344,4344,,80.0,100.0,,,5.2,,,4022,3
STLO-2005617-R11,4345,4345,,105.0,120.0,0.17,84.2,,,10.6,4023,4
STLO-2005617-R11,4346,4346,,120.0,135.0,,,,,,4024,5
STLO-2005617-R11,4347,4347,,172.0,187.0,0.18,83.4,,,12.3,4025,6
STLO-2005617-R11,4348,4348,,167.0,196.0,,,5.3,,,4026,7
STLO-2005617-R11,4349,4349,,205.0,220.0,0.23,79.9,,,19.7,4027,8
STLO-2005617-R13,4331,4331,,32.0,47.0,0.07,90.9,,,8.1,4028,1
STLO-2005617-R13,4333,4333,,75.0,90.0,0.16,85.5,,,10.6,4029,2
STLO-2005617-R13,4334,4334,,110.0,125.0,0.16,83.8,,,12.2,4030,3
STLO-2005617-R14,4321,4321,,65.0,80.0,0.1,88.9,,,11.3,4031,1
STLO-2005617-R14,4322,4322,,90.0,100.0,,,,4.5,,4032,2
STLO-2005617-R14,4323,4323,,120.0,135.0,0.17,83.0,,,15.2,4033,3
STLO-2005617-R15,4325,4325,,25.0,40.0,,,,5.2,,4034,1
STLO-2005617-R15,4326,4326,,60.0,75.0,0.1,89.2,,,12.8,4035,2
STLO-2005617-R15,4327,4327,,75.0,100.0,,,,5.1,,4036,3
STLO-2005617-R15,4328,4328,,120.0,135.0,0.18,83.2,,,14.8,4037,4
STLO-2005617-R15,4329,4329,,135.0,150.0,,,,5.0,,4038,5
STLO-2005617-R2,4338,4338,,70.0,85.0,0.16,84.7,,,12.5,4039,1
STLO-2005617-R2,4339,4339,,120.0,135.0,0.2,81.6,,,15.0,4040,2
STLO-2005617-R2,4341,4341,,145.0,160.0,0.18,82.6,,,14.2,4041,3
STLO-2005617-R21,4311,4311,,30.0,45.0,0.06,92.6,,,9.2,4042,1
STLO-2005617-R21,4312,4312,,50.0,70.0,,,,4.9,,4043,2
STLO-2005617-R21,4313,4313,,70.0,85.0,0.08,90.3,,,11.2,4044,3
STLO-2005617-R21,4314,4314,,125.0,140.0,0.18,83.5,,,18.8,4045,4
STLO-2005617-R21,4315,4315,,140.0,150.0,,,,5.2,,4046,5
STLO-2005617-R21,4316,4316,,160.0,175.0,0.16,85.0,,,14.3,4047,6
STLO-2005617-R21,4317,4317,,175.0,200.0,,,,5.3,,4048,7
STLO-2005617-R21,4318,4318,,210.0,225.0,0.22,80.0,,,28.5,4049,8
STLO-2005617-R21,4319,4319,,225.0,240.0,0.16,85.3,,,12.3,4050,9
STLO-2005617-R8,4361,4361,,60.0,75.0,0.15,85.9,,,9.6,4051,1
STLO-2005617-R9,4362,4362,,50.0,75.0,,,,5.1,,4052,1
STLO-2005617-R9,4363,4363,,75.0,90.0,0.16,84.7,,,14.6,4053,2
STLO-2005617-R9,4364,4364,,110.0,125.0,,,,5.2,,4054,3
STLO-2005617-R9,4365,4365,,125.0,140.0,0.17,84.2,,,14.6,4055,4
STLO-2005617-R9,4367,4367,,175.0,190.0,0.16,85.6,,,11.9,4056,5
STLO-2005617-R9,4368,4368,,215.0,230.0,0.13,88.4,,,11.1,4057,6
STLO-2005617-R9,4369,4369,,230.0,245.0,,,,5.3,,4058,7
STLO-2005619-R18,4404,4404,,50.0,70.0,,,,4.6,,4059,1
STLO-2005619-R18,4405,4405,,70.0,85.0,0.13,87.7,,,7.8,4060,2
STLO-2005619-R18,4407,4407,,115.0,130.0,0.13,88.1,,,8.7,4061,3
STLO-2005619-R18,4408,4408,,180.0,195.0,0.18,83.3,,,17.6,4062,4
STLO-2005619-R18,4409,4409,,205.0,220.0,0.16,85.4,,,11.4,4063,5
STLO-2005619-R19,4410,4410,,30.0,45.0,,,,4.8,,4064,1
STLO-2005619-R19,4411,4411,,70.0,85.0,0.15,85.7,,,10.2,4065,2
STLO-2005619-R19,4413,4413,,125.0,140.0,0.18,83.5,,,13.7,4066,3
STLO-2005619-R19,4414,4414,,180.0,195.0,0.19,82.0,,,17.8,4067,4
STLO-2005619-R20,4415,4415,,60.0,75.0,0.14,86.1,,,11.0,4068,1
STLO-2005619-R20,4417,4417,,130.0,145.0,0.18,83.6,,,16.7,4069,2
STLO-2005620-R23,4418,4418,,55.0,70.0,0.16,84.9,,,13.6,4070,1
STLO-2005620-R23,4420,4420,,115.0,130.0,0.17,84.7,,,16.6,4071,2
STLO-2005620-R23,4421,4421,,170.0,185.0,0.2,81.8,,,22.2,4072,3
STLO-2005620-R25,4370,4370,,0.0,20.0,,,,5.4,,4073,1
STLO-2005620-R25,4371,4371,,20.0,35.0,0.06,92.5,,,10.7,4074,2
STLO-2005620-R25,4372,4372,,35.0,50.0,,,,5.3,,4075,3
STLO-2005620-R25,4373,4373,,60.0,75.0,0.12,88.8,,,11.0,4076,4
STLO-2005620-R25,4374,4374,,65.0,80.0,0.17,84.4,,,15.4,4077,5
STLO-2005620-R25,4377,4377,,90.0,100.0,,,,5.2,,4078,6
STLO-2005621-R31,4304,4304,,60.0,70.0,0.16,85.0,,,9.6,4079,1
STLO-2005621-R31,4306,4306,,110.0,125.0,0.13,88.6,,,10.0,4080,2
STLO-2005621-R31,4308,4308,,160.0,175.0,0.13,88.0,,,11.4,4081,3
STLO-2005621-R32,4356,4356,,25.0,40.0,0.14,86.3,,,11.4,4082,1
STLO-2005621-R32,4357,4357,,50.0,75.0,,,,4.5,,4083,2
STLO-2005621-R32,4358,4358,,75.0,90.0,0.13,87.3,,,8.1,4084,3
STLO-2005621-R32,4360,4360,,130.0,145.0,0.15,86.2,,,11.1,4085,4
STLO-2005621-R34,4350,4350,,20.0,30.0,0.16,85.1,,,16.0,4086,1
STLO-2005621-R34,4353,4353,,75.0,90.0,0.18,84.6,,,14.9,4087,2
STLO-2005621-R34,4355,4355,,145.0,160.0,0.17,84.2,,,19.4,4088,3
STLO-2006230-130,3566,3566,,10.0,25.0,0.05,94.7,4.1,3.3,5.3,4089,1
STLO-2006230-130,3567,3567,,25.0,30.0,,89.4,,,7.1,4090,2
STLO-2006230-130,3568,3568,,100.0,115.0,0.12,89.3,5.0,4.3,5.3,4091,3
STLO-2105103-63,1085,1085,,35.0,50.0,0.12,86.8,4.5,3.9,8.0,4092,1
STLO-2105103-63,1086,1086,,84.0,99.0,0.15,85.6,5.1,4.6,7.2,4093,2
STLO-2105103-63,1087,1087,,135.0,150.0,0.11,89.7,5.5,4.8,9.7,4094,3
STLO-2105103-63,1088,1088,,184.0,199.0,0.13,86.8,5.7,5.0,8.2,4095,4
STLO-2105103-63,1089,1089,,235.0,250.0,0.26,77.1,6.0,5.5,12.2,4096,5
STLO-2105106-69,1026,1026,,10.0,20.0,,88.7,7.2,6.9,26.0,4097,1
STLO-2105107-71,1027,1027,,35.0,50.0,0.11,89.5,5.5,4.9,7.9,4098,1
STLO-2105107-71,1028,1028,,84.0,99.0,0.05,93.8,5.6,5.0,9.3,4099,2
STLO-2105107-71,1029,1029,,135.0,150.0,0.11,89.6,5.7,5.1,6.6,4100,3
STLO-2105107-71,1030,1030,,184.0,199.0,0.13,87.5,5.8,5.2,11.6,4101,4
STLO-2105107-71,1031,1031,,235.0,250.0,0.14,86.7,5.8,5.2,8.4,4102,5
STLO-2105107-71,1032,1032,,268.0,283.0,0.2,82.3,5.9,5.4,7.5,4103,6
STLO-2105118-73,1034,1034,,35.0,50.0,0.13,87.0,5.2,4.8,10.8,4104,1
STLO-2105118-73,1035,1035,,84.0,99.0,0.09,90.7,5.9,5.0,8.7,4105,2
STLO-2105118-73,1036,1036,,135.0,150.0,0.17,85.0,5.9,5.1,10.9,4106,3
STLO-2105118-73,1037,1037,,184.0,199.0,0.12,88.4,6.1,5.2,7.1,4107,4
STLO-2105118-73,1038,1038,,235.0,250.0,0.09,91.0,6.2,5.5,10.4,4108,5
STLO-2105118-73,1039,1039,,284.0,299.0,0.18,82.9,6.0,5.6,13.6,4109,6
STLO-2105118-73,1040,1040,,310.0,325.0,0.24,76.8,6.0,5.7,34.9,4110,7
STLO-2105119-75,1042,1042,,35.0,50.0,0.18,82.4,5.6,5.1,11.9,4111,1
STLO-2105119-75,1043,1043,,84.0,99.0,0.16,84.2,5.8,5.2,13.2,4112,2
STLO-2105119-75,1044,1044,,135.0,150.0,0.16,84.8,6.0,5.5,11.4,4113,3
STLO-2105119-75,1045,1045,,184.0,199.0,0.17,82.9,6.1,5.6,11.5,4114,4
STLO-2105119-76,1046,1046,,20.0,35.0,,82.3,6.5,6.0,35.9,4115,1
STLO-2105209-615,3948,3948,,30.0,45.0,0.08,88.9,5.3,4.7,5.8,4116,1
STLO-2105209-615,3949,3949,,110.0,125.0,0.1,89.5,5.8,5.1,8.7,4117,2
STLO-2105209-615,3950,3950,,170.0,185.0,0.1,88.9,6.0,5.3,8.5,4118,3
STLO-2105219-120,1001,1001,,35.0,50.0,0.11,88.3,4.5,3.8,11.3,4119,1
STLO-2105219-120,1002,1002,,84.0,99.0,0.09,90.2,5.3,4.6,7.0,4120,2
STLO-2105219-120,1003,1003,,135.0,150.0,0.1,90.4,5.7,5.0,11.7,4121,3
STLO-2105219-120,1004,1004,,184.0,199.0,0.12,88.2,5.7,5.1,14.9,4122,4
STLO-2105219-120,1005,1005,,210.0,225.0,0.14,85.6,5.9,5.2,16.5,4123,5
STLO-2105220-128, 277,277,,60.0,75.0,,89.9,5.6,4.9,6.1,4124,1
STLO-2105220-128, 278,278,,160.0,175.0,,88.0,5.9,5.3,9.9,4125,2
STLO-2105220-131, 280,280,,20.0,35.0,,88.1,5.0,4.1,8.7,4126,1
STLO-2105220-131, 281,281,,60.0,75.0,,83.7,5.1,4.6,9.2,4127,2
STLO-2105220-132, 283,283,,90.0,105.0,,90.3,5.5,4.8,7.8,4128,1
STLO-2105220-132, 284,284,,150.0,165.0,,90.9,5.8,5.2,7.2,4129,2
STLO-2105220-132, 285,285,,225.0,240.0,,86.1,6.1,5.4,11.1,4130,3
STLO-2105220-132, 286,286,,325.0,340.0,,84.6,6.0,5.6,12.1,4131,4
STLO-2105227-133,1099,1099,,50.0,65.0,0.09,90.2,5.6,4.8,11.1,4132,1
STLO-2105227-133,1100,1100,,84.0,99.0,0.08,91.6,5.2,4.3,6.2,4133,2
STLO-2105227-133,1101,1101,,135.0,150.0,0.09,90.7,5.3,4.4,4.9,4134,3
STLO-2105227-133,1102,1102,,184.0,199.0,0.07,92.1,5.6,4.8,8.0,4135,4
STLO-2105227-133,1103,1103,,235.0,250.0,0.1,90.7,5.6,5.0,7.2,4136,5
STLO-2105227-133,1104,1104,,284.0,299.0,0.08,92.0,6.0,5.1,7.0,4137,6
STLO-2105227-133,1105,1105,,335.0,350.0,0.08,91.9,6.2,5.3,6.2,4138,7
STLO-2105227-133,1106,1106,,384.0,399.0,0.08,91.3,6.5,5.7,7.3,4139,8
STLO-2105227-133,1107,1107,,435.0,450.0,0.11,88.7,6.4,6.0,33.1,4140,9
STLO-2105227-133,1108,1108,,484.0,499.0,0.11,88.5,5.8,5.8,40.1,4141,10
STLO-2105227-133,1109,1109,,540.0,555.0,0.11,88.7,6.2,5.9,42.8,4142,11
STLO-2105228-135,1063,1063,,35.0,50.0,0.13,86.6,4.4,3.7,8.5,4143,1
STLO-2105228-135,1064,1064,,84.0,99.0,0.1,89.8,4.9,4.2,6.5,4144,2
STLO-2105228-135,1065,1065,,135.0,150.0,0.09,90.9,5.3,4.7,7.9,4145,3
STLO-2105228-135,1066,1066,,184.0,199.0,0.11,89.1,5.9,5.2,9.4,4146,4
STLO-2105228-135,1067,1067,,235.0,250.0,0.1,89.8,6.1,5.4,7.5,4147,5
STLO-2105228-135,1068,1068,,284.0,299.0,0.13,87.0,6.0,5.4,9.3,4148,6
STLO-2105228-135,1069,1069,,335.0,350.0,0.15,86.5,6.1,5.6,10.3,4149,7
STLO-2105228-135,1070,1070,,384.0,399.0,0.14,85.6,6.0,5.8,11.1,4150,8
STLO-2105229-138,1072,1072,,45.0,60.0,,94.7,4.4,3.6,6.3,4151,1
STLO-2105229-138,1073,1073,,84.0,99.0,,92.6,4.9,3.9,7.4,4152,2
STLO-2105229-138,1074,1074,,135.0,150.0,0.07,92.2,5.2,4.6,6.7,4153,3
STLO-2105229-138,1075,1075,,184.0,199.0,0.09,90.3,5.7,5.0,9.5,4154,4
STLO-2105229-138,1076,1076,,235.0,250.0,0.09,90.6,5.7,5.1,9.1,4155,5
STLO-2105229-138,1077,1077,,284.0,299.0,0.11,88.2,6.0,5.3,9.5,4156,6
STLO-2105229-138,1078,1078,,335.0,350.0,0.12,87.9,6.1,5.5,8.1,4157,7
STLO-2105229-138,1079,1079,,384.0,399.0,0.14,86.1,6.3,5.6,12.9,4158,8
STLO-2105229-138,1080,1080,,435.0,450.0,0.12,87.8,6.0,5.6,9.9,4159,9
STLO-2105229-138,1081,1081,,484.0,499.0,0.13,87.1,6.3,5.9,12.1,4160,10
STLO-2105229-138,1083,1083,,535.0,550.0,0.13,87.4,4.9,4.8,11.7,4161,11
STLO-2105230-139,1007,1007,,35.0,50.0,,90.6,4.4,3.7,8.3,4162,1
STLO-2105230-139,1008,1008,,40.0,55.0,0.12,,,,7.8,4163,2
STLO-2105230-139,1009,1009,,84.0,99.0,0.09,90.6,5.3,4.6,11.2,4164,3
STLO-2105230-139,1010,1010,,135.0,150.0,0.09,89.6,5.7,5.0,11.7,4165,4
STLO-2105230-139,1011,1011,,184.0,199.0,0.08,90.8,5.9,5.2,11.9,4166,5
STLO-2105230-139,1012,1012,,235.0,250.0,0.11,89.0,6.0,5.3,12.8,4167,6
STLO-2105230-139,1013,1013,,284.0,299.0,0.14,86.6,6.1,5.4,18.5,4168,7
STLO-2105230-139,1014,1014,,335.0,350.0,0.15,85.7,5.6,5.3,18.4,4169,8
STLO-2105230-139,1015,1015,,384.0,399.0,0.18,82.5,5.6,5.4,24.3,4170,9
STLO-2105231-141,1018,1018,,40.0,55.0,0.12,87.1,5.6,5.0,18.3,4171,1
STLO-2105231-141,1019,1019,,84.0,99.0,0.13,87.0,5.6,5.2,9.6,4172,2
STLO-2105231-141,1020,1020,,135.0,150.0,0.11,88.8,5.9,5.5,11.4,4173,3
STLO-2105231-141,1021,1021,,184.0,199.0,0.12,88.5,6.1,5.9,8.3,4174,4
STLO-2105231-141,1022,1022,,235.0,250.0,0.13,87.2,6.6,6.1,9.6,4175,5
STLO-2105231-141,1023,1023,,284.0,299.0,0.16,84.1,6.8,6.1,11.5,4176,6
STLO-2105231-141,1024,1024,,335.0,350.0,0.21,80.1,6.4,6.1,28.7,4177,7
STLO-2105233-143,1091,1091,,35.0,50.0,0.15,85.6,4.5,3.7,12.6,4178,1
STLO-2105233-143,1092,1092,,84.0,99.0,0.11,88.9,5.2,4.6,7.8,4179,2
STLO-2105233-143,1093,1093,,135.0,150.0,0.1,89.4,5.6,5.0,7.0,4180,3
STLO-2105233-143,1094,1094,,184.0,199.0,0.11,89.2,5.8,5.2,12.4,4181,4
STLO-2105233-143,1095,1095,,235.0,250.0,0.13,87.9,6.0,5.5,9.1,4182,5
STLO-2105233-143,1096,1096,,284.0,293.0,0.14,86.2,6.1,5.6,12.6,4183,6
STLO-2105233-143,1097,1097,,315.0,330.0,0.17,84.0,6.2,5.7,15.2,4184,7
STLO-2105233-144,1053,1053,,35.0,50.0,,,4.1,3.5,,4185,1
STLO-2105233-144,1054,1054,,84.0,99.0,,93.6,4.6,3.9,8.3,4186,2
STLO-2105233-144,1055,1055,,135.0,150.0,0.07,92.3,5.2,4.3,7.7,4187,3
STLO-2105233-144,1056,1056,,184.0,199.0,,94.2,5.6,4.8,7.4,4188,4
STLO-2105233-144,1057,1057,,235.0,250.0,0.07,92.8,5.9,5.3,9.4,4189,5
STLO-2105233-144,1058,1058,,284.0,299.0,0.11,88.8,6.0,5.4,8.5,4190,6
STLO-2105233-144,1059,1059,,335.0,350.0,0.13,88.4,6.1,5.6,9.9,4191,7
STLO-2105233-144,1060,1060,,384.0,399.0,0.13,87.3,6.2,5.6,11.6,4192,8
STLO-2105233-144,1061,1061,,435.0,450.0,0.18,83.4,6.0,5.6,12.7,4193,9
STLO-2105233-144,1062,1062,,484.0,499.0,0.2,81.1,5.5,5.3,26.4,4194,10
STLO-2105234-146,1047,1047,,35.0,50.0,0.04,94.8,4.6,4.0,7.0,4195,1
STLO-2105234-146,1048,1048,,84.0,99.0,0.11,88.1,5.2,4.7,7.5,4196,2
STLO-2105234-146,1049,1049,,135.0,150.0,0.1,89.7,5.5,4.9,7.1,4197,3
STLO-2105234-146,1050,1050,,184.0,199.0,0.1,89.8,5.6,5.2,11.3,4198,4
STLO-2105234-146,1051,1051,,216.0,231.0,0.13,86.9,5.8,5.4,11.3,4199,5
STLO-2105309-187,1223,1223,,35.0,50.0,0.14,86.3,5.8,5.2,10.9,4200,1
STLO-2105309-187,1224,1224,,80.0,95.0,0.17,83.5,5.8,5.2,13.9,4201,2
STLO-2105309-187,1225,1225,,135.0,150.0,0.16,78.6,5.9,5.4,28.4,4202,3
STLO-2105310-188,1219,1219,,45.0,60.0,0.11,89.2,5.9,5.2,14.3,4203,1
STLO-2105310-188,1220,1220,,65.0,80.0,0.2,81.1,5.6,5.0,18.7,4204,2
STLO-2105310-188,1221,1221,,120.0,135.0,0.18,82.8,5.8,5.2,16.1,4205,3
STLO-2105310-189,1216,1216,,35.0,50.0,0.15,84.3,6.1,5.9,25.6,4206,1
STLO-2105310-189,1217,1217,,75.0,90.0,0.2,79.5,5.5,5.0,20.3,4207,2
STLO-2105313-190,5163,5163,,45.0,50.0,,,5.8,5.2,,4208,1
STLO-2105315-191,1214,1214,,20.0,35.0,0.21,80.6,6.0,5.6,29.5,4209,1
STLO-2105512-T1,4503,4503,,60.0,75.0,0.14,87.1,,,11.1,4210,1
STLO-2105512-T1,4504,4504,,115.0,130.0,0.1,89.7,,,11.4,4211,2
STLO-2105513-T12,4510,4510,,30.0,45.0,,,,4.7,,4212,1
STLO-2105513-T12,4511,4511,,60.0,75.0,0.08,91.5,,,8.6,4213,2
STLO-2105513-T12,4512,4512,,115.0,130.0,0.11,90.1,,,8.5,4214,3
STLO-2105513-T12,4513,4513,,160.0,175.0,0.13,88.1,,,12.4,4215,4
STLO-2105513-T19,4469,4469,,33.0,48.0,0.08,90.9,,,11.8,4216,1
STLO-2105513-T19,4471,4471,,80.0,95.0,0.09,91.1,,,8.9,4217,2
STLO-2105513-T19,4472,4472,,125.0,140.0,0.11,89.4,,,8.5,4218,3
STLO-2105513-T19,4474,4474,,180.0,195.0,0.1,90.3,,,10.8,4219,4
STLO-2105513-T19,4475,4475,,220.0,235.0,0.1,90.4,,,14.3,4220,5
STLO-2105513-T19,4476,4476,,260.0,275.0,0.14,87.5,,,12.5,4221,6
STLO-2105513-T4,4484,4484,,25.0,35.0,,,,4.6,,4222,1
STLO-2105513-T4,4486,4486,,120.0,135.0,0.16,85.3,,,12.2,4223,2
STLO-2105521-288,1162,1162,,35.0,50.0,0.17,83.4,5.4,4.9,13.2,4224,1
STLO-2105521-288,1163,1163,,84.0,99.0,0.14,86.2,5.6,4.9,8.8,4225,2
STLO-2105521-288,1164,1164,,118.0,133.0,0.2,80.1,5.5,5.1,43.0,4226,3
STLO-2105522-289,1158,1158,,35.0,50.0,0.05,91.7,5.5,5.0,10.3,4227,1
STLO-2105522-289,1159,1159,,84.0,99.0,0.14,86.0,5.5,4.8,11.2,4228,2
STLO-2105522-289,1160,1160,,135.0,150.0,0.14,86.3,5.6,5.0,9.2,4229,3
STLO-2105523-293,1150,1150,,35.0,50.0,0.02,94.1,5.2,4.5,11.2,4230,1
STLO-2105523-293,1151,1151,,84.0,99.0,0.11,88.6,5.3,4.6,14.4,4231,2
STLO-2105523-293,1152,1152,,135.0,150.0,0.12,88.7,5.5,4.7,9.9,4232,3
STLO-2105523-293,1153,1153,,184.0,199.0,0.15,85.5,5.6,5.0,13.4,4233,4
STLO-2105523-293,1154,1154,,235.0,250.0,0.16,84.7,5.8,5.1,16.4,4234,5
STLO-2105523-293,1155,1155,,284.0,299.0,0.13,86.9,6.0,5.3,10.3,4235,6
STLO-2105523-293,1156,1156,,320.0,335.0,0.21,79.6,6.0,5.5,32.6,4236,7
STLO-2105524-294,1136,1136,,35.0,50.0,0.05,93.1,5.5,4.7,10.0,4237,1
STLO-2105524-294,1137,1137,,84.0,99.0,0.08,91.2,5.4,4.6,6.4,4238,2
STLO-2105524-294,1138,1138,,135.0,150.0,0.09,90.7,5.2,4.4,8.8,4239,3
STLO-2105524-294,1139,1139,,184.0,199.0,0.1,90.0,5.1,4.5,8.5,4240,4
STLO-2105524-294,1140,1140,,235.0,250.0,0.13,87.4,5.2,4.5,8.2,4241,5
STLO-2105524-294,1141,1141,,284.0,299.0,0.16,84.1,5.5,4.7,14.0,4242,6
STLO-2105524-295,1144,1144,,35.0,50.0,0.05,91.7,5.5,4.7,10.2,4243,1
STLO-2105524-295,1145,1145,,84.0,99.0,0.11,89.0,5.2,4.5,7.9,4244,2
STLO-2105524-295,1146,1146,,135.0,150.0,0.11,88.9,5.4,4.5,9.4,4245,3
STLO-2105524-295,1147,1147,,184.0,199.0,0.13,87.5,5.5,4.8,8.1,4246,4
STLO-2105524-295,1148,1148,,210.0,225.0,0.16,84.6,5.6,4.9,13.7,4247,5
STLO-2105524-T25,4434,4434,,25.0,35.0,,,,4.5,,4248,1
STLO-2105524-T25,4435,4435,,60.0,75.0,0.09,91.0,,,6.5,4249,2
STLO-2105524-T25,4436,4436,,80.0,100.0,,88.6,,,7.8,4250,3
STLO-2105524-T25,4437,4437,,170.0,185.0,0.14,87.5,,,11.9,4251,4
STLO-2105524-T25,4438,4438,,210.0,225.0,0.13,88.1,,,10.0,4252,5
STLO-2106214-123,3563,3563,,20.0,35.0,0.1,89.7,3.9,3.3,7.3,4253,1
STLO-2106214-123,3564,3564,,50.0,65.0,0.12,87.3,4.5,3.8,5.9,4254,2
STLO-2106214-123,3565,3565,,75.0,90.0,,86.8,5.0,4.4,6.6,4255,3
STLO-2106226-126,3569,3569,,,125.0,0.12,88.8,4.4,3.9,5.1,4256,1
STLO-2106226-126,3570,3570,,,150.0,0.13,87.9,5.7,5.2,10.4,4257,2
