DNR Peat Inventory ID #,Profile Description Info,Peat Moisture Info,IRRB Report Name,Profile Described By,Desc_who,Desc_when,DNR Lab Data Available,Prox-Ulti Data Available
AITK-2204305-488,,,,"D. Olson and S. Nelson on July 1, 1980",D. Olson and S. Nelson,"July 1, 1980",N,N
AITK-2204336-506,Laboratory samples collected near this site at a later date,,,"H. Hobbs and D. Olson on July 2, 1980",H. Hobbs and D. Olson,"July 2, 1980",Y,Y
AITK-2204403-483,,,,"S. Nelson and D. Olson on July 1, 1980",S. Nelson and D. Olson,"July 1, 1980",N,N
AITK-2204409-482,,,,"D. Olson and S. Nelson on July 1, 1980",D. Olson and S. Nelson,"July 1, 1980",N,N
AITK-2204410-484,,,,"D. Olson and S. Nelson on July 1, 1980",D. Olson and S. Nelson,"July 1, 1980",N,N
AITK-2204411-485,,,,"S. Nelson and D. Olson on July 1, 1980",S. Nelson and D. Olson,"July 1, 1980",N,N
AITK-2204417-491,,,,"S. Nelson and D. Olson on July 1, 1980",S. Nelson and D. Olson,"July 1, 1980",N,N
AITK-2204420-490,Site approximately 75 yards from mineral island,,,"D. Olson and S. Nelson on July 1, 1980",D. Olson and S. Nelson,"July 1, 1980",N,N
AITK-2204421-486,,,,"D. Olson and S. Nelson on July 1, 1980",D. Olson and S. Nelson,"July 1, 1980",N,N
AITK-2204429-489,,,,"S. Nelson and D. Olson on July 1, 1980",S. Nelson and D. Olson,"July 1, 1980",N,N
AITK-2204433-487,,,,"S. Nelson and D. Olson on July 1, 1980",S. Nelson and D. Olson,"July 1, 1980",N,N
AITK-2204502-90,,,,"H. Hobbs and T. Deering on April 24, 1980",H. Hobbs and T. Deering,"April 24, 1980",N,N
AITK-2204511-87,,,,"H. Hobbs and T. Deering on April 24, 1980",H. Hobbs and T. Deering,"April 24, 1980",N,N
AITK-2204511-88,,,,"H. Hobbs and T. Deering on April 24, 1980",H. Hobbs and T. Deering,"April 24, 1980",N,N
AITK-2204511-89,,,,"H. Hobbs and T. Deering on April 24, 1980",H. Hobbs and T. Deering,"April 24, 1980",N,N
AITK-2204518-475,,,,"H. Hobbs and G. Gibanski on July 1, 1980",H. Hobbs and G. Gibanski,"July 1, 1980",N,N
AITK-2204520-468,,,,"H. Hobbs and G. Gibanski on July 1, 1980",H. Hobbs and G. Gibanski,"July 1, 1980",N,N
AITK-2204520-471,,,,"H. Hobbs and G. Gibanski on July 1, 1980",H. Hobbs and G. Gibanski,"July 1, 1980",N,N
AITK-2204521-469,,,,"H. Hobbs and G. Gibanski on July 1, 1980",H. Hobbs and G. Gibanski,"July 1, 1980",N,N
AITK-2204523-86,,,,"H. Hobbs and T. Deering on April 24, 1980",H. Hobbs and T. Deering,"April 24, 1980",N,N
AITK-2204524-470,Laboratory samples collected near this site at a later date,,,"H. Hobbs and G. Gibanski on July 1, 1980",H. Hobbs and G. Gibanski,"July 1, 1980",Y,Y
AITK-2204603-434,,,,"G. Gibanski and H. Hobbs on June 27, 1980",G. Gibanski and H. Hobbs,"June 27, 1980",N,N
AITK-2204603-436,,,,"G. Gibanski and H. Hobbs on June 27, 1980",G. Gibanski and H. Hobbs,"June 27, 1980",N,N
AITK-2204604-435,,,,"G. Gibanski and H. Hobbs on June 27, 1980",G. Gibanski and H. Hobbs,"June 27, 1980",N,N
AITK-2204605-121,,,,"H. Hobbs and T. Deering on May 1, 1980",H. Hobbs and T. Deering,"May 1, 1980",N,N
AITK-2204608-122,,,,"H. Hobbs  and T. Deering on May 1, 1980",H. Hobbs  and T. Deering,"May 1, 1980",N,N
AITK-2204608-439,,,,"G. Gibanski and H. Hobbs on June 27, 1980",G. Gibanski and H. Hobbs,"June 27, 1980",N,N
AITK-2204608-440,,,,"G. Gibanski and H. Hobbs on June 27, 1980",G. Gibanski and H. Hobbs,"June 27, 1980",N,N
AITK-2204611-437,,,,"G. Gibanski and H. Hobbs on June 27, 1980",G. Gibanski and H. Hobbs,"June 27, 1980",N,N
AITK-2204621-438,,,,"G. Gibanski and H. Hobbs on June 27, 1980",G. Gibanski and H. Hobbs,"June 27, 1980",N,N
AITK-2204701-210,,,,"H. Moores and D. Riihiluoma on June 18, 1981",H. Moores and D. Riihiluoma,"June 18, 1981",Y,N
AITK-2204701-415,,,,"G. Gibanski and S. Nelson on June 26, 1980",G. Gibanski and S. Nelson,"June 26, 1980",N,N
AITK-2204703-417,,,,"G. Gibanski and S. Nelson on June 26, 1980",G. Gibanski and S. Nelson,"June 26, 1980",N,N
AITK-2204709-418,,,,"S. Nelson and G. Gibanski on June 26, 1980",S. Nelson and G. Gibanski,"June 26, 1980",N,N
AITK-2204722-120,,,,"H. Hobbs and T. Deering on May 1, 1980",H. Hobbs and T. Deering,"May 1, 1980",N,N
AITK-2204727-520,Laboratory samples collected near this site at a later date,,,"D. Haverkost and D. Riihiluoma on September 8, 1980",D. Haverkost and D. Riihiluoma,"September 8, 1980",Y,Y
AITK-2204731-431,,,,"D. Olson and S. Nelson on June 27, 1980",D. Olson and S. Nelson,"June 27, 1980",N,N
AITK-2204732-432,,,,"S. Nelson and D. Olson on June 27, 1980",S. Nelson and D. Olson,"June 27, 1980",N,N
AITK-2204735-433,,,,"H. Hobbs and G. Gibanski on June 27, 1980",H. Hobbs and G. Gibanski,"June 27, 1980",N,N
AITK-2204803-378,,,,"G. Gibanski and S. Nelson on June 25, 1980",G. Gibanski and S. Nelson,"June 25, 1980",N,N
AITK-2204804-390,,,,"H. Hobbs and D. Olson on June 25, 1980",H. Hobbs and D. Olson,"June 25, 1980",N,N
AITK-2204804-391,,,,"H. Hobbs and D. Olson on June 25, 1980",H. Hobbs and D. Olson,"June 25, 1980",N,N
AITK-2204806-388,,,,"H. Hobbs and D. Olson on June 25, 1980",H. Hobbs and D. Olson,"June 25, 1980",N,N
AITK-2204807-387,,,,"H. Hobbs and D. Olson on June 25, 1980",H. Hobbs and D. Olson,"June 25, 1980",N,N
AITK-2204808-389,,,,"H. Hobbs and D. Olson on June 25, 1980",H. Hobbs and D. Olson,"June 25, 1980",N,N
AITK-2204809-63,,,,"H. Hobbs and T. Deering on April 23, 1980",H. Hobbs and T. Deering,"April 23, 1980",N,N
AITK-2204809-64,Laboratory samples collected near this site at a later date,,,"H. Hobbs and T. Deering on April 23, 1980",H. Hobbs and T. Deering,"April 23, 1980",Y,Y
AITK-2204812-377,,,,"G. Gibanski and S. Nelson on June 25, 1980",G. Gibanski and S. Nelson,"June 25, 1980",N,N
AITK-2204815-56,,,,"H. Hobbs and T. Deering on April 17, 1980",H. Hobbs and T. Deering,"April 17, 1980",N,N
AITK-2204815-57,,,,"H. Hobbs and T. Deering on April 17, 1980",H. Hobbs and T. Deering,"April 17, 1980",N,N
AITK-2204817-386,,,,"H. Hobbs and D. Olson on June 26, 1980",H. Hobbs and D. Olson,"June 26, 1980",N,N
AITK-2204818-385,,,,"H. Hobbs and D. Olson on June 25, 1980",H. Hobbs and D. Olson,"June 25, 1980",N,N
AITK-2204834-416,,,,"S. Nelson and G. Gibanski on June 26, 1980",S. Nelson and G. Gibanski,"June 26, 1980",N,N
AITK-2204903-139,,,,"D. Olson and L. Severson on June 12, 1980",D. Olson and L. Severson,"June 12, 1980",N,N
AITK-2204903-66,,,,"H. Hobbs and T. Deering on April 23, 1980",H. Hobbs and T. Deering,"April 23, 1980",N,N
AITK-2204910-140,,,,"D. Olson and L. Severson on June 12, 1980",D. Olson and L. Severson,"June 12, 1980",N,N
AITK-2204910-65,Laboratory samples collected near this site at a later date,,,"H. Hobbs and T. Deering on April 23, 1980",H. Hobbs and T. Deering,"April 23, 1980",Y,Y
AITK-2204917-372,,,,"S. Nelson and G. Gibanski on June 25, 1980",S. Nelson and G. Gibanski,"June 25, 1980",N,N
AITK-2204926-376,,,,"S. Nelson and G. Gibanski on June 25, 1980",S. Nelson and G. Gibanski,"June 25, 1980",N,N
AITK-2204928-373,,,,"S. Nelson and G. Gibanski on June 25, 1980",S. Nelson and G. Gibanski,"June 25, 1980",N,N
AITK-2204933-374,,,,"G. Gibanski and S. Nelson on June 25, 1980",G. Gibanski and S. Nelson,"June 25, 1980",N,N
AITK-2204934-375,,,,"S. Nelson and G. Gibanski on June 25, 1980",S. Nelson and G. Gibanski,"June 25, 1980",N,N
AITK-2205001-144,,,,"D. Olson and L. Severson on June 12, 1980",D. Olson and L. Severson,"June 12, 1980",N,N
AITK-2205001-145,,,,"D. Olson and L. Severson on June 12, 1980",D. Olson and L. Severson,"June 12, 1980",N,N
AITK-2205003-136,,,,"D. Olson and L. Severson on June 12, 1980",D. Olson and L. Severson,"June 12, 1980",N,N
AITK-2205005-148,,,,"D. Olson and L. Severson on June 13, 1980",D. Olson and L. Severson,"June 13, 1980",N,N
AITK-2205010-137,,,,"D. Olson and L. Severson on June 12, 1980",D. Olson and L. Severson,"June 12, 1980",N,N
AITK-2205012-142,,,,"D. Olson and L. Severson on June 21, 1980",D. Olson and L. Severson,"June 21, 1980",N,N
AITK-2205012-143,,,,"D. Olson and L. Severson on June 12, 1980",D. Olson and L. Severson,"June 12, 1980",N,N
AITK-2205013-141,Laboratory samples collected near this site at a later date,,,"D. Olson and L. Severson on June 12, 1980",D. Olson and L. Severson,"June 12, 1980",Y,Y
AITK-2205015-138,,,,"D. Olson and L. Severson on June 12, 1980",D. Olson and L. Severson,"June 12, 1980",N,N
AITK-2205104-125,,,,"H. Hobbs and G. Gibanski on June 12, 1980",H. Hobbs and G. Gibanski,"June 12, 1980",N,N
AITK-2205104-159,,,,"H. Hobbs and G. Gibanski on June 13, 1980",H. Hobbs and G. Gibanski,"June 13, 1980",N,N
AITK-2205105-158,Laboratory samples collected near this site at a later date,,,"H. Hobbs and G. Gibanski on June 13, 1980",H. Hobbs and G. Gibanski,"June 13, 1980",Y,Y
AITK-2205105-160,,,,"H. Hobbs and G. Gibanski on June 13, 1980",H. Hobbs and G. Gibanski,"June 13, 1980",N,N
AITK-2205106-163,,,,"H. Hobbs and G. Gibanski on June 13, 1980",H. Hobbs and G. Gibanski,"June 13, 1980",N,N
AITK-2205108-156,,,,"D. Olson and L. Severson on June 13, 1980",D. Olson and L. Severson,"June 13, 1980",N,N
AITK-2205108-157,,,,"D. Olson and L. Severson on June 13, 1980",D. Olson and L. Severson,"June 13, 1980",N,N
AITK-2205109-126,,,,"H. Hobbs and G. Gibanski on June 12, 1980",H. Hobbs and G. Gibanski,"June 12, 1980",N,N
AITK-2205110-1,,,,"D. Olson and B. Balan on March 19, 1978",D. Olson and B. Balan,"March 19, 1978",Y,N
AITK-2205110-17,,,,"H. Hobbs and T. Malterer on April 14, 1980",H. Hobbs and T. Malterer,"April 14, 1980",N,N
AITK-2205111-15,,,,"H. Hobbs and T. Malterer on April 14, 1980",H. Hobbs and T. Malterer,"April 14, 1980",N,N
AITK-2205112-16,,,,"H. Hobbs and T. Malterer on April 14, 1980",H. Hobbs and T. Malterer,"April 14, 1980",N,N
AITK-2205112-2,,,,"D. Olson and B. Balan on May 19, 1978",D. Olson and B. Balan,"May 19, 1978",Y,Y
AITK-2205114-133,Site is close to mineral island,,,"H. Hobbs and G. Gibanski on June 12, 1980",H. Hobbs and G. Gibanski,"June 12, 1980",N,N
AITK-2205116-153,,,,"D. Olson and L. Severson on June 13, 1980",D. Olson and L. Severson,"June 13, 1980",N,N
AITK-2205118-155,Site about 175 yards from upland,,,"D. Olson and L. Severson on June 13, 1980",D. Olson and L. Severson,"June 13, 1980",N,N
AITK-2205120-154,,,,"D. Olson and L. Severson on June 13, 1980",D. Olson and L. Severson,"June 13, 1980",N,N
AITK-2205122-127,,,,"H. Hobbs and G. Gibanski on June 12, 1980",H. Hobbs and G. Gibanski,"June 12, 1980",N,N
AITK-2205122-128,,,,"H. Hobbs and G. Gibanski on June 12, 1980",H. Hobbs and G. Gibanski,"June 12, 1980",N,N
AITK-2205125-132,,,,"H. Hobbs and G. Gibanski on June 12, 1980",H. Hobbs and G. Gibanski,"June 12, 1980",N,N
AITK-2205127-130,,,,"H. Hobbs and G. Gibanski on June 12, 1980",H. Hobbs and G. Gibanski,"June 12, 1980",N,N
AITK-2205128-150,,,,"D. Olson and L. Severson on June 13, 1980",D. Olson and L. Severson,"June 13, 1980",N,N
AITK-2205129-149,,,,"D. Olson and L. Severson on June 13, 1980",D. Olson and L. Severson,"June 13, 1980",N,N
AITK-2205133-134,Laboratory samples collected near this site at a later date,,,"D. Olson and L. Severson on June 12, 1980",D. Olson and L. Severson,"June 12, 1980",Y,Y
AITK-2205134-129,,,,"H. Hobbs and G. Gibanski on June 12, 1980",H. Hobbs and G. Gibanski,"June 12, 1980",N,N
AITK-2205135-131,,,,"H. Hobbs and G. Gibanski on June 13, 1980",H. Hobbs and G. Gibanski,"June 13, 1980",N,N
AITK-2205135-135,,,,"D. Olson and L. Severson on June 12, 1980",D. Olson and L. Severson,"June 12, 1980",N,N
AITK-2205136-146,,,,"D. Olson and L. Severson on June 12, 1980",D. Olson and L. Severson,"June 12, 1980",N,N
AITK-2205201-256,,,,"B. Leuelling, D. Mellem, and B. Balan on August 2, 1978","B. Leuelling, D. Mellem, and B. Balan","August 2, 1978",Y,N
AITK-2205201-257,,,,"B. Leuelling, D. Mellem, and B. Balan on August 2, 1978","B. Leuelling, D. Mellem, and B. Balan","August 2, 1978",Y,N
AITK-2205201-258,,,,"D. Mellem and B. Balan on August 1, 1978",D. Mellem and B. Balan,"August 1, 1978",Y,N
AITK-2205201-268,,,,"B. Leuelling, D. Mellem, and B. Balan on August 2, 1978","B. Leuelling, D. Mellem, and B. Balan","August 2, 1978",Y,N
AITK-2205201-585,,,,"M. Oberhelman and D. Riihiluoma on March 14, 1985",M. Oberhelman and D. Riihiluoma,"March 14, 1985",N,N
AITK-2205202-259,,,,"D. Mellem and B. Balan on August 4, 1978",D. Mellem and B. Balan,"August 4, 1978",Y,N
AITK-2205202-260,,,,"D. Mellem and B. Balan on August 4, 1978",D. Mellem and B. Balan,"August 4, 1978",Y,N
AITK-2205202-261,,,,"D. Olson and B. Balan on August 8, 1978",D. Olson and B. Balan,"August 8, 1978",Y,N
AITK-2205202-262,,,,"D. Olson and B. Balan on August 8, 1978",D. Olson and B. Balan,"August 8, 1978",Y,N
AITK-2205202-263,,,,"D. Olson and B. Balan on August 8, 1978",D. Olson and B. Balan,"August 8, 1978",Y,N
AITK-2205202-264,,,,"B. Leuelling and D. Olson on August 3, 1978",B. Leuelling and D. Olson,"August 3, 1978",Y,N
AITK-2205202-265,,,,"B. Leuelling and D. Olson on August 3, 1978",B. Leuelling and D. Olson,"August 3, 1978",Y,N
AITK-2205202-266,,,,"B. Leuelling and D. Olson on August 3, 1978",B. Leuelling and D. Olson,"August 3, 1978",Y,N
AITK-2205202-267,,,,"B. Leuelling and D. Olson on August 3, 1978",B. Leuelling and D. Olson,"August 3, 1978",Y,N
AITK-2205203-2,Laboratory samples collected near this site at a later date,,,"H. Hobbs and T. Malterer on April 14, 1980",H. Hobbs and T. Malterer,"April 14, 1980",Y,Y
AITK-2205203-562,,,,"S. Nelson and L. Severson on December 15, 1982",S. Nelson and L. Severson,"December 15, 1982",N,N
AITK-2205203-563,,,,"S. Nelson and L. Severson on December 15, 1982",S. Nelson and L. Severson,"December 15, 1982",N,N
AITK-2205203-564,,,,"S. Nelson and L. Severson on December 15, 1982",S. Nelson and L. Severson,"December 15, 1982",N,N
AITK-2205203-565,,,,"S. Nelson and L. Severson on December 15, 1982",S. Nelson and L. Severson,"December 15, 1982",N,N
AITK-2205204-250,,,,"T. Malterer and B. Balan and B. Leuelling on July 26, 1978",T. Malterer and B. Balan and B. Leuelling,"July 26, 1978",Y,N
AITK-2205204-251,,,,"D. Olson and B. Balan on July 31, 1978",D. Olson and B. Balan,"July 31, 1978",Y,N
AITK-2205204-3,,,,"H. Hobbs and T. Malterer on April 14, 1980",H. Hobbs and T. Malterer,"April 14, 1980",N,N
AITK-2205204-560,,,,"H. Mooers and L. Severson on September 8, 1981",H. Mooers and L. Severson,"September 8, 1981",N,N
AITK-2205204-561,,,,"H. Mooers and L. Severson on September 8, 1981",H. Mooers and L. Severson,"September 8, 1981",N,N
AITK-2205205-4,,,,"H. Hobbs and T. Malterer on April 14, 1980",H. Hobbs and T. Malterer,"April 14, 1980",N,N
AITK-2205209-252,,,,"D. Olson and B. Balan on July 31, 1978",D. Olson and B. Balan,"July 31, 1978",Y,N
AITK-2205209-253,,,,"D. Olson and B. Balan on July 31, 1978",D. Olson and B. Balan,"July 31, 1978",Y,N
AITK-2205210-1,,,,"H. Hobbs and T. Malterer on April 14, 1980",H. Hobbs and T. Malterer,"April 14, 1980",N,N
AITK-2205210-254,,,,"D. Olson and D. Mellum and B. Balan on July 28, 1978",D. Olson and D. Mellum and B. Balan,"July 28, 1978",Y,N
AITK-2205210-255,,,,"D. Mellum and B. Balan and D. Olson on July 28, 1978",D. Mellum and B. Balan and D. Olson,"July 28, 1978",Y,N
AITK-2205211-209,,,,"D. Mellum and B. Balan on July 20, 1978",D. Mellum and B. Balan,"July 20, 1978",Y,N
AITK-2205212-208,,,,"D. Mellum and B. Balan on July 20, 1978",D. Mellum and B. Balan,"July 20, 1978",Y,N
AITK-2205213-206,,,,"D. Mellum and B. Balan on July 20, 1978",D. Mellum and B. Balan,"July 20, 1978",Y,N
AITK-2205213-207,,,,"D. Mellum and B. Balan on July 20, 1978",D. Mellum and B. Balan,"July 20, 1978",Y,N
AITK-2205214-200,,,,"D. Mellum and B. Balan on July 25, 1978",D. Mellum and B. Balan,"July 25, 1978",Y,N
AITK-2205214-201,,,,"D. Mellum and B. Balan on July 25, 1978",D. Mellum and B. Balan,"July 25, 1978",Y,N
AITK-2205214-204,,,,"D. Mellum and B. Balan on July 24, 1978",D. Mellum and B. Balan,"July 24, 1978",Y,N
AITK-2205214-205,,255-300cm peat dryer than normal,,"D. Mellum and B. Balan on July 20, 1978",D. Mellum and B. Balan,"July 20, 1978",Y,N
AITK-2205216-5,,,,"H. Hobbs and T. Malterer on April 14, 1980",H. Hobbs and T. Malterer,"April 14, 1980",N,N
AITK-2205216-6,,,,"H. Hobbs and T. Malterer on April 14, 1980",H. Hobbs and T. Malterer,"April 14, 1980",N,N
AITK-2205219-20,Laboratory samples collected near this site at a later date,,,"D. Olson and T. Deering on April 14, 1980",D. Olson and T. Deering,"April 14, 1980",Y,Y
AITK-2205219-21,,,,"D. Olson and T. Deering on April 14, 1980",D. Olson and T. Deering,"April 14, 1980",N,N
AITK-2205219-22,,,,"D. Olson and T. Deering on April 14, 1980",D. Olson and T. Deering,"April 14, 1980",N,N
AITK-2205222-7,,,,"H. Hobbs and T. Malterer on April 14, 1980",H. Hobbs and T. Malterer,"April 14, 1980",N,N
AITK-2205222-8,,,,"H. Hobbs and T. Malterer on April 14, 1980",H. Hobbs and T. Malterer,"April 14, 1980",N,N
AITK-2205223-202,,,,"D. Mellum and B. Balan on July 25, 1978",D. Mellum and B. Balan,"July 25, 1978",Y,N
AITK-2205223-203,,,,"D. Mellum and B. Balan on July 24, 1978",D. Mellum and B. Balan,"July 24, 1978",Y,N
AITK-2205223-210,,,,"D. Mellum and B. Balan on July 24, 1978",D. Mellum and B. Balan,"July 24, 1978",Y,N
AITK-2205223-211,,,,"D. Mellum and B. Balan on July 24, 1978",D. Mellum and B. Balan,"July 24, 1978",Y,N
AITK-2205223-212,,,,"D. Mellum and B. Balan on July 25, 1978",D. Mellum and B. Balan,"July 25, 1978",Y,N
AITK-2205223-213,,,,"D. Mellum and B. Balan on July 24, 1978",D. Mellum and B. Balan,"July 24, 1978",Y,N
AITK-2205223-518,Laboratory samples collected near this site at a later date,,,"H. Malterer and D. Riihiluoma on August 11, 1980",H. Malterer and D. Riihiluoma,"August 11, 1980",Y,Y
AITK-2205227-9,,,,"H. Hobbs and T. Malterer on April 14, 1980",H. Hobbs and T. Malterer,"April 14, 1980",N,N
AITK-2205228-10,,,,"H. Hobbs and T. Malterer on April 14, 1980",H. Hobbs and T. Malterer,"April 14, 1980",N,N
AITK-2205228-28,,,,"D. Olson and T. Deering on April 18, 1980",D. Olson and T. Deering,"April 18, 1980",N,N
AITK-2205228-29,,,,"D. Olson and T. Deering on April 14, 1980",D. Olson and T. Deering,"April 14, 1980",N,N
AITK-2205229-30,,,,"D. Olson and T. Deering on April 14, 1980",D. Olson and T. Deering,"April 14, 1980",N,N
AITK-2205230-23,,,,"D. Olson and T. Deering on April 14, 1980",D. Olson and T. Deering,"April 14, 1980",N,N
AITK-2205230-24,,,,"D. Olson and T. Deering on April 14, 1980",D. Olson and T. Deering,"April 14, 1980",N,N
AITK-2205230-25,,,,"D. Olson and T. Deering on April 14, 1980",D. Olson and T. Deering,"April 14, 1980",N,N
AITK-2205230-26,,,,"D. Olson and T. Deering on April 14, 1980",D. Olson and T. Deering,"April 14, 1980",N,N
AITK-2205231-164,,,,"H. Hobbs and G. Gibanski on June 13, 1980",H. Hobbs and G. Gibanski,"June 13, 1980",N,N
AITK-2205231-27,,,,"D. Olson and T. Deering on April 14, 1980",D. Olson and T. Deering,"April 14, 1980",N,N
AITK-2205232-161,,,,"H. Hobbs and G. Gibanski on June 13, 1980",H. Hobbs and G. Gibanski,"June 13, 1980",N,N
AITK-2205233-12,,,,"H. Hobbs and T. Malterer on April 14, 1980",H. Hobbs and T. Malterer,"April 14, 1980",N,N
AITK-2205233-162,,,,"H. Hobbs and G. Gibanski on June 13, 1980",H. Hobbs and G. Gibanski,"June 13, 1980",N,N
AITK-2205234-11,,,,"H. Hobbs and T. Malterer on April 14, 1980",H. Hobbs and T. Malterer,"April 14, 1980",N,N
AITK-2205234-13,,,,"H. Hobbs and T. Malterer on April 14, 1980",H. Hobbs and T. Malterer,"April 14, 1980",N,N
AITK-2205234-18,,,,"H. Hobbs and T. Malterer on April 14, 1980",H. Hobbs and T. Malterer,"April 14, 1980",N,N
AITK-2205235-14,,,,"H. Hobbs and T. Malterer on April 14, 1980",H. Hobbs and T. Malterer,"April 14, 1980",N,N
AITK-2304311-507,,,,"G. Gibanski and S. Nelson on July 2, 1980",G. Gibanski and S. Nelson,"July 2, 1980",N,N
AITK-2304404-113,,,,"H. Hobbs and T. Deering on April 30, 1980",H. Hobbs and T. Deering,"April 30, 1980",N,N
AITK-2304409-494,,,,"S. Nelson and D. Olson on July 1, 1980",S. Nelson and D. Olson,"July 1, 1980",N,N
AITK-2304413-492,,,,"S. Nelson and D. Olson on July 1, 1980",S. Nelson and D. Olson,"July 1, 1980",N,N
AITK-2304419-107,,,,"H. Hobbs and T. Deering on April 30, 1980",H. Hobbs and T. Deering,"April 30, 1980",N,N
AITK-2304420-106,,,,"H. Hobbs and T. Deering on April 30, 1980",H. Hobbs and T. Deering,"April 30, 1980",N,N
AITK-2304430-502,,,,"H. Hobbs and D. Olson on July 2, 1980",H. Hobbs and D. Olson,"July 2, 1980",N,N
AITK-2304431-504,,,,"H. Hobbs and D. Olson on July 2, 1980",H. Hobbs and D. Olson,"July 2, 1980",N,N
AITK-2304435-493,,,,"D. Olson and S. Nelson on July 1, 1980",D. Olson and S. Nelson,"July 1, 1980",N,N
AITK-2304504-460,,,,"G. Gibanski and H. Hobbs on June 30, 1980",G. Gibanski and H. Hobbs,"June 30, 1980",N,N
AITK-2304504-461,,,,"G. Gibanski and H. Hobbs on June 30, 1980",G. Gibanski and H. Hobbs,"June 30, 1980",N,N
AITK-2304505-1,Laboratory samples collected near this site at a later date; heavy metals sample site in area,,,"D. Haverkost and D. Riihiluoma on September 17, 1980",D. Haverkost and D. Riihiluoma,"September 17, 1980",Y,Y
AITK-2304505-12,Laboratory samples collected near this site at a later date; heavy metals sample site in area,,,"D. Haverkost and D. Riihiluoma on September 17, 1980",D. Haverkost and D. Riihiluoma,"September 17, 1980",Y,Y
AITK-2304505-14,Laboratory samples collected near this site at a later date; heavy metals sample site in area,,,"H. Mooers and D. Riihiluoma on September 18, 1980",H. Mooers and D. Riihiluoma,"September 18, 1980",Y,Y
AITK-2304505-15,Laboratory samples collected near this site at a later date; heavy metals sample site in area,,,"H. Mooers and D. Riihiluoma on September 18, 1980",H. Mooers and D. Riihiluoma,"September 18, 1980",Y,Y
AITK-2304505-2,Laboratory samples collected near this site at a later date; heavy metals sample site in area,,,"D. Haverkost and D. Riihiluoma on September 17, 1980",D. Haverkost and D. Riihiluoma,"September 17, 1980",Y,Y
AITK-2304505-458,,,,"G. Gibanski and H. Hobbs on June 30, 1980",G. Gibanski and H. Hobbs,"June 30, 1980",N,N
AITK-2304505-601,,,McGregor South Bog,"P. Geiselman and M. Oberhelman on May 13, 1987",P. Geiselman and M. Oberhelman,"May 13, 1987",N,N
AITK-2304505-602,,,McGregor South Bog,"P. Geiselman and M. Oberhelman on May 13, 1987",P. Geiselman and M. Oberhelman,"May 13, 1987",N,N
AITK-2304505-83,,,,"H. Hobbs and T. Deering on April 24, 1980",H. Hobbs and T. Deering,"April 24, 1980",N,N
AITK-2304506-455,,,,"D. Olson and S. Nelson on June 30, 1980",D. Olson and S. Nelson,"June 30, 1980",N,N
AITK-2304507-454,,,,"S. Nelson and D. Olson on June 30, 1980",S. Nelson and D. Olson,"June 30, 1980",N,N
AITK-2304507-457,,,,"G. Gibanski and H. Hobbs on June 30, 1980",G. Gibanski and H. Hobbs,"June 30, 1980",N,N
AITK-2304508-84,,,,"H. Hobbs and T. Deering on April 24, 1980",H. Hobbs and T. Deering,"April 24, 1980",N,N
AITK-2304510-462,,,,"G. Gibanski and H. Hobbs on June 30, 1980",G. Gibanski and H. Hobbs,"June 30, 1980",N,N
AITK-2304511-463,,,,"G. Gibanski and H. Hobbs on June 30, 1980",G. Gibanski and H. Hobbs,"June 30, 1980",N,N
AITK-2304513-476,,,,"H. Hobbs and G. Gibanski on July 1, 1980",H. Hobbs and G. Gibanski,"July 1, 1980",N,N
AITK-2304513-477,,,,"H. Hobbs and G. Gibanski on July 1, 1980",H. Hobbs and G. Gibanski,"July 1, 1980",N,N
AITK-2304514-467,,,,"G. Gibanski and H. Hobbs on June 30, 1980",G. Gibanski and H. Hobbs,"June 30, 1980",N,N
AITK-2304514-478,,,,"H. Hobbs and G. Gibanski on July 1, 1980",H. Hobbs and G. Gibanski,"July 1, 1980",N,N
AITK-2304515-464,,,,"G. Gibanski and H. Hobbs on June 30, 1980",G. Gibanski and H. Hobbs,"June 30, 1980",N,N
AITK-2304515-465,,,,"G. Gibanski and H. Hobbs on June 30, 1980",G. Gibanski and H. Hobbs,"June 30, 1980",N,N
AITK-2304515-466,,,,"G. Gibanski and H. Hobbs on June 30, 1980",G. Gibanski and H. Hobbs,"June 30, 1980",N,N
AITK-2304516-85,,,,"H. Hobbs and T. Deering on April 24, 1980",H. Hobbs and T. Deering,"April 24, 1980",N,N
AITK-2304519-115,,,,"H. Hobbs and T. Deering on April 30, 1980",H. Hobbs and T. Deering,"April 30, 1980",N,N
AITK-2304521-456,,,,"G. Gibanski and H. Hobbs on June 30, 1980",G. Gibanski and H. Hobbs,"June 30, 1980",N,N
AITK-2304523-474,Laboratory samples collected near this site at a later date,,,"H. Hobbs and G. Gibanski on July 1, 1980",H. Hobbs and G. Gibanski,"July 1, 1980",Y,Y
AITK-2304525-472,,,,"H. Hobbs and G. Gibanski on July 1, 1980",H. Hobbs and G. Gibanski,"July 1, 1980",N,N
AITK-2304525-473,,,,"H. Hobbs and G. Gibanski on July 1, 1980",H. Hobbs and G. Gibanski,"July 1, 1980",N,N
AITK-2304529-114,Laboratory samples collected near this site at a later date,,,"H. Hobbs and T. Deering on April 30, 1980",H. Hobbs and T. Deering,"April 30, 1980",Y,Y
AITK-2304614-441,,,,"G. Gibanski and H. Hobbs on June 27, 1980",G. Gibanski and H. Hobbs,"June 27, 1980",N,N
AITK-2304624-442,,,,"G. Gibanski and H. Hobbs on June 27, 1980",G. Gibanski and H. Hobbs,"June 27, 1980",N,N
AITK-2304625-123,,,,"H. Hobbs and T. Deering on May 1, 1980",H. Hobbs and T. Deering,"May 1, 1980",N,N
AITK-2304628-81,,,,"H. Hobbs and T. Deering on April 24, 1980",H. Hobbs and T. Deering,"April 24, 1980",N,N
AITK-2304632-519,Laboratory samples collected near this site at a later date,,,"D. Haverkost and D. Riihiluoma on September 5, 1980",D. Haverkost and D. Riihiluoma,"September 5, 1980",Y,Y
AITK-2304632-597,Hit stump at 60cm,,McGregor South Bog,"P. Geiselman and M. Oberhelman on May 13, 1987",P. Geiselman and M. Oberhelman,"May 13, 1987",N,N
AITK-2304632-598,,,McGregor South Bog,"P. Geiselman and M. Oberhelman on May 13, 1987",P. Geiselman and M. Oberhelman,"May 13, 1987",N,N
AITK-2304632-599,,,McGregor South Bog,"P. Geiselman and M. Oberhelman on May 13, 1987",P. Geiselman and M. Oberhelman,"May 13, 1987",Y,N
AITK-2304632-600,,,McGregor South Bog,"P. Geiselman and M. Oberhelman on May 13, 1987",P. Geiselman and M. Oberhelman,"May 13, 1987",N,N
AITK-2304633-459,,,,"G. Gibanski and H. Hobbs on June 30, 1980",G. Gibanski and H. Hobbs,"June 30, 1980",N,N
AITK-2304633-586,,,McGregor South Bog,"P. Geiselman and M. Oberhelman on April 28, 1987",P. Geiselman and M. Oberhelman,"April 28, 1987",N,N
AITK-2304633-587,,,McGregor South Bog,"P. Geiselman and M. Oberhelman on April 28, 1987",P. Geiselman and M. Oberhelman,"April 28, 1987",N,N
AITK-2304633-588,,,McGregor South Bog,"P. Geiselman and M. Oberhelman on April 28, 1987",P. Geiselman and M. Oberhelman,"April 28, 1987",N,N
AITK-2304633-82,,,,"H. Hobbs and T. Deering on April 24, 1980",H. Hobbs and T. Deering,"April 24, 1980",N,N
AITK-2304636-443,,,,"G. Gibanski and H. Hobbs on June 27, 1980",G. Gibanski and H. Hobbs,"June 27, 1980",N,N
AITK-2304705-69,,,McGregor Bog,"H. Hobbs and T. Deering on April 23, 1980",H. Hobbs and T. Deering,"April 23, 1980",N,N
AITK-2304707-70,,,McGregor Bog,"H. Hobbs and T. Deering on April 23, 1980",H. Hobbs and T. Deering,"April 23, 1980",N,N
AITK-2304707-75,,,,"H. Hobbs and T. Deering on April 23, 1980",H. Hobbs and T. Deering,"April 23, 1980",N,N
AITK-2304714-427,Laboratory samples collected near this site at a later date,,,"D. Olson and S. Nelson on June 27, 1980",D. Olson and S. Nelson,"June 27, 1980",Y,Y
AITK-2304722-426,,,,"S. Nelson and D. Olson on June 27, 1980",S. Nelson and D. Olson,"June 27, 1980",N,N
AITK-2304725-429,,,,"D. Olson and S. Nelson on June 27, 1980",D. Olson and S. Nelson,"June 27, 1980",N,N
AITK-2304726-428,,,,"S. Nelson and D. Olson on June 27, 1980",S. Nelson and D. Olson,"June 27, 1980",N,N
AITK-2304736-430,,,,"S. Nelson and D. Olson on June 27, 1980",S. Nelson and D. Olson,"June 27, 1980",N,N
AITK-2304803-383,,,,"H. Hobbs and D. Olson on June 25, 1980",H. Hobbs and D. Olson,"June 25, 1980",N,N
AITK-2304807-67,,,McGregor North Bog,"H. Hobbs and T. Deering on April 23, 1980",H. Hobbs and T. Deering,"April 23, 1980",N,N
AITK-2304810-369,,,,"S. Nelson and G. Gibanski on June 25, 1980",S. Nelson and G. Gibanski,"June 25, 1980",N,N
AITK-2304811-370,,,,"G. Gibanski and S. Nelson on June 25, 1980",G. Gibanski and S. Nelson,"June 25, 1980",N,N
AITK-2304811-381,,,,"H. Hobbs and D. Olson on June 25, 1980",H. Hobbs and D. Olson,"June 25, 1980",N,N
AITK-2304812-382,,,,"H. Hobbs and D. Olson on June 25, 1980",H. Hobbs and D. Olson,"June 25, 1980",N,N
AITK-2304812-384,,,,"H. Hobbs and D. Olson on June 25, 1980",H. Hobbs and D. Olson,"June 25, 1980",N,N
AITK-2304814-380,,,,"H. Hobbs and D. Olson on June 25, 1980",H. Hobbs and D. Olson,"June 25, 1980",N,N
AITK-2304815-379,,,,"H. Hobbs and D. Olson on June 25, 1980",H. Hobbs and D. Olson,"June 25, 1980",N,N
AITK-2304818-368,,,McGregor North Bog,"S. Nelson and G. Gibanski on June 25, 1980",S. Nelson and G. Gibanski,"June 25, 1980",N,N
AITK-2304818-68,,,McGregor North Bog,"H. Hobbs and T. Deering on April 23, 1980",H. Hobbs and T. Deering,"April 23, 1980",N,N
AITK-2304825-392,,,,"H. Hobbs and D. Olson on June 25, 1980",H. Hobbs and D. Olson,"June 25, 1980",N,N
AITK-2304825-393,,,,"H. Hobbs and D. Olson on June 25, 1980",H. Hobbs and D. Olson,"June 25, 1980",N,N
AITK-2304826-394,,,,"H. Hobbs and D. Olson on June 25, 1980",H. Hobbs and D. Olson,"June 25, 1980",N,N
AITK-2304828-55,,,,"H. Hobbs and T. Deering on April 17, 1980",H. Hobbs and T. Deering,"April 17, 1980",N,N
AITK-2304831-577,,,McGregor Bog,"D. Riihiluoma on May 24, 1984",D. Riihiluoma,"May 24, 1984",N,N
AITK-2304831-578,,,McGregor Bog,"D. Riihiluoma on May 24, 1984",D. Riihiluoma,"May 24, 1984",N,N
AITK-2304831-579,Site 100 feet from upland,,McGregor Bog,"D. Riihiluoma on May 24, 1984",D. Riihiluoma,"May 24, 1984",N,N
AITK-2304832-71,Laboratory samples collected near this site at a later date,,McGregor Bog,"H. Hobbs and T. Deering on April 23, 1980",H. Hobbs and T. Deering,"April 23, 1980",Y,Y
AITK-2304832-72,,,McGregor Bog,"H. Hobbs and T. Deering on April 23, 1980",H. Hobbs and T. Deering,"April 23, 1980",N,N
AITK-2304834-395,,,,"H. Hobbs and D. Olson on June 25, 1980",H. Hobbs and D. Olson,"June 25, 1980",N,N
AITK-2304916-371,Laboratory samples collected near this site at a later date,,,"G. Gibanski and S. Nelson on June 25, 1980",G. Gibanski and S. Nelson,"June 25, 1980",Y,Y
AITK-2305123-152,,,,"D. Olson and L. Severson on June 13, 1980",D. Olson and L. Severson,"June 13, 1980",N,N
AITK-2305134-151,,,,"D. Olson and L. Severson on June 13, 1980",D. Olson and L. Severson,"June 13, 1980",N,N
AITK-2305224-19,,,,"D. Olson and T. Deering on April 14, 1980",D. Olson and T. Deering,"April 14, 1980",N,N
AITK-2305226-104,,,,"B. Leuelling, D. Olson, and B. Balan on August 7, 1978","B. Leuelling, D. Olson, and B. Balan","August 7, 1978",N,N
AITK-2305226-105,,,,"B. Leuelling, D. Olson, and B. Balan on August 7, 1978","B. Leuelling, D. Olson, and B. Balan","August 7, 1978",Y,N
AITK-2305227-106,,,,"B. Leuelling, D. Olson, and B. Balan on August 7, 1978","B. Leuelling, D. Olson, and B. Balan","August 7, 1978",Y,N
AITK-2305236-165,,,,"H. Hobbs and G. Gibanski on June 13, 1980",H. Hobbs and G. Gibanski,"June 13, 1980",N,N
AITK-2404301-105,,,,"H. Hobbs and T. Deering on April 30, 1980",H. Hobbs and T. Deering,"April 30, 1980",N,N
AITK-2404301-508,,,,"G. Gibanski and S. Nelson on July 2, 1980",G. Gibanski and S. Nelson,"July 2, 1980",N,N
AITK-2404302-509,,,,"G. Gibanski and S. Nelson on July 2, 1980",G. Gibanski and S. Nelson,"July 2, 1980",N,N
AITK-2404305-104,Laboratory samples collected near this site at a later date,,,"H. Hobbs and T. Deering on April 30, 1980",H. Hobbs and T. Deering,"April 30, 1980",Y,Y
AITK-2404314-510,,,,"G. Gibanski and S. Nelson on July 2, 1980",G. Gibanski and S. Nelson,"July 2, 1980",N,N
AITK-2404315-512,,,,"G. Gibanski and S. Nelson on July 2, 1980",G. Gibanski and S. Nelson,"July 2, 1980",N,N
AITK-2404315-590,,,,"P. Geiselman and M. Oberhelman on April 29, 1987",P. Geiselman and M. Oberhelman,"April 29, 1987",N,N
AITK-2404315-591,,,,"P. Geiselman and M. Oberhelman on April 29, 1987",P. Geiselman and M. Oberhelman,"April 29, 1987",N,N
AITK-2404315-592,Hit stump at 30cm,,,"P. Geiselman and M. Oberhelman on April 29, 1987",P. Geiselman and M. Oberhelman,"April 29, 1987",Y,N
AITK-2404315-593,,,,"P. Geiselman and M. Oberhelman on April 29, 1987",P. Geiselman and M. Oberhelman,"April 29, 1987",Y,N
AITK-2404320-515,,,,"G. Gibanski and S. Nelson on July 2, 1980",G. Gibanski and S. Nelson,"July 2, 1980",N,N
AITK-2404321-514,,,,"G. Gibanski and S. Nelson on July 2, 1980",G. Gibanski and S. Nelson,"July 2, 1980",N,N
AITK-2404322-511,,,,"G. Gibanski and S. Nelson on July 2, 1980",G. Gibanski and S. Nelson,"July 2, 1980",N,N
AITK-2404322-513,,,,"G. Gibanski and S. Nelson on July 2, 1980",G. Gibanski and S. Nelson,"July 2, 1980",N,N
AITK-2404322-589,,,,"P. Geiselman and M. Oberhelman on April 29, 1987",P. Geiselman and M. Oberhelman,"April 29, 1987",Y,N
AITK-2404322-594,,,,"P. Geiselman and M. Oberhelman on April 29, 1987",P. Geiselman and M. Oberhelman,"April 29, 1987",N,N
AITK-2404322-595,,,,"P. Geiselman and M. Oberhelman on April 29, 1987",P. Geiselman and M. Oberhelman,"April 29, 1987",N,N
AITK-2404322-596,,,,"P. Geiselman and M. Oberhelman on April 29, 1987",P. Geiselman and M. Oberhelman,"April 29, 1987",N,N
AITK-2404333-517,,,,"G. Gibanski and S. Nelson on July 2, 1980",G. Gibanski and S. Nelson,"July 2, 1980",N,N
AITK-2404412-500,,,,"H. Hobbs and D. Olson on July 2, 1980",H. Hobbs and D. Olson,"July 2, 1980",N,N
AITK-2404418-496,,,,"H. Hobbs and D. Olson on July 2, 1980",H. Hobbs and D. Olson,"July 2, 1980",N,N
AITK-2404419-498,,,,"H. Hobbs and D. Olson on July 2, 1980",H. Hobbs and D. Olson,"July 2, 1980",N,N
AITK-2404420-499,,,,"H. Hobbs and D. Olson on July 2, 1980",H. Hobbs and D. Olson,"July 2, 1980",N,N
AITK-2404423-109,,,,"H. Hobbs and T. Deering on April 30, 1980",H. Hobbs and T. Deering,"April 30, 1980",N,N
AITK-2404423-481,,,,"H. Hobbs and G. Gibanski on July 1, 1980",H. Hobbs and G. Gibanski,"July 1, 1980",N,N
AITK-2404423-603,,,,"P. Geiselman and M. Oberhelman on May 13, 1987",P. Geiselman and M. Oberhelman,"May 13, 1987",N,N
AITK-2404424-108,Laboratory samples collected near this site at a later date,,,"H. Hobbs and T. Deering on April 30, 1980",H. Hobbs and T. Deering,"April 30, 1980",Y,Y
AITK-2404424-501,,,,"H. Hobbs and D. Olson on July 2, 1980",H. Hobbs and D. Olson,"July 2, 1980",N,N
AITK-2404425-503,,,,"H. Hobbs and D. Olson on July 2, 1980",H. Hobbs and D. Olson,"July 2, 1980",N,N
AITK-2404436-505,,,,"H. Hobbs and D. Olson on July 2, 1980",H. Hobbs and D. Olson,"July 2, 1980",N,N
AITK-2404501-448,,,,"S. Nelson and D. Olson on June 30, 1980",S. Nelson and D. Olson,"June 30, 1980",N,N
AITK-2404501-450,,,,"S. Nelson and D. Olson on June 30,1980",S. Nelson and D. Olson,"June 30,1980",N,N
AITK-2404508-356,,,,"D. Olson and S. Nelson on June 24, 1980",D. Olson and S. Nelson,"June 24, 1980",N,N
AITK-2404510-357,,,,"S. Nelson and D. Olson on June 24, 1980",S. Nelson and D. Olson,"June 24, 1980",N,N
AITK-2404510-449,,,,"D. Olson and S. Nelson on June 30, 1980",D. Olson and S. Nelson,"June 30, 1980",N,N
AITK-2404512-451,,,,"D. Olson and S. Nelson on June 30, 1980",D. Olson and S. Nelson,"June 30, 1980",N,N
AITK-2404513-452,Laboratory samples collected near this site at a later date,,,"S. Nelson and D. Olson on June 30, 1980",S. Nelson and D. Olson,"June 30, 1980",Y,Y
AITK-2404514-453,,,,"D. Olson and S. Nelson on June 30, 1980",D. Olson and S. Nelson,"June 30, 1980",N,N
AITK-2404521-354,,,,"D. Olson and S. Nelson on June 23, 1980",D. Olson and S. Nelson,"June 23, 1980",N,N
AITK-2404525-111,,,,"H. Hobbs and T. Deering on April 30, 1980",H. Hobbs and T. Deering,"April 30, 1980",N,N
AITK-2404525-112,,,,"H. Hobbs and T. Deering on April 30, 1980",H. Hobbs and T. Deering,"April 30, 1980",N,N
AITK-2404526-479,,,,"H. Hobbs and G. Gibanski on July 1, 1980",H. Hobbs and G. Gibanski,"July 1, 1980",N,N
AITK-2404526-480,,,,"H. Hobbs and G. Gibanski on July 1, 1980",H. Hobbs and G. Gibanski,"July 1, 1980",N,N
AITK-2404529-353,,,,"S. Nelson and D. Olson on June 23, 1980",S. Nelson and D. Olson,"June 23, 1980",N,N
AITK-2404535-110,,,,"H. Hobbs and T. Deering on April 30, 1980",H. Hobbs and T. Deering,"April 30, 1980",N,N
AITK-2404620-363,,,,"S. Nelson and D. Olson on June 24, 1980",S. Nelson and D. Olson,"June 24, 1980",N,N
AITK-2404621-444,,,,"S. Nelson and D. Olson on June 30, 1980",S. Nelson and D. Olson,"June 30, 1980",N,N
AITK-2404621-445,,,,"D. Olson and S. Nelson on June 30, 1980",D. Olson and S. Nelson,"June 30, 1980",N,N
AITK-2404626-447,,,,"D. Olson and S. Nelson on June 30, 1980",D. Olson and S. Nelson,"June 30, 1980",N,N
AITK-2404627-446,,,,"S. Nelson and D. Olson on June 30, 1980",S. Nelson and D. Olson,"June 30, 1980",N,N
AITK-2404630-364,,,,"D. Olson and S. Nelson on June 24, 1980",D. Olson and S. Nelson,"June 24, 1980",N,N
AITK-2404631-358,,,,"D. Olson and S. Nelson on June 24, 1980",D. Olson and S. Nelson,"June 24, 1980",N,N
AITK-2404702-421,,,McGregor Bog,"D. Olson and S. Nelson on June 27, 1980",D. Olson and S. Nelson,"June 27, 1980",N,N
AITK-2404703-420,,,McGregor Bog,"S. Nelson and D. Olson on June 27, 1980",S. Nelson and D. Olson,"June 27, 1980",N,N
AITK-2404704-410,,,,"H. Hobbs and D. Olson on June 25, 1980",H. Hobbs and D. Olson,"June 25, 1980",N,N
AITK-2404708-409,,,,"H. Hobbs and D. Olson on June 25, 1980",H. Hobbs and D. Olson,"June 25, 1980",N,N
AITK-2404712-73,,,,"H. Hobbs and T. Deering on April 23, 1980",H. Hobbs and T. Deering,"April 23, 1980",N,N
AITK-2404712-74,,,,"H. Hobbs and T. Deering on April 23, 1980",H. Hobbs and T. Deering,"April 23, 1980",N,N
AITK-2404713-424,,,,"S. Nelson and D. Olson on June 27, 1980",S. Nelson and D. Olson,"June 27, 1980",N,N
AITK-2404714-422,,,,"S. Nelson and D. Olson on June 27, 1980",S. Nelson and D. Olson,"June 27, 1980",N,N
AITK-2404714-423,,,,"D. Olson and S. Nelson on June 27, 1980",D. Olson and S. Nelson,"June 27, 1980",N,N
AITK-2404716-407,,,,"H. Hobbs and D. Olson on June 25, 1980",H. Hobbs and D. Olson,"June 25, 1980",N,N
AITK-2404716-78,,,,"H. Hobbs and T. Deering on April 24, 1980",H. Hobbs and T. Deering,"April 24, 1980",N,N
AITK-2404720-406,,,,"H. Hobbs and D. Olson on June 25, 1980",H. Hobbs and D. Olson,"June 25, 1980",N,N
AITK-2404722-79,,,,"H. Hobbs and T. Deering on April 24, 1980",H. Hobbs and T. Deering,"April 24, 1980",N,N
AITK-2404723-80,,,,"H. Hobbs and T. Deering on April 24, 1980",H. Hobbs and T. Deering,"April 24, 1980",N,N
AITK-2404724-76,,,,"H. Hobbs and T. Deering on April 23, 1980",H. Hobbs and T. Deering,"April 23, 1980",N,N
AITK-2404725-77,,,,"H. Hobbs and T. Deering on April 23, 1980",H. Hobbs and T. Deering,"April 23, 1980",N,N
AITK-2404726-425,,,,"D. Olson and S. Nelson on June 27, 1980",D. Olson and S. Nelson,"June 27, 1980",N,N
AITK-2404731-404,,,,"H. Hobbs and D. Olson on June 25, 1980",H. Hobbs and D. Olson,"June 25, 1980",N,N
AITK-2404731-405,Laboratory samples collected near this site at a later date,,,"H. Hobbs and D. Olson on June 25, 1980",H. Hobbs and D. Olson,"June 25, 1980",Y,Y
AITK-2404804-280,,,,"S. Nelson and D. Olson on June 19, 1980",S. Nelson and D. Olson,"June 19, 1980",N,N
AITK-2404805-283,,,,"D. Olson and S. Nelson on June 19, 1980",D. Olson and S. Nelson,"June 19, 1980",N,N
AITK-2404805-9,,,,"D. Mellum and B. Balan on June 19, 1978",D. Mellum and B. Balan,"June 19, 1978",Y,Y
AITK-2404806-10,,,,"D. Mellum and B. Balan on June 19, 1978",D. Mellum and B. Balan,"June 19, 1978",Y,N
AITK-2404806-11,,,,"D. Mellum and B. Balan on June 19, 1978",D. Mellum and B. Balan,"June 19, 1978",Y,N
AITK-2404806-12,,,,"D. Mellum and B. Balan on June 19, 1978",D. Mellum and B. Balan,"June 19, 1978",Y,N
AITK-2404806-13,,,,"D. Mellum and B. Balan on June 19, 1978",D. Mellum and B. Balan,"June 19, 1978",Y,N
AITK-2404807-285,,,,"D. Olson and S. Nelson on June 19, 1980",D. Olson and S. Nelson,"June 19, 1980",N,N
AITK-2404808-5,Site on edge of spruce stand,,,"D. Olson and B. Balan on June 15, 1978",D. Olson and B. Balan,"June 15, 1978",Y,N
AITK-2404808-6,,,,"D. Olson and B. Balan on June 15, 1978",D. Olson and B. Balan,"June 15, 1978",Y,N
AITK-2404808-7,,,,"D. Olson and B. Balan on June 15, 1978",D. Olson and B. Balan,"June 15, 1978",Y,N
AITK-2404808-8,,,,"D. Olson and B. Balan on June 15, 1978",D. Olson and B. Balan,"June 15, 1978",Y,N
AITK-2404809-282,,,,"D. Olson and S. Nelson on June 19, 1980",D. Olson and S. Nelson,"June 19, 1980",N,N
AITK-2404809-4,,,,"D. Olson and B. Balan on June 15, 1978",D. Olson and B. Balan,"June 15, 1978",Y,N
AITK-2404810-281,,,,"D. Olson and S. Nelson on June 19, 1980",D. Olson and S. Nelson,"June 19, 1980",N,N
AITK-2404813-367,,,McGregor North Bog,"G. Gibanski and S. Nelson on June 25, 1980",G. Gibanski and S. Nelson,"June 25, 1980",N,N
AITK-2404818-580,Site 150 feet from edge of lake; hit several stumps with sampler; site 30 feet from edge of black spruce forest,,,"D. Riihiluoma on May 24, 1984",D. Riihiluoma,"May 24, 1984",N,N
AITK-2404818-581,Several stumps hit when sampling,,,"D. Riihiluoma on May 24, 1984",D. Riihiluoma,"May 24, 1984",N,N
AITK-2404818-582,,,,"D. Riihiluoma on May 24, 1984",D. Riihiluoma,"May 24, 1984",N,N
AITK-2404818-583,"Checked at 450cm and it was still peat, may or may not be limnic before bottom. Depth site only.",,,"D. Riihiluoma on May 24, 1984",D. Riihiluoma,"May 24, 1984",N,N
AITK-2404822-366,,,,"G. Gibanski and S. Nelson on June 25, 1980",G. Gibanski and S. Nelson,"June 25, 1980",N,N
AITK-2404824-554,,,,"S. Nelson and D. Riihiluoma on March 1, 1983",S. Nelson and D. Riihiluoma,"March 1, 1983",N,N
AITK-2404824-555,,,,"S. Nelson and D. Riihiluoma on March 1, 1983",S. Nelson and D. Riihiluoma,"March 1, 1983",N,N
AITK-2404824-556,,,,"D. Riihiluoma and S. Nelson on March 1, 1983",D. Riihiluoma and S. Nelson,"March 1, 1983",N,N
AITK-2404836-124,,,,"H. Hobbs and T. Deering on May 2, 1980",H. Hobbs and T. Deering,"May 2, 1980",N,N
AITK-2404836-419,,,McGregor Bog,"D. Olson and S. Nelson on June 27, 1980",D. Olson and S. Nelson,"June 27, 1980",N,N
AITK-2404836-54,,,,"H. Hobbs and T. Deering on April 17, 1980",H. Hobbs and T. Deering,"April 17, 1980",N,N
AITK-2404906-13,Laboratory samples collected near this site at a later date,,,"D. Mellum and B. Balan on July 10, 1978",D. Mellum and B. Balan,"July 10, 1978",Y,Y
AITK-2404909-278,,,,"S. Nelson and D. Olson on June 19, 1980",S. Nelson and D. Olson,"June 19, 1980",N,N
AITK-2404916-279,,,,"S. Nelson and D. Olson on June 19, 1980",S. Nelson and D. Olson,"June 19, 1980",N,N
AITK-2405003-271,,,,"D. Olson and S. Nelson on June 19, 1980",D. Olson and S. Nelson,"June 19, 1980",N,N
AITK-2405003-607,,,,"D. Haverkost, H. Mooers, and L. Severson on May 26, 1982","D. Haverkost, H. Mooers, and L. Severson","May 26, 1982",N,N
AITK-2405007-15,,,,"D. Mellum and B. Balan on July 11, 1978",D. Mellum and B. Balan,"July 11, 1978",Y,N
AITK-2405007-16,,,,"D. Mellum and B. Balan on July 11, 1978",D. Mellum and B. Balan,"July 11, 1978",Y,N
AITK-2405010-119,,,,"H. Hobbs and T. Deering on May 1, 1980",H. Hobbs and T. Deering,"May 1, 1980",N,N
AITK-2405010-270,,,,"D. Olson and S. Nelson on June 19,1980",D. Olson and S. Nelson,"June 19,1980",N,N
AITK-2405010-606,,,,"L. Severson and H. Mooers on May 25, 1982",L. Severson and H. Mooers,"May 25, 1982",N,N
AITK-2405013-273,,,,"D. Olson and S. Nelson on June 19, 1980",D. Olson and S. Nelson,"June 19, 1980",N,N
AITK-2405016-1,,,,"T. Malterer, B. Balan, and B. Leuelling on July 6, 1978","T. Malterer, B. Balan, and B. Leuelling","July 6, 1978",Y,N
AITK-2405016-2,,,,"T. Malterer, B. Balan, and B. Leuelling on July 6, 1978","T. Malterer, B. Balan, and B. Leuelling","July 6, 1978",Y,N
AITK-2405016-3,,,,"T. Malterer, B. Balan, and B. Leuelling on July 6, 1978","T. Malterer, B. Balan, and B. Leuelling","July 6, 1978",N,N
AITK-2405016-4,,,,"T. Malterer, B. Balan, and B. Leuelling on July 6, 1978","T. Malterer, B. Balan, and B. Leuelling","July 6, 1978",Y,N
AITK-2405019-269,,,,"D. Olson and S. Nelson on June 19, 1980",D. Olson and S. Nelson,"June 19, 1980",N,N
AITK-2405020-609,,,,"D. Haverkost, H. Mooers, and L. Severson on May 26, 1982","D. Haverkost, H. Mooers, and L. Severson","May 26, 1982",N,N
AITK-2405020-8,,,,"T. Malterer, B. Balan, and B. Leuelling on July 6, 1978","T. Malterer, B. Balan, and B. Leuelling","July 6, 1978",Y,N
AITK-2405020-9,,,,"T. Malterer, B. Balan, and B. Leuelling on July 6, 1978","T. Malterer, B. Balan, and B. Leuelling","July 6, 1978",Y,N
AITK-2405021-277,,,,"S. Nelson and D. Olson on June 19, 1980",S. Nelson and D. Olson,"June 19, 1980",N,N
AITK-2405021-5,,,,"T. Malterer, B. Balan, and B. Leuelling on July 6, 1978","T. Malterer, B. Balan, and B. Leuelling","July 6, 1978",Y,N
AITK-2405021-6,,,,"T. Malterer, B. Balan, and B. Leuelling on July 6, 1978","T. Malterer, B. Balan, and B. Leuelling","July 6, 1978",Y,N
AITK-2405021-601,,,,"L. Severson and H. Mooers on May 24, 1982",L. Severson and H. Mooers,"May 24, 1982",N,N
AITK-2405021-602,,,,"H. Mooers and L. Severson on May 24, 1982",H. Mooers and L. Severson,"May 24, 1982",N,N
AITK-2405021-603,,,,"L. Severson and H. Mooers on May 24, 1982",L. Severson and H. Mooers,"May 24, 1982",N,N
AITK-2405021-604,,,,"L. Severson and H. Malterer on May 24, 1982",L. Severson and H. Malterer,"May 24, 1982",N,N
AITK-2405021-605,,,,"H. Mooers and L. Severson on May 25, 1982",H. Mooers and L. Severson,"May 25, 1982",N,N
AITK-2405021-608,,,,"H. Mooers and L. Severson on May 26, 1982",H. Mooers and L. Severson,"May 26, 1982",N,N
AITK-2405021-7,,,,"T. Malterer, B. Balan, and B. Leuelling on July 6, 1978","T. Malterer, B. Balan, and B. Leuelling","July 6, 1978",Y,N
AITK-2405024-274,,,,"D. Olson and S. Nelson on June 19, 1980",D. Olson and S. Nelson,"June 19, 1980",N,N
AITK-2405027-275,,,,"S. Nelson and D. Olson on June 19, 1980",S. Nelson and D. Olson,"June 19, 1980",N,N
AITK-2405029-610,,,,"L. Severson, H. Mooers, and D. Haverkost on May 26, 1982","L. Severson, H. Mooers, and D. Haverkost","May 26, 1982",N,N
AITK-2405029-611,,,,"L. Severson and H. Mooers on May 26, 1982",L. Severson and H. Mooers,"May 26, 1982",N,N
AITK-2405030-10,,,,"B. Balan and D. Mellum on July 10, 1978",B. Balan and D. Mellum,"July 10, 1978",Y,N
AITK-2405030-11,,,,"D. Mellum and B. Balan on July 10, 1978",D. Mellum and B. Balan,"July 10, 1978",Y,N
AITK-2405031-12,,,,"D. Mellum and B. Balan on July 10, 1978",D. Mellum and B. Balan,"July 10, 1978",Y,N
AITK-2405031-612,,,,"D. Haverkost, H. Mooers, and L. Severson on May 26, 1982","D. Haverkost, H. Mooers, and L. Severson","May 26, 1982",N,N
AITK-2405032-276,,,,"S. Nelson and D. Olson on June 19, 1980",S. Nelson and D. Olson,"June 19, 1980",N,N
AITK-2405102-19,,,,"T. Malterer and B. Balan on June 27, 1978",T. Malterer and B. Balan,"June 27, 1978",Y,N
AITK-2405102-20,Proximate and ultimate sample analysis performed by Lerch Brothers Inc.,,,"T. Malterer and B. Balan on June 27, 1978",T. Malterer and B. Balan,"June 27, 1978",Y,Y
AITK-2405102-21,,,,"T. Malterer and B. Balan on June 27, 1978",T. Malterer and B. Balan,"June 27, 1978",Y,N
AITK-2405102-23,,,,"D. Olson and D. Mellum on June 27, 1978",D. Olson and D. Mellum,"June 27, 1978",Y,N
AITK-2405102-24,,,,"D. Olson and D. Mellum on June 27, 1978",D. Olson and D. Mellum,"June 27, 1978",Y,N
AITK-2405102-25,,,,"D. Olson and D. Mellum on June 27, 1978",D. Olson and D. Mellum,"June 27, 1978",Y,N
AITK-2405103-22,,,,"D. Olson and D. Mellum on June 27, 1978",D. Olson and D. Mellum,"June 27, 1978",Y,N
AITK-2405104-18,,,,"T. Malterer and B. Balan on June 27, 1978",T. Malterer and B. Balan,"June 27, 1978",Y,N
AITK-2405104-18A,,,,"T. Malterer and B. Balan on June 26, 1978",T. Malterer and B. Balan,"June 26, 1978",Y,N
AITK-2405104-195,,,,"H. Hobbs and L. Severson on June 16, 1980",H. Hobbs and L. Severson,"June 16, 1980",N,N
AITK-2405104-53,,,,"D. Mellum, T. Malterer, and B. Balan on August 9, 1978","D. Mellum, T. Malterer, and B. Balan","August 9, 1978",Y,N
AITK-2405105-194,,,,"H. Hobbs and L. Severson on June 16, 1980",H. Hobbs and L. Severson,"June 16, 1980",N,N
AITK-2405105-51,,,,"D. Mellum, B. Balan, and T. Malterer on August 9, 1978","D. Mellum, B. Balan, and T. Malterer","August 9, 1978",Y,N
AITK-2405105-52,,,,"D. Mellum, B. Balan, And T. Malterer on August 9, 1978","D. Mellum, B. Balan, And T. Malterer","August 9, 1978",Y,N
AITK-2405106-50,,,,"D. Mellum, B. Balan, and T. Malterer on August 9, 1978","D. Mellum, B. Balan, and T. Malterer","August 9, 1978",Y,N
AITK-2405107-193,,,,"H. Hobbs and L. Severson on June 16, 1980",H. Hobbs and L. Severson,"June 16, 1980",N,N
AITK-2405117-54,,,,"D. Mellum and B. Balan on August 10, 1978",D. Mellum and B. Balan,"August 10, 1978",Y,N
AITK-2405120-55,,,,"D. Mellum and B. Balan on August 10, 1978",D. Mellum and B. Balan,"August 10, 1978",N,N
AITK-2405120-56,Laboratory samples collected near this site at a later date,,,"D. Mellum and B. Balan on August 10, 1978",D. Mellum and B. Balan,"August 10, 1978",Y,Y
AITK-2405120-57,,,,"D. Mellum and B. Balan on August 10, 1978",D. Mellum and B. Balan,"August 10, 1978",Y,N
AITK-2405121-196,,,,"H. Hobbs and L. Severson on June 16, 1980",H. Hobbs and L. Severson,"June 16, 1980",N,N
AITK-2405128-197,,,,"H. Hobbs and L. Severson on June 16, 1980",H. Hobbs and L. Severson,"June 16, 1980",N,N
AITK-2405129-198,,,,"H. Hobbs and L. Severson on June 16, 1980",H. Hobbs and L. Severson,"June 16, 1980",N,N
AITK-2405129-58,,,,"D. Mellum and B. Balan on August 10, 1978",D. Mellum and B. Balan,"August 10, 1978",Y,N
AITK-2405129-59,,,,"D. Mellum and B. Balan on August 10, 1978",D. Mellum and B. Balan,"August 10, 1978",Y,N
AITK-2405136-272,,,,"D. Olson and S. Nelson on June 19, 1980",D. Olson and S. Nelson,"June 19, 1980",N,N
AITK-2405206-181,,,Jacobson West Bog,"H. Hobbs and L. Severson on June 14, 1980",H. Hobbs and L. Severson,"June 14, 1980",N,N
AITK-2405206-182,,,Jacobson West Bog,"H. Hobbs and L. Severson on June 14, 1980",H. Hobbs and L. Severson,"June 14, 1980",N,N
AITK-2405208-582,Site looks like open field,,,"D. Riihiluoma and M. Oberhelman on April 4, 1985",D. Riihiluoma and M. Oberhelman,"April 4, 1985",N,N
AITK-2405208-583,Hit logs at 40-90cm,,,"D. Riihiluoma and M. Oberhelman on April 4, 1985",D. Riihiluoma and M. Oberhelman,"April 4, 1985",N,N
AITK-2405208-584,Hit many logs at 0-35cm,,,"D. Riihiluoma and M. Oberhelman on April 4, 1985",D. Riihiluoma and M. Oberhelman,"April 4, 1985",N,N
AITK-2405208-7,,,Jacobson West Bog,"D. Olson and B. Balan on May 23, 1978",D. Olson and B. Balan,"May 23, 1978",Y,N
AITK-2405209-5,,,Jacobson West Bog,"D. Olson and B. Balan on May 22, 1978",D. Olson and B. Balan,"May 22, 1978",Y,N
AITK-2405209-6,"Laboratory samples collected near this site at a later date; Lerch Brothers, Inc. performed 2nd set of proximate and ultimate sample analyses",,Jacobson West Bog,"D. Olson and B. Balan on May 23, 1978",D. Olson and B. Balan,"May 23, 1978",Y,Y
AITK-2405210-28,,,Jacobson West Bog,"D. Olson and B. Balan on May 23, 1978",D. Olson and B. Balan,"May 23, 1978",Y,N
AITK-2405210-578,Woody peat,,Jacobson West Bog,"M. Oberhelman and D. Riihiluoma on March 12, 1985",M. Oberhelman and D. Riihiluoma,"March 12, 1985",N,N
AITK-2405211-27,,,Jacobson West Bog,"D. Mellum and B. Balan on May 22, 1978",D. Mellum and B. Balan,"May 22, 1978",Y,N
AITK-2405211-577,,,Jacobson West Bog,"M. Oberhelman and D. Riihiluoma on March 12, 1995",M. Oberhelman and D. Riihiluoma,"March 12, 1995",N,N
AITK-2405212-1,,,Jacobson West Bog,"D. Olson and B. Balan on May 22, 1978",D. Olson and B. Balan,"May 22, 1978",Y,N
AITK-2405212-26,,,,"D. Olson and B. Balan on May 22, 1978",D. Olson and B. Balan,"May 22, 1978",Y,N
AITK-2405212-579,Woody peat to 90cm,,Jacobson West Bog,"M. Oberhelman and D. Riihiluoma on March 12, 1985",M. Oberhelman and D. Riihiluoma,"March 12, 1985",N,N
AITK-2405213-166,,,,"H. Hobbs and G. Gibanski on June 13, 1980",H. Hobbs and G. Gibanski,"June 13, 1980",N,N
AITK-2405214-167,,,,"H. Hobbs and G. Gibanski on June 13, 1980",H. Hobbs and G. Gibanski,"June 13, 1980",N,N
AITK-2405216-173,Site close to mineral island,,,"H. Hobbs and G. Gibanski on June 13, 1980",H. Hobbs and G. Gibanski,"June 13, 1980",N,N
AITK-2405216-8,"Lerch Brothers, Inc. performed proximate sample analysis",,,"D. Olson and B. Balan on May 30, 1978",D. Olson and B. Balan,"May 30, 1978",Y,Y
AITK-2405216-9,,,,"D. Olson and B. Balan on May 30, 1978",D. Olson and B. Balan,"May 30, 1978",Y,N
AITK-2405219-180,,,,"H. Hobbs and L. Severson on June 14, 1980",H. Hobbs and L. Severson,"June 14, 1980",N,N
AITK-2405220-172,,,,"H. Hobbs and G. Gibanski on June 13, 1980",H. Hobbs and G. Gibanski,"June 13, 1980",N,N
AITK-2405221-10,,,,"D. Olson and B. Balan on May 30, 1978",D. Olson and B. Balan,"May 30, 1978",Y,N
AITK-2405225-3,,,,"D. Olson, D. Mellum, and B. Leuelling on June 22, 1978","D. Olson, D. Mellum, and B. Leuelling","June 22, 1978",Y,N
AITK-2405225-4,,,,"D. Mellum and D. Olson on June 26, 1978",D. Mellum and D. Olson,"June 26, 1978",Y,N
AITK-2405225-7,,,,"D. Mellum and B. Balan on June 26, 1978",D. Mellum and B. Balan,"June 26, 1978",Y,N
AITK-2405226-1,,,,"D. Olson and B. Balan on June 21, 1978",D. Olson and B. Balan,"June 21, 1978",Y,N
AITK-2405226-2,"Proximate and ultimate sample analysis performed by Lerch Brothers, Inc.",,,"D. Olson and B. Balan on June 21, 1978",D. Olson and B. Balan,"June 21, 1978",Y,Y
AITK-2405226-5,,,,"T. Malterer, D. Olson, and D. Mellum on June 26, 1978","T. Malterer, D. Olson, and D. Mellum","June 26, 1978",Y,N
AITK-2405226-6,,,,"D. Olson and T. Malterer on June 26, 1978",D. Olson and T. Malterer,"June 26, 1978",Y,N
AITK-2405228-171,,,,"H. Hobbs and G. Gibanski on June 13, 1980",H. Hobbs and G. Gibanski,"June 13, 1980",N,N
AITK-2405233-169,,,,"H. Hobbs and G. Gibanski on June 13, 1980",H. Hobbs and G. Gibanski,"June 13, 1980",N,N
AITK-2405233-170,,,,"H. Hobbs and G. Gibanski on June 13, 1980",H. Hobbs and G. Gibanski,"June 13, 1980",N,N
AITK-2405234-13,,,,"D. Mellum and B. Balan on June 30, 1978",D. Mellum and B. Balan,"June 30, 1978",Y,N
AITK-2405234-168,,,,"H. Hobbs and G. Gibanski on June 13, 1980",H. Hobbs and G. Gibanski,"June 13, 1980",N,N
AITK-2405235-12,,,,"D. Mellum and B. Balan on June 30, 1978",D. Mellum and B. Balan,"June 30, 1978",Y,N
AITK-2405236-10,,,,"D. Olson, B. Leuelling, and B. Balan on June 28, 1978","D. Olson, B. Leuelling, and B. Balan","June 28, 1978",Y,N
AITK-2405236-11,,,,"D. Mellum and B. Balan on June 30, 1978",D. Mellum and B. Balan,"June 30, 1978",Y,N
AITK-2405236-8,,,,"B. Balan, D. Olson, and B. Leuelling on June 28, 1978","B. Balan, D. Olson, and B. Leuelling","June 28, 1978",Y,N
AITK-2405236-9,,,,"B. Balan, D. Olson, B. Leuelling on June 28, 1978","B. Balan, D. Olson, B. Leuelling","June 28, 1978",Y,N
AITK-2504401-102,,,,"H. Hobbs and T. Deering on April 30, 1980",H. Hobbs and T. Deering,"April 30, 1980",N,N
AITK-2504402-103,,,,"H. Hobbs and T. Deering on April 30, 1980",H. Hobbs and T. Deering,"April 30, 1980",N,N
AITK-2504408-349,,,,"H. Hobbs and G. Gibanski on June 24, 1980",H. Hobbs and G. Gibanski,"June 24, 1980",N,N
AITK-2504413-495,,,,"H. Hobbs and D. Olson on July 2, 1980",H. Hobbs and D. Olson,"July 2, 1980",N,N
AITK-2504413-497,,,,"D. Olson and H. Hobbs on July 2, 1980",D. Olson and H. Hobbs,"July 2, 1980",N,N
AITK-2504417-95,,,,"H. Hobbs and T. Deering on April 25, 1980",H. Hobbs and T. Deering,"April 25, 1980",N,N
AITK-2504421-351,,,,"H. Hobbs and G. Gibanski on June 24, 1980",H. Hobbs and G. Gibanski,"June 24, 1980",N,N
AITK-2504428-96,,,,"H. Hobbs and T. Deering on April 25, 1980",H. Hobbs and T. Deering,"April 25, 1980",N,N
AITK-2504429-350,,,,"H. Hobbs and G. Gibanski on June 24, 1980",H. Hobbs and G. Gibanski,"June 24, 1980",N,N
AITK-2504501-359,,,,"S. Nelson and D. Olson on June 24, 1980",S. Nelson and D. Olson,"June 24, 1980",N,N
AITK-2504502-360,Laboratory samples collected near this site at a later date,,,"S. Nelson and D. Olson on June 24, 1980",S. Nelson and D. Olson,"June 24, 1980",Y,Y
AITK-2504506-92,,,,"H. Hobbs and T. Deering on April 25, 1980",H. Hobbs and T. Deering,"April 25, 1980",N,N
AITK-2504506-93,,,,"H. Hobbs and T. Deering on April 25, 1980",H. Hobbs and T. Deering,"April 25, 1980",N,N
AITK-2504507-352,,,,"H. Hobbs and G. Gibanski on June 25, 1980",H. Hobbs and G. Gibanski,"June 25, 1980",N,N
AITK-2504508-94,,,,"H. Hobbs and T. Deering on April 25, 1980",H. Hobbs and T. Deering,"April 25, 1980",N,N
AITK-2504509-585,,,,"D. Riihiluoma on May 24, 1984",D. Riihiluoma,"May 24, 1984",N,N
AITK-2504509-586,Depth site only. Site 100 ft. from upland. Upland appeared to rise about 4 to 5 ft. above peatland.,,,"D. Riihiluoma on May 24, 1984",D. Riihiluoma,"May 24, 1984",N,N
AITK-2504513-355,,,,"D. Olson and S. Nelson on June 24, 1980",D. Olson and S. Nelson,"June 24, 1980",N,N
AITK-2504515-348,,,,"H. Hobbs and G. Gibanski on June 24, 1980",H. Hobbs and G. Gibanski,"June 24, 1980",N,N
AITK-2504517-347,,,,"H. Hobbs G. Gibanski on June 24, 1980",H. Hobbs G. Gibanski,"June 24, 1980",N,N
AITK-2504518-346,,,,"H. Hobbs and G. Gibanski on June 24, 1980",H. Hobbs and G. Gibanski,"June 24, 1980",N,N
AITK-2504519-344,,,,"H. Hobbs and G. Gibanski on June 24, 1980",H. Hobbs and G. Gibanski,"June 24, 1980",N,N
AITK-2504614-362,,,,"D. Olson and S. Nelson on June 24, 1980",D. Olson and S. Nelson,"June 24, 1980",N,N
AITK-2504627-361,,,,"D. Olson and S. Nelson on June 24, 1980",D. Olson and S. Nelson,"June 24, 1980",N,N
AITK-2504629-91,,,,"H. Hobbs and T. Deering on April 25, 1980",H. Hobbs and T. Deering,"April 25, 1980",N,N
AITK-2504635-100,"Laboratory samples collected near this site, near creek, at a later date",,,"H. Hobbs and T. Deering on April 30, 1980",H. Hobbs and T. Deering,"April 30, 1980",Y,Y
AITK-2504635-101,,,,"H. Hobbs and T. Deering on April 30, 1980",H. Hobbs and T. Deering,"April 30, 1980",N,N
AITK-2504702-397,,,,"H. Hobbs and D. Olson on June 25, 1980",H. Hobbs and D. Olson,"June 25, 1980",N,N
AITK-2504702-52,,,,"H. Hobbs and T. Deering on April 17, 1980",H. Hobbs and T. Deering,"April 17, 1980",N,N
AITK-2504702-53,,,,"H. Hobbs and T. Deering on April 17, 1980",H. Hobbs and T. Deering,"April 17, 1980",N,N
AITK-2504703-398,,,,"H. Hobbs and D. Olson on June 25, 1980",H. Hobbs and D. Olson,"June 25, 1980",N,N
AITK-2504703-399,,,,"H. Hobbs and D. Olson on June 25, 1980",H. Hobbs and D. Olson,"June 25, 1980",N,N
AITK-2504705-589,,,,"D. Riihiluoma on May 24, 1984",D. Riihiluoma,"May 24, 1984",N,N
AITK-2504706-587,,,,"D. Riihiluoma on May 24, 1984",D. Riihiluoma,"May 24, 1984",N,N
AITK-2504706-588,,,,"D. Riihiluoma on May 24, 1984",D. Riihiluoma,"May 24, 1984",N,N
AITK-2504709-400,,,,"H. Hobbs and D. Olson on June 25, 1980",H. Hobbs and D. Olson,"June 25, 1980",N,N
AITK-2504710-117,,,,"H. Hobbs and T. Deering on June 1, 1980",H. Hobbs and T. Deering,"June 1, 1980",N,N
AITK-2504710-313,,,,"D. Olson and S. Nelson on June 20, 1980",D. Olson and S. Nelson,"June 20, 1980",N,N
AITK-2504712-408,,,,"H. Hobbs and D. Olson on June 25, 1980",H. Hobbs and D. Olson,"June 25, 1980",N,N
AITK-2504713-118,,,,"H. Hobbs and T. Deering on May 1, 1980",H. Hobbs and T. Deering,"May 1, 1980",N,N
AITK-2504719-314,,,,"S. Nelson and D. Olson on June 20, 1980",S. Nelson and D. Olson,"June 20, 1980",N,N
AITK-2504719-326,,,,"H. Hobbs and G. Gibanski on June 23, 1980",H. Hobbs and G. Gibanski,"June 23, 1980",N,N
AITK-2504719-584,,,,"D. Riihiluoma on May 24, 1984",D. Riihiluoma,"May 24, 1984",N,N
AITK-2504724-402,,,,"H. Hobbs and D. Olson on June 25, 1980",H. Hobbs and D. Olson,"June 25, 1980",N,N
AITK-2504724-403,,,,"H. Hobbs and D. Olson on June 25, 1980",H. Hobbs and D. Olson,"June 25, 1980",N,N
AITK-2504733-327,,,,"H. Hobbs and G. Gibanski on June 23, 1980",H. Hobbs and G. Gibanski,"June 23, 1980",N,N
AITK-2504734-401,,,,"H. Hobbs and D. Olson on June 25, 1980",H. Hobbs and D. Olson,"June 25, 1980",N,N
AITK-2504801-284,,,,"D. Olson and S. Nelson on June 19, 1980",D. Olson and S. Nelson,"June 19, 1980",N,N
AITK-2504810-329,,,,"H. Hobbs and G. Gibanski on June 23, 1980",H. Hobbs and G. Gibanski,"June 23, 1980",N,N
AITK-2504811-330,Laboratory samples collected near this site at a later date,,,"H. Hobbs and G. Gibanski on June 23, 1980",H. Hobbs and G. Gibanski,"June 23, 1980",Y,Y
AITK-2504812-1,,,,"D. Mellum and B. Balan on June 12, 1978",D. Mellum and B. Balan,"June 12, 1978",Y,N
AITK-2504812-16,,,,"D. Mellum and B. Balan on June 20, 1978",D. Mellum and B. Balan,"June 20, 1978",Y,N
AITK-2504812-17,,,,"D. Mellum and B. Balan on June 20, 1978",D. Mellum and B. Balan,"June 20, 1978",Y,N
AITK-2504812-2,,,,"D. Mellum and B. Balan on June 12, 1978",D. Mellum and B. Balan,"June 12, 1978",Y,N
AITK-2504812-3,,,,"D. Mellum and B. Balan on June 12, 1978",D. Mellum and B. Balan,"June 12, 1978",Y,N
AITK-2504813-15,Mineral ridge 75 yards south of this site,,,"D. Mellum and B. Balan on June 20, 1978",D. Mellum and B. Balan,"June 20, 1978",Y,N
AITK-2504817-328,,,,"H. Hobbs and G. Gibanski on June 23, 1980",H. Hobbs and G. Gibanski,"June 23, 1980",N,N
AITK-2504819-365,Laboratory samples collected near this site at a later date,,,"H. Hobbs and G. Gibanski on June 25, 1980",H. Hobbs and G. Gibanski,"June 25, 1980",Y,Y
AITK-2504828-312,,,,"S. Nelson and D. Olson on June 20, 1980",S. Nelson and D. Olson,"June 20, 1980",N,N
AITK-2504829-62,Site at edge of old burn; tamarack forest to south,,,"H. Hobbs and T. Deering on April 22, 1980",H. Hobbs and T. Deering,"April 22, 1980",N,N
AITK-2504836-396,,,,"H. Hobbs and D. Olson on June 26, 1980",H. Hobbs and D. Olson,"June 26, 1980",N,N
AITK-2504836-51,,,,"H. Hobbs and T. Deering on April 17, 1980",H. Hobbs and T. Deering,"April 17, 1980",N,N
AITK-2504908-286,,,,"H. Hobbs and G. Gibanski on June 20, 1980",H. Hobbs and G. Gibanski,"June 20, 1980",N,N
AITK-2504926-569,,,,"T. Malterer and D. Riihiluoma on January 15, 1981",T. Malterer and D. Riihiluoma,"January 15, 1981",N,N
AITK-2504926-570,,,,"T. Malterer and D. Riihiluoma on January 15, 1981",T. Malterer and D. Riihiluoma,"January 15, 1981",N,N
AITK-2504926-571,,,,"T. Malterer and D. Riihiluoma on January 15, 1981",T. Malterer and D. Riihiluoma,"January 15, 1981",N,N
AITK-2504936-14,,,,"D. Mellum and B. Balan on June 29, 1978",D. Mellum and B. Balan,"June 29, 1978",Y,Y
AITK-2504936-566,,,,"T. Malterer and D. Haverkost on January 15, 1981",T. Malterer and D. Haverkost,"January 15, 1981",N,N
AITK-2504936-567,,,,"T. Malterer and D. Riihiluoma on January 15, 1981",T. Malterer and D. Riihiluoma,"January 15, 1981",N,N
AITK-2504936-568,,,,"T. Malterer and D. Riihiluoma on January 15, 1981",T. Malterer and D. Riihiluoma,"January 15, 1981",N,N
AITK-2505001-258,,,,"H. Hobbs and G. Gibanski on June 18, 1980",H. Hobbs and G. Gibanski,"June 18, 1980",N,N
AITK-2505003-256,,,,"H. Hobbs and G. Gibanski on June 19, 1980",H. Hobbs and G. Gibanski,"June 19, 1980",N,N
AITK-2505003-259,,,,"H. Hobbs and G. Gibanski on June 19, 1980",H. Hobbs and G. Gibanski,"June 19, 1980",N,N
AITK-2505004-262,,,,"H. Hobbs and G. Gibanski on June 19, 1980",H. Hobbs and G. Gibanski,"June 19, 1980",N,N
AITK-2505004-45,,,,"H. Hobbs, D. Olson, and T. Deering on April 16, 1980","H. Hobbs, D. Olson, and T. Deering","April 16, 1980",N,N
AITK-2505005-1,Laboratory samples collected near this site at a later date,,Hill City SE Bog,"L. Severson, H. Mooers, and T. Deering on April 21, 1980","L. Severson, H. Mooers, and T. Deering","April 21, 1980",Y,Y
AITK-2505005-2,Laboratory samples collected near this site at a later date,,Hill City SE Bog,"L. Severson, H. Moores, and T. Deering on April 21, 1980","L. Severson, H. Moores, and T. Deering","April 21, 1980",Y,Y
AITK-2505005-224,,,Hill City SE Bog,"D. Olson and L. Severson on June 17, 1980",D. Olson and L. Severson,"June 17, 1980",N,N
AITK-2505005-4,,,Hill City SE Bog,"L. Severson, H. Malterer, and T. Deering on April 18, 1980","L. Severson, H. Malterer, and T. Deering","April 18, 1980",N,N
AITK-2505005-46,,,Hill City SE Bog,"H. Hobbs, D. Olson, and T. Deering on April 16, 1980","H. Hobbs, D. Olson, and T. Deering","April 16, 1980",N,N
AITK-2505006-223,,,Hill City SE Bog,"D. Olson and L. Severson on June 17, 1980",D. Olson and L. Severson,"June 17, 1980",N,N
AITK-2505006-3,LAboratory samples collected near this site at a later date,,Hill City SE Bog,"L. Severson, T. Deering, and H. Moores on April 21, 1980","L. Severson, T. Deering, and H. Moores","April 21, 1980",Y,Y
AITK-2505006-5,Laboratory samples collected near this site at a later date,,Hill City SE Bog,"L. Severson, H. Moores, and T. Deering on April 18, 1980","L. Severson, H. Moores, and T. Deering","April 18, 1980",Y,Y
AITK-2505007-44,Laboratory samples collected near this site at a later date,,Hill City SE Bog,"H. Hobbs, D. Olson, and T. Deering on April 16, 1980","H. Hobbs, D. Olson, and T. Deering","April 16, 1980",Y,Y
AITK-2505008-225,Laboratory samples collected near this site at a later date,,Hill City SE Bog,"D. Olson and L. Severson on June 17, 1980",D. Olson and L. Severson,"June 17, 1980",Y,Y
AITK-2505010-260,Laboratory samples collected near this site at a later date,,,"H. Hobbs and G. Gibanski on June 19, 1980",H. Hobbs and G. Gibanski,"June 19, 1980",Y,Y
AITK-2505010-261,,,,"H. Hobbs and G. Gibanski on June 19, 1980",H. Hobbs and G. Gibanski,"June 19, 1980",N,N
AITK-2505014-17,,,,"D. Mellum and B. Balan on July 11, 1978",D. Mellum and B. Balan,"July 11, 1978",Y,N
AITK-2505014-18,,,,"D. Mellum and B. Balan on July 11, 1978",D. Mellum and B. Balan,"July 11, 1978",Y,N
AITK-2505014-19,,,,"D. Mellum and B. Balan on November 11, 1978",D. Mellum and B. Balan,"November 11, 1978",Y,N
AITK-2505015-263,,,,"H. Hobbs and G. Gibanski on June 19, 1980",H. Hobbs and G. Gibanski,"June 19, 1980",N,N
AITK-2505016-47,,,,"H. Hobbs, D. Olson, and T. Deering on April 16, 1980","H. Hobbs, D. Olson, and T. Deering","April 16, 1980",N,N
AITK-2505016-48,,,,"H. Hobbs, D. Olson, and T. Deering on April 16, 1980","H. Hobbs, D. Olson, and T. Deering","April 16, 1980",N,N
AITK-2505017-255,,,,"H. Hobbs and G. Gibanski on June 18, 1980",H. Hobbs and G. Gibanski,"June 18, 1980",N,N
AITK-2505018-249,,,Hill City SE Bog,"H. Hobbs and G. Gibanski on June 18, 1980",H. Hobbs and G. Gibanski,"June 18, 1980",N,N
AITK-2505019-250,,,,"H. Hobbs and G. Gibanski on June 18, 1980",H. Hobbs and G. Gibanski,"June 18, 1980",N,N
AITK-2505020-251,,,,"H. Hobbs and G. Gibanski on June 18, 1980",H. Hobbs and G. Gibanski,"June 18, 1980",N,N
AITK-2505021-1,,,,D. Mellum in 1979,D. Mellum,1979,N,N
AITK-2505021-2,,,,D. Mellum in 1979,D. Mellum,1979,N,N
AITK-2505021-252,,,,"H. Hobbs and G. Gibanski on June 18, 1980",H. Hobbs and G. Gibanski,"June 18, 1980",N,N
AITK-2505021-253,,,,"H. Hobbs and G. Gibanski on June 18, 1980",H. Hobbs and G. Gibanski,"June 18, 1980",N,N
AITK-2505021-254,,,,"H. Hobbs and G. Gibanski on June 18, 1980",H. Hobbs and G. Gibanski,"June 18, 1980",N,N
AITK-2505021-3,,,,D. Mellum in 1979,D. Mellum,1979,N,N
AITK-2505022-4,,,,D. Mellum in 1979,D. Mellum,1979,N,N
AITK-2505024-267,,,,"H. Hobbs and G. Gibanski on June 19, 1980",H. Hobbs and G. Gibanski,"June 19, 1980",N,N
AITK-2505024-268,,,,"H. Hobbs and G. Gibanski on June 19, 1980",H. Hobbs and G. Gibanski,"June 19, 1980",N,N
AITK-2505026-265,,,,"H. Hobbs and G. Gibanski on June 19, 1980",H. Hobbs and G. Gibanski,"June 19, 1980",N,N
AITK-2505027-264,,,,"H. Hobbs and G. Gibanski on June 19, 1980",H. Hobbs and G. Gibanski,"June 19, 1980",N,N
AITK-2505028-233,,,,"D. Olson and L. Severson on June 17, 1980",D. Olson and L. Severson,"June 17, 1980",N,N
AITK-2505029-232,,,,"D. Olson and L. Severson on June 17, 1980",D. Olson and L. Severson,"June 17, 1980",N,N
AITK-2505029-234,,,,"D. Olson and L. Severson on June 17, 1980",D. Olson and L. Severson,"June 17, 1980",N,N
AITK-2505030-229,,,,"D. Olson and L. Severson on June 17, 1980",D. Olson and L. Severson,"June 17, 1980",N,N
AITK-2505035-49,,,,"H. Hobbs and T. Deering on April 16, 1980",H. Hobbs and T. Deering,"April 16, 1980",N,N
AITK-2505036-266,,,,"H. Hobbs and G. Gibanski on June 19, 1980",H. Hobbs and G. Gibanski,"June 19, 1980",N,N
AITK-2505101-192,,,,"H. Hobbs and L. Severson on June 16, 1980",H. Hobbs and L. Severson,"June 16, 1980",N,N
AITK-2505102-60,,,,"T. Malterer and B. Balan on August 14, 1978",T. Malterer and B. Balan,"August 14, 1978",N,N
AITK-2505102-61,,,,"T. Malterer and B. Balan on August 14, 1978",T. Malterer and B. Balan,"August 14, 1978",Y,N
AITK-2505105-219,,,,"H. Hobbs and G. Gibanski on June 17, 1980",H. Hobbs and G. Gibanski,"June 17, 1980",N,N
AITK-2505107-89,,,,"D. Olson and B. Balan on August 21, 1978",D. Olson and B. Balan,"August 21, 1978",Y,N
AITK-2505107-90,,,,"D. Olson and B. Balan on August 21, 1978",D. Olson and B. Balan,"August 21, 1978",Y,N
AITK-2505107-91,,,,"D. Olson and B. Balan on August 21, 1978",D. Olson and B. Balan,"August 21, 1978",Y,N
AITK-2505111-73,,,,"B. Leuelling, D. Olson, and B. Balan on August 16, 1978","B. Leuelling, D. Olson, and B. Balan","August 16, 1978",Y,N
AITK-2505111-74,,,,"B. Leuelling, D. Olson, and B. Balan on August 16, 1978","B. Leuelling, D. Olson, and B. Balan","August 16, 1978",Y,N
AITK-2505114-69,,,,"B. Leuelling, D. Olson, and B. Balan on August 16, 1978","B. Leuelling, D. Olson, and B. Balan","August 16, 1978",Y,N
AITK-2505114-70,,,,"B. Leuelling, D. Olson, and B. Balan on August 16, 1978","B. Leuelling, D. Olson, and B. Balan","August 16, 1978",Y,N
AITK-2505114-71,,,,"B. Leuelling, D. Olson, and B. Balan on August 16, 1978","B. Leuelling, D. Olson, and B. Balan","August 16, 1978",Y,N
AITK-2505114-72,,,,"B. Leuelling, D. Olson, and B. Balan on August 16, 1978","B. Leuelling, D. Olson, and B. Balan","August 16, 1978",Y,N
AITK-2505116-218,,,,"H. Hobbs and G. Gibanski on June 17, 1980",H. Hobbs and G. Gibanski,"June 17, 1980",N,N
AITK-2505117-217,,,,"H. Hobbs and G. Gibanski on June 17, 1980",H. Hobbs and G. Gibanski,"June 17, 1980",N,N
AITK-2505118-215,,,,"H. Hobbs and G. Gibanski on June 17, 1980",H. Hobbs and G. Gibanski,"June 17, 1980",N,N
AITK-2505118-88,,,,"D. Olson and B. Balan on August 21, 1978",D. Olson and B. Balan,"August 21, 1978",Y,N
AITK-2505120-216,,,,"H. Hobbs and G. Gibanski on June 17, 1980",H. Hobbs and G. Gibanski,"June 17, 1980",N,N
AITK-2505122-204,,,,"H. Hobbs and L. Severson on June 16, 1980",H. Hobbs and L. Severson,"June 16, 1980",N,N
AITK-2505123-202,,,,"H. Hobbs and L. Severson on June 16, 1980",H. Hobbs and L. Severson,"June 16, 1980",N,N
AITK-2505123-62,,,,"T. Malterer and B. Balan on August 14, 1978",T. Malterer and B. Balan,"August 14, 1978",Y,N
AITK-2505123-63,,,,"T. Malterer and B. Balan on August 14, 1978",T. Malterer and B. Balan,"August 14, 1978",Y,N
AITK-2505123-64,,,,"T. Malterer and B. Balan on August 14, 1978",T. Malterer and B. Balan,"August 14, 1978",Y,N
AITK-2505123-65,,,,"D. Mellum and B. Balan on August 17, 1978",D. Mellum and B. Balan,"August 17, 1978",Y,N
AITK-2505123-66,,,,"D. Mellum and B. Balan on August 17, 1978",D. Mellum and B. Balan,"August 17, 1978",Y,N
AITK-2505124-199,,,,"H. Hobbs and L. Severson on June 16, 1980",H. Hobbs and L. Severson,"June 16, 1980",N,N
AITK-2505124-200,,,,"H. Hobbs and L. Severson on June 16, 1980",H. Hobbs and L. Severson,"June 16, 1980",N,N
AITK-2505124-206,,,,"H. Hobbs and L. Severson on June 16, 1980",H. Hobbs and L. Severson,"June 16, 1980",N,N
AITK-2505124-67,,,,"D. Mellum and B. Balan on August 17, 1978",D. Mellum and B. Balan,"August 17, 1978",Y,N
AITK-2505124-68,,,,"D. Mellum and B. Balan on August 17, 1978",D. Mellum and B. Balan,"August 17, 1978",Y,N
AITK-2505125-201,,,,"H. Hobbs and L. Severson on June 16, 1980",H. Hobbs and L. Severson,"June 16, 1980",N,N
AITK-2505127-203,,,,"H. Hobbs and L. Severson on June 16, 1980",H. Hobbs and L. Severson,"June 16, 1980",N,N
AITK-2505127-205,,,,"H. Hobbs and L. Severson on June 16, 1980",H. Hobbs and L. Severson,"June 16, 1980",N,N
AITK-2505129-220,,,Hill City SE Bog,"D. Olson and L. Severson on June 17, 1980",D. Olson and L. Severson,"June 17, 1980",N,N
AITK-2505132-221,,,Hill City SE Bog,"D. Olson and L. Severson on June 17, 1980",D. Olson and L. Severson,"June 17, 1980",N,N
AITK-2505132-222,Site near mineral island,,Hill City SE Bog,"L. Severson and D. Olson on June 17, 1980",L. Severson and D. Olson,"June 17, 1980",N,N
AITK-2505135-257,,,,"H. Hobbs and G. Gibanski on June 19, 1980",H. Hobbs and G. Gibanski,"June 19, 1980",N,N
AITK-2505210-186,,,,"G. Gibanski and L. Severson on June 16, 1980",G. Gibanski and L. Severson,"June 16, 1980",N,N
AITK-2505212-40,,,,"D. Olson, H. Hobbs, and T. Deering on May 16, 1980","D. Olson, H. Hobbs, and T. Deering","May 16, 1980",N,N
AITK-2505215-187,,,,"G. Gibanski and L. Severson on June 16, 1980",G. Gibanski and L. Severson,"June 16, 1980",N,N
AITK-2505215-39,Laboratory samples collected near this site at a later date,,,"H. Hobbs, D. Olson, and T. Deering on May 16, 1980","H. Hobbs, D. Olson, and T. Deering","May 16, 1980",Y,Y
AITK-2505217-185,,,,"G. Gibanski and L. Severson on June 16, 1980",G. Gibanski and L. Severson,"June 16, 1980",N,N
AITK-2505220-184,,,,"G. Gibanski and L. Severson on June 16, 1980",G. Gibanski and L. Severson,"June 16, 1980",N,N
AITK-2505222-93,,,,"B. Leuelling and D. Mellum on August 22, 1978",B. Leuelling and D. Mellum,"August 22, 1978",Y,N
AITK-2505223-188,Site close to mineral island,,,"G. Gibanski and L. Severson on June 16, 1980",G. Gibanski and L. Severson,"June 16, 1980",N,N
AITK-2505224-179,,,,"H. Hobbs and L. Severson on June 14, 1980",H. Hobbs and L. Severson,"June 14, 1980",N,N
AITK-2505224-92,,,,"B. Leuelling and D. Mellum on August 22, 1978",B. Leuelling and D. Mellum,"August 22, 1978",Y,N
AITK-2505227-177,,,,"H. Hobbs and L. Severson on June 14, 1980",H. Hobbs and L. Severson,"June 14, 1980",N,N
AITK-2505227-178,,,,"H. Hobbs and L. Severson on June 14, 1980",H. Hobbs and L. Severson,"June 14, 1980",N,N
AITK-2505229-183,,,,"G. Gibanski and L. Severson on June 16, 1980",G. Gibanski and L. Severson,"June 16, 1980",N,N
AITK-2505231-190,Site near mineral island,,,"G. Gibanski and L. Severson on June 16, 1980",G. Gibanski and L. Severson,"June 16, 1980",N,N
AITK-2505231-76,,,,"B. Leuelling, D. Olson, and B. Balan on August 18, 1978","B. Leuelling, D. Olson, and B. Balan","August 18, 1978",Y,N
AITK-2505231-77,Peat and sand layers mixed throughout profile,,,"B. Leuelling, D. Olson, and B. Balan on August 18, 1978","B. Leuelling, D. Olson, and B. Balan","August 18, 1978",Y,N
AITK-2505231-77A,,,,"B. Leuelling, D. Olson, and B. Balan on August 18, 1978","B. Leuelling, D. Olson, and B. Balan","August 18, 1978",Y,N
AITK-2505232-189,Laboratory samples collected near this site at a later date,,,"G. Gibanski and L. Severson on June 16, 1980",G. Gibanski and L. Severson,"June 16, 1980",Y,Y
AITK-2505232-75A,,,,"B. Leuelling, D. Olson, and B. Balan on August 18, 1978","B. Leuelling, D. Olson, and B. Balan","August 18, 1978",Y,N
AITK-2505234-176,,,,"H. Hobbs and L. Severson on June 14, 1980",H. Hobbs and L. Severson,"June 14, 1980",N,N
AITK-2505235-175,Laboratory samples collected near this site at a later date,,,"H. Hobbs and L. Severson on June 14, 1980",H. Hobbs and L. Severson,"June 14, 1980",Y,Y
AITK-2505236-174,,,,"H. Hobbs and L. Severson on June 14, 1980",H. Hobbs and L. Severson,"June 14, 1980",N,N
AITK-2604506-338,,,,"H. Hobbs and G. Gibanski on June 24, 1980",H. Hobbs and G. Gibanski,"June 24, 1980",N,N
AITK-2604507-339,,,,"H. Hobbs and G. Gibanski on June 24, 1980",H. Hobbs and G. Gibanski,"June 24, 1980",N,N
AITK-2604511-99,,,,"H. Hobbs and T. Deering on April 29, 1980",H. Hobbs and T. Deering,"April 29, 1980",N,N
AITK-2604513-345,,,,"H. Hobbs and G. Gibanksi on June 24, 1980",H. Hobbs and G. Gibanksi,"June 24, 1980",N,N
AITK-2604514-343,,,,"H. Hobbs and G. Gibanski on June 24, 1980",H. Hobbs and G. Gibanski,"June 24, 1980",N,N
AITK-2604515-342,,,,"H. Hobbs and G. Gibanski on June 24, 1980",H. Hobbs and G. Gibanski,"June 24, 1980",N,N
AITK-2604522-98,,,,"H. Hobbs and T. Deering on April 29, 1980",H. Hobbs and T. Deering,"April 29, 1980",N,N
AITK-2604631-333,,,,"H. Hobbs and G. Gibanski on June 24, 1980",H. Hobbs and G. Gibanski,"June 24, 1980",N,N
AITK-2604702-116,,,,"H. Hobbs and T. Deering on May 1, 1980",H. Hobbs and T. Deering,"May 1, 1980",N,N
AITK-2604702-311,,,,"D. Olson and S. Nelson on June 20, 1980",D. Olson and S. Nelson,"June 20, 1980",N,N
AITK-2604711-319,,,,"H. Hobbs and G. Gibanski on June 23, 1980",H. Hobbs and G. Gibanski,"June 23, 1980",N,N
AITK-2604714-325,"Peat depth <2 feet at road intersection, deepening to the west to 3-4 feet",,,"H. Hobbs and G. Gibanski on June 23, 1980",H. Hobbs and G. Gibanski,"June 23, 1980",N,N
AITK-2604715-318,,,,"H. Hobbs and G. Gibanski on June 23, 1980",H. Hobbs and G. Gibanski,"June 23, 1980",N,N
AITK-2604715-320,,,,"H. Hobbs and G. Gibanski on June 23, 1980",H. Hobbs and G. Gibanski,"June 23, 1980",N,N
AITK-2604722-321,,,,"H. Hobbs and G. Gibanski on June 23, 1980",H. Hobbs and G. Gibanski,"June 23, 1980",N,N
AITK-2604722-322,Laboratory samples collected near this site at a later date,,,"H. Hobbs and G. Gibanski on June 23, 1980",H. Hobbs and G. Gibanski,"June 23, 1980",Y,Y
AITK-2604722-323,,,,"H. Hobbs and G. Gibanski on June 23, 1980",H. Hobbs and G. Gibanski,"June 23, 1980",N,N
AITK-2604723-324,Laboratory samples collected near this site at a later date,,,"H. Hobbs and G. Gibanski on June 23, 1980",H. Hobbs and G. Gibanski,"June 23, 1980",Y,Y
AITK-2604804-290,,,,"H. Hobbs and G. Gibanski on June 20, 1980",H. Hobbs and G. Gibanski,"June 20, 1980",N,N
AITK-2604804-291,,,,"H. Hobbs and G. Gibanski on June 20, 1980",H. Hobbs and G. Gibanski,"June 20, 1980",N,N
AITK-2604804-557,,,,"S. Nelson and D. Riihiluoma on March 1, 1983",S. Nelson and D. Riihiluoma,"March 1, 1983",N,N
AITK-2604804-558,,,,"S. Nelson and D. Riihiluoma on March 1, 1983",S. Nelson and D. Riihiluoma,"March 1, 1983",N,N
AITK-2604804-559,,,,"S. Nelson and D. Riihiluoma on March 1, 1983",S. Nelson and D. Riihiluoma,"March 1, 1983",N,N
AITK-2604805-292,,,,"H. Hobbs and G. Gibanski on June 20, 1980",H. Hobbs and G. Gibanski,"June 20, 1980",N,N
AITK-2604805-294,,,,"H. Hobbs and G. Gibanski on June 20, 1980",H. Hobbs and G. Gibanski,"June 20, 1980",N,N
AITK-2604805-58,,,,"H. Hobbs and T. Deering on April 22, 1980",H. Hobbs and T. Deering,"April 22, 1980",N,N
AITK-2604806-59,,,,"H. Hobbs and T. Deering on April 22, 1980",H. Hobbs and T. Deering,"April 22, 1980",N,N
AITK-2604807-295,,,,"H. Hobbs and G. Gibanski on June 20, 1980",H. Hobbs and G. Gibanski,"June 20, 1980",N,N
AITK-2604808-550,Frost 45cm deep,,,"D. Riihiluoma and S. Nelson on March 1, 1983",D. Riihiluoma and S. Nelson,"March 1, 1983",N,N
AITK-2604808-551,Frost 45cm deep,,,"D. Riihiluoma and S. Nelson on March 1, 1983",D. Riihiluoma and S. Nelson,"March 1, 1983",N,N
AITK-2604808-552,Frost 45cm deep,,,"S. Nelson and D. Riihiluoma on March 1, 1983",S. Nelson and D. Riihiluoma,"March 1, 1983",N,N
AITK-2604808-553,Frost 45cm deep,,,"S. Nelson and D. Riihiluoma on March 1, 1983",S. Nelson and D. Riihiluoma,"March 1, 1983",N,N
AITK-2604813-331,,,,"H. Hobbs and G. Gibanski on June 23, 1980",H. Hobbs and G. Gibanski,"June 23, 1980",N,N
AITK-2604820-301,,,,"D. Olson and S. Nelson on June 20, 1980",D. Olson and S. Nelson,"June 20, 1980",N,N
AITK-2604820-302,,,,"D. Olson and S. Nelson on June 20, 1980",D. Olson and S. Nelson,"June 20, 1980",N,N
AITK-2604823-332,,,,"H. Hobbs and G. Gibanski on June 23, 1980",H. Hobbs and G. Gibanski,"June 23, 1980",N,N
AITK-2604823-61,,,,"H. Hobbs and T. Deering on April 22, 1980",H. Hobbs and T. Deering,"April 22, 1980",N,N
AITK-2604829-310,,,,"D. Olson and S. Nelson on June 20, 1980",D. Olson and S. Nelson,"June 20, 1980",N,N
AITK-2604830-310A,,,,Not recorded,Not recorded,,N,N
AITK-2604831-309,,,,"D. Olson and S. Nelson on June 20, 1980",D. Olson and S. Nelson,"June 20, 1980",N,N
AITK-2604903-231,,,,"D. Olson and L. Severson on June 17, 1980",D. Olson and L. Severson,"June 17, 1980",N,N
AITK-2604921-50,Some sand in peat samples at 90cm and 150cm,,,"H. Hobbs and T. Deering on April 16, 1980",H. Hobbs and T. Deering,"April 16, 1980",N,N
AITK-2604931-60,Laboratory samples colleted near this site at a later date,,,"H. Hobbs and T. Deering on April 22, 1980",H. Hobbs and T. Deering,"April 22, 1980",Y,Y
AITK-2604933-289,,,,"H. Hobbs and G. Gibanski on June 20, 1980",H. Hobbs and G. Gibanski,"June 20, 1980",N,N
AITK-2604933-293,,,,"H. Hobbs and G. Gibanski on June 20, 1980",H. Hobbs and G. Gibanski,"June 20, 1980",N,N
AITK-2604934-287,,,,"H. Hobbs and G. Gibanski on June 20, 1980",H. Hobbs and G. Gibanski,"June 20, 1980",N,N
AITK-2604934-288,,,,"H. Hobbs and G. Gibanski on June 20, 1980",H. Hobbs and G. Gibanski,"June 20, 1980",N,N
AITK-2605002-31,,,,"H. Hobbs, D. Olson, and T. Deering on April 15, 1980","H. Hobbs, D. Olson, and T. Deering","April 15, 1980",N,N
AITK-2605008-2,,,,"D. Mellum and K. Haynor on November 28, 1978",D. Mellum and K. Haynor,"November 28, 1978",N,N
AITK-2605008-2A,,,,Not recorded,Not recorded,,N,N
AITK-2605008-3,,,,"D. Mellum and K. Haynor on November 28, 1978",D. Mellum and K. Haynor,"November 28, 1978",N,N
AITK-2605008-3A,,,,Not recorded,Not recorded,,N,N
AITK-2605011-226,,,,"D. Olson and L. Severson on June 17, 1980",D. Olson and L. Severson,"June 17, 1980",N,N
AITK-2605011-43,Laboratory samples collected near this site at a later date,,,"H. Hobbs, D. Olson, and T. Deering on April 16, 1980","H. Hobbs, D. Olson, and T. Deering","April 16, 1980",Y,Y
AITK-2605013-248,"The peat gets deeper to the west towards the treeline, about 120cm deep with hemic peat underlain by a foot or so of H7 peat.",,,"H. Hobbs and G. Gibanski on June 18, 1980",H. Hobbs and G. Gibanski,"June 18, 1980",N,N
AITK-2605014-227,,,,"D. Olson and L. Severson on June 17, 1980",D. Olson and L. Severson,"June 17, 1980",N,N
AITK-2605014-32,,,,"H. Hobbs, D. Olson, and T. Deering on April 15, 1980","H. Hobbs, D. Olson, and T. Deering","April 15, 1980",N,N
AITK-2605014-33,,,,"H. Hobbs, D. Olson, and T. Deering on April 15, 1980","H. Hobbs, D. Olson, and T. Deering","April 15, 1980",N,N
AITK-2605014-34,,,,"H. Hobbs, D. Olson, and T. Deering on April 15, 1980","H. Hobbs, D. Olson, and T. Deering","April 15, 1980",N,N
AITK-2605019-36,,,,"H. Hobbs, D. Olson, and T. Deering on April 15, 1980","H. Hobbs, D. Olson, and T. Deering","April 15, 1980",N,N
AITK-2605020-38,Laboratory samples collected near this site at a later date,,,"H. Hobbs, D. Olson, and T. Deering on April 15, 1980","H. Hobbs, D. Olson, and T. Deering","April 15, 1980",Y,Y
AITK-2605023-228,,,,"D. Olson and L. Severson on June 17, 1980",D. Olson and L. Severson,"June 17, 1980",N,N
AITK-2605028-35,,,,"H. Hobbs, D. Olson, and T. Deering on April 15, 1980","H. Hobbs, D. Olson, and T. Deering","April 15, 1980",N,N
AITK-2605029-37,,,,"H. Hobbs, D. Olson, and T. Deering on April 15, 1980","H. Hobbs, D. Olson, and T. Deering","April 15, 1980",N,N
AITK-2605031-241,,,,"L. Severson and D. Olson on June 18, 1980",L. Severson and D. Olson,"June 18, 1980",N,N
AITK-2605036-230,,,,"D. Olson and L. Severson on June 17, 1980",D. Olson and L. Severson,"June 17, 1980",N,N
AITK-2605105-4,,,,"D. Mellum and K. Haynor on November 28, 1978",D. Mellum and K. Haynor,"November 28, 1978",N,N
AITK-2605111-85,,,,"T. Malterer on August 17, 1978",T. Malterer,"August 17, 1978",Y,N
AITK-2605112-84,,,,"T. Malterer on August 17, 1978",T. Malterer,"August 17, 1978",Y,N
AITK-2605113-87,,,,D. Olson and B. Balan on August 21m 1978,D. Olson and B. Balan,August 21m 1978,Y,N
AITK-2605118-213,,,,"H. Hobbs and G. Gibanski on June 17, 1980",H. Hobbs and G. Gibanski,"June 17, 1980",N,N
AITK-2605118-214,Ash layer at 240cm,,,"H. Hobbs and G. Gibanski on June 17, 1980",H. Hobbs and G. Gibanski,"June 17, 1980",N,N
AITK-2605118-5,,,,"D. Mellum and K. Haynor on November 28, 1978",D. Mellum and K. Haynor,"November 28, 1978",N,N
AITK-2605132-1,,,,"D. Mellum and K. Haynor on November 28, 1978",D. Mellum and K. Haynor,"November 28, 1978",N,N
AITK-2605226-41,,,,"H. Hobbs, D. Olson, and T. Deering on May 16, 1980","H. Hobbs, D. Olson, and T. Deering","May 16, 1980",N,N
AITK-2605231-3,,,,"D. Mellum and K. Haynor on November 28, 1978",D. Mellum and K. Haynor,"November 28, 1978",N,N
AITK-2605234-191,,,,"G. Gibanski and L. Severson on June 16, 1980",G. Gibanski and L. Severson,"June 16, 1980",N,N
AITK-2605235-42,,,,"H. Hobbs, D. Olson and T. Deering on April 16, 1980","H. Hobbs, D. Olson and T. Deering","April 16, 1980",N,N
AITK-2704501-334,,,,"H. Hobbs and G. Gibanski on June 24, 1980",H. Hobbs and G. Gibanski,"June 24, 1980",N,N
AITK-2704501-336,,,,"H. Hobbs and G. Gibanski on June 24, 1980",H. Hobbs and G. Gibanski,"June 24, 1980",N,N
AITK-2704501-337,,,,"H. Hobbs and G. Gibanski on June 24, 1980",H. Hobbs and G. Gibanski,"June 24, 1980",N,N
AITK-2704510-97,Laboratory samples collected near this site at a later date,,,"H. Hobbs and T. Deering on April 29, 1980",H. Hobbs and T. Deering,"April 29, 1980",Y,Y
AITK-2704513-341,,,,"H. Hobbs and G. Gibanski on June 24, 1980",H. Hobbs and G. Gibanski,"June 24, 1980",N,N
AITK-2704514-340,,,,"H. Hobbs and G. Gibanski on June 24, 1980",H. Hobbs and G. Gibanski,"June 24, 1980",N,N
AITK-2704635-335,,,,"H. Hobbs and G. Gibanski on June 24, 1980",H. Hobbs and G. Gibanski,"June 24, 1980",N,N
AITK-2704711-315,,,,"H. Hobbs and G. Gibanski on June 23, 1980",H. Hobbs and G. Gibanski,"June 23, 1980",N,N
AITK-2704722-316,,,,"H. Hobbs and G. Gibanski on June 23, 1980",H. Hobbs and G. Gibanski,"June 23, 1980",N,N
AITK-2704729-317,,,,"H. Hobbs and G. Gibanski on June 23, 1980",H. Hobbs and G. Gibanski,"June 23, 1980",N,N
AITK-2704812-296,,,,"H. Hobbs and G. Gibanski on June 20, 1980",H. Hobbs and G. Gibanski,"June 20, 1980",N,N
AITK-2704814-297,Laboratory samples collected near this site at a later date,,,"H. Hobbs and G. Gibanski on June 20, 1980",H. Hobbs and G. Gibanski,"June 20, 1980",Y,Y
AITK-2704814-299,,,,"H. Hobbs and G. Gibanski on June 20, 1980",H. Hobbs and G. Gibanski,"June 20, 1980",N,N
AITK-2704822-305,,,,"D. Olson and S. Nelson on June 20, 1980",D. Olson and S. Nelson,"June 20, 1980",N,N
AITK-2704823-298,,,,"H. Hobbs and G. Gibanski on June 20, 1980",H. Hobbs and G. Gibanski,"June 20, 1980",N,N
AITK-2704823-300,,,,"H. Hobbs and G. Gibanski on June 20, 1980",H. Hobbs and G. Gibanski,"June 20, 1980",N,N
AITK-2704823-304,,,,"D. Olson and S. Nelson on June 20, 1980",D. Olson and S. Nelson,"June 20, 1980",N,N
AITK-2704825-303,,,,"D. Olson and S. Nelson on June 20, 1980",D. Olson and S. Nelson,"June 20, 1980",N,N
AITK-2704825-306,,,,"D. Olson and S. Nelson on June 20, 1980",D. Olson and S. Nelson,"June 20, 1980",N,N
AITK-2704836-307,Site 100 yards N of mineral island,,,"D. Olson and S. Nelson on June 20, 1980",D. Olson and S. Nelson,"June 20, 1980",N,N
AITK-2704836-308,,,,"D. Olson and S. Nelson on June 20, 1980",D. Olson and S. Nelson,"June 20, 1980",N,N
AITK-2704903-237,Site 100 ft from mineral island,,,"L. Severson and D. Olson on June 18, 1980",L. Severson and D. Olson,"June 18, 1980",N,N
AITK-2704928-236,,,,"L. Severson and D. Olson on June 18, 1980",L. Severson and D. Olson,"June 18, 1980",N,N
AITK-2705002-235,,,,"D. Olson and L. Severson on June 18, 1980",D. Olson and L. Severson,"June 18, 1980",N,N
AITK-2705002-245,,,,"H. Hobbs and G. Gibanski on June 18, 1980",H. Hobbs and G. Gibanski,"June 18, 1980",N,N
AITK-2705011-246,,,,"H. Hobbs and G. Gibanski on June 18, 1980",H. Hobbs and G. Gibanski,"June 18, 1980",N,N
AITK-2705014-247,,,,"H. Hobbs and G. Gibanski on June 18, 1980",H. Hobbs and G. Gibanski,"June 18, 1980",N,N
AITK-2705015-240,,,,"L. Severson and D. Olson on June 18, 1980",L. Severson and D. Olson,"June 18, 1980",N,N
AITK-2705022-239,,,,"L. Severson and D. Olson on June 18, 1980",L. Severson and D. Olson,"June 18, 1980",N,N
AITK-2705023-243,Laboratory samples collected near this site at a later date,,,"L. Severson and D. Olson on June 18, 1980",L. Severson and D. Olson,"June 18, 1980",Y,Y
AITK-2705023-244,,,,"L. Severson and D. Olson on June 18, 1980",L. Severson and D. Olson,"June 18, 1980",N,N
AITK-2705025-242,,,,"L. Severson and D. Olson on June 18, 1986",L. Severson and D. Olson,"June 18, 1986",N,N
AITK-2705027-238,,,,"L. Severson and D. Olson on June 18, 1980",L. Severson and D. Olson,"June 18, 1980",N,N
AITK-2705112-211,,,,"H. Hobbs and G. Gibanski on June 17, 1980",H. Hobbs and G. Gibanski,"June 17, 1980",N,N
AITK-2705112-212,,,,"H. Hobbs and G. Gibanski on June 17, 1980",H. Hobbs and G. Gibanski,"June 17, 1980",N,N
AITK-2705214-207,,,,"H. Hobbs and G. Gibanski on June 17, 1980",H. Hobbs and G. Gibanski,"June 17, 1980",N,N
AITK-2705215-208,Laboratory samples collected near this site at a later date,,,"H. Hobbs and G. Gibanski on June 17, 1980",H. Hobbs and G. Gibanski,"June 17, 1980",Y,Y
AITK-2705215-209,,,,"H. Hobbs and G. Gibanski on June 17, 1980",H. Hobbs and G. Gibanski,"June 17, 1980",N,N
AITK-2705215-572,,,,"D. Olson, S. Nelson, and N. Aaseng in June 1982","D. Olson, S. Nelson, and N. Aaseng",June 1982,N,N
AITK-2705215-573,,,,"D. Olson, N. Aaseng, and S. Nelson in June 1982","D. Olson, N. Aaseng, and S. Nelson",June 1982,N,N
AITK-2705215-574,,,,"D. Olson, N. Aaseng, and S. Nelson in June 1982","D. Olson, N. Aaseng, and S. Nelson",June 1982,N,N
AITK-2705215-575,,,,"D. Olson, N. Aaseng, and S. Nelson in June 1982","D. Olson, N. Aaseng, and S. Nelson",June 1982,N,N
AITK-2705215-576,,,,"D. Olson, N. Aaseng, and S. Nelson in June 1982","D. Olson, N. Aaseng, and S. Nelson",June 1982,N,N
AITK-2705222-1,,,,"D. Mellum and K. Haynor on November 28, 1978",D. Mellum and K. Haynor,"November 28, 1978",N,N
AITK-2705226-1,,,,"D. Mellum and K. Haynor on November 28, 1978",D. Mellum and K. Haynor,"November 28, 1978",N,N
AITK-2705233-2,,,,"D. Mellum and K. Haynor on November 28, 1978",D. Mellum and K. Haynor,"November 28, 1978",N,N
AITK-2705233-210,,,,"H. Hobbs and G. Gibanski on June 17, 1980",H. Hobbs and G. Gibanski,"June 17, 1980",N,N
AITK-2705233-3,,,,"D. Mellum and K. Haynor on November 28, 1978",D. Mellum and K. Haynor,"November 28, 1978",N,N
AITK-2705236-2,,,,"D. Mellum and K. Haynor on November 28, 1978",D. Mellum and K. Haynor,"November 28, 1978",N,N
BELT-3014611-351,,,,"H. Mooers on June 3, 1982",H. Mooers,"June 3, 1982",N,N
BELT-3014723-359,,,,"H. Mooers on June 3, 1981",H. Mooers,"June 3, 1981",N,N
BELT-3015311-256,,,,"D. Haverkost and D. Mellum on September 5, 1979",D. Haverkost and D. Mellum,"September 5, 1979",N,N
BELT-3015323-257,,,,"D. Haverkost and D. Mellum on August 20, 1979",D. Haverkost and D. Mellum,"August 20, 1979",N,N
BELT-3015327-258,,,,"D. Haverkost and D. Olson on August 16, 1979",D. Haverkost and D. Olson,"August 16, 1979",N,N
BELT-3015327-259,,,,"D. Haverkost and D. Olson on August 16, 1979",D. Haverkost and D. Olson,"August 16, 1979",N,N
BELT-3015327-260,,,,"D. Haverkost and D. Mellum on August 15, 1979",D. Haverkost and D. Mellum,"August 15, 1979",N,N
BELT-3015327-261,,,,"D. Haverkost and D. Mellum on August 15, 1979",D. Haverkost and D. Mellum,"August 15, 1979",N,N
BELT-3015330-820,,,,"D. Riihiluoma and H. Mooers on July 23, 1982",D. Riihiluoma and H. Mooers,"July 23, 1982",N,N
BELT-3015330-821,,,,"D. Riihiluoma and H. Mooers on March 23, 1982",D. Riihiluoma and H. Mooers,"March 23, 1982",N,N
BELT-3015336-262,,,,"D. Mellum and D. Olson on August 3, 1979",D. Mellum and D. Olson,"August 3, 1979",N,N
BELT-3015436-255,,,,"D. Haverkost and D. Mellum on September 5, 1979",D. Haverkost and D. Mellum,"September 5, 1979",N,N
BELT-3015501-284,,,,"D. Olson, D. Mellum and D. Haverkost on July 26, 1979","D. Olson, D. Mellum and D. Haverkost","July 26, 1979",N,N
BELT-3015501-285,,,,"D. Olson, D. Mellum and D. Haverkost on July 26, 1979","D. Olson, D. Mellum and D. Haverkost","July 26, 1979",Y,N
BELT-3015501-286,,,,"D. Olson, D. Mellum and D. Haverkost on July 26, 1979","D. Olson, D. Mellum and D. Haverkost","July 26, 1979",N,N
BELT-3015501-288,,,,"D. Olson, D. Mellum and D. Haverkost on July 26, 1979","D. Olson, D. Mellum and D. Haverkost","July 26, 1979",N,N
BELT-3015501-289,,,,"D. Olson, D. Mellum and D. Haverkost on July 26, 1979","D. Olson, D. Mellum and D. Haverkost","July 26, 1979",N,N
BELT-3015503-265,,,,"D. Mellum and D. Olson on August 2, 1979",D. Mellum and D. Olson,"August 2, 1979",N,N
BELT-3015506-309,,,,"H. Mooers and L. Severson on November 19, 1980",H. Mooers and L. Severson,"November 19, 1980",N,N
BELT-3015510-264,,,,"T. Malterer and D. Haverkost on August 2, 1979",T. Malterer and D. Haverkost,"August 2, 1979",N,N
BELT-3015512-287,,,,"D. Mellum, D. Olson, and D. Haverkost on July 26, 1978","D. Mellum, D. Olson, and D. Haverkost","July 26, 1978",N,N
BELT-3015513-818,,,,"D. Riihiluoma and H. Mooers on March 23, 1982",D. Riihiluoma and H. Mooers,"March 23, 1982",N,N
BELT-3015514-817,,,,"D. Riihiluoma and H. Mooers on March 23, 1982",D. Riihiluoma and H. Mooers,"March 23, 1982",N,N
BELT-3015515-263,,,,"D. Mellum and D. Olson on August 2, 1979",D. Mellum and D. Olson,"August 2, 1979",Y,N
BELT-3015518-306,,,,"H. Mooers and L. Severson on November 19, 1980",H. Mooers and L. Severson,"November 19, 1980",N,N
BELT-3015518-307,,,,"H. Mooers and L. Severson on November 19, 1980",H. Mooers and L. Severson,"November 19, 1980",N,N
BELT-3015524-819,,,,"D. Riihiluoma and H. Mooers on March 23, 1982",D. Riihiluoma and H. Mooers,"March 23, 1982",N,N
BELT-3015529-305-A,,,,"H. Mooers and D. Riihiluoma on November 24, 1980",H. Mooers and D. Riihiluoma,"November 24, 1980",N,N
BELT-3015602-273,,,,"T. Malterer and D. Mellum on August 1, 1979",T. Malterer and D. Mellum,"August 1, 1979",N,N
BELT-3015602-274,,,,"D. Olson and D. Haverkost on August 1, 1979",D. Olson and D. Haverkost,"August 1, 1979",N,N
BELT-3015602-275,,,,"D. Mellum and T. Malterer on August 1, 1979",D. Mellum and T. Malterer,"August 1, 1979",N,N
BELT-3015607-241,,,,"D. Mellum and T. Malterer on August 1, 1979",D. Mellum and T. Malterer,"August 1, 1979",N,N
BELT-3015607-242,,,,"D. Olson and D. Haverkost on August 1, 1979",D. Olson and D. Haverkost,"August 1, 1979",N,N
BELT-3015607-254,,,,"D. Olson on September 18, 1979",D. Olson,"September 18, 1979",N,N
BELT-3015607-312,,,,"H. Mooers and L. Severson on November 19, 1980",H. Mooers and L. Severson,"November 19, 1980",N,N
BELT-3015608-243,,,,"D. Mellum and T. Malterer on August 1, 1979",D. Mellum and T. Malterer,"August 1, 1979",N,N
BELT-3015609-246,,,,"D. Olson and D. Haverkost on August 1, 1979",D. Olson and D. Haverkost,"August 1, 1979",N,N
BELT-3015610-247,,,,"T. Malterer and D. Mellum on August 1, 1979",T. Malterer and D. Mellum,"August 1, 1979",N,N
BELT-3015611-249,,,,"T. Malterer and D. Mellum on August 1, 1979",T. Malterer and D. Mellum,"August 1, 1979",N,N
BELT-3015611-272,,,,"D. Olson and D. Haverkost on August 1, 1979",D. Olson and D. Haverkost,"August 1, 1979",N,N
BELT-3015612-250,,,,"D. Olson and D. Haverkost on August 1, 1979",D. Olson and D. Haverkost,"August 1, 1979",N,N
BELT-3015612-251,,,,"T. Malterer and D. Mellum on August 1, 1979",T. Malterer and D. Mellum,"August 1, 1979",N,N
BELT-3015612-252,,,,"D. Olson and D. Haverkost on August 1, 1979",D. Olson and D. Haverkost,"August 1, 1979",N,N
BELT-3015614-248,,,,"D. Olson and D. Haverkost on August 1, 1979",D. Olson and D. Haverkost,"August 1, 1979",N,N
BELT-3015614-270,,,,"D. Olson and D. Haverkost on August 1, 1979",D. Olson and D. Haverkost,"August 1, 1979",N,N
BELT-3015614-271,,,,"D. Mellum and T. Malterer on August 1, 1979",D. Mellum and T. Malterer,"August 1, 1979",N,N
BELT-3015616-244,,,,"D. Olson and D. Haverkost on August 1, 1979",D. Olson and D. Haverkost,"August 1, 1979",N,N
BELT-3015616-245,,,,"D. Mellum and T. Malterer on August 1, 1979",D. Mellum and T. Malterer,"August 1, 1979",N,N
BELT-3015618-528,,,,"H. Mooers and D. Riihiluoma on March 18, 1981",H. Mooers and D. Riihiluoma,"March 18, 1981",Y,Y
BELT-3015623-269,,,,"D. Mellum and T. Malterer on August 1, 1979",D. Mellum and T. Malterer,"August 1, 1979",N,N
BELT-3015626-267,,,,"D. Olson and D. Haverkost on August 2, 1979",D. Olson and D. Haverkost,"August 2, 1979",N,N
BELT-3015626-268,,,,"D. Olson and D. Haverkost on August 1, 1979",D. Olson and D. Haverkost,"August 1, 1979",N,N
BELT-3015631-308,,,,"H. Mooers and L. Severson on November 19, 1980",H. Mooers and L. Severson,"November 19, 1980",N,N
BELT-3015634-266,,,,"D. Mellum and T. Malterer on August 2, 1979",D. Mellum and T. Malterer,"August 2, 1979",N,N
BELT-3115506-352,,,Red Lake Bog,"L. Severson and N. Aaseng on November 21, 1980",L. Severson and N. Aaseng,"November 21, 1980",N,N
BELT-3115506-353,,,Red Lake Bog,"L. Severson and N. Aaseng on November 21, 1980",L. Severson and N. Aaseng,"November 21, 1980",N,N
BELT-3115507-326,,,Red Lake Bog,"H. Mooers and L. Severson on November 20, 1980",H. Mooers and L. Severson,"November 20, 1980",N,N
BELT-3115516-322,,,Red Lake Bog,"H. Mooers and L. Severson on November 20, 1980",H. Mooers and L. Severson,"November 20, 1980",Y,N
BELT-3115518-324,,,Red Lake Bog,"H. Mooers and L. Severson on November 20, 1980",H. Mooers and L. Severson,"November 20, 1980",N,N
BELT-3115520-323,,,Red Lake Bog,"H. Mooers and L. Severson on November 20, 1980",H. Mooers and L. Severson,"November 20, 1980",N,N
BELT-3115521-816,,,,"D. Riihiluoma and H. Mooers on March 23, 1982",D. Riihiluoma and H. Mooers,"March 23, 1982",N,N
BELT-3115525-305,,,,"H. Mooers, L. Severson, and S. Nelson on November 19, 1980","H. Mooers, L. Severson, and S. Nelson","November 19, 1980",N,N
BELT-3115601-253,,,,"D. Olson on September 18, 1979",D. Olson,"September 18, 1979",N,N
BELT-3115602-812,,,,"D. Riihiluoma and H. Mooers on March 23, 1982",D. Riihiluoma and H. Mooers,"March 23, 1982",N,N
BELT-3115606-337,,,,"H. Mooers and L. Severson on November 20, 1980",H. Mooers and L. Severson,"November 20, 1980",N,N
BELT-3115608-806,,,,"D. Riihiluoma and H. Mooers on March 22, 1982",D. Riihiluoma and H. Mooers,"March 22, 1982",N,N
BELT-3115610-813,,,,"D. Riihiluoma and H. Mooers on March 23, 1982",D. Riihiluoma and H. Mooers,"March 23, 1982",N,N
BELT-3115611-814,,,,"D. Riihiluoma and H. Mooers on March 22, 1982",D. Riihiluoma and H. Mooers,"March 22, 1982",N,N
BELT-3115614-815,,,,"D. Riihiluoma and H. Mooers on March 23, 1982",D. Riihiluoma and H. Mooers,"March 23, 1982",N,N
BELT-3115619-334,,,,"H. Mooers and L. Severson on November 20, 1980",H. Mooers and L. Severson,"November 20, 1980",N,N
BELT-3115620-333,,,,"H. Mooers and L. Severson on November 20, 1980",H. Mooers and L. Severson,"November 20, 1980",N,N
BELT-3115624-311,,,,"H. Mooers and L. Severson on November 19, 1980",H. Mooers and L. Severson,"November 19, 1980",N,N
BELT-3115625-310,,,,"H. Mooers and L. Severson on November 19, 1980",H. Mooers and L. Severson,"November 19, 1980",N,N
BELT-3115627-331,,,,"H. Mooers and L. Severson on November 20, 1980",H. Mooers and L. Severson,"November 20, 1980",N,N
BELT-3115628-332,,,,"H. Mooers and L. Severson on November 20, 1980",H. Mooers and L. Severson,"November 20, 1980",N,N
BELT-3115630-350,,,,"L. Severson and N. Aaseng on November 21, 1980",L. Severson and N. Aaseng,"November 21, 1980",N,N
BELT-3115631-351,,,Red Lake Bog,"L. Severson and N. Aaseng on November 21, 1980",L. Severson and N. Aaseng,"November 21, 1980",N,N
BELT-3115635-330,,,,"H. Mooers and L. Severson on November 20, 1980",H. Mooers and L. Severson,"November 20, 1980",N,N
BELT-3215501-354,,,Red Lake Bog,"L. Severson on November 21, 1980",L. Severson,"November 21, 1980",Y,Y
BELT-3215506-378,,,,"D. Riihiluoma and H. Mooers on November 28, 1980",D. Riihiluoma and H. Mooers,"November 28, 1980",N,N
BELT-3215507-377,,,,"D. Riihiluoma and H. Mooers on November 24, 1980",D. Riihiluoma and H. Mooers,"November 24, 1980",Y,N
BELT-3215509-381,,,,"S. Nelson and D. Riihiluoma on November 24, 1980",S. Nelson and D. Riihiluoma,"November 24, 1980",N,N
BELT-3215510-329,,,Red Lake Bog,"H. Mooers and L. Severson on November 20, 1980",H. Mooers and L. Severson,"November 20, 1980",N,N
BELT-3215511-363,,,Red Lake Bog,"H. Mooers and S. Nelson on November 21, 1980",H. Mooers and S. Nelson,"November 21, 1980",N,N
BELT-3215511-364,,,Red Lake Bog,"H. Mooers and S. Nelson on November 21, 1980",H. Mooers and S. Nelson,"November 21, 1980",N,N
BELT-3215511-365,,,Red Lake Bog,"H. Mooers and S. Nelson on November 21, 1980",H. Mooers and S. Nelson,"November 21, 1980",N,N
BELT-3215511-366,,,Red Lake Bog,"H. Mooers and S. Nelson on November 21, 1980",H. Mooers and S. Nelson,"November 21, 1980",N,N
BELT-3215511-367,,,Red Lake Bog,"H. Mooers and S. Nelson on November 21, 1980",H. Mooers and S. Nelson,"November 21, 1980",N,N
BELT-3215512-327,,,Red Lake Bog,"H. Mooers and L. Severson on November 20, 1980",H. Mooers and L. Severson,"November 20, 1980",N,N
BELT-3215513-527,,,Red Lake Bog,"H. Mooers and D. Riihiluoma on March 16, 1981",H. Mooers and D. Riihiluoma,"March 16, 1981",Y,Y
BELT-3215514-328,,,Red Lake Bog,"H. Mooers and L. Severson on November 20, 1980",H. Mooers and L. Severson,"November 20, 1980",Y,Y
BELT-3215515-373,,,Red Lake Bog,"D. Riihiluoma and H. Mooers on November 24, 1980",D. Riihiluoma and H. Mooers,"November 24, 1980",N,N
BELT-3215517-374,,,,"D. Riihiluoma and H. Mooers on November 24, 1980",D. Riihiluoma and H. Mooers,"November 24, 1980",N,N
BELT-3215523-372,,,Red Lake Bog,"H. Mooers and D. Riihiluoma on November 24, 1980",H. Mooers and D. Riihiluoma,"November 24, 1980",Y,N
BELT-3215524-325,,,Red Lake Bog,"H. Mooers and L. Severson on November 20, 1980",H. Mooers and L. Severson,"November 20, 1980",N,N
BELT-3215602-810,,,,"D. Riihiluoma and H. Mooers on March 23, 1982",D. Riihiluoma and H. Mooers,"March 23, 1982",N,N
BELT-3215609-808,,,,"D. Riihiluoma and H. Mooers on March 23, 1982",D. Riihiluoma and H. Mooers,"March 23, 1982",N,N
BELT-3215612-336,,,,"H. Mooers and L. Severson on November 20, 1980",H. Mooers and L. Severson,"November 20, 1980",Y,N
BELT-3215613-335,,,,"H. Mooers and L. Severson on November 20, 1980",H. Mooers and L. Severson,"November 20, 1980",N,N
BELT-3215614-809,,,,"D. Riihiluoma and H. Mooers on March 23, 1982",D. Riihiluoma and H. Mooers,"March 23, 1982",N,N
BELT-3215616-359,,,,"L. Severson and N. Aaseng on November 21, 1980",L. Severson and N. Aaseng,"November 21, 1980",N,N
BELT-3215620-360,,,,"H. Mooers and S. Nelson on November 21, 1980",H. Mooers and S. Nelson,"November 21, 1980",N,N
BELT-3215621-361,,,,"L. Severson and N. Aaseng on November 21, 1980",L. Severson and N. Aaseng,"November 21, 1980",N,N
BELT-3215625-342,,,,"S. Nelson and N. Aaseng on November 20, 1980",S. Nelson and N. Aaseng,"November 20, 1980",N,N
BELT-3215625-343,,,,"S. Nelson and N. Aaseng on November 20, 1980",S. Nelson and N. Aaseng,"November 20, 1980",N,N
BELT-3215625-344,,,,"S. Nelson and N. Aaseng on November 20, 1980",S. Nelson and N. Aaseng,"November 20, 1980",N,N
BELT-3215625-345,,,,"L. Severson and N. Aaseng on November 21, 1980",L. Severson and N. Aaseng,"November 21, 1980",N,N
BELT-3215625-346,,,,"S. Nelson and N. Aaseng on November 21, 1980",S. Nelson and N. Aaseng,"November 21, 1980",Y,Y
BELT-3215626-339,,,,"S. Nelson and N. Aaseng on November 20, 1980",S. Nelson and N. Aaseng,"November 20, 1980",Y,N
BELT-3215626-340,,,,"S. Nelson and N. Aaseng on Novmeber 20, 1980",S. Nelson and N. Aaseng,"Novmeber 20, 1980",N,N
BELT-3215626-341,,,,"S. Nelson and N. Aaseng on November 20, 1980",S. Nelson and N. Aaseng,"November 20, 1980",N,N
BELT-3215627-338,,,,"S. Nelson and N. Aaseng on November 20, 1980",S. Nelson and N. Aaseng,"November 20, 1980",N,N
BELT-3215633-380,,,,"S. Nelson and D. Riihiluoma on November 24, 1980",S. Nelson and D. Riihiluoma,"November 24, 1980",Y,Y
BELT-3215635-347,,,,"L. Severson and N. Aaseng on November 2, 1980",L. Severson and N. Aaseng,"November 2, 1980",N,N
BELT-3215635-348,,,,"L. Severson and N. Aaseng on November 21, 1980",L. Severson and N. Aaseng,"November 21, 1980",N,N
BELT-3215636-349,,,,"L. Severson and N. Aaseng on November 21, 1980",L. Severson and N. Aaseng,"November 21, 1980",N,N
BELT-3315504-525,,,,"H. Mooers and D. Riihiluoma on March 17, 1981",H. Mooers and D. Riihiluoma,"March 17, 1981",Y,Y
BELT-3315506-384,,,,"D. Riihiluoma and S. Nelson on November 24, 1980",D. Riihiluoma and S. Nelson,"November 24, 1980",N,N
BELT-3315509-382,,,,"D. Riihiluoma and S. Nelson on November 24, 1980",D. Riihiluoma and S. Nelson,"November 24, 1980",N,N
BELT-3315512-368,,,,"H. Mooers and S. Nelson on November 21, 1980",H. Mooers and S. Nelson,"November 21, 1980",N,N
BELT-3315512-369,,,,"H. Mooers and S. Nelson on November 21, 1980",H. Mooers and S. Nelson,"November 21, 1980",N,N
BELT-3315512-370,,,,"S. Nelson and H. Mooers on November 21, 1980",S. Nelson and H. Mooers,"November 21, 1980",N,N
BELT-3315512-371,,,,"H. Mooers and S. Nelson on November 21, 1980",H. Mooers and S. Nelson,"November 21, 1980",N,N
BELT-3315513-375,,,,"D. Riihiluoma and H. Mooers on November 24, 1980",D. Riihiluoma and H. Mooers,"November 24, 1980",N,N
BELT-3315521-400,,,,"D. Riihiluoma and S. Nelson on November 26, 1980",D. Riihiluoma and S. Nelson,"November 26, 1980",N,N
BELT-3315524-376,,,,"D. Riihiluoma and H. Mooers on November 24, 1980",D. Riihiluoma and H. Mooers,"November 24, 1980",Y,Y
BELT-3315533-401,,,,"D. Riihiluoma and S. Nelson on November 26, 1980",D. Riihiluoma and S. Nelson,"November 26, 1980",N,N
BELT-3315601-356,,,,"H. Mooers and S. Nelson on November 21, 1980",H. Mooers and S. Nelson,"November 21, 1980",N,N
BELT-3315612-357,,,,"L. Severson and N. Aaseng on November 21, 1980",L. Severson and N. Aaseng,"November 21, 1980",N,N
BELT-3315624-529,,,,"H. Mooers and D. Riilihiluoma on March 17, 1981",H. Mooers and D. Riilihiluoma,"March 17, 1981",Y,Y
BELT-3315625-362,,,,"S. Nelson and H. Mooers on November 21, 1980",S. Nelson and H. Mooers,"November 21, 1980",N,N
BELT-3315625-379,,,,"D. Riihiluoma and H. Mooers on November 24, 1980",D. Riihiluoma and H. Mooers,"November 24, 1980",N,N
BELT-3315635-355,,,,"L. Severson and N. Aaseng on November 21, 1980",L. Severson and N. Aaseng,"November 21, 1980",N,N
BELT-3415502-524,,,,"H. Mooers and D. Riihiluoma on March 17, 1981",H. Mooers and D. Riihiluoma,"March 17, 1981",Y,N
BELT-3415504-388,,,,"D. Riihiluoma and S. Nelson on November 24, 1980",D. Riihiluoma and S. Nelson,"November 24, 1980",N,N
BELT-3415506-389,,,,"D. Riihiluoma and S. Nelson on November 24, 1980",D. Riihiluoma and S. Nelson,"November 24, 1980",N,N
BELT-3415509-387,,,,"S. Nelson and D. Riihiluoma on November 24, 1980",S. Nelson and D. Riihiluoma,"November 24, 1980",N,N
BELT-3415511-386,,,,"S. Nelson and D. Riihiluoma on November 24, 1980",S. Nelson and D. Riihiluoma,"November 24, 1980",N,N
BELT-3415517-397,,,,"S. Nelson and D. Riihiluoma on November 25, 1980",S. Nelson and D. Riihiluoma,"November 25, 1980",N,N
BELT-3415524-399,,,,"S. Nelson and D. Riihiluoma on November 25, 1980",S. Nelson and D. Riihiluoma,"November 25, 1980",N,N
BELT-3415536-398,,,,"D. Riihiluoma and S. Nelson on November 25, 1980",D. Riihiluoma and S. Nelson,"November 25, 1980",N,N
BELT-3415611-402,,,,"S. Nelson and D. Riihiluoma on November 26, 1980",S. Nelson and D. Riihiluoma,"November 26, 1980",Y,N
BELT-3515501-526,,,,"H. Mooers and D. Riihiluoma on March 17, 1981",H. Mooers and D. Riihiluoma,"March 17, 1981",Y,Y
BELT-3515503-392,,,,"S. Nelson and D. Riihiluoma on November 25, 1980",S. Nelson and D. Riihiluoma,"November 25, 1980",N,N
BELT-3515512-391,,,,"D. Riihiluoma and S. Nelson on November 25, 1980",D. Riihiluoma and S. Nelson,"November 25, 1980",N,N
BELT-3515517-394,,,,"S. Nelson and D. Riihiluoma on November 25, 1980",S. Nelson and D. Riihiluoma,"November 25, 1980",N,N
BELT-3515525-396,,,,"S. Nelson and D. Riihiluoma on November 25, 1980",S. Nelson and D. Riihiluoma,"November 25, 1980",Y,N
BELT-3515534-395,,,,"S. Nelson and D. Riihiluoma on November 25, 1980",S. Nelson and D. Riihiluoma,"November 25, 1980",N,N
BELT-3515618-429,,,,"H. Mooers and L. Severson on December 4, 1980",H. Mooers and L. Severson,"December 4, 1980",Y,N
BELT-3515632-393,,,,"D. Riihiluoma and S. Nelson on November 25, 1980",D. Riihiluoma and S. Nelson,"November 25, 1980",N,N
BELT-3615713-768,,,,"D. Riihiluoma and H. Mooers on March 17, 1982",D. Riihiluoma and H. Mooers,"March 17, 1982",N,N
BELT-3615718-437,,,,"H. Mooers and L. Severson on December 4, 1980",H. Mooers and L. Severson,"December 4, 1980",N,N
BELT-3615725-444,,,,"H. Mooers and L. Severson on December 4, 1980",H. Mooers and L. Severson,"December 4, 1980",Y,N
BELT-3615728-435,,,,"H. Mooers and L. Severson on December 4, 1980",H. Mooers and L. Severson,"December 4, 1980",N,N
BELT-3615729-436,,,,"H. Mooers and L. Severson on December 4, 1980",H. Mooers and L. Severson,"December 4, 1980",Y,N
BELT-3615732-767,,,,"D. Riihiluoma and H. Mooers on March 17, 1982",D. Riihiluoma and H. Mooers,"March 17, 1982",N,N
BELT-3615734-433,,,,"H. Mooers and L. Severson on December 4, 1980",H. Mooers and L. Severson,"December 4, 1980",N,N
BELT-3615734-434,,,,"H. Mooers and L. Severson on December 4, 1980",H. Mooers and L. Severson,"December 4, 1980",N,N
BELT-3615735-445,,,,"H. Mooers and L. Severson on December 4, 1980",H. Mooers and L. Severson,"December 4, 1980",N,N
BELT-3615801-485,Site on edge of lake,,,"S. Nelson and H. Mooers on December 9, 1980",S. Nelson and H. Mooers,"December 9, 1980",N,N
BELT-3615802-780,,,,"D. Riihiluoma and H. Mooers on March 17, 1982",D. Riihiluoma and H. Mooers,"March 17, 1982",N,N
BELT-3615803-488,,,,"H. Mooers and S. Nelson on December 9, 1980",H. Mooers and S. Nelson,"December 9, 1980",N,N
BELT-3615803-778,,,,"D. Riihiluoma and H. Mooers on March 17, 1982",D. Riihiluoma and H. Mooers,"March 17, 1982",N,N
BELT-3615803-779,Site on edge of Mulligan Lake,,,"D. Riihiluoma and H. Mooers on March 17, 1982",D. Riihiluoma and H. Mooers,"March 17, 1982",N,N
BELT-3615804-773,,,,"D. Riihiluoma and H. Mooers on March 17, 1982",D. Riihiluoma and H. Mooers,"March 17, 1982",N,N
BELT-3615820-766,,,,"D. Riihiluoma and H. Mooers on March 17, 1982",D. Riihiluoma and H. Mooers,"March 17, 1982",N,N
BELT-3615825-439,,,,"H. Mooers and L. Severson on December 4, 1980",H. Mooers and L. Severson,"December 4, 1980",N,N
BELT-3615829-438,,,,"H. Mooers and L. Severson on December 4, 1980",H. Mooers and L. Severson,"December 4, 1980",N,N
BELT-3715601-431,,,,"H. Mooers and L. Severson on December 4, 1980",H. Mooers and L. Severson,"December 4, 1980",N,N
BELT-3715602-432,,,,"H. Mooers and L. Severson on December 4, 1980",H. Mooers and L. Severson,"December 4, 1980",N,N
BELT-3715614-430,,,,"H. Mooers and L. Severson on December 4,1980",H. Mooers and L. Severson,"December 4,1980",N,N
BELT-3715812-491,,,,"S. Nelson and H. Mooers on December 9, 1980",S. Nelson and H. Mooers,"December 9, 1980",N,N
BENT-3003631-1,"0-29cm disturbed by cultivation; profile very decomposed organic material, mixed with silt and sand in much of the profile; ash analysis performed by Lerch Brothers",Very dry,,"S. Nelson Russell, J. Jordan, and P. Pojar on May 31, 1995","S. Nelson Russell, J. Jordan, and P. Pojar","May 31, 1995",Y,N
BENT-3003631-2,"0-25cm disturbed by cultivation; profile very decomposed organic material, mixed with silt and sand in much of the profile; ash analysis performed by Lerch Brothers",Very dry,,"S. Nelson Russell, J. Jordan, and P. Pojar on May 31, 1995","S. Nelson Russell, J. Jordan, and P. Pojar","May 31, 1995",Y,N
BENT-3003631-3,"0-27cm disturbed by cultivation; profile very decomposed organic material, mixed with silt and sand in much of the profile; ash analysis performed by Lerch Brothers",Very dry,,"S. Nelson Russell, J. Jordan, and P. Pojar on May 31, 1995","S. Nelson Russell, J. Jordan, and P. Pojar","May 31, 1995",Y,N
CARL-1504631-544,,,,"D. Riihiluoma on June 21, 1984",D. Riihiluoma,"June 21, 1984",N,N
CARL-1504631-545,,,,"D. Riihiluoma on June 21, 1984",D. Riihiluoma,"June 21, 1984",N,N
CARL-1504631-546,,,,"D. Riihiluoma on June 21, 1984",D. Riihiluoma,"June 21, 1984",N,N
CARL-1504631-547,,,,"D. Riihiluoma on June 21, 1984",D. Riihiluoma,"June 21, 1984",N,N
CARL-1504631-548,,,,"D. Riihiluoma on June 21, 1984",D. Riihiluoma,"June 21, 1984",N,N
CARL-1504631-549,,,,"D. Riihiluoma on June 21, 1984",D. Riihiluoma,"June 21, 1984",N,N
CARL-1504631-550,,,,"D. Riihiluoma on June 21, 1984",D. Riihiluoma,"June 21, 1984",N,N
CARL-1504631-551,,,,"D. Riihiluoma on June 21, 1984",D. Riihiluoma,"June 21, 1984",N,N
CARL-1604623-318,,,,"L. Severson and D. Riihiluoma on October 26, 1982",L. Severson and D. Riihiluoma,"October 26, 1982",N,N
CARL-1604623-319,,,,"L. Severson and D. Riihiluoma on August 25, 1982",L. Severson and D. Riihiluoma,"August 25, 1982",N,N
CARL-1604624-552,Hit stumps throughout profile,0-120cm peat moisture higher than normal,,"D. Riihiluoma on June 19, 1984",D. Riihiluoma,"June 19, 1984",N,N
CARL-1604624-553,,,,"D. Riihiluoma on June 19, 1984",D. Riihiluoma,"June 19, 1984",N,N
CARL-1604624-554,,,,"D. Riihiluoma on June 19, 1984",D. Riihiluoma,"June 19, 1984",N,N
CARL-1604628-317,,,,"D. Riihiluoma and L. Severson on October 26, 1982",D. Riihiluoma and L. Severson,"October 26, 1982",N,N
CARL-1704707-323,,,,"L. Severson and D. Riihiluoma on October 26, 1982",L. Severson and D. Riihiluoma,"October 26, 1982",N,N
CARL-1704718-322,,,,"D. Riihiluoma and L. Severson on October 26, 1982",D. Riihiluoma and L. Severson,"October 26, 1982",N,N
CARL-1704805-102,,,,"H. Mooers and D. Riihiluoma on May 5, 1981",H. Mooers and D. Riihiluoma,"May 5, 1981",Y,N
CARL-1704806-103,,,,"H. Mooers and D. Riihiluoma on May 5, 1981",H. Mooers and D. Riihiluoma,"May 5, 1981",N,N
CARL-1704807-252,,,,"D. Riihiluoma and H. Mooers on June 22, 1981",D. Riihiluoma and H. Mooers,"June 22, 1981",N,N
CARL-1704818-351,,,,"D. Riihiluoma, R. Johnson, and C. Buttleman on October 20, 1983","D. Riihiluoma, R. Johnson, and C. Buttleman","October 20, 1983",N,N
CARL-1704818-352,,,,"D. Riihiluoma, R. Johnson, and C. Buttleman on October 20, 1983","D. Riihiluoma, R. Johnson, and C. Buttleman","October 20, 1983",N,N
CARL-1704821-324,,,,"L. Severson and D. Riihiluoma on August 25, 1982",L. Severson and D. Riihiluoma,"August 25, 1982",N,N
CARL-1704821-628,,,,"M. Oberhelman and D. Riihiluoma on August 22, 1984",M. Oberhelman and D. Riihiluoma,"August 22, 1984",N,N
CARL-1704821-631,,,,"M. Oberhelman and D. Riihiluoma on August 22, 1984",M. Oberhelman and D. Riihiluoma,"August 22, 1984",N,N
CARL-1704829-627,,,,"M. Oberhelman and D. Riihiluoma on August 22, 1984",M. Oberhelman and D. Riihiluoma,"August 22, 1984",N,N
CARL-1704905-605,,,,"M. Oberhelman and S. Nelson on August 1, 1984",M. Oberhelman and S. Nelson,"August 1, 1984",N,N
CARL-1704905-606,,,,"S. Nelson and M. Oberhelman on August 1, 1984",S. Nelson and M. Oberhelman,"August 1, 1984",N,N
CARL-1704906-257,,,,"D. Riihiluoma and H. Mooers on June 22, 1981",D. Riihiluoma and H. Mooers,"June 22, 1981",N,N
CARL-1704916-603,,,,"M. Oberhelman and S. Nelson on August 1, 1984",M. Oberhelman and S. Nelson,"August 1, 1984",N,N
CARL-1704916-604,,,,"M. Oberhelman and S. Nelson on August 1, 1984",M. Oberhelman and S. Nelson,"August 1, 1984",N,N
CARL-1704931-633,,,,"M. Oberhelman and D. Riihiluoma on August 22, 1984",M. Oberhelman and D. Riihiluoma,"August 22, 1984",N,N
CARL-1804616-538,,,,"D. Riihiluoma on June 21, 1984",D. Riihiluoma,"June 21, 1984",N,N
CARL-1804616-539,,,,"D. Riihiluoma on June 21, 1984",D. Riihiluoma,"June 21, 1984",N,N
CARL-1804616-540,,,,"D. Riihiluoma on June 21, 1984",D. Riihiluoma,"June 21, 1984",N,N
CARL-1804616-541,,,,"D. Riihiluoma on June 21, 1984",D. Riihiluoma,"June 21, 1984",N,N
CARL-1804616-542,,,,"D. Riihiluoma on June 21, 1984",D. Riihiluoma,"June 21, 1984",N,N
CARL-1804616-543,,,,"D. Riihiluoma on June 21, 1984",D. Riihiluoma,"June 21, 1984",N,N
CARL-1804617-536,,,,"D. Riihiluoma on June 21, 1984",D. Riihiluoma,"June 21, 1984",N,N
CARL-1804617-537,,,,"D. Riihiluoma on June 21, 1984",D. Riihiluoma,"June 21, 1984",N,N
CARL-1804623-555,,,,"D. Riihiluoma on June 19, 1984",D. Riihiluoma,"June 19, 1984",N,N
CARL-1804623-556,,,,"D. Riihiluoma on June 19, 1984",D. Riihiluoma,"June 19, 1984",N,N
CARL-1804623-557,,,,"D. Riihiluoma on June 19, 1984",D. Riihiluoma,"June 19, 1984",N,N
CARL-1804623-558,,,,"D. Riihiluoma on June 19, 1984",D. Riihiluoma,"June 19, 1984",N,N
CARL-1804623-559,,,,"D. Riihiluoma on June 19, 1984",D. Riihiluoma,"June 19, 1984",N,N
CARL-1804623-560,,,,"D. Riihiluoma on June 21, 1984",D. Riihiluoma,"June 21, 1984",N,N
CARL-1804623-561,,,,"D. Riihiluoma on June 21, 1984",D. Riihiluoma,"June 21, 1984",N,N
CARL-1804707-582,Peatland formed on a slope (see quad) on edge of a gravel deposit; site about 30ft from edge of peatland,,,"S. Nelson and D. Olson on June 22, 1984",S. Nelson and D. Olson,"June 22, 1984",N,N
CARL-1804707-583,Peatland formed on a slope (see quad) on edge of a gravel deposit,,,"D. Olson and S. Nelson on June 22, 1984",D. Olson and S. Nelson,"June 22, 1984",N,N
CARL-1804714-321,,,,"D. Riihiluoma and L. Severson on October 26, 1982",D. Riihiluoma and L. Severson,"October 26, 1982",N,N
CARL-1804720-273,,,,"S. Nelson and R. Johnson on June 10, 1982",S. Nelson and R. Johnson,"June 10, 1982",N,N
CARL-1804720-274,,,,"S. Nelson and R. Johnson on June 10, 1982",S. Nelson and R. Johnson,"June 10, 1982",N,N
CARL-1804720-284,,,,"S. Nelson and R. Johnson on August 25, 1982",S. Nelson and R. Johnson,"August 25, 1982",N,N
CARL-1804721-251,,,,"D. Riihiluoma and H. Mooers on June 19, 1981",D. Riihiluoma and H. Mooers,"June 19, 1981",N,N
CARL-1804721-285,,,,"S. Nelson and R. Johnson on August 25, 1982",S. Nelson and R. Johnson,"August 25, 1982",N,N
CARL-1804721-286,,,,"S. Nelson and R. Johnson on August 25, 1982",S. Nelson and R. Johnson,"August 25, 1982",N,N
CARL-1804721-287,,,,"S. Nelson and R. Johnson on August 25, 1982",S. Nelson and R. Johnson,"August 25, 1982",N,N
CARL-1804723-320,,,,"D. Riihiluoma and L. Severson on October 26, 1982",D. Riihiluoma and L. Severson,"October 26, 1982",N,N
CARL-1804725-524,,,,"D. Riihiluoma on June 21, 1984",D. Riihiluoma,"June 21, 1984",N,N
CARL-1804725-525,,,,"D. Riihiluoma on June 21, 1984",D. Riihiluoma,"June 21, 1984",N,N
CARL-1804725-526,,,,"D. Riihiluoma on June 21, 1984",D. Riihiluoma,"June 21, 1984",N,N
CARL-1804725-527,Lignid dominant throughout profile,,,"D. Riihiluoma on June 21, 1984",D. Riihiluoma,"June 21, 1984",N,N
CARL-1804725-528,0-120cm - Lignid dominant,,,"D. Riihiluoma on June 21, 1984",D. Riihiluoma,"June 21, 1984",N,N
CARL-1804725-529,0-30cm - Lignid dominant,,,"D. Riihiluoma on June 21, 1984",D. Riihiluoma,"June 21, 1984",N,N
CARL-1804725-530,,,,"D. Riihiluoma on June 21, 1984",D. Riihiluoma,"June 21, 1984",N,N
CARL-1804725-531,,,,"D. Riihiluoma on June 21, 1984",D. Riihiluoma,"June 21, 1984",N,N
CARL-1804725-532,,,,"D. Riihiluoma on June 21, 1984",D. Riihiluoma,"June 21, 1984",N,N
CARL-1804729-267,,,,"S. Nelson and R. Johnson on June 10, 1982",S. Nelson and R. Johnson,"June 10, 1982",N,N
CARL-1804729-268,,,,"S. Nelson and R. Johnson on June 10, 1982",S. Nelson and R. Johnson,"June 10, 1982",N,N
CARL-1804729-269,,,,"S. Nelson and R. Johnson on June 10, 1982",S. Nelson and R. Johnson,"June 10, 1982",N,N
CARL-1804729-270,,,,"S. Nelson and R. Johnson on June 10, 1982",S. Nelson and R. Johnson,"June 10, 1982",N,N
CARL-1804729-271,,,,"R. Johnson and S. Nelson on June 10, 1982",R. Johnson and S. Nelson,"June 10, 1982",N,N
CARL-1804729-272,,,,"S. Nelson and R. Johnson on June 10, 1982",S. Nelson and R. Johnson,"June 10, 1982",N,N
CARL-1804729-275,,,,"S. Nelson and R. Johnson on June 11, 1982",S. Nelson and R. Johnson,"June 11, 1982",N,N
CARL-1804729-276,,,,"R. Johnson and S. Nelson on June 11, 1982",R. Johnson and S. Nelson,"June 11, 1982",N,N
CARL-1804729-277,,,,"S. Nelson and R. Johnson on June 11, 1982",S. Nelson and R. Johnson,"June 11, 1982",N,N
CARL-1804735-325,,,,"L. Severson and D. Riihiluoma on October 26, 1982",L. Severson and D. Riihiluoma,"October 26, 1982",N,N
CARL-1804802-104,,,,"H. Mooers and D. Riihiluoma on May 5, 1981",H. Mooers and D. Riihiluoma,"May 5, 1981",Y,N
CARL-1804802-253,,,,"D. Riihiluoma and H. Mooers on June 22, 1981",D. Riihiluoma and H. Mooers,"June 22, 1981",N,N
CARL-1804807-247,,,,"D. Riihiluoma and H. Mooers on June 19, 1981",D. Riihiluoma and H. Mooers,"June 19, 1981",N,N
CARL-1804808-246,,,,"D. Riihiluoma and H. Mooers on June 19, 1981",D. Riihiluoma and H. Mooers,"June 19, 1981",N,N
CARL-1804813-629,,60-330cm peat moisture higher than normal,,"M. Oberhelman and D. Riihiluoma on August 22, 1984",M. Oberhelman and D. Riihiluoma,"August 22, 1984",N,N
CARL-1804813-630,,,,"M. Oberhelman and D. Riihiluoma on August 22, 1984",M. Oberhelman and D. Riihiluoma,"August 22, 1984",N,N
CARL-1804813-632,,,,"M. Oberhelman and D. Riihiluoma on August 22, 1984",M. Oberhelman and D. Riihiluoma,"August 22, 1984",N,N
CARL-1804818-248,,,,"D. Riihiluoma and H. Mooers on June 19, 1981",D. Riihiluoma and H. Mooers,"June 19, 1981",N,N
CARL-1804818-250,,,,"D. Riihiluoma and H. Mooers on June 19, 1981",D. Riihiluoma and H. Mooers,"June 19, 1981",N,N
CARL-1804825-533,0-80cm - Lignid dominant,,,"D. Riihiluoma on June 21, 1984",D. Riihiluoma,"June 21, 1984",N,N
CARL-1804901-598,,,,"S. Nelson and M. Oberhelman on August 1, 1984",S. Nelson and M. Oberhelman,"August 1, 1984",N,N
CARL-1804901-599,,,,"M. Oberhelman and S. Nelson on August 1, 1984",M. Oberhelman and S. Nelson,"August 1, 1984",N,N
CARL-1804901-600,,,,"M. Oberhelman and S. Nelson on August 1, 1984",M. Oberhelman and S. Nelson,"August 1, 1984",N,N
CARL-1804903-601,,210cm-385cm peat moisture higher than normal to extremely wet,,"M. Oberhelman and S. Nelson on August 1, 1984",M. Oberhelman and S. Nelson,"August 1, 1984",N,N
CARL-1804903-602,,,,"M. Oberhelman and S. Nelson on August 1, 1984",M. Oberhelman and S. Nelson,"August 1, 1984",N,N
CARL-1804906-621,,,,"M. Oberhelman and D. Riihiluoma on August 21, 1984",M. Oberhelman and D. Riihiluoma,"August 21, 1984",N,N
CARL-1804906-622,,,,"M. Oberhelman and D. Riihiluoma on August 21, 1984",M. Oberhelman and D. Riihiluoma,"August 21, 1984",N,N
CARL-1804907-623,,,,"M. Oberhelman and D. Riihiluoma on August 21, 1984",M. Oberhelman and D. Riihiluoma,"August 21, 1984",N,N
CARL-1804907-626,,,,"M. Oberhelman and D. Riihiluoma on August 21, 1984",M. Oberhelman and D. Riihiluoma,"August 21, 1984",N,N
CARL-1804910-106,,,,"D. Riihiluoma and H. Mooers on May 5, 1981",D. Riihiluoma and H. Mooers,"May 5, 1981",N,N
CARL-1804911-256,,,,"D. Riihiluoma and H. Mooers on June 22, 1981",D. Riihiluoma and H. Mooers,"June 22, 1981",N,N
CARL-1804915-105,Site 30m from mineral island,,,"H. Mooers and D. Riihiluoma on May 5, 1981",H. Mooers and D. Riihiluoma,"May 5, 1981",Y,N
CARL-1804915-255,,,,"D. Riihiluoma and H. Mooers on June 22, 1981",D. Riihiluoma and H. Mooers,"June 22, 1981",N,N
CARL-1804917-178,,,,"D. Riihiluoma and S. Nelson on June 15, 1981",D. Riihiluoma and S. Nelson,"June 15, 1981",N,N
CARL-1804918-108,,,,"H. Mooers and D. Riihiluoma on May 5, 1981",H. Mooers and D. Riihiluoma,"May 5, 1981",N,N
CARL-1804918-109,,,,"H. Mooers and D. Riihiluoma on May 5, 1981",H. Mooers and D. Riihiluoma,"May 5, 1981",N,N
CARL-1804918-176,,,,"D. Riihiluoma and S. Nelson on June 15, 1981",D. Riihiluoma and S. Nelson,"June 15, 1981",N,N
CARL-1804918-177,,,,"D. Riihiluoma and S. Nelson on June 15, 1981",D. Riihiluoma and S. Nelson,"June 15, 1981",N,N
CARL-1804918-179,,,,"D. Riihiluoma and S. Nelson on June 15, 1981",D. Riihiluoma and S. Nelson,"June 15, 1981",N,N
CARL-1804918-180,,,,"D. Riihiluoma and S. Nelson on June 15, 1981",D. Riihiluoma and S. Nelson,"June 15, 1981",N,N
CARL-1804920-107,,,,"H. Mooers and D. Riihiluoma on May 5, 1981",H. Mooers and D. Riihiluoma,"May 5, 1981",N,N
CARL-1804932-245,,,,"D. Riihiluoma and H. Mooers on June 19, 1981",D. Riihiluoma and H. Mooers,"June 19, 1981",N,N
CARL-1804934-607,,,,"M. Oberhelman and S. Nelson on August 2, 1984",M. Oberhelman and S. Nelson,"August 2, 1984",N,N
CARL-1804934-608,,120cm-180cm & 210cm-320cm peat moisture higher than normal to extremely wet,,"M. Oberhelman and S. Nelson on August 2, 1984",M. Oberhelman and S. Nelson,"August 2, 1984",N,N
CARL-1804934-609,,60cm-215cm peat moisture higher than normal to extremely wet,,"S. Nelson and M. Oberhelman on August 2, 1984",S. Nelson and M. Oberhelman,"August 2, 1984",N,N
CARL-1804935-254,,,,"D. Riihiluoma and H. Mooers on June 22, 1981",D. Riihiluoma and H. Mooers,"June 22, 1981",N,N
CARL-1804935-610,,,,"M. Oberhelman and S. Nelson on August 2, 1984",M. Oberhelman and S. Nelson,"August 2, 1984",N,N
CARL-1804935-611,,,,"S. Nelson and M. Oberhelman on August 2, 1984",S. Nelson and M. Oberhelman,"August 2, 1984",N,N
CARL-1904606-563,,,,"S. Nelson and D. Olson on June 20, 1984",S. Nelson and D. Olson,"June 20, 1984",N,N
CARL-1904606-564,,,,"S. Nelson on June 20, 1984",S. Nelson,"June 20, 1984",N,N
CARL-1904631-562,,,,"D. Olson on June 20, 1984",D. Olson,"June 20, 1984",N,N
CARL-1904704-316,,,,"D. Riihiluoma and L. Severson on October 21, 1981",D. Riihiluoma and L. Severson,"October 21, 1981",N,N
CARL-1904711-676,,,,"M. Oberhelman and D. Riihiluoma on October 26, 1984",M. Oberhelman and D. Riihiluoma,"October 26, 1984",N,N
CARL-1904718-119,,,,"H. Mooers and D. Riihiluoma on May 7, 1981",H. Mooers and D. Riihiluoma,"May 7, 1981",N,N
CARL-1904730-118,,,,"H. Mooers and D. Riihiluoma on May 7, 1981",H. Mooers and D. Riihiluoma,"May 7, 1981",N,N
CARL-1904801-244,,,,"D. Riihiluoma and H. Mooers on June 19, 1981",D. Riihiluoma and H. Mooers,"June 19, 1981",Y,Y
CARL-1904803-140,,,,"D. Riihiluoma, D. Olson, R. Johnson, and H. Mooers on May 13, 1981","D. Riihiluoma, D. Olson, R. Johnson, and H. Mooers","May 13, 1981",N,N
CARL-1904803-195,,,,"D. Riihiluoma, S. Nelson, and H. Mooers on June 16, 1981","D. Riihiluoma, S. Nelson, and H. Mooers","June 16, 1981",N,N
CARL-1904803-196,,,,"D. Riihiluoma, S. Nelson, and H. Mooers on June 16, 1981","D. Riihiluoma, S. Nelson, and H. Mooers","June 16, 1981",N,N
CARL-1904803-197,,,,"S. Nelson, D. Riihiluoma, and H. Mooers on June 16, 1981","S. Nelson, D. Riihiluoma, and H. Mooers","June 16, 1981",N,N
CARL-1904803-198,,120-285cm peat moisture higher than normal,,"S. Nelson, D. Riihiluoma, and H. Mooers on June 16, 1981","S. Nelson, D. Riihiluoma, and H. Mooers","June 16, 1981",N,N
CARL-1904803-199,,0-315cm peat moisture higher than normal,,"S. Nelson, D. Riihiluoma, and H. Mooers on June 16, 1981","S. Nelson, D. Riihiluoma, and H. Mooers","June 16, 1981",N,N
CARL-1904803-242,,,,"D. Riihiluoma and H. Mooers on June 19, 1981",D. Riihiluoma and H. Mooers,"June 19, 1981",Y,N
CARL-1904803-3,,,,"D. Riihiluoma, C. Buttleman, and J. Jordan on August 21, 1985","D. Riihiluoma, C. Buttleman, and J. Jordan","August 21, 1985",N,N
CARL-1904803-4,,,,"D. Riihiluoma, C. Buttleman, and J. Jordan on August 21, 1985","D. Riihiluoma, C. Buttleman, and J. Jordan","August 21, 1985",N,N
CARL-1904803-5,,,,"D. Riihiluoma, C. Buttleman, and J. Jordan on August 21, 1985","D. Riihiluoma, C. Buttleman, and J. Jordan","August 21, 1985",N,N
CARL-1904804-1,,,,"D. Riihiluoma, C. Buttleman, and J. Jordan on August 21, 1985","D. Riihiluoma, C. Buttleman, and J. Jordan","August 21, 1985",N,N
CARL-1904804-2,,,,"D. Riihiluoma, C. Buttleman, and J. Jordan on August 21, 1985","D. Riihiluoma, C. Buttleman, and J. Jordan","August 21, 1985",N,N
CARL-1904804-381,50 feet into production field,,,"R. Steinbrink and D. Riihiluoma on February 6, 1984",R. Steinbrink and D. Riihiluoma,"February 6, 1984",Y,N
CARL-1904804-382,70 feet into production field,,,"R. Steinbrink and D. Riihiluoma on February 6, 1984",R. Steinbrink and D. Riihiluoma,"February 6, 1984",Y,N
CARL-1904804-6,,,,"D. Riihiluoma, C. Buttleman, and J. Jordan on August 21, 1985","D. Riihiluoma, C. Buttleman, and J. Jordan","August 21, 1985",N,N
CARL-1904804-643,,,,"M. Oberhelman and D. Riihiluoma on September 24, 1984",M. Oberhelman and D. Riihiluoma,"September 24, 1984",N,N
CARL-1904804-7,,,,"D. Riihiluoma, C. Buttleman, and J. Jordan on August 21, 1985","D. Riihiluoma, C. Buttleman, and J. Jordan","August 21, 1985",N,N
CARL-1904804-8,,,,"D. Riihiluoma, C. Buttleman, and J. Jordan on August 21, 1985","D. Riihiluoma, C. Buttleman, and J. Jordan","August 21, 1985",N,N
CARL-1904805-14,,,,"D. Riihiluoma, C. Buttleman, and J. Jordan on August 22, 1985","D. Riihiluoma, C. Buttleman, and J. Jordan","August 22, 1985",N,N
CARL-1904805-192,,,,"D. Riihiluoma and S. Nelson on June 16, 1981",D. Riihiluoma and S. Nelson,"June 16, 1981",N,N
CARL-1904808-10,,,,"D. Riihiluoma, C. Buttleman, and J. Jordan on August 22, 1985","D. Riihiluoma, C. Buttleman, and J. Jordan","August 22, 1985",N,N
CARL-1904808-11,,,,"D. Riihiluoma, C. Buttleman, and J. Jordan on August 22, 1985","D. Riihiluoma, C. Buttleman, and J. Jordan","August 22, 1985",N,N
CARL-1904808-9,,,,"D. Riihiluoma, C. Buttleman, and J. Jordan on August 22, 1985","D. Riihiluoma, C. Buttleman, and J. Jordan","August 22, 1985",N,N
CARL-1904809-12,,,,"D. Riihiluoma, C. Buttleman, and J. Jordan on August 22, 1985","D. Riihiluoma, C. Buttleman, and J. Jordan","August 22, 1985",N,N
CARL-1904809-13,,,,"D. Riihiluoma, C. Buttleman, and J. Jordan on August 22, 1985","D. Riihiluoma, C. Buttleman, and J. Jordan","August 22, 1985",N,N
CARL-1904809-642,,,,"M. Oberhelman and D. Riihiluoma on September 24, 1984",M. Oberhelman and D. Riihiluoma,"September 24, 1984",N,N
CARL-1904810-243,,,,"D. Riihiluoma and H. Mooers on June 19, 1981",D. Riihiluoma and H. Mooers,"June 19, 1981",N,N
CARL-1904813-249,,,,"D. Riihiluoma and H. Mooers on June 19, 1981",D. Riihiluoma and H. Mooers,"June 19, 1981",N,N
CARL-1904816-640,,,,"M. Oberhelman and D. Riihiluoma on September 24, 1984",M. Oberhelman and D. Riihiluoma,"September 24, 1984",N,N
CARL-1904816-641,,,,"M. Oberhelman and D. Riihiluoma on September 24, 1984",M. Oberhelman and D. Riihiluoma,"September 24, 1984",N,N
CARL-1904817-191,,,,"D. Riihiluoma and S. Nelson on June 16, 1981",D. Riihiluoma and S. Nelson,"June 16, 1981",N,N
CARL-1904819-223,,,South Cromwell Bog,"D. Riihiluoma and H. Mooers on June 18, 1981",D. Riihiluoma and H. Mooers,"June 18, 1981",N,N
CARL-1904821-226,,0-90cm peat moisture higher than normal,,"D. Riihiluoma and H. Mooers on June 18, 1981",D. Riihiluoma and H. Mooers,"June 18, 1981",N,N
CARL-1904821-639,,,,"M. Oberhelman and D. Riihiluoma on September 24, 1984",M. Oberhelman and D. Riihiluoma,"September 24, 1984",N,N
CARL-1904822-229,,,,"D. Riihiluoma and H. Mooers on June 18, 1981",D. Riihiluoma and H. Mooers,"June 18, 1981",N,N
CARL-1904827-228,,90-180cm peat moisture higher than normal,,"D. Riihiluoma and H. Mooers on June 18, 1981",D. Riihiluoma and H. Mooers,"June 18, 1981",N,N
CARL-1904827-265,,,,"S. Nelson and L. Severson on July 1, 1981",S. Nelson and L. Severson,"July 1, 1981",N,N
CARL-1904827-266,,,,"S. Nelson and L. Severson on July 1, 1981",S. Nelson and L. Severson,"July 1, 1981",N,N
CARL-1904827-A0+-0,Hit stumps at 50 and 160cm,"0-20cm peat moisture higher than normal; 220-250 peat dry, crumbly",,"D. Riihiluoma and M. Oberhelman on September 27, 1985",D. Riihiluoma and M. Oberhelman,"September 27, 1985",Y,N
CARL-1904827-A0+315,Hit stump at 70cm,100-117cm peat moisture higher than normal,,"S. Nelson and M. Oberhelman on October 9, 1985",S. Nelson and M. Oberhelman,"October 9, 1985",N,N
CARL-1904827-A0-100,Hit stump at 120cm,0-15cm peat moisture higher than normal,,"D. Riihiluoma and M. Oberhelman on September 27, 1985",D. Riihiluoma and M. Oberhelman,"September 27, 1985",N,N
CARL-1904827-A0-1000,,60-73cm peat moisture higher than normal,,"S. Nelson, D. Olson, and R. Johnson on September 27, 1985","S. Nelson, D. Olson, and R. Johnson","September 27, 1985",N,N
CARL-1904827-A0-1100,,,,"S. Nelson, D. Olson, and R. Johnson on September 27, 1985","S. Nelson, D. Olson, and R. Johnson","September 27, 1985",N,N
CARL-1904827-A0-200,Hit stumps at 50 and 175cm,,,"D. Riihiluoma and M. Oberhelman on September 27, 1985",D. Riihiluoma and M. Oberhelman,"September 27, 1985",N,N
CARL-1904827-A0-300,,,,"D. Riihiluoma and M. Oberhelman on September 27, 1985",D. Riihiluoma and M. Oberhelman,"September 27, 1985",N,N
CARL-1904827-A0-400,"Hit stumps at 75, 90, 130, 150cm",,,"D. Riihiluoma and M. Oberhelman on September 27, 1985",D. Riihiluoma and M. Oberhelman,"September 27, 1985",Y,N
CARL-1904827-A0-500,,,,"D. Riihiluoma and M. Oberhelman on September 27, 1985",D. Riihiluoma and M. Oberhelman,"September 27, 1985",N,N
CARL-1904827-A0-600,Hit stumps at 120 and 160cm,,,"D. Riihiluoma and M. Oberhelman on September 27, 1985",D. Riihiluoma and M. Oberhelman,"September 27, 1985",N,N
CARL-1904827-A0-700,,,,"S. Nelson and R. Johnson on September 27, 1985",S. Nelson and R. Johnson,"September 27, 1985",N,N
CARL-1904827-A0-800,Hit several stumps,,,"S. Nelson and R. Johnson on September 27, 1985",S. Nelson and R. Johnson,"September 27, 1985",Y,N
CARL-1904827-A0-900,,133-150cm peat moisture higher than normal,,"S. Nelson and R. Johnson on September 27, 1985",S. Nelson and R. Johnson,"September 27, 1985",N,N
CARL-1904827-A1200-155,Hit many stumps,"Peat dry, crumbly at 140-200cm",,"D. Riihiluoma, M. Oberhelman, and D. Olson on September 26, 1985","D. Riihiluoma, M. Oberhelman, and D. Olson","September 26, 1985",Y,N
CARL-1904827-A1200-255,,,,"D. Riihiluoma, M. Oberhelman, and D. Olson on September 26, 1985","D. Riihiluoma, M. Oberhelman, and D. Olson","September 26, 1985",N,N
CARL-1904827-A1200-355,Hit stumps at 30 and 100cm,"Peat dry, crumbly at 125-200cm",,"D. Riihiluoma, M. Oberhelman, and D. Olson on September 26, 1985","D. Riihiluoma, M. Oberhelman, and D. Olson","September 26, 1985",N,N
CARL-1904827-A1200-455,Hit stumps at 20 and 40cm,,,"D. Riihiluoma, M. Oberhelman, and D. Olson on September 26, 1985","D. Riihiluoma, M. Oberhelman, and D. Olson","September 26, 1985",Y,N
CARL-1904827-A1200-55,"Hit stumps at 80, 90, 125, and 140cm","Peat dry, crumbly at 120-150cm",,"M. Oberhelman, D. Olson, and D. Riihiluoma on September 26, 1985","M. Oberhelman, D. Olson, and D. Riihiluoma","September 26, 1985",N,N
CARL-1904827-A1200-555,"When revisited site to collect samples, H3 S6 at 25-55cm; H4 S2-4 at 50-90 cm; hit stumps at 70 and 130cm","Peat dry, crumbly at 100-150cm",,"D. Riihiluoma, M. Oberhelman, and D. Olson on September 26, 1985","D. Riihiluoma, M. Oberhelman, and D. Olson","September 26, 1985",N,N
CARL-1904827-A1200-655,Many stumps throughout profile,"Peat dry, crumbly at 130-180cm",,"D. Riihiluoma, M. Oberhelman, and D. Olson on September 26, 1985","D. Riihiluoma, M. Oberhelman, and D. Olson","September 26, 1985",N,N
CARL-1904827-A1200-755,,,,"D. Riihiluoma, M. Oberhelman, and D. Olson on September 26, 1985","D. Riihiluoma, M. Oberhelman, and D. Olson","September 26, 1985",N,N
CARL-1904827-A1200-855,Hit stumps at 50 and 150cm,,,"D. Olson, D. Riihiluoma, and M. Oberhelman on September 26, 1985","D. Olson, D. Riihiluoma, and M. Oberhelman","September 26, 1985",N,N
CARL-1904827-A465+0,Hit several stumps throughout profile,,,"S. Nelson and R. Johnson on September 26, 1985",S. Nelson and R. Johnson,"September 26, 1985",N,N
CARL-1904827-A465+100,Hit stumps at 90 and 130cm,0-13cm peat moisture higher than normal,,"S. Nelson and M. Oberhelman on October 2, 1985",S. Nelson and M. Oberhelman,"October 2, 1985",N,N
CARL-1904827-A465+200,Hit stumps at 40 and 100cm,,,"M. Oberhelman and S. Nelson on October 2, 1985",M. Oberhelman and S. Nelson,"October 2, 1985",N,N
CARL-1904827-A465-100,Hit several stumps,,,"S. Nelson and R. Johnson on September 26, 1985",S. Nelson and R. Johnson,"September 26, 1985",N,N
CARL-1904827-A465-200,Hit stump at 150cm,172-240cm peat moisture higher than normal,,"S. Nelson and R. Johnson on September 26, 1985",S. Nelson and R. Johnson,"September 26, 1985",Y,N
CARL-1904827-A465-300,Hit several stumps,60-97cm peat moisture higher than normal,,"S. Nelson and R. Johnson on September 26, 1985",S. Nelson and R. Johnson,"September 26, 1985",N,N
CARL-1904827-A465-400,,185-210cm peat moisture higher than normal,,"S. Nelson and R. Johnson on September 26, 1985",S. Nelson and R. Johnson,"September 26, 1985",N,N
CARL-1904827-A465-500,Hit several stumps,165-177cm peat moisture higher than normal,,"S. Nelson and R. Johnson on September 26, 1985",S. Nelson and R. Johnson,"September 26, 1985",Y,N
CARL-1904827-A465-600,,,,"S. Nelson and R. Johnson on September 26, 1985",S. Nelson and R. Johnson,"September 26, 1985",N,N
CARL-1904827-A465-700,,135-150cm peat moisture higher than normal,,"S. Nelson and R. Johnson on September 26, 1985",S. Nelson and R. Johnson,"September 26, 1985",N,N
CARL-1904827-A465-800,,,,"S. Nelson and R. Johnson on September 26, 1985",S. Nelson and R. Johnson,"September 26, 1985",Y,N
CARL-1904827-A890+-0,Hit many stumps,,,"M. Oberhelman and D. Olson on September 25, 1985",M. Oberhelman and D. Olson,"September 25, 1985",Y,N
CARL-1904827-A890+100,,,,"M. Oberhelman and S. Nelson on October 2, 1985",M. Oberhelman and S. Nelson,"October 2, 1985",N,N
CARL-1904827-A890+200,Hit stump at 50cm,115-140cm peat dryer than normal,,"M. Oberhelman and S. Nelson on October 2, 1985",M. Oberhelman and S. Nelson,"October 2, 1985",N,N
CARL-1904827-A890+300,"Hit stumps at 40cm; peat dry, crumbly at 120-150cm",0-12cm peat moisture higher than normal,,"M. Oberhelman and S. Nelson on October 2, 1985",M. Oberhelman and S. Nelson,"October 2, 1985",N,N
CARL-1904827-A890-100,,,,"M. Oberhelman and D. Olson on September 25, 1985",M. Oberhelman and D. Olson,"September 25, 1985",N,N
CARL-1904827-A890-200,Hit stumps at 30 and 100cm,,,"M. Oberhelman and D. Olson on September 25, 1985",M. Oberhelman and D. Olson,"September 25, 1985",N,N
CARL-1904827-A890-300,Hit stumps at 85 and 165cm,,,"M. Oberhelman and D. Olson on September 25, 1985",M. Oberhelman and D. Olson,"September 25, 1985",Y,N
CARL-1904827-A890-400,,,,"M. Oberhelman and D. Olson on September 25, 1985",M. Oberhelman and D. Olson,"September 25, 1985",N,N
CARL-1904827-A890-500,Hit stumps at 20cm,,,"M. Oberhelman and D. Olson on September 25, 1985",M. Oberhelman and D. Olson,"September 25, 1985",N,N
CARL-1904827-A890-600,,,,"D. Olson and M. Oberhelman on September 25, 1985",D. Olson and M. Oberhelman,"September 25, 1985",N,N
CARL-1904827-A890-700,"When revisited site to collect samples, more light Sphagnum was found: H2-3 S6 at 50-60cm, 75-105cm; H3 S6 at 142-150cm, 155-160cm. Hit many stumps when original profile was described.",,,"D. Riihiluoma, M. Oberhelman, and D. Olson on September 26, 1985","D. Riihiluoma, M. Oberhelman, and D. Olson","September 26, 1985",Y,N
CARL-1904827-A890-800,Hit stumps at 90 and 140cm,,,"M. Oberhelman and S. Nelson on October 2, 1985",M. Oberhelman and S. Nelson,"October 2, 1985",N,N
CARL-1904827-A890-900,Hit stumps at 40cm,,,"S. Nelson and M. Oberhelman on October 3, 1985",S. Nelson and M. Oberhelman,"October 3, 1985",N,N
CARL-1904828-227,,,,"D. Riihiluoma and H. Mooers on June 18, 1981",D. Riihiluoma and H. Mooers,"June 18, 1981",N,N
CARL-1904828-264,,,,"S. Nelson and L. Severson on July 1, 1981",S. Nelson and L. Severson,"July 1, 1981",N,N
CARL-1904828-325,,,,"S. Nelson and C. Buttleman on June 15, 1983",S. Nelson and C. Buttleman,"June 15, 1983",N,N
CARL-1904828-326,,,,"C. Buttleman and S. Nelson on June 15, 1983",C. Buttleman and S. Nelson,"June 15, 1983",N,N
CARL-1904828-327,,,,"C. Buttleman and S. Nelson on June 16, 1983",C. Buttleman and S. Nelson,"June 16, 1983",N,N
CARL-1904828-328,,,,"S. Nelson and C. Buttleman on June 16, 1983",S. Nelson and C. Buttleman,"June 16, 1983",N,N
CARL-1904828-329,,,,"S. Nelson and C. Buttleman on June 16, 1983",S. Nelson and C. Buttleman,"June 16, 1983",N,N
CARL-1904828-330,,,,"C. Buttleman and S. Nelson on June 16, 1983",C. Buttleman and S. Nelson,"June 16, 1983",N,N
CARL-1904830-221,,,South Cromwell Bog,"D. Riihiluoma and H. Mooers on June 18, 1981",D. Riihiluoma and H. Mooers,"June 18, 1981",N,N
CARL-1904830-224,,,South Cromwell Bog,"D. Riihiluoma and H. Mooers on June 18, 1981",D. Riihiluoma and H. Mooers,"June 18, 1981",N,N
CARL-1904830-263,,,South Cromwell Bog,"D. Riihiluoma and S. Nelson on June 17, 1981",D. Riihiluoma and S. Nelson,"June 17, 1981",N,N
CARL-1904831-220,,,South Cromwell Bog,"H. Mooers and D. Riihiluoma on June 18, 1981",H. Mooers and D. Riihiluoma,"June 18, 1981",Y,Y
CARL-1904902-624,,,,"M. Oberhelman and D. Riihiluoma on August 21, 1984",M. Oberhelman and D. Riihiluoma,"August 21, 1984",N,N
CARL-1904903-625,,,,"M. Oberhelman and D. Riihiluoma on August 21, 1984",M. Oberhelman and D. Riihiluoma,"August 21, 1984",N,N
CARL-1904906-151,,,,"H. Mooers, D. Riihiluoma, D. Olson, and R. Johnson on May 13, 1981","H. Mooers, D. Riihiluoma, D. Olson, and R. Johnson","May 13, 1981",N,N
CARL-1904906-200,,,,"H. Mooers on June 17, 1981",H. Mooers,"June 17, 1981",N,N
CARL-1904906-201,,,,"H. Mooers and on June 17, 1981",H. Mooers and,"June 17, 1981",N,N
CARL-1904906-236,,,,"H. Mooers and D. Riihiluoma on June 19, 1981",H. Mooers and D. Riihiluoma,"June 19, 1981",N,N
CARL-1904909-147,,,Cromwell NE Bog,"H. Mooers, R. Johnson, D. Olson, and D. Riihiluoma on May 13, 1981","H. Mooers, R. Johnson, D. Olson, and D. Riihiluoma","May 13, 1981",N,N
CARL-1904909-148,,,Cromwell NE Bog,"H. Mooers, D. Riihiluoma, R. Johnson, and D. Olson on May 13, 1981","H. Mooers, D. Riihiluoma, R. Johnson, and D. Olson","May 13, 1981",N,N
CARL-1904914-110,,,Cromwell NE Bog,"H. Mooers and D. Riihiluoma on May 5, 1981",H. Mooers and D. Riihiluoma,"May 5, 1981",N,N
CARL-1904914-674,,,,"D. Riihiluoma and M. Oberhelman on October 25, 1984",D. Riihiluoma and M. Oberhelman,"October 25, 1984",N,N
CARL-1904917-149,,,Cromwell NE Bog,"H. Mooers, D. Olson, R. Johnson, and D. Riihiluoma on May 13, 1981","H. Mooers, D. Olson, R. Johnson, and D. Riihiluoma","May 13, 1981",N,N
CARL-1904918-150,,,Cromwell NE Bog,"R. Johnson, D. Riihiluoma, H. Mooers, and D. Olson on May 13, 1981","R. Johnson, D. Riihiluoma, H. Mooers, and D. Olson","May 13, 1981",Y,N
CARL-1904921-146,,,Cromwell NE Bog,"D. Riihiluoma, H. Mooers, R. Johnson, and D. Olson on May 13, 1981","D. Riihiluoma, H. Mooers, R. Johnson, and D. Olson","May 13, 1981",Y,N
CARL-1904921-646,,0-240cm peat moisture higher than normal,,"M. Oberhelman and D. Riihiluoma on September 26, 1984",M. Oberhelman and D. Riihiluoma,"September 26, 1984",N,N
CARL-1904922-143,,,Cromwell NE Bog,"H. Mooers, D. Riihiluoma, D. Olson, and R. Johnson on May 13, 1981","H. Mooers, D. Riihiluoma, D. Olson, and R. Johnson","May 13, 1981",N,N
CARL-1904922-144,,,Cromwell NE Bog,"H. Mooers, D. Riihiluoma, D. Olson, and R. Johnson on May 13, 1981","H. Mooers, D. Riihiluoma, D. Olson, and R. Johnson","May 13, 1981",N,N
CARL-1904922-145,,,Cromwell NE Bog,"D. Riihiluoma, D. Olson, R. Johnson, and H. Mooers on May 13, 1981","D. Riihiluoma, D. Olson, R. Johnson, and H. Mooers","May 13, 1981",N,N
CARL-1904923-141,,,Cromwell NE Bog,"D. Riihiluoma, D. Olson, R. Johnson, and H. Mooers on May 12, 1981","D. Riihiluoma, D. Olson, R. Johnson, and H. Mooers","May 12, 1981",N,N
CARL-1904923-142,,,Cromwell NE Bog,"D. Riihiluoma, H. Mooers, R. Johnson, and D. Olson on May 13, 1981","D. Riihiluoma, H. Mooers, R. Johnson, and D. Olson","May 13, 1981",N,N
CARL-1904923-238,,,Cromwell NE Bog,"D. Riihiluoma and H. Mooers on June 19, 1981",D. Riihiluoma and H. Mooers,"June 19, 1981",N,N
CARL-1904923-239,,,Cromwell NE Bog,"D. Riihiluoma and H. Mooers on June 19, 1981",D. Riihiluoma and H. Mooers,"June 19, 1981",N,N
CARL-1904923-240,,,Cromwell NE Bog,"D. Riihiluoma and H. Mooers on June 19, 1981",D. Riihiluoma and H. Mooers,"June 19, 1981",N,N
CARL-1904927-241,,,Cromwell NE Bog,"D. Riihiluoma and H. Mooers on June 19, 1981",D. Riihiluoma and H. Mooers,"June 19, 1981",N,N
CARL-1904928-584,Lignid dominates peat profile,0-25cm peat moisture higher than normal to extremely wet,,"D. Riihiluoma and S. Nelson on June 27, 1984",D. Riihiluoma and S. Nelson,"June 27, 1984",N,N
CARL-1904928-585,Lignid dominates peat profile,,,"S. Nelson and D. Riihiluoma on June 27, 1984",S. Nelson and D. Riihiluoma,"June 27, 1984",Y,Y
CARL-1904928-586,Lignid dominates peat profile,,,"D. Riihiluoma and S. Nelson on June 27, 1984",D. Riihiluoma and S. Nelson,"June 27, 1984",N,N
CARL-1904928-587,,,,"D. Riihiluoma and S. Nelson on June 27, 1984",D. Riihiluoma and S. Nelson,"June 27, 1984",N,N
CARL-1904929-193,,,,"D. Riihiluoma and S. Nelson on June 16, 1981",D. Riihiluoma and S. Nelson,"June 16, 1981",Y,Y
CARL-1904929-647,,,,"M. Oberhelman and D. Riihiluoma on September 26, 1984",M. Oberhelman and D. Riihiluoma,"September 26, 1984",N,N
CARL-1904931-634,,,,"D. Riihiluoma and M. Oberhelman on August 23, 1984",D. Riihiluoma and M. Oberhelman,"August 23, 1984",N,N
CARL-1904931-635,,,,"D. Riihiluoma and M. Oberhelman on August 23, 1984",D. Riihiluoma and M. Oberhelman,"August 23, 1984",N,N
CARL-2004611-313,,,,"D. Riihiluoma and L. Severson on October 21, 1982",D. Riihiluoma and L. Severson,"October 21, 1982",N,N
CARL-2004613-534,,,,"D. Riihiluoma on June 21, 1984",D. Riihiluoma,"June 21, 1984",N,N
CARL-2004613-535,,,,"D. Riihiluoma on June 21, 1984",D. Riihiluoma,"June 21, 1984",N,N
CARL-2004615-565,Several boulders on surface in the area,,,"D. Olson and S. Nelson on June 21, 1984",D. Olson and S. Nelson,"June 21, 1984",N,N
CARL-2004615-675,,,,"M. Oberhelman and D. Riihiluoma on August 26, 1984",M. Oberhelman and D. Riihiluoma,"August 26, 1984",N,N
CARL-2004619-312,,,,"D. Riihiluoma and L. Severson on October 21, 1982",D. Riihiluoma and L. Severson,"October 21, 1982",N,N
CARL-2004620-569,50ft S of this site depth of 135cm,,,"S. Nelson and D. Olson on June 21, 1984",S. Nelson and D. Olson,"June 21, 1984",N,N
CARL-2004620-570,,,,"S. Nelson and D. Olson on June 21, 1984",S. Nelson and D. Olson,"June 21, 1984",N,N
CARL-2004620-571,,,,"S. Nelson and D. Olson on June 21, 1984",S. Nelson and D. Olson,"June 21, 1984",N,N
CARL-2004620-572,,,,"S. Nelson and D. Olson on June 21, 1984",S. Nelson and D. Olson,"June 21, 1984",N,N
CARL-2004703-353,,,,"C. Buttleman and R. Johnson on October 20, 1983",C. Buttleman and R. Johnson,"October 20, 1983",N,N
CARL-2004703-354,,,,"C. Buttleman and R. Johnson on October 20, 1983",C. Buttleman and R. Johnson,"October 20, 1983",N,N
CARL-2004703-355,,,,"R. Johnson and C. Buttleman on October 20, 1983",R. Johnson and C. Buttleman,"October 20, 1983",N,N
CARL-2004703-356,,,,"C. Buttleman and R. Johnson on October 20, 1983",C. Buttleman and R. Johnson,"October 20, 1983",N,N
CARL-2004703-357,,,,"R. Johnson and C. Buttleman on October 20, 1983",R. Johnson and C. Buttleman,"October 20, 1983",N,N
CARL-2004703-358,,,,"C. Buttleman and R. Johnson on October 20, 1983",C. Buttleman and R. Johnson,"October 20, 1983",N,N
CARL-2004703-359,,,,"C. Buttleman and R. Johnson on October 20, 1983",C. Buttleman and R. Johnson,"October 20, 1983",N,N
CARL-2004703-360,,,,"R. Johnson and C. Buttleman on October 20, 1983",R. Johnson and C. Buttleman,"October 20, 1983",N,N
CARL-2004706-306,,,,"D. Riihiluoma and L. Severson on October 21, 1981",D. Riihiluoma and L. Severson,"October 21, 1981",N,N
CARL-2004706-373,,,,"C. Buttleman and S. Nelson on October 27, 1983",C. Buttleman and S. Nelson,"October 27, 1983",N,N
CARL-2004706-374,,,,"C. Buttleman and S. Nelson on October 27, 1983",C. Buttleman and S. Nelson,"October 27, 1983",N,N
CARL-2004707-335,,,,"R. Johnson and C. Buttleman on October 18, 1983",R. Johnson and C. Buttleman,"October 18, 1983",N,N
CARL-2004707-336,,,,"C. Buttleman and R. Johnson on October 18, 1983",C. Buttleman and R. Johnson,"October 18, 1983",N,N
CARL-2004710-314,,,,"D. Riihiluoma and L. Severson on October 21, 1982",D. Riihiluoma and L. Severson,"October 21, 1982",N,N
CARL-2004722-338,,,,"R. Johnson and C. Buttleman on October 18, 1983",R. Johnson and C. Buttleman,"October 18, 1983",N,N
CARL-2004722-339,,,,"C. Buttleman and R. Johnson on October 19, 1983",C. Buttleman and R. Johnson,"October 19, 1983",N,N
CARL-2004722-340,,,,"C. Buttleman and R. Johnson on October 19, 1983",C. Buttleman and R. Johnson,"October 19, 1983",N,N
CARL-2004722-341,,,,"R. Johnson and C. Buttleman on October 19, 1983",R. Johnson and C. Buttleman,"October 19, 1983",N,N
CARL-2004722-342,,,,"R. Johnson and C. Buttleman on October 19, 1983",R. Johnson and C. Buttleman,"October 19, 1983",N,N
CARL-2004722-343,,,,"R. Johnson and C. Buttleman on October 19, 1983",R. Johnson and C. Buttleman,"October 19, 1983",N,N
CARL-2004722-344,,,,"R. Johnson and C. Buttleman on October 19, 1983",R. Johnson and C. Buttleman,"October 19, 1983",N,N
CARL-2004722-345,,,,"C. Buttleman and R. Johnson on October 19, 1983",C. Buttleman and R. Johnson,"October 19, 1983",N,N
CARL-2004722-346,,,,"R. Johnson and C. Buttleman on October 19, 1983",R. Johnson and C. Buttleman,"October 19, 1983",N,N
CARL-2004723-120,,,,"H. Mooers and D. Riihiluoma on May 7, 1981",H. Mooers and D. Riihiluoma,"May 7, 1981",Y,N
CARL-2004723-347,,,,"R. Johnson and C. Buttleman on October 19, 1983",R. Johnson and C. Buttleman,"October 19, 1983",N,N
CARL-2004723-348,,,,"C. Buttleman and R. Johnson on October 19, 1983",C. Buttleman and R. Johnson,"October 19, 1983",N,N
CARL-2004723-349,,,,"C. Buttleman and R. Johnson on October 19, 1983",C. Buttleman and R. Johnson,"October 19, 1983",N,N
CARL-2004723-350,,,,"R. Johnson and C. Buttleman on October 19, 1983",R. Johnson and C. Buttleman,"October 19, 1983",N,N
CARL-2004801-653,,,,"M. Oberhelman and D. Riihiluoma on October 2, 1984",M. Oberhelman and D. Riihiluoma,"October 2, 1984",N,N
CARL-2004802-638,,,,"D. Riihiluoma and M. Oberhelman on August 23, 1984",D. Riihiluoma and M. Oberhelman,"August 23, 1984",N,N
CARL-2004802-654,,210cm peat moisture higher than normal,,"M. Oberhelman and D. Riihiluoma on October 2, 1984",M. Oberhelman and D. Riihiluoma,"October 2, 1984",N,N
CARL-2004802-655,,,,"M. Oberhelman and D. Riihiluoma on October 2, 1984",M. Oberhelman and D. Riihiluoma,"October 2, 1984",N,N
CARL-2004802-656,,,,"M. Oberhelman and D. Riihiluoma on October 2, 1984",M. Oberhelman and D. Riihiluoma,"October 2, 1984",N,N
CARL-2004804-163,,,,"H. Mooers and L. Severson on June 15, 1981",H. Mooers and L. Severson,"June 15, 1981",N,N
CARL-2004807-122,,,,"H. Mooers and D. Riihiluoma on May 7, 1981",H. Mooers and D. Riihiluoma,"May 7, 1981",N,N
CARL-2004807-187,,,,"D. Riihiluoma and S. Nelson on June 16, 1981",D. Riihiluoma and S. Nelson,"June 16, 1981",N,N
CARL-2004807-278,,,,"L. Severson and H. Mooers on June 14, 1982",L. Severson and H. Mooers,"June 14, 1982",Y,N
CARL-2004811-114,,,,"H. Mooers and D. Riihiluoma on May 5, 1981",H. Mooers and D. Riihiluoma,"May 5, 1981",N,N
CARL-2004811-189,,,,"D. Riihiluoma and S. Nelson on June 16, 1981",D. Riihiluoma and S. Nelson,"June 16, 1981",Y,N
CARL-2004819-181,,,,"L. Severson on June 16, 1981",L. Severson,"June 16, 1981",N,N
CARL-2004824-190,,,South Cromwell Bog,"D. Riihiluoma and S. Nelson on June 16, 1981",D. Riihiluoma and S. Nelson,"June 16, 1981",N,N
CARL-2004824-225,,,South Cromwell Bog,"D. Riihiluoma and H. Mooers on June 18, 1981",D. Riihiluoma and H. Mooers,"June 18, 1981",N,N
CARL-2004825-222,,,South Cromwell Bog,"D. Riihiluoma and H. Mooers on June 18, 1981",D. Riihiluoma and H. Mooers,"June 18, 1981",N,N
CARL-2004825-259,,,South Cromwell Bog,"D. Riihiluoma and S. Nelson on June 17, 1981",D. Riihiluoma and S. Nelson,"June 17, 1981",N,N
CARL-2004825-260,,,South Cromwell Bog,"D. Riihiluoma and S. Nelson on June 17, 1981",D. Riihiluoma and S. Nelson,"June 17, 1981",N,N
CARL-2004825-261,,,South Cromwell Bog,"D. Riihiluoma and S. Nelson on June 17, 1981",D. Riihiluoma and S. Nelson,"June 17, 1981",N,N
CARL-2004825-262,,,South Cromwell Bog,"D. Riihiluoma and S. Nelson on June 17, 1981",D. Riihiluoma and S. Nelson,"June 17, 1981",N,N
CARL-2004828-113,,,,"H. Mooers and D. Riihiluoma on May 5, 1981",H. Mooers and D. Riihiluoma,"May 5, 1981",N,N
CARL-2004828-665,,,,"M. Oberhelman and D. Riihiluoma on October 24, 1984",M. Oberhelman and D. Riihiluoma,"October 24, 1984",N,N
CARL-2004832-112,,,,"H. Mooers and D. Riihiluoma on May 5, 1981",H. Mooers and D. Riihiluoma,"May 5, 1981",N,N
CARL-2004833-331,,,,"S. Nelson and C. Buttleman on June 17, 1983",S. Nelson and C. Buttleman,"June 17, 1983",N,N
CARL-2004833-332,,,,"C. Buttleman and S. Nelson on June 17, 1983",C. Buttleman and S. Nelson,"June 17, 1983",N,N
CARL-2004833-333,,,,"S. Nelson and C. Buttleman on June 17, 1983",S. Nelson and C. Buttleman,"June 17, 1983",N,N
CARL-2004833-334,,,,"S. Nelson and C. Buttleman on June 17, 1983",S. Nelson and C. Buttleman,"June 17, 1983",N,N
CARL-2004834-666,Hit logs throughout profile,60-120cm peat moisture higher than normal,,"M. Oberhelman and D. Riihiluoma on October 24, 1984",M. Oberhelman and D. Riihiluoma,"October 24, 1984",N,N
CARL-2004834-667,,,,"M. Oberhelman and D. Riihiluoma on October 24, 1984",M. Oberhelman and D. Riihiluoma,"October 24, 1984",N,N
CARL-2004835-315,,,,"L. Severson and D. Riihiluoma on October 21, 1982",L. Severson and D. Riihiluoma,"October 21, 1982",N,N
CARL-2004901-235,,,,"D. Riihiluoma and H. Mooers on June 19, 1981",D. Riihiluoma and H. Mooers,"June 19, 1981",N,N
CARL-2004902-673,,,,"M. Oberhelman and D. Riihiluoma on October 25, 1984",M. Oberhelman and D. Riihiluoma,"October 25, 1984",N,N
CARL-2004906-153,,,North Cromwell Bog,"H. Mooers and L. Severson on June 15, 1981",H. Mooers and L. Severson,"June 15, 1981",N,N
CARL-2004907-123,,,North Cromwell Bog,"R. Johnson, D. Olson, D. Riihiluoma, and H. Mooers on May 11, 1981","R. Johnson, D. Olson, D. Riihiluoma, and H. Mooers","May 11, 1981",N,N
CARL-2004907-124,,,North Cromwell Bog,"D. Olson, D. Riihiluoma, R. Johnson, and H. Mooers on May 11, 1981","D. Olson, D. Riihiluoma, R. Johnson, and H. Mooers","May 11, 1981",N,N
CARL-2004907-125,,,North Cromwell Bog,"D. Riihiluoma, H. Mooers, D. Olson, and R. Johnson on May 11, 1981","D. Riihiluoma, H. Mooers, D. Olson, and R. Johnson","May 11, 1981",Y,N
CARL-2004907-126,,,North Cromwell Bog,"H. Mooers, D. Riihiluoma, D. Olson, and R. Johnson on May 11, 1981","H. Mooers, D. Riihiluoma, D. Olson, and R. Johnson","May 11, 1981",N,N
CARL-2004907-127,,,North Cromwell Bog,"H. Mooers, D. Riihiluoma, D. Olson, and R. Johnson on May 11, 1981","H. Mooers, D. Riihiluoma, D. Olson, and R. Johnson","May 11, 1981",N,N
CARL-2004907-128,,,North Cromwell Bog,"H. Mooers, D. Riihiluoma, D. Olson, and R. Johnson on May 11, 1981","H. Mooers, D. Riihiluoma, D. Olson, and R. Johnson","May 11, 1981",N,N
CARL-2004907-258,,,North Cromwell Bog,"D. Riihiluoma and H. Mooers on June 22, 1981",D. Riihiluoma and H. Mooers,"June 22, 1981",Y,N
CARL-2004910-233,,,,"D. Riihiluoma and H. Mooers on June 19, 1981",D. Riihiluoma and H. Mooers,"June 19, 1981",N,N
CARL-2004911-672,,,,"M. Oberhelman and D. Riihiluoma on October 25, 1984",M. Oberhelman and D. Riihiluoma,"October 25, 1984",N,N
CARL-2004913-663,,,Cromwell NE Bog,"M. Oberhelman and D. Riihiluoma on October 3, 1984",M. Oberhelman and D. Riihiluoma,"October 3, 1984",N,N
CARL-2004913-664,,,Cromwell NE Bog,"M. Oberhelman and D. Riihiluoma on October 3, 1984",M. Oberhelman and D. Riihiluoma,"October 3, 1984",N,N
CARL-2004916-232,,,,"D. Riihiluoma and H. Mooers on June 19, 1981",D. Riihiluoma and H. Mooers,"June 19, 1981",N,N
CARL-2004918-161,,,North Cromwell Bog,"L. Severson and H. Mooers on June 15, 1981",L. Severson and H. Mooers,"June 15, 1981",N,N
CARL-2004918-162,,,North Cromwell Bog,"L. Severson and H. Mooers on June 15, 1981",L. Severson and H. Mooers,"June 15, 1981",N,N
CARL-2004918-295,,,North Cromwell Bog,"S. Nelson and D. Riihiluoma on December 20, 1982",S. Nelson and D. Riihiluoma,"December 20, 1982",N,N
CARL-2004918-A1100-80,Elevation site only,,,T. Johnson in March 1984,T. Johnson,March 1984,N,N
CARL-2004918-A500-80,,,North Cromwell Bog,"C. Buttleman and D. Riihiluoma on April 11, 1984",C. Buttleman and D. Riihiluoma,"April 11, 1984",N,N
CARL-2004918-A900-80,,,North Cromwell Bog,"D. Riihiluoma and C. Buttleman on April 12, 1984",D. Riihiluoma and C. Buttleman,"April 12, 1984",Y,N
CARL-2004918-C0+100,,,,"D. Riihiluoma and R. Johnson on October 30, 1985",D. Riihiluoma and R. Johnson,"October 30, 1985",N,N
CARL-2004918-C100+100,"Hit stumps at 20, 100, and 130cm",,,"R. Johnson and D. Riihiluoma on October 30, 1985",R. Johnson and D. Riihiluoma,"October 30, 1985",N,N
CARL-2004918-C200+100,,,,"D. Riihiluoma and R. Johnson on October 30, 1985",D. Riihiluoma and R. Johnson,"October 30, 1985",N,N
CARL-2004918-C300+100,Hit stumps at 100 and 130cm,,,"D. Riihiluoma and R. Johnson on October 30, 1985",D. Riihiluoma and R. Johnson,"October 30, 1985",N,N
CARL-2004918-C400+100,Hit stump at 40cm,,,"D. Riihiluoma and R. Johnson on October 30, 1985",D. Riihiluoma and R. Johnson,"October 30, 1985",N,N
CARL-2004918-C500+100,,,,"D. Riihiluoma and M. Oberhelman on October 30, 1985",D. Riihiluoma and M. Oberhelman,"October 30, 1985",N,N
CARL-2004918-C600+100,,,,"D. Riihiluoma and M. Oberhelman on October 30, 1985",D. Riihiluoma and M. Oberhelman,"October 30, 1985",N,N
CARL-2004918-D+100+100,,,,P. Geiselman and D. Riihiluoma in September 1987,P. Geiselman and D. Riihiluoma,September 1987,N,N
CARL-2004918-D+100+200,,,,P. Geiselman and D. Riihiluoma in September 1987,P. Geiselman and D. Riihiluoma,September 1987,N,N
CARL-2004918-D+100+300,,,,P. Geiselman and D. Riihiluoma in September 1987,P. Geiselman and D. Riihiluoma,September 1987,N,N
CARL-2004918-D+100+400,Non-horticultural quality,,,"S. Nelson and H. Jamsa on November 5, 1987",S. Nelson and H. Jamsa,"November 5, 1987",N,N
CARL-2004918-D+150+200,Non-horticultural quality,,,"S. Nelson and H. Jamsa on November 5, 1987",S. Nelson and H. Jamsa,"November 5, 1987",Y,N
CARL-2004918-D+200+100,,,,P. Geiselman and D. Riihiluoma in September 1987,P. Geiselman and D. Riihiluoma,September 1987,N,N
CARL-2004918-D+200+200,,,,P. Geiselman and D. Riihiluoma in September 1987,P. Geiselman and D. Riihiluoma,September 1987,N,N
CARL-2004918-D+200+300,,,,P. Geiselman and D. Riihiluoma in September 1987,P. Geiselman and D. Riihiluoma,September 1987,N,N
CARL-2004918-D+200+400,,,,P. Geiselman and D. Riihiluoma in September 1987,P. Geiselman and D. Riihiluoma,September 1987,N,N
CARL-2004918-D+300+100,,,,P. Geiselman and D. Riihiluoma in September 1987,P. Geiselman and D. Riihiluoma,September 1987,N,N
CARL-2004918-D+300+200,,,,P. Geiselman and D. Riihiluoma in September 1987,P. Geiselman and D. Riihiluoma,September 1987,N,N
CARL-2004918-D+300+300,,,,P. Geiselman and D. Riihiluoma in September 1987,P. Geiselman and D. Riihiluoma,September 1987,N,N
CARL-2004918-D+300+400,,,,P. Geiselman and D. Riihiluoma in September 1987,P. Geiselman and D. Riihiluoma,September 1987,N,N
CARL-2004918-D+400+100,Upland is approximately 75m east of this site,,,P. Geiselman and D. Riihiluoma in September 1987,P. Geiselman and D. Riihiluoma,September 1987,N,N
CARL-2004918-D+400+200,,,,P. Geiselman and D. Riihiluoma in September 1987,P. Geiselman and D. Riihiluoma,September 1987,N,N
CARL-2004918-D+400+300,,,,P. Geiselman and D. Riihiluoma in September 1987,P. Geiselman and D. Riihiluoma,September 1987,N,N
CARL-2004918-D+400+400,,,,P. Geiselman and D. Riihiluoma in September 1987,P. Geiselman and D. Riihiluoma,September 1987,N,N
CARL-2004918-D+450+200,,,,P. Geiselman and D. Riihiluoma in September 1987,P. Geiselman and D. Riihiluoma,September 1987,N,N
CARL-2004918-D+450+400,,,,P. Geiselman and D. Riihiluoma in September 1987,P. Geiselman and D. Riihiluoma,September 1987,N,N
CARL-2004918-D0+100,,,,P. Geiselman and D. Riihiluoma in September 1987,P. Geiselman and D. Riihiluoma,September 1987,N,N
CARL-2004918-D0+200,,,,P. Geiselman and D. Riihiluoma in September 1987,P. Geiselman and D. Riihiluoma,September 1987,N,N
CARL-2004918-D0+300,Elevation site only,,,D. Olson and E. Berglund in December 1987,D. Olson and E. Berglund,December 1987,N,N
CARL-2004918-D0+400,,,,P. Geiselman and D. Riihiluoma in September 1987,P. Geiselman and D. Riihiluoma,September 1987,N,N
CARL-2004918-D-100+100,,,,P. Geiselman and D. Riihiluoma in September 1987,P. Geiselman and D. Riihiluoma,September 1987,N,N
CARL-2004918-D-100+200,Non-horticultural quality,,,"S. Nelson and H. Jamsa on November 4, 1987",S. Nelson and H. Jamsa,"November 4, 1987",N,N
CARL-2004918-D-100+300,,,,P. Geiselman and D. Riihiluoma in September 1987,P. Geiselman and D. Riihiluoma,September 1987,N,N
CARL-2004918-D-100+400,,,,P. Geiselman and D. Riihiluoma in September 1987,P. Geiselman and D. Riihiluoma,September 1987,N,N
CARL-2004918-D-200+100,,,,P. Geiselman and D. Riihiluoma in September 1987,P. Geiselman and D. Riihiluoma,September 1987,N,N
CARL-2004918-D-200+200,,,,P. Geiselman and D. Riihiluoma in September 1987,P. Geiselman and D. Riihiluoma,September 1987,N,N
CARL-2004918-D-200+300,,,,P. Geiselman and D. Riihiluoma in September 1987,P. Geiselman and D. Riihiluoma,September 1987,N,N
CARL-2004918-D-200+400,,,,P. Geiselman and D. Riihiluoma in September 1987,P. Geiselman and D. Riihiluoma,September 1987,N,N
CARL-2004918-D-300+100,,,,P. Geiselman and D. Riihiluoma in September 1987,P. Geiselman and D. Riihiluoma,September 1987,N,N
CARL-2004918-D-300+200,Non-horticultural quality,,,"S. Nelson and H. Jamsa on November 4, 1987",S. Nelson and H. Jamsa,"November 4, 1987",N,N
CARL-2004918-D-300+300,,,,P. Geiselman and D. Riihiluoma in September 1987,P. Geiselman and D. Riihiluoma,September 1987,N,N
CARL-2004918-D-300+400,,,,P. Geiselman and D. Riihiluoma in September 1987,P. Geiselman and D. Riihiluoma,September 1987,N,N
CARL-2004918-D-350+200,,,,P. Geiselman and D. Riihiluoma in September 1987,P. Geiselman and D. Riihiluoma,September 1987,N,N
CARL-2004918-D-400+100,,,,P. Geiselman and D. Riihiluoma in September 1987,P. Geiselman and D. Riihiluoma,September 1987,N,N
CARL-2004918-D-400+200,,,,P. Geiselman and D. Riihiluoma in September 1987,P. Geiselman and D. Riihiluoma,September 1987,N,N
CARL-2004918-D-400+300,,,,P. Geiselman and D. Riihiluoma in September 1987,P. Geiselman and D. Riihiluoma,September 1987,N,N
CARL-2004918-D-450+100,,,,P. Geiselman and D. Riihiluoma in September 1987,P. Geiselman and D. Riihiluoma,September 1987,N,N
CARL-2004918-D-450+200,Upland is approximately 20m west of this site,,,P. Geiselman and D. Riihiluoma in September 1987,P. Geiselman and D. Riihiluoma,September 1987,N,N
CARL-2004918-D-450+300,,,,P. Geiselman and D. Riihiluoma in September 1987,P. Geiselman and D. Riihiluoma,September 1987,N,N
CARL-2004919-282,,,North Cromwell Bog,"D. Riihiluoma and H. Mooers on August 24, 1982",D. Riihiluoma and H. Mooers,"August 24, 1982",N,N
CARL-2004919-283,,,North Cromwell Bog,"D. Riihiluoma and H. Mooers on August 24, 1982",D. Riihiluoma and H. Mooers,"August 24, 1982",N,N
CARL-2004919-294,,,North Cromwell Bog,"S. Nelson and D. Riihiluoma on December 20, 1982",S. Nelson and D. Riihiluoma,"December 20, 1982",N,N
CARL-2004919-296,,,North Cromwell Bog,"S. Nelson and D. Riihiluoma on December 20, 1982",S. Nelson and D. Riihiluoma,"December 20, 1982",N,N
CARL-2004919-297,,,North Cromwell Bog,"S. Nelson and D. Riihiluoma on December 20, 1982",S. Nelson and D. Riihiluoma,"December 20, 1982",N,N
CARL-2004919-301,,,North Cromwell Bog,"S. Nelson and D. Riihiluoma on December 21, 1982",S. Nelson and D. Riihiluoma,"December 21, 1982",Y,N
CARL-2004919-302,,,North Cromwell Bog,"S. Nelson and D. Riihiluoma on January 4, 1983",S. Nelson and D. Riihiluoma,"January 4, 1983",N,N
CARL-2004919-303,,,North Cromwell Bog,"S. Nelson and D. Riihiluoma on January 4, 1983",S. Nelson and D. Riihiluoma,"January 4, 1983",N,N
CARL-2004919-304,,,North Cromwell Bog,"S. Nelson and D. Riihiluoma on January 4, 1983",S. Nelson and D. Riihiluoma,"January 4, 1983",N,N
CARL-2004919-A1100+-0,Elevation site only,,,T. Johnson in March 1984,T. Johnson,March 1984,N,N
CARL-2004919-A1100+10,Elevation site only,,,T. Johnson in March 1984,T. Johnson,March 1984,N,N
CARL-2004919-A1100-20,,,North Cromwell Bog,"D. Olson, S. Nelson, and D. Riihiluoma on April 19, 1984","D. Olson, S. Nelson, and D. Riihiluoma","April 19, 1984",N,N
CARL-2004919-A1100-40,,,North Cromwell Bog,"D. Olson, S. Nelson, and D. Riihiluoma on April 19, 1984","D. Olson, S. Nelson, and D. Riihiluoma","April 19, 1984",N,N
CARL-2004919-A1100-60,Elevation site only,,,T. Johnson in March 1984,T. Johnson,March 1984,N,N
CARL-2004919-A500+-0,,,North Cromwell Bog,"S. Nelson, D. Riihihuoma, D. Olson, and C. Buttleman on April 10, 1984","S. Nelson, D. Riihihuoma, D. Olson, and C. Buttleman","April 10, 1984",N,N
CARL-2004919-A500+10,Elevation site only,,,T. Johnson in March 1984,T. Johnson,March 1984,N,N
CARL-2004919-A500-20,,,North Cromwell Bog,"S. Nelson, D. Riihiluoma, D. Olson, and C. Buttleman on April 10, 1984","S. Nelson, D. Riihiluoma, D. Olson, and C. Buttleman","April 10, 1984",N,N
CARL-2004919-A500-40,,,North Cromwell Bog,"S. Nelson, D. Riihiluoma, D. Olson, and C. Buttleman on April 11, 1984","S. Nelson, D. Riihiluoma, D. Olson, and C. Buttleman","April 11, 1984",Y,Y
CARL-2004919-A500-60,,,North Cromwell Bog,"S. Nelson and D. Olson on April 11, 1984",S. Nelson and D. Olson,"April 11, 1984",Y,N
CARL-2004919-A700+-0,,,North Cromwell Bog,"S. Nelson and D. Olson on April 12, 1984",S. Nelson and D. Olson,"April 12, 1984",Y,N
CARL-2004919-A700+10,Elevation site only,,,T. Johnson in March 1984,T. Johnson,March 1984,N,N
CARL-2004919-A700-20,,,North Cromwell Bog,"S. Nelson and D. Olson on April 12, 1984",S. Nelson and D. Olson,"April 12, 1984",N,N
CARL-2004919-A700-40,,,North Cromwell Bog,"S. Nelson and D. Olson on April 12, 1984",S. Nelson and D. Olson,"April 12, 1984",Y,N
CARL-2004919-A700-50,,,North Cromwell Bog,"S. Nelson and D. Olson on April 12, 1983",S. Nelson and D. Olson,"April 12, 1983",N,N
CARL-2004919-A700-55,15 yards north of site A700-55 peat depth is 180cm; 25 yards north of site A700-55 peat depth is 105cm; 45 yards north of site A700-55 is mineral land,,North Cromwell Bog,"D. Olson and S. Nelson on April 12, 1984",D. Olson and S. Nelson,"April 12, 1984",N,N
CARL-2004919-A900+-0,,,North Cromwell Bog,"C. Buttleman and D. Riihiluoma on April 12, 1984",C. Buttleman and D. Riihiluoma,"April 12, 1984",N,N
CARL-2004919-A900+10,Elevation site only,,,T. Johnson in March 1984,T. Johnson,March 1984,N,N
CARL-2004919-A900-20,,,North Cromwell Bog,"D. Riihiluoma and C. Buttleman on April 12, 1984",D. Riihiluoma and C. Buttleman,"April 12, 1984",Y,N
CARL-2004919-A900-40,,,North Cromwell Bog,"C. Buttleman and D. Riihiluoma on April 12, 1984",C. Buttleman and D. Riihiluoma,"April 12, 1984",N,N
CARL-2004919-A900-60,,,North Cromwell Bog,"C. Buttleman and D. Riihiluoma on April 12, 1984",C. Buttleman and D. Riihiluoma,"April 12, 1984",N,N
CARL-2004919-C0+-0,,,,"D. Riihiluoma and M. Oberhelman on October 30, 1985",D. Riihiluoma and M. Oberhelman,"October 30, 1985",N,N
CARL-2004919-C0-100,Hit logs at 115 and 138cm,,,"S. Nelson and R. Johnson on October 30, 1985",S. Nelson and R. Johnson,"October 30, 1985",N,N
CARL-2004919-C100+-0,Hit stump at 100cm,,,"D. Riihiluoma and M. Oberhelman on October 30, 1985",D. Riihiluoma and M. Oberhelman,"October 30, 1985",N,N
CARL-2004919-C100-100,,,,"S. Nelson and R. Johnson on October 30, 1985",S. Nelson and R. Johnson,"October 30, 1985",N,N
CARL-2004919-C200+-0,"Hit stumps at 100, 125, and 150cm",,,"D. Riihiluoma and M. Oberhelman on October 30, 1985",D. Riihiluoma and M. Oberhelman,"October 30, 1985",N,N
CARL-2004919-C200-100,"Between 32-52cm, it appears that silt or limnic sediments may be mixed with the peat material",,,"S. Nelson and R. Johnson on October 30, 1985",S. Nelson and R. Johnson,"October 30, 1985",N,N
CARL-2004919-C300+-0,Hit stump at 120cm,,,"D. Riihiluoma and M. Oberhelman on October 30, 1985",D. Riihiluoma and M. Oberhelman,"October 30, 1985",N,N
CARL-2004919-C300-100,"Between 49-62cm, it appears that silt or limnic sediments may be mixed with the peat material",,,"S. Nelson and R. Johnson on October 30, 1985",S. Nelson and R. Johnson,"October 30, 1985",N,N
CARL-2004919-C400+-0,"Hit stumps at 55, 90, and 100cm",,,"D. Riihiluoma and M. Oberhelman on October 30, 1985",D. Riihiluoma and M. Oberhelman,"October 30, 1985",N,N
CARL-2004919-C400-100,"Ditch 30m E of site; hit stumps at 120cm; *Between 12-34cm and 126-132cm, it appears that silt or limnic sediments may be mixed with the peat material",,,"S. Nelson and R. Johnson on October 30, 1985",S. Nelson and R. Johnson,"October 30, 1985",N,N
CARL-2004919-C500+-0,"Hit stumps at 25, 100, and 125cm",,,"D. Riihiluoma and M. Oberhelman on October 30, 1985",D. Riihiluoma and M. Oberhelman,"October 30, 1985",N,N
CARL-2004919-C500-100,"Hit stumps at 40, 60, 80, and 100cm; *Between 23-38cm, it appears that silt or limnic sediments may be mixed with the peat material",,,"S. Nelson and R. Johnson on October 30, 1985",S. Nelson and R. Johnson,"October 30, 1985",N,N
CARL-2004919-C600+-0,Hit stumps at 80 and 100cm,,,"D. Riihiluoma and M. Oberhelman on October 30, 1985",D. Riihiluoma and M. Oberhelman,"October 30, 1985",N,N
CARL-2004919-C600-100,"Hit logs at 60 and 90cm; *Between 41-48cm and 129-140cm, it appears that silt or limnic sediments may be mixed with the peat material.",0-28cm peat moisture higher than normal,,"S. Nelson and R. Johnson on October 30, 1985",S. Nelson and R. Johnson,"October 30, 1985",N,N
CARL-2004919-C600-200,"Hit stumps at 90, 140, and 180cm; *Between 47-50cm and 189-200cm, it appears that silt or limnic sediments may be mixed with the peat material.",,,"S. Nelson and R. Johnson on October 30, 1985",S. Nelson and R. Johnson,"October 30, 1985",N,N
CARL-2004919-C600-300,"Hit stump at 125cm; between 52-69cm, it appears that silt or limnic sediments may be mixed with the peat material",,,"S. Nelson and R. Johnson on October 30, 1985",S. Nelson and R. Johnson,"October 30, 1985",N,N
CARL-2004919-C600-400,,,,"R. Johnson and D. Riihiluoma on October 30, 1985",R. Johnson and D. Riihiluoma,"October 30, 1985",N,N
CARL-2004919-C600-450,Hit stumps at 95 and 125cm,,,"D. Riihiluoma and R. Johnson on October 30, 1985",D. Riihiluoma and R. Johnson,"October 30, 1985",N,N
CARL-2004919-D+100+-0,Non-horticultural quality,,,"S. Nelson and H. Jamsa on November 5, 1987",S. Nelson and H. Jamsa,"November 5, 1987",N,N
CARL-2004919-D+100-100,Profile not checked for limnic,,,P. Geiselman and D. Riihiluoma in September 1987,P. Geiselman and D. Riihiluoma,September 1987,N,N
CARL-2004919-D+100-200,OK horticultural quality; 200-300cm not checked for limnic,,,"S. Nelson and H. Jamsa on November 5, 1987",S. Nelson and H. Jamsa,"November 5, 1987",N,N
CARL-2004919-D+100-300,Profile not checked for limnic,,,P. Geiselman and D. Riihiluoma in September 1987,P. Geiselman and D. Riihiluoma,September 1987,N,N
CARL-2004919-D+100-400,Good horticultural quality 35-125cm; 200-280 no samples taken,,,"S. Nelson and H. Jamsa on November 4, 1987",S. Nelson and H. Jamsa,"November 4, 1987",N,N
CARL-2004919-D+100-500,Profile not checked for limnic,,,P. Geiselman and D. Riihiluoma in September 1987,P. Geiselman and D. Riihiluoma,September 1987,N,N
CARL-2004919-D+100-600,200-400cm no samples taken,,,"S. Nelson and H. Jamsa on November 5, 1987",S. Nelson and H. Jamsa,"November 5, 1987",Y,N
CARL-2004919-D+200+-0,,,,P. Geiselman and D. Riihiluoma in September 1987,P. Geiselman and D. Riihiluoma,September 1987,N,N
CARL-2004919-D+200-100,Profile not checked for limnic,,,P. Geiselman and D. Riihiluoma in September 1987,P. Geiselman and D. Riihiluoma,September 1987,N,N
CARL-2004919-D+200-200,,,,"P. Geiselman and D. Riihiluoma on September 21, 1987",P. Geiselman and D. Riihiluoma,"September 21, 1987",N,N
CARL-2004919-D+200-300,Profile not checked for limnic,,,P. Geiselman and D. Riihiluoma in September 1987,P. Geiselman and D. Riihiluoma,September 1987,N,N
CARL-2004919-D+200-400,,,,"P. Geiselman and D. Riihiluoma on September 21, 1987",P. Geiselman and D. Riihiluoma,"September 21, 1987",N,N
CARL-2004919-D+200-500,Profile not checked for limnic,,,P. Geiselman and D. Riihiluoma in September 1987,P. Geiselman and D. Riihiluoma,September 1987,N,N
CARL-2004919-D+200-600,,,,"P. Geiselman and D. Riihiluoma on September 21, 1987",P. Geiselman and D. Riihiluoma,"September 21, 1987",N,N
CARL-2004919-D+300+-0,Non-horticultural quality,,,"S. Nelson and H. Jamsa on November 5, 1987",S. Nelson and H. Jamsa,"November 5, 1987",N,N
CARL-2004919-D+300-100,Profile not checked for limnic,,,P. Geiselman and D. Riihiluoma in September 1987,P. Geiselman and D. Riihiluoma,September 1987,N,N
CARL-2004919-D+300-200,"Poor horticultural quality 0-143cm, non-horticultural quality below; 200-450cm no samples taken - not checked for limnic",,,"S. Nelson and H. Jamsa on November 5, 1987",S. Nelson and H. Jamsa,"November 5, 1987",N,N
CARL-2004919-D+300-300,Profile not checked for limnic,,,P. Geiselman and D. Riihiluoma in September 1987,P. Geiselman and D. Riihiluoma,September 1987,N,N
CARL-2004919-D+300-400,Good horticultural quality 80-180cm; 200-280cm no samples taken,,,"S. Nelson and H. Jamsa on November 4, 1987",S. Nelson and H. Jamsa,"November 4, 1987",N,N
CARL-2004919-D+300-500,Profile not checked for limnic,,,P. Geiselman and D. Riihiluoma in September 1987,P. Geiselman and D. Riihiluoma,September 1987,N,N
CARL-2004919-D+300-600,OK to good quality 40-105cm; 200-330cm no samples taken,,,"S. Nelson and H. Jamsa on November 5, 1987",S. Nelson and H. Jamsa,"November 5, 1987",N,N
CARL-2004919-D+350+-0,,,,P. Geiselman and D. Riihiluoma in September 1987,P. Geiselman and D. Riihiluoma,September 1987,N,N
CARL-2004919-D+385+-0,Upland is approximately 30m east of this site,,,P. Geiselman and D. Riihiluoma in September 1987,P. Geiselman and D. Riihiluoma,September 1987,N,N
CARL-2004919-D+400-100,Profile not checked for limnic,,,P. Geiselman and D. Riihiluoma in September 1987,P. Geiselman and D. Riihiluoma,September 1987,N,N
CARL-2004919-D+400-200,,,,"P. Geiselman and D. Riihiluoma on September 21, 1987",P. Geiselman and D. Riihiluoma,"September 21, 1987",N,N
CARL-2004919-D+400-300,Profile not checked for limnic,,,P. Geiselman and D. Riihiluoma in September 1987,P. Geiselman and D. Riihiluoma,September 1987,N,N
CARL-2004919-D+400-400,,,,P. Geiselman and D. Riihiluoma in September 1987,P. Geiselman and D. Riihiluoma,September 1987,N,N
CARL-2004919-D+400-500,Profile not checked for limnic,,,P. Geiselman and D. Riihiluoma in September 1987,P. Geiselman and D. Riihiluoma,September 1987,N,N
CARL-2004919-D+400-600,,,,P. Geiselman and D. Riihiluoma in September 1987,P. Geiselman and D. Riihiluoma,September 1987,N,N
CARL-2004919-D+450-200,Upland is approximately 100m east of this site,,,"P. Geiselman and D. Riihiluoma on September 21, 1987",P. Geiselman and D. Riihiluoma,"September 21, 1987",N,N
CARL-2004919-D+450-300,Profile not checked for limnic,,,P. Geiselman and D. Riihiluoma in September 1987,P. Geiselman and D. Riihiluoma,September 1987,N,N
CARL-2004919-D+450-400,,,,P. Geiselman and D. Riihiluoma in September 1987,P. Geiselman and D. Riihiluoma,September 1987,N,N
CARL-2004919-D+450-500,Profile not checked for limnic,,,P. Geiselman and D. Riihiluoma in September 1987,P. Geiselman and D. Riihiluoma,September 1987,N,N
CARL-2004919-D+450-600,,,,"P. Geiselman and D. Riihiluoma on September 21, 1987",P. Geiselman and D. Riihiluoma,"September 21, 1987",N,N
CARL-2004919-D0+-0,,,,P. Geiselman and D. Riihiluoma in September 1987,P. Geiselman and D. Riihiluoma,September 1987,N,N
CARL-2004919-D0-100,Elevation site only,,,D. Olson and E. Berglund in December 1987,D. Olson and E. Berglund,December 1987,N,N
CARL-2004919-D0-200,Elevation site only,,,D. Olson and E. Berglund in December 1987,D. Olson and E. Berglund,December 1987,N,N
CARL-2004919-D0-300,Elevation site only,,,D. Olson and E. Berglund in December 1987,D. Olson and E. Berglund,December 1987,N,N
CARL-2004919-D0-400,,,,"P. Geiselman and D. Riihiluoma on September 21, 1987",P. Geiselman and D. Riihiluoma,"September 21, 1987",N,N
CARL-2004919-D0-500,Profile not checked for limnic,,,P. Geiselman and D. Riihiluoma in September 1987,P. Geiselman and D. Riihiluoma,September 1987,N,N
CARL-2004919-D0-600,,,,"P. Geiselman and D. Riihiluoma on September 21, 1987",P. Geiselman and D. Riihiluoma,"September 21, 1987",N,N
CARL-2004919-D-100-500,Profile not checked for limnic,,,P. Geiselman and D. Riihiluoma in September 1987,P. Geiselman and D. Riihiluoma,September 1987,N,N
CARL-2004919-D-100-600,,,,"P. Geiselman and D. Riihiluoma on September 21, 1987",P. Geiselman and D. Riihiluoma,"September 21, 1987",N,N
CARL-2004919-D-200-500,Profile not checked for limnic,,,P. Geiselman and D. Riihiluoma in September 1987,P. Geiselman and D. Riihiluoma,September 1987,N,N
CARL-2004919-D-200-600,Non-horticultural quality; 200-280cm no samples taken,,,"S. Nelson and H. Jamsa on November 5, 1987",S. Nelson and H. Jamsa,"November 5, 1987",N,N
CARL-2004919-D-300-500,Profile not checked for limnic,,,P. Geiselman and D. Riihiluoma in September 1987,P. Geiselman and D. Riihiluoma,September 1987,N,N
CARL-2004919-D-300-600,,,,P. Geiselman and D. Riihiluoma in September 1987,P. Geiselman and D. Riihiluoma,September 1987,N,N
CARL-2004919-D-385-600,,,,"P. Geiselman and D. Riihiluoma on September 21, 1987",P. Geiselman and D. Riihiluoma,"September 21, 1987",N,N
CARL-2004919-E+100+-0,Elevation site only,,,D. Olson and E. Berglund in December 1987,D. Olson and E. Berglund,December 1987,N,N
CARL-2004919-E+100-100,,,,P. Geiselman and D. Riihiluoma in September 1987,P. Geiselman and D. Riihiluoma,September 1987,N,N
CARL-2004919-E+100-150,,,,P. Geiselman and D. Riihiluoma in September 1987,P. Geiselman and D. Riihiluoma,September 1987,N,N
CARL-2004919-E+200+-0,Elevation site only,,,D. Olson and E. Berglund in December 1987,D. Olson and E. Berglund,December 1987,N,N
CARL-2004919-E+200-100,Profile not checked for limnic,,,P. Geiselman and D. Riihiluoma in September 1987,P. Geiselman and D. Riihiluoma,September 1987,N,N
CARL-2004919-E+200-200,Profile not checked for limnic,,,P. Geiselman and D. Riihiluoma in September 1987,P. Geiselman and D. Riihiluoma,September 1987,N,N
CARL-2004919-E+200-250,Profile not checked for limnic,,,P. Geiselman and D. Riihiluoma in September 1987,P. Geiselman and D. Riihiluoma,September 1987,N,N
CARL-2004919-E+300+-0,Elevation site only,,,D. Olson and E. Berglund in December 1987,D. Olson and E. Berglund,December 1987,N,N
CARL-2004919-E+300-100,,,,P. Geiselman and D. Riihiluoma in September 1987,P. Geiselman and D. Riihiluoma,September 1987,N,N
CARL-2004919-E+300-200,,,,P. Geiselman and D. Riihiluoma in September 1987,P. Geiselman and D. Riihiluoma,September 1987,N,N
CARL-2004919-E+300-300,,,,P. Geiselman and D. Riihiluoma in September 1987,P. Geiselman and D. Riihiluoma,September 1987,N,N
CARL-2004919-E+400+-0,Elevation site only,,,D. Olson and E. Berglund in December 1987,D. Olson and E. Berglund,December 1987,N,N
CARL-2004919-E+400-100,Profile not checked for limnic,,,P. Geiselman and D. Riihiluoma in September 1987,P. Geiselman and D. Riihiluoma,September 1987,N,N
CARL-2004919-E+400-200,Non-horticultural quality; profile not checked for limnic; 200-340cm no samples taken,,,"S. Nelson and H. Jamsa on November 5, 1987",S. Nelson and H. Jamsa,"November 5, 1987",N,N
CARL-2004919-E+400-300,Profile not checked for limnic,,,P. Geiselman and D. Riihiluoma in September 1987,P. Geiselman and D. Riihiluoma,September 1987,N,N
CARL-2004919-E+400-350,,,,P. Geiselman and D. Riihiluoma in September 1987,P. Geiselman and D. Riihiluoma,September 1987,N,N
CARL-2004919-E+400-515,Upland approximately 25m north of this site,,,"S. Nelson and P. Geiselman on November 6, 1987",S. Nelson and P. Geiselman,"November 6, 1987",N,N
CARL-2004919-E+400-535,,,,"S. Nelson and P. Geiselman on November 6, 1987",S. Nelson and P. Geiselman,"November 6, 1987",N,N
CARL-2004919-E+400-585,,,,"S. Nelson and H. Jamsa on November 6, 1987",S. Nelson and H. Jamsa,"November 6, 1987",N,N
CARL-2004919-E+400-685,,,,"S. Nelson and P. Geiselman on November 6, 1987",S. Nelson and P. Geiselman,"November 6, 1987",N,N
CARL-2004919-E+500+-0,,,,P. Geiselman and D. Riihiluoma in November 1987,P. Geiselman and D. Riihiluoma,November 1987,N,N
CARL-2004919-E+500-590,,,,"S. Nelson and P. Geiselman on November 6, 1987",S. Nelson and P. Geiselman,"November 6, 1987",N,N
CARL-2004919-E+600+-0,,,,P. Geiselman and D. Riihiluoma in November 1987,P. Geiselman and D. Riihiluoma,November 1987,N,N
CARL-2004919-E+600-100,,,,P. Geiselman and D. Riihiluoma in November 1987,P. Geiselman and D. Riihiluoma,November 1987,N,N
CARL-2004919-E+600-200,Non-horticultural quality; 200-330cm no samples taken,,,"S. Nelson and H. Jamsa on November 5, 1987",S. Nelson and H. Jamsa,"November 5, 1987",N,N
CARL-2004919-E+600-300,,,,P. Geiselman and D. Riihiluoma in November 1987,P. Geiselman and D. Riihiluoma,November 1987,N,N
CARL-2004919-E+600-400,,,,P. Geiselman and D. Riihiluoma in November 1987,P. Geiselman and D. Riihiluoma,November 1987,N,N
CARL-2004919-E+600-500,,,,P. Geiselman and D. Riihiluoma in November 1987,P. Geiselman and D. Riihiluoma,November 1987,N,N
CARL-2004919-E+600-600,Non-horticultural quality; very good energy peat,,,"S. Nelson and P. Geiselman on November 6, 1987",S. Nelson and P. Geiselman,"November 6, 1987",Y,N
CARL-2004919-E+600-700,,,,P. Geiselman and D. Riihiluoma in November 1987,P. Geiselman and D. Riihiluoma,November 1987,N,N
CARL-2004919-E+700+-0,,,,P. Geiselman and D. Riihiluoma in November 1987,P. Geiselman and D. Riihiluoma,November 1987,N,N
CARL-2004919-E+800+-0,Profile not checked for limnic; 2 meters to lake from this site,,,P. Geiselman and D. Riihiluoma in November 1987,P. Geiselman and D. Riihiluoma,November 1987,N,N
CARL-2004919-E+800-100,Approximately 50 m to lake from this site; probally limnic sediments in profile,,,"P. Geiselman and D. Riihiluoma on November 4, 1987",P. Geiselman and D. Riihiluoma,"November 4, 1987",N,N
CARL-2004919-E+800-200,Non-horticultural quality; 200-250cm no samples taken,,,"S. Nelson and H. Jamsa on November 5, 1987",S. Nelson and H. Jamsa,"November 5, 1987",N,N
CARL-2004919-E+800-324,,,,"P. Geiselman and D. Riihiluoma on November 4, 1987",P. Geiselman and D. Riihiluoma,"November 4, 1987",N,N
CARL-2004919-E+800-410,Elevation site only,,,D. Olson and E. Berglund in December 1987,D. Olson and E. Berglund,December 1987,N,N
CARL-2004919-E+800-454,,,,"P. Geiselman and D. Riihiluoma on November 4, 1987",P. Geiselman and D. Riihiluoma,"November 4, 1987",N,N
CARL-2004919-E+800-588,Non-horticultural quality; very good energy peat,,,"S. Nelson and P. Geiselman on November 6, 1987",S. Nelson and P. Geiselman,"November 6, 1987",N,N
CARL-2004919-E+800-715,Upland is approximately 75m south of this site,,,"P. Geiselman and D. Riihiluoma on November 4, 1987",P. Geiselman and D. Riihiluoma,"November 4, 1987",N,N
CARL-2004919-E+900-110,Profile not checked for limnic,,,"P. Geiselman and D. Riihiluoma on November 4, 1987",P. Geiselman and D. Riihiluoma,"November 4, 1987",N,N
CARL-2004919-E+900-210,,,,"P. Geiselman and D. Riihiluoma on November 4, 1987",P. Geiselman and D. Riihiluoma,"November 4, 1987",N,N
CARL-2004919-E+900-310,,,,"P. Geiselman and D. Riihiluoma on November 4, 1987",P. Geiselman and D. Riihiluoma,"November 4, 1987",N,N
CARL-2004919-E+900-410,,,,"P. Geiselman and D. Riihiluoma on November 4, 1987",P. Geiselman and D. Riihiluoma,"November 4, 1987",N,N
CARL-2004919-E+900-510,Site on mineral island,,,"P. Geiselman and D. Riihiluoma on November 4, 1987",P. Geiselman and D. Riihiluoma,"November 4, 1987",N,N
CARL-2004919-E+900-610,Site on mineral island,,,"P. Geiselman and D. Riihiluoma on November 4, 1987",P. Geiselman and D. Riihiluoma,"November 4, 1987",N,N
CARL-2004919-E+900-710,,,,"P. Geiselman and D. Riihiluoma on November 4, 1987",P. Geiselman and D. Riihiluoma,"November 4, 1987",N,N
CARL-2004921-100,,,,"H. Mooers and D. Riihiluoma on April 21, 1981",H. Mooers and D. Riihiluoma,"April 21, 1981",N,N
CARL-2004922-230,,,,"D. Riihiluoma and H. Mooers on June 18, 1981",D. Riihiluoma and H. Mooers,"June 18, 1981",N,N
CARL-2004922-231,,,,"D. Riihiluoma and H. Mooers on June 18, 1981",D. Riihiluoma and H. Mooers,"June 18, 1981",N,N
CARL-2004925-194,,,,"D. Riihiluoma and S. Nelson on June 16, 1981",D. Riihiluoma and S. Nelson,"June 16, 1981",N,N
CARL-2004928-644,,,,"M. Oberhelman and D. Riihiluoma on September 24, 1984",M. Oberhelman and D. Riihiluoma,"September 24, 1984",N,N
CARL-2004928-645,,,,"M. Oberhelman and D. Riihiluoma on September 24, 1984",M. Oberhelman and D. Riihiluoma,"September 24, 1984",N,N
CARL-2004930-E+400-785,,,,"S. Nelson and P. Geiselman on November 6, 1987",S. Nelson and P. Geiselman,"November 6, 1987",N,N
CARL-2004930-E+400-805,Upland approximately 20m to the south of this site,,,"S. Nelson and P. Geiselman on November 6, 1987",S. Nelson and P. Geiselman,"November 6, 1987",N,N
CARL-2004930-E+600-800,Elevation site only,,,D. Olson and E. Berglund in December 1987,D. Olson and E. Berglund,December 1987,N,N
CARL-2004930-E+600-900,Elevation site only,,,D. Olson and E. Berglund in December 1987,D. Olson and E. Berglund,December 1987,N,N
CARL-2004936-636,,,,"D. Riihiluoma and M. Oberhelman on August 23, 1984",D. Riihiluoma and M. Oberhelman,"August 23, 1984",N,N
CARL-2004936-637,,,,"D. Riihiluoma and M. Oberhelman on August 23, 1984",D. Riihiluoma and M. Oberhelman,"August 23, 1984",N,N
CARL-2104605-309,,,,"D. Riihiluoma and L. Severson on October 21, 1982",D. Riihiluoma and L. Severson,"October 21, 1982",N,N
CARL-2104606-579,,,,"D. Olson and S. Nelson on June 19, 1984",D. Olson and S. Nelson,"June 19, 1984",N,N
CARL-2104606-580,,,,"S. Nelson and D. Olson on June 19, 1984",S. Nelson and D. Olson,"June 19, 1984",N,N
CARL-2104606-581,,,,"S. Nelson and D. Olson on June 19, 1984",S. Nelson and D. Olson,"June 19, 1984",N,N
CARL-2104613-566,Lignid dominant in peat profile,,,"S. Nelson, D. Riihiluoma, and D. Olson on June 18, 1984","S. Nelson, D. Riihiluoma, and D. Olson","June 18, 1984",N,N
CARL-2104614-311,,,,"D. Riihiluoma and L. Severson on October 21, 1982",D. Riihiluoma and L. Severson,"October 21, 1982",N,N
CARL-2104615-573,,,,"S. Nelson and D. Olson on June 21, 1984",S. Nelson and D. Olson,"June 21, 1984",N,N
CARL-2104615-574,,,,"S. Nelson and D. Olson on June 21, 1984",S. Nelson and D. Olson,"June 21, 1984",N,N
CARL-2104616-310,,,,"D. Riihiluoma and L. Severson on October 21, 1982",D. Riihiluoma and L. Severson,"October 21, 1982",N,N
CARL-2104616-575,,,,"S. Nelson and D. Olson on June 21, 1984",S. Nelson and D. Olson,"June 21, 1984",N,N
CARL-2104624-567,,,,"S. Nelson, D. Riihiluoma, and D. Olson on June 18, 1984","S. Nelson, D. Riihiluoma, and D. Olson","June 18, 1984",N,N
CARL-2104624-568,,,,"D. Riihiluoma, D. Olson, and S. Nelson on June 18, 1984","D. Riihiluoma, D. Olson, and S. Nelson","June 18, 1984",N,N
CARL-2104631-577,,,,"S. Nelson and D. Olson on June 20, 1984",S. Nelson and D. Olson,"June 20, 1984",N,N
CARL-2104632-213,,,,"D. Riihiluoma and H. Mooers on June 18, 1981",D. Riihiluoma and H. Mooers,"June 18, 1981",N,N
CARL-2104632-576,,,,"D. Olson and S. Nelson on June 20, 1984",D. Olson and S. Nelson,"June 20, 1984",N,N
CARL-2104632-578,,,,"S. Nelson and D. Olson on June 20, 1984",S. Nelson and D. Olson,"June 20, 1984",N,N
CARL-2104701-121,,,,"H. Mooers and D. Riihiluoma on May 7, 1981",H. Mooers and D. Riihiluoma,"May 7, 1981",N,N
CARL-2104701-361,,,,"S. Nelson and C. Buttleman on October 26, 1983",S. Nelson and C. Buttleman,"October 26, 1983",N,N
CARL-2104701-362,,30-61cm peat dryer than normal,,"C. Buttleman and S. Nelson on October 26, 1983",C. Buttleman and S. Nelson,"October 26, 1983",N,N
CARL-2104701-363,,,,"C. Buttleman and S. Nelson on October 26, 1983",C. Buttleman and S. Nelson,"October 26, 1983",N,N
CARL-2104701-364,,,,"S. Nelson and C. Buttleman on October 26, 1983",S. Nelson and C. Buttleman,"October 26, 1983",N,N
CARL-2104701-365,,,,"C. Buttleman and S. Nelson on October 26, 1983",C. Buttleman and S. Nelson,"October 26, 1983",N,N
CARL-2104701-366,,,,"C. Buttleman and S. Nelson on October 26, 1983",C. Buttleman and S. Nelson,"October 26, 1983",N,N
CARL-2104701-367,,,,"S. Nelson and C. Buttleman on October 26, 1983",S. Nelson and C. Buttleman,"October 26, 1983",N,N
CARL-2104701-368,,,,"C. Buttleman and S. Nelson on October 26, 1983",C. Buttleman and S. Nelson,"October 26, 1983",N,N
CARL-2104701-369,,,,"S. Nelson and C. Buttleman on October 26, 1983",S. Nelson and C. Buttleman,"October 26, 1983",N,N
CARL-2104701-370,,,,"C. Buttleman and S. Nelson on October 26, 1983",C. Buttleman and S. Nelson,"October 26, 1983",N,N
CARL-2104701-371,,,,"S. Nelson and C. Buttleman on October 26, 1983",S. Nelson and C. Buttleman,"October 26, 1983",N,N
CARL-2104701-372,,,,"S. Nelson and C. Buttleman on October 26, 1983",S. Nelson and C. Buttleman,"October 26, 1983",N,N
CARL-2104702-375,Wood fragments containing both lignid and nanolignid remains dominate the peat profile,,,"C. Buttleman and S. Nelson on October 27, 1983",C. Buttleman and S. Nelson,"October 27, 1983",N,N
CARL-2104702-379,,,,"C. Buttleman and S. Nelson on October 27, 1983",C. Buttleman and S. Nelson,"October 27, 1983",N,N
CARL-2104702-380,,,,"S. Nelson and C. Buttleman on October 27, 1983",S. Nelson and C. Buttleman,"October 27, 1983",N,N
CARL-2104706-208,,,,"D. Riihiluoma and H. Mooers on June 18, 1981",D. Riihiluoma and H. Mooers,"June 18, 1981",N,N
CARL-2104706-209,,,,"D. Riihiluoma and H. Mooers on June 18, 1981",D. Riihiluoma and H. Mooers,"June 18, 1981",N,N
CARL-2104706-413,"A lot of wood layers through out profile; 480-570cm sampler hit wood layers, no samples could be collected.",,,"G. Gabinski and S. Nelson on June 26, 1980",G. Gabinski and S. Nelson,"June 26, 1980",N,N
CARL-2104707-211,,,,"H. Mooers and D. Riihiluoma on June 18, 1981",H. Mooers and D. Riihiluoma,"June 18, 1981",N,N
CARL-2104707-414,,,,"S. Nelson and G. Gabanski on June 26, 1980",S. Nelson and G. Gabanski,"June 26, 1980",N,N
CARL-2104711-376,,,,"S. Nelson and C. Buttleman on October 27, 1983",S. Nelson and C. Buttleman,"October 27, 1983",N,N
CARL-2104711-377,,,,"C. Buttleman and S. Nelson on October 27, 1983",C. Buttleman and S. Nelson,"October 27, 1983",N,N
CARL-2104711-378,,,,"S. Nelson and C. Buttleman on October 27, 1983",S. Nelson and C. Buttleman,"October 27, 1983",N,N
CARL-2104711-662,,,,"M. Oberhelman and D. Riihiluoma on October 31, 1984",M. Oberhelman and D. Riihiluoma,"October 31, 1984",N,N
CARL-2104712-307,,,,"L. Severson and D. Riihiluoma on October 21, 1982",L. Severson and D. Riihiluoma,"October 21, 1982",N,N
CARL-2104717-660,Hit several stumps while sampling,,,"M. Oberhelman and D. Riihiluoma on October 3, 1984",M. Oberhelman and D. Riihiluoma,"October 3, 1984",N,N
CARL-2104717-661,,,,"M. Oberhelman and D. Riihiluoma on October 3, 1984",M. Oberhelman and D. Riihiluoma,"October 3, 1984",N,N
CARL-2104718-668,,,,"D. Riihiluoma and M. Oberhelman on October 24, 1984",D. Riihiluoma and M. Oberhelman,"October 24, 1984",N,N
CARL-2104718-669,,,,"M. Oberhelman and D. Riihiluoma on October 24, 1984",M. Oberhelman and D. Riihiluoma,"October 24, 1984",N,N
CARL-2104720-212,,,,"D. Riihiluoma and H. Mooers on June 18, 1981",D. Riihiluoma and H. Mooers,"June 18, 1981",N,N
CARL-2104720-308,,,,"L. Severson and D. Riihiluoma on October 21, 1982",L. Severson and D. Riihiluoma,"October 21, 1982",N,N
CARL-2104725-337,,,,"C. Buttleman and R. Johnson on October 18, 1983",C. Buttleman and R. Johnson,"October 18, 1983",N,N
CARL-2104726-117,,,,"H. Mooers and D. Riihiluoma on May 7, 1981",H. Mooers and D. Riihiluoma,"May 7, 1981",N,N
CARL-2104809-170,,,,"H. Mooers and L. Severson on June 15, 1981",H. Mooers and L. Severson,"June 15, 1981",N,N
CARL-2104811-185,,,,"K. Steinmaus and L. Severson on June 16, 1981",K. Steinmaus and L. Severson,"June 16, 1981",N,N
CARL-2104813-188,,,,"S. Nelson and D. Riihiluoma on June 16, 1981",S. Nelson and D. Riihiluoma,"June 16, 1981",N,N
CARL-2104814-152,,,,"H. Mooers and D. Riihiluoma on May 19, 1981",H. Mooers and D. Riihiluoma,"May 19, 1981",N,N
CARL-2104816-172,,,,"L. Severson and H. Mooers on June 15, 1981",L. Severson and H. Mooers,"June 15, 1981",N,N
CARL-2104816-175,,,,"H. Mooers and L. Severson on June 15, 1981",H. Mooers and L. Severson,"June 15, 1981",Y,N
CARL-2104817-171,,,,"H. Mooers and L. Severson on June 15, 1981",H. Mooers and L. Severson,"June 15, 1981",N,N
CARL-2104820-173,,,,"L. Severson and H. Mooers on June 15, 1981",L. Severson and H. Mooers,"June 15, 1981",N,N
CARL-2104821-174,,,,"L. Severson and H. Mooers on June 15, 1981",L. Severson and H. Mooers,"June 15, 1981",N,N
CARL-2104822-182,,,,"K. Steinmaus and L. Severson on June 16, 1981",K. Steinmaus and L. Severson,"June 16, 1981",Y,Y
CARL-2104822-183,,,,"K. Steinmaus and L. Severson on June 16, 1981",K. Steinmaus and L. Severson,"June 16, 1981",N,N
CARL-2104822-184,,,,"K. Steinmaus and L. Severson on June 16, 1981",K. Steinmaus and L. Severson,"June 16, 1981",N,N
CARL-2104822-186,,,,"K. Steinmaus and L. Severson on June 16, 1981",K. Steinmaus and L. Severson,"June 16, 1981",N,N
CARL-2104825-216,,,,"H. Mooers and D. Riihiluoma on June 18, 1981",H. Mooers and D. Riihiluoma,"June 18, 1981",N,N
CARL-2104826-217,,,,"H. Mooers and D. Riihiluoma on June 18, 1981",H. Mooers and D. Riihiluoma,"June 18, 1981",N,N
CARL-2104826-218,,,,"D. Riihiluoma and H. Mooers on June 18, 1981",D. Riihiluoma and H. Mooers,"June 18, 1981",N,N
CARL-2104826-658,Hit several stumps between 0-330cm,360-720cm peat too wet to collect in sampler,,"M. Oberhelman and D. Riihiluoma on October 2, 1984",M. Oberhelman and D. Riihiluoma,"October 2, 1984",N,N
CARL-2104829-116,,,,"H. Mooers and D. Riihiluoma on May 7, 1981",H. Mooers and D. Riihiluoma,"May 7, 1981",N,N
CARL-2104829-203,,,,"D. Riihiluoma and H. Mooers on June 18, 1981",D. Riihiluoma and H. Mooers,"June 18, 1981",Y,N
CARL-2104831-206,,,,"D. Riihiluoma and H. Mooers on June 17, 1981",D. Riihiluoma and H. Mooers,"June 17, 1981",N,N
CARL-2104831-412,,,,"S. Nelson and G. Gabanski on June 26, 1980",S. Nelson and G. Gabanski,"June 26, 1980",N,N
CARL-2104832-204,,,,"D. Riihiluoma and H. Mooers on June 17, 1981",D. Riihiluoma and H. Mooers,"June 17, 1981",N,N
CARL-2104832-205,,,,"D. Riihiluoma and H. Mooers on June 17, 1981",D. Riihiluoma and H. Mooers,"June 17, 1981",N,N
CARL-2104832-207,,,,"D. Riihiluoma and H. Mooers on June 18, 1981",D. Riihiluoma and H. Mooers,"June 18, 1981",N,N
CARL-2104832-411,,,,"G. Gabanski and S. Nelson on June 26, 1980",G. Gabanski and S. Nelson,"June 26, 1980",N,N
CARL-2104834-219,,,,"D. Riihiluoma and H. Mooers on June 18, 1981",D. Riihiluoma and H. Mooers,"June 18, 1981",N,N
CARL-2104835-657,,,,"M. Oberhelman and D. Riihiluoma on October 2, 1984",M. Oberhelman and D. Riihiluoma,"October 2, 1984",N,N
CARL-2104836-214,,,,"D. Riihiluoma and H. Mooers on June 18, 1981",D. Riihiluoma and H. Mooers,"June 18, 1981",N,N
CARL-2104836-215,,,,"D. Riihiluoma and H. Mooers on June 18, 1981",D. Riihiluoma and H. Mooers,"June 18, 1981",N,N
CARL-2104836-279,,,,"H. Mooers and L. Severson on June 14, 1982",H. Mooers and L. Severson,"June 14, 1982",Y,Y
CARL-2104836-659,,,,"M. Oberhelman and D. Riihiluoma on October 2, 1984",M. Oberhelman and D. Riihiluoma,"October 2, 1984",N,N
CARL-2104901-139,,,,"R. Johnson, H. Mooers, D. Riihiluoma, and D. Olson on May 12, 1981","R. Johnson, H. Mooers, D. Riihiluoma, and D. Olson","May 12, 1981",N,N
CARL-2104901-155,,,,"H. Mooers and L. Severson on June 15, 1981",H. Mooers and L. Severson,"June 15, 1981",N,N
CARL-2104901-156,,,,"L. Severson and H. Mooers on June 15, 1981",L. Severson and H. Mooers,"June 15, 1981",N,N
CARL-2104911-135,,,,"D. Olson, R. Johnson, D. Riihiluoma, and H. Mooers on May 12, 1981","D. Olson, R. Johnson, D. Riihiluoma, and H. Mooers","May 12, 1981",N,N
CARL-2104911-136,,,,"D. Olson, R. Johnson, D. Riihiluoma, and H. Mooers on May 12, 1981","D. Olson, R. Johnson, D. Riihiluoma, and H. Mooers","May 12, 1981",N,N
CARL-2104911-651,,,,"M. Oberhelman and D. Riihiluoma on October 1, 1984",M. Oberhelman and D. Riihiluoma,"October 1, 1984",N,N
CARL-2104911-652,,,,"M. Oberhelman and D. Riihiluoma on October 1, 1984",M. Oberhelman and D. Riihiluoma,"October 1, 1984",N,N
CARL-2104912-129,,,,"D. Olson, D. Riihiluoma, R. Johnson, and H. Mooers on May 11, 1981","D. Olson, D. Riihiluoma, R. Johnson, and H. Mooers","May 11, 1981",N,N
CARL-2104912-130,,,,"H. Mooers, D. Olson, D. Riihiluoma, and R. Johnson on May 11, 1981","H. Mooers, D. Olson, D. Riihiluoma, and R. Johnson","May 11, 1981",N,N
CARL-2104912-131,H3 moss with thin partings of hemic moss and RS,,,"H. Mooers, D. Riihiluoma, D. Olson, and R. Johnson on May 11, 1981","H. Mooers, D. Riihiluoma, D. Olson, and R. Johnson","May 11, 1981",N,N
CARL-2104912-132,,,,"D. Olson, R. Johnson, D. Riihiluoma, and H. Mooers on May 12, 1981","D. Olson, R. Johnson, D. Riihiluoma, and H. Mooers","May 12, 1981",N,N
CARL-2104912-133,,,,"D. Olson, R. Johnson, D. Riihiluoma, and H. Mooers on May 12, 1981","D. Olson, R. Johnson, D. Riihiluoma, and H. Mooers","May 12, 1981",N,N
CARL-2104912-134,,,,"D. Olson, R. Johnson, H. Mooers, and D. Riihiluoma on May 12, 1981","D. Olson, R. Johnson, H. Mooers, and D. Riihiluoma","May 12, 1981",Y,Y
CARL-2104912-137,,,,"D. Olson, R. Johnson, D. Riihiluoma, and H. Mooers on May 12, 1981","D. Olson, R. Johnson, D. Riihiluoma, and H. Mooers","May 12, 1981",N,N
CARL-2104912-138,,,,"R. Johnson and H. Mooers on May 12, 1981",R. Johnson and H. Mooers,"May 12, 1981",N,N
CARL-2104914-670,,,,"M. Oberhelman and D. Riihiluoma on October 25, 1984",M. Oberhelman and D. Riihiluoma,"October 25, 1984",N,N
CARL-2104914-671,,,,"M. Oberhelman and D. Riihiluoma on October 25, 1984",M. Oberhelman and D. Riihiluoma,"October 25, 1984",N,N
CARL-2104914-H0+800,,,,"P. Geiselman and D. Riihiluoma on November 5, 1987",P. Geiselman and D. Riihiluoma,"November 5, 1987",N,N
CARL-2104920-165,,,,"L. Severson and H. Mooers on June 15, 1981",L. Severson and H. Mooers,"June 15, 1981",N,N
CARL-2104921-1,"May be possible to use for horticultural peat, but 50-92cm not good quality.  Hit stump at 47cm.",,,"S. Nelson, M. Oberhelman, and H. Jamsa on May 6, 1987","S. Nelson, M. Oberhelman, and H. Jamsa","May 6, 1987",N,N
CARL-2104921-164,,,,"L. Severson and H. Mooers on June 15, 1981",L. Severson and H. Mooers,"June 15, 1981",N,N
CARL-2104921-2,"Generally unclean peat, non-horticultural quality overall.  Hit stump a",,,"S. Nelson, M. Oberhelman, and H. Jamsa on May 6, 1987","S. Nelson, M. Oberhelman, and H. Jamsa","May 6, 1987",N,N
CARL-2104921-288,,,,"S. Nelson and R. Johnson on August 26, 1982",S. Nelson and R. Johnson,"August 26, 1982",N,N
CARL-2104921-289,,,,"S. Nelson and R. Johnson on August 26, 1982",S. Nelson and R. Johnson,"August 26, 1982",N,N
CARL-2104921-290,,,,"S. Nelson and L. Severson on September 7, 1982",S. Nelson and L. Severson,"September 7, 1982",N,N
CARL-2104921-291,,,,"S. Nelson and L. Severson on August 8, 1982",S. Nelson and L. Severson,"August 8, 1982",N,N
CARL-2104921-292,,,,"S. Nelson and L. Severson on September 8, 1982",S. Nelson and L. Severson,"September 8, 1982",N,N
CARL-2104921-293,,,,"S. Nelson and L. Severson on September 8, 1982",S. Nelson and L. Severson,"September 8, 1982",N,N
CARL-2104921-3,Generally non-horticultural quality.  Hit many stumps 0-50cm.,,,"S. Nelson, M. Oberhelman, and H. Jamsa on May 6, 1987","S. Nelson, M. Oberhelman, and H. Jamsa","May 6, 1987",N,N
CARL-2104921-4,Non-horticultural quality overall. Hit stump at 60cm.,,,"M. Oberhelman, S. Nelson, and H. Jamsa on May 6, 1987","M. Oberhelman, S. Nelson, and H. Jamsa","May 6, 1987",N,N
CARL-2104921-5,Non-horticultural quality.,,,"S. Nelson, M. Oberhelman, and H. Jamsa on May 6, 1987","S. Nelson, M. Oberhelman, and H. Jamsa","May 6, 1987",N,N
CARL-2104923-157,,,North Cromwell Bog,"H. Mooers and L. Severson on June 15, 1981",H. Mooers and L. Severson,"June 15, 1981",N,N
CARL-2104923-158,,,,"H. Mooers and L. Severson on June 15, 1981",H. Mooers and L. Severson,"June 15, 1981",N,N
CARL-2104923-H0+200,,,,"P. Geiselman and D. Riihiluoma on November 5, 1987",P. Geiselman and D. Riihiluoma,"November 5, 1987",N,N
CARL-2104923-H0+300,,,,"P. Geiselman and D. Riihiluoma on November 5, 1987",P. Geiselman and D. Riihiluoma,"November 5, 1987",N,N
CARL-2104923-H0+400,,,,"P. Geiselman and D. Riihiluoma on November 5, 1987",P. Geiselman and D. Riihiluoma,"November 5, 1987",N,N
CARL-2104923-H0+500,,,,"P. Geiselman and D. Riihiluoma on November 5, 1987",P. Geiselman and D. Riihiluoma,"November 5, 1987",N,N
CARL-2104923-H0+600,,,,"P. Geiselman and D. Riihiluoma on November 5, 1987",P. Geiselman and D. Riihiluoma,"November 5, 1987",N,N
CARL-2104923-H0+700,,,,"P. Geiselman and D. Riihiluoma on November 5, 1987",P. Geiselman and D. Riihiluoma,"November 5, 1987",N,N
CARL-2104923-H-100+200,,,,"P. Geiselman and D. Riihiluoma on November 5, 1987",P. Geiselman and D. Riihiluoma,"November 5, 1987",N,N
CARL-2104923-H-100+400,,,,"P. Geiselman and D. Riihiluoma on November 5, 1987",P. Geiselman and D. Riihiluoma,"November 5, 1987",N,N
CARL-2104923-H-100+600,,,,"P. Geiselman and D. Riihiluoma on November 5, 1987",P. Geiselman and D. Riihiluoma,"November 5, 1987",N,N
CARL-2104923-H-100+800,,,,"P. Geiselman and D. Riihiluoma on November 5, 1987",P. Geiselman and D. Riihiluoma,"November 5, 1987",N,N
CARL-2104923-H-200+-0,,,,"P. Geiselman and D. Riihiluoma on November 5, 1987",P. Geiselman and D. Riihiluoma,"November 5, 1987",N,N
CARL-2104923-H-200+200,,,,"P. Geiselman and D. Riihiluoma on November 5, 1987",P. Geiselman and D. Riihiluoma,"November 5, 1987",N,N
CARL-2104923-H-200+400,,,,"P. Geiselman and D. Riihiluoma on November 5, 1987",P. Geiselman and D. Riihiluoma,"November 5, 1987",N,N
CARL-2104923-H-200+600,,,,"P. Geiselman and D. Riihiluoma on November 5, 1987",P. Geiselman and D. Riihiluoma,"November 5, 1987",N,N
CARL-2104923-H-200+800,Site approximately 30m from upland,,,"P. Geiselman and D. Riihiluoma on November 5, 1987",P. Geiselman and D. Riihiluoma,"November 5, 1987",N,N
CARL-2104923-H-300+600,,,,"P. Geiselman and D. Riihiluoma on November 5, 1987",P. Geiselman and D. Riihiluoma,"November 5, 1987",N,N
CARL-2104923-H-400+600,,,,"P. Geiselman and D. Riihiluoma on November 5, 1987",P. Geiselman and D. Riihiluoma,"November 5, 1987",N,N
CARL-2104923-H-500+600,,,,"P. Geiselman and D. Riihiluoma on November 5, 1987",P. Geiselman and D. Riihiluoma,"November 5, 1987",N,N
CARL-2104924-159,,,North Cromwell Bog,"H. Mooers and L. Severson on June 15, 1981",H. Mooers and L. Severson,"June 15, 1981",N,N
CARL-2104924-160,,,North Cromwell Bog,"L. Severson and H. Mooers on June 15, 1981",L. Severson and H. Mooers,"June 15, 1981",Y,N
CARL-2104924-280,,,North Cromwell Bog,"D. Riihiluoma and H. Mooers on August 24, 1982",D. Riihiluoma and H. Mooers,"August 24, 1982",N,N
CARL-2104924-281,,,North Cromwell Bog,"D. Riihiluoma and H. Mooers on August 24, 1982",D. Riihiluoma and H. Mooers,"August 24, 1982",N,N
CARL-2104924-298,,,North Cromwell Bog,"S. Nelson and D. Riihiluoma on December 21, 1982",S. Nelson and D. Riihiluoma,"December 21, 1982",N,N
CARL-2104924-299,,,North Cromwell Bog,"S. Nelson and D. Riihiluoma on December 21, 1982",S. Nelson and D. Riihiluoma,"December 21, 1982",N,N
CARL-2104924-300,,,North Cromwell Bog,"S. Nelson and D. Riihiluoma on December 21, 1982",S. Nelson and D. Riihiluoma,"December 21, 1982",N,N
CARL-2104924-305,,,North Cromwell Bog,"S. Nelson and D. Riihiluoma on January 4, 1983",S. Nelson and D. Riihiluoma,"January 4, 1983",N,N
CARL-2104924-612,,,North Cromwell Bog,"M. Oberhelman and D. Riihiluoma on August 14, 1984",M. Oberhelman and D. Riihiluoma,"August 14, 1984",Y,Y
CARL-2104924-A0+-0,,,North Cromwell Bog,"D. Olson, S. Nelson, and D. Riihiluoma on April 19, 1984","D. Olson, S. Nelson, and D. Riihiluoma","April 19, 1984",N,N
CARL-2104924-A0+10,Elevation site only,,,T. Johnson in March 1984,T. Johnson,March 1984,N,N
CARL-2104924-A0-20,,,North Cromwell Bog,"D. Olson, S. Nelson, and D. Riihiluoma on April 19, 1984","D. Olson, S. Nelson, and D. Riihiluoma","April 19, 1984",N,N
CARL-2104924-A0-40,Elevation site only,,,T. Johnson in March 1984,T. Johnson,March 1984,N,N
CARL-2104924-A0-50,Elevation site only,,,T. Johnson in March 1984,T. Johnson,March 1984,N,N
CARL-2104924-A100+-0,,,North Cromwell Bog,"D. Riihiluoma and C. Buttleman on April 11, 1984",D. Riihiluoma and C. Buttleman,"April 11, 1984",Y,N
CARL-2104924-A100+10,Elevation site only,,,T. Johnson in March 1984,T. Johnson,March 1984,N,N
CARL-2104924-A100-20,,,North Cromwell Bog,"D. Riihiluoma and C. Buttleman on April 11, 1984",D. Riihiluoma and C. Buttleman,"April 11, 1984",N,N
CARL-2104924-A100-40,,,North Cromwell Bog,"D. Riihiluoma and C. Buttleman on April 11, 1984",D. Riihiluoma and C. Buttleman,"April 11, 1984",Y,N
CARL-2104924-A100-60,,,North Cromwell Bog,"D. Riihiluoma and C. Buttleman on April 11, 1984",D. Riihiluoma and C. Buttleman,"April 11, 1984",N,N
CARL-2104924-A100-70,,10-30cm peat too wet to collect in sampler,North Cromwell Bog,"D. Riihiluoma and C. Buttleman on April 11, 1984",D. Riihiluoma and C. Buttleman,"April 11, 1984",N,N
CARL-2104924-A300+-0,Elevation site only,,,T. Johnson in March 1984,T. Johnson,March 1984,N,N
CARL-2104924-A300+10,Elevation site only,,,T. Johnson in March 1984,T. Johnson,March 1984,N,N
CARL-2104924-A300-10,,,North Cromwell Bog,"S. Nelson and D. Olson on April 11, 1984",S. Nelson and D. Olson,"April 11, 1984",N,N
CARL-2104924-A300-20,Elevation site only,,,T. Johnson in March 1984,T. Johnson,March 1984,N,N
CARL-2104924-A300-30,,,North Cromwell Bog,"S. Nelson and D. Olson on April 11, 1984",S. Nelson and D. Olson,"April 11, 1984",Y,N
CARL-2104924-A300-40,Elevation site only,,,T. Johnson in March 1984,T. Johnson,March 1984,N,N
CARL-2104924-A300-50,,,North Cromwell Bog,"S. Nelson and D. Olson on April 11, 1984",S. Nelson and D. Olson,"April 11, 1984",N,N
CARL-2104924-A300-60,Elevation site only,,,T. Johnson in March 1984,T. Johnson,March 1984,N,N
CARL-2104924-A300-70,,,North Cromwell Bog,"D. Olson and S. Nelson on April 10, 1984",D. Olson and S. Nelson,"April 10, 1984",N,N
CARL-2104924-B-100+-0,"Hit stumps at 40, 70, and 90cm",,,"S. Nelson and M. Oberhelman on October 31, 1985",S. Nelson and M. Oberhelman,"October 31, 1985",N,N
CARL-2104924-B-100-100,Hit stumps at 50 and 100cm,,,"S. Nelson and M. Oberhelman on October 31, 1985",S. Nelson and M. Oberhelman,"October 31, 1985",N,N
CARL-2104924-B-200+-0,Hit log at 110cm,,,"S. Nelson and M. Oberhelman on October 31, 1985",S. Nelson and M. Oberhelman,"October 31, 1985",N,N
CARL-2104924-B-200-100,Hit stump at 120cm,,,"S. Nelson and M. Oberhelman on October 31, 1985",S. Nelson and M. Oberhelman,"October 31, 1985",N,N
CARL-2104924-B-300+-0,Hit stumps at 40 and 100cm,,,"S. Nelson and M. Oberhelman on October 31, 1985",S. Nelson and M. Oberhelman,"October 31, 1985",N,N
CARL-2104924-B-300-100,,,,"S. Nelson and M. Oberhelman on October 31, 1985",S. Nelson and M. Oberhelman,"October 31, 1985",N,N
CARL-2104924-B-400+-0,,,,"S. Nelson and M. Oberhelman on October 31, 1985",S. Nelson and M. Oberhelman,"October 31, 1985",N,N
CARL-2104924-B-400-100,Profile not described in detail,,,"S. Nelson and M. Oberhelman on October 31, 1985",S. Nelson and M. Oberhelman,"October 31, 1985",N,N
CARL-2104924-F+100+-0,Elevation site only,,,D. Olson and E. Berglund in December 1987,D. Olson and E. Berglund,December 1987,N,N
CARL-2104924-F+100-125,,,,P. Geiselman and D. Riihiluoma in September 1987,P. Geiselman and D. Riihiluoma,September 1987,N,N
CARL-2104924-F+100-150,,,,P. Geiselman and D. Riihiluoma in September 1987,P. Geiselman and D. Riihiluoma,September 1987,N,N
CARL-2104924-F+200+-0,Elevation site only,,,D. Olson and E. Berglund in December 1987,D. Olson and E. Berglund,December 1987,N,N
CARL-2104924-F+200-100,Non-horticultural quality; 200-360cm no samples taken,,,"S. Nelson and H. Jamsa on November 4, 1987",S. Nelson and H. Jamsa,"November 4, 1987",N,N
CARL-2104924-F+200-200,,,,P. Geiselman and D. Riihiluoma in September 1987,P. Geiselman and D. Riihiluoma,September 1987,N,N
CARL-2104924-F+200-240,,,,P. Geiselman and D. Riihiluoma in September 1987,P. Geiselman and D. Riihiluoma,September 1987,N,N
CARL-2104924-F+200-290,,,,P. Geiselman and D. Riihiluoma in September 1987,P. Geiselman and D. Riihiluoma,September 1987,N,N
CARL-2104924-F+300+-0,Elevation site only,,,D. Olson and E. Berglund in December 1987,D. Olson and E. Berglund,December 1987,N,N
CARL-2104924-F+300-100,,,,P. Geiselman and D. Riihiluoma in September 1987,P. Geiselman and D. Riihiluoma,September 1987,N,N
CARL-2104924-F+300-200,,,,P. Geiselman and D. Riihiluoma in September 1987,P. Geiselman and D. Riihiluoma,September 1987,N,N
CARL-2104924-F+300-250,,,,P. Geiselman and D. Riihiluoma in September 1987,P. Geiselman and D. Riihiluoma,September 1987,N,N
CARL-2104924-F+300-290,,,,P. Geiselman and D. Riihiluoma in September 1987,P. Geiselman and D. Riihiluoma,September 1987,N,N
CARL-2104924-F+400+-0,Elevation site only,,,D. Olson and E. Berglund in December 1987,D. Olson and E. Berglund,December 1987,N,N
CARL-2104924-F+400-100,,,,P. Geiselman and D. Riihiluoma in September 1987,P. Geiselman and D. Riihiluoma,September 1987,N,N
CARL-2104924-F+400-200,Non-horticultural quality; 200-360cm no samples taken,,,"S. Nelson and H. Jamsa on November 4, 1987",S. Nelson and H. Jamsa,"November 4, 1987",Y,N
CARL-2104924-F+400-300,,,,P. Geiselman and D. Riihiluoma in September 1987,P. Geiselman and D. Riihiluoma,September 1987,N,N
CARL-2104924-F+400-350,,,,P. Geiselman and D. Riihiluoma in September 1987,P. Geiselman and D. Riihiluoma,September 1987,N,N
CARL-2104924-F+500+-0,,,,P. Geiselman and D. Riihiluoma in September 1987,P. Geiselman and D. Riihiluoma,September 1987,N,N
CARL-2104924-F+500-100,,,,P. Geiselman and D. Riihiluoma in September 1987,P. Geiselman and D. Riihiluoma,September 1987,N,N
CARL-2104924-F+500-200,,,,P. Geiselman and D. Riihiluoma in September 1987,P. Geiselman and D. Riihiluoma,September 1987,N,N
CARL-2104924-F+500-300,,,,P. Geiselman and D. Riihiluoma in September 1987,P. Geiselman and D. Riihiluoma,September 1987,N,N
CARL-2104924-F+500-350,,,,P. Geiselman and D. Riihiluoma in September 1987,P. Geiselman and D. Riihiluoma,September 1987,N,N
CARL-2104924-F+600+-0,,,,P. Geiselman and D. Riihiluoma in September 1987,P. Geiselman and D. Riihiluoma,September 1987,N,N
CARL-2104924-F+600-100,,,,P. Geiselman and D. Riihiluoma in September 1987,P. Geiselman and D. Riihiluoma,September 1987,N,N
CARL-2104924-F+600-200,,,,P. Geiselman and D. Riihiluoma in September 1987,P. Geiselman and D. Riihiluoma,September 1987,N,N
CARL-2104924-F+600-250,,,,P. Geiselman and D. Riihiluoma in September 1987,P. Geiselman and D. Riihiluoma,September 1987,N,N
CARL-2104924-F0+-0,Elevation site only,,,D. Olson and E. Berglund in December 1987,D. Olson and E. Berglund,December 1987,N,N
CARL-2104924-F0-100,,,,P. Geiselman and D. Riihiluoma in September 1987,P. Geiselman and D. Riihiluoma,September 1987,N,N
CARL-2104924-F0-200,,,,P. Geiselman and D. Riihiluoma in September 1987,P. Geiselman and D. Riihiluoma,September 1987,N,N
CARL-2104924-F0-300,,,,P. Geiselman and D. Riihiluoma in September 1987,P. Geiselman and D. Riihiluoma,September 1987,N,N
CARL-2104924-G0+-0,,,,P. Geiselman and D. Riihiluoma in September 1987,P. Geiselman and D. Riihiluoma,September 1987,N,N
CARL-2104924-G0-100,Elevation site only,,,D. Olson and E. Berglund in December 1987,D. Olson and E. Berglund,December 1987,N,N
CARL-2104924-G0-200,Elevation site only,,,D. Olson and E. Berglund in December 1987,D. Olson and E. Berglund,December 1987,N,N
CARL-2104924-G0-300,,,,P. Geiselman and D. Riihiluoma in September 1987,P. Geiselman and D. Riihiluoma,September 1987,N,N
CARL-2104924-G0-400,Elevation site only,,,D. Olson and E. Berglund in December 1987,D. Olson and E. Berglund,December 1987,N,N
CARL-2104924-G0-500,,,,P. Geiselman and D. Riihiluoma in September 1987,P. Geiselman and D. Riihiluoma,September 1987,N,N
CARL-2104924-G0-600,,,,P. Geiselman and D. Riihiluoma in September 1987,P. Geiselman and D. Riihiluoma,September 1987,N,N
CARL-2104924-G-100+-0,,,,P. Geiselman and D. Riihiluoma in September 1987,P. Geiselman and D. Riihiluoma,September 1987,N,N
CARL-2104924-G-100-100,,,,P. Geiselman and D. Riihiluoma in September 1987,P. Geiselman and D. Riihiluoma,September 1987,N,N
CARL-2104924-G-100-200,,,,P. Geiselman and D. Riihiluom in September 1987,P. Geiselman and D. Riihiluom,September 1987,N,N
CARL-2104924-G-100-300,,,,P. Geiselman and D. Riihiluoma in September 1987,P. Geiselman and D. Riihiluoma,September 1987,N,N
CARL-2104924-G-100-400,,,,P. Geiselman and D. Riihiluoma in September 1987,P. Geiselman and D. Riihiluoma,September 1987,N,N
CARL-2104924-G-100-500,,,,P. Geiselman and D. Riihiluoma in September 1987,P. Geiselman and D. Riihiluoma,September 1987,N,N
CARL-2104924-G-100-600,Site on mineral island,,,P. Geiselman and D. Riihiluoma in September 1987,P. Geiselman and D. Riihiluoma,September 1987,N,N
CARL-2104924-G-200+-0,,,,P. Geiselman and D. Riihiluoma in September 1987,P. Geiselman and D. Riihiluoma,September 1987,N,N
CARL-2104924-G-200-100,,,,P. Geiselman and D. Riihiluoma in September 1987,P. Geiselman and D. Riihiluoma,September 1987,N,N
CARL-2104924-G-200-200,Non-horticultural quality; 195-315cm no samples taken,,,"S. Nelson and H. Jamsa on November 4, 1987",S. Nelson and H. Jamsa,"November 4, 1987",N,N
CARL-2104924-G-200-300,,,,P. Geiselman and D. Riihiluoma in September 1987,P. Geiselman and D. Riihiluoma,September 1987,N,N
CARL-2104924-G-200-400,,,,P. Geiselman and D. Riihiluoma in September 1987,P. Geiselman and D. Riihiluoma,September 1987,N,N
CARL-2104924-G-200-500,Site on edge of mineral island,,,P. Geiselman and D. Riihiluoma in September 1987,P. Geiselman and D. Riihiluoma,September 1987,N,N
CARL-2104924-G-200-600,,,,P. Geiselman and D. Riihiluoma in September 1987,P. Geiselman and D. Riihiluoma,September 1987,N,N
CARL-2104924-G-200-700,"Non-horticultural quality; approximately 50m to upland both to the south and to the east; surveyed by compass, line not cut.",,,"S. Nelson and H. Jamsa on November 4, 1987",S. Nelson and H. Jamsa,"November 4, 1987",N,N
CARL-2104924-G-300+-0,,,,P. Geiselman and D. Riihiluoma in September 1987,P. Geiselman and D. Riihiluoma,September 1987,N,N
CARL-2104924-G-300-100,,,,"P. Geiselman and D. Riihiluoma on September 22, 1987",P. Geiselman and D. Riihiluoma,"September 22, 1987",N,N
CARL-2104924-G-300-200,,,,P. Geiselman and D. Riihiluoma in September 1987,P. Geiselman and D. Riihiluoma,September 1987,N,N
CARL-2104924-G-300-300,,,,P. Geiselman and D. Riihiluoma in September 1987,P. Geiselman and D. Riihiluoma,September 1987,N,N
CARL-2104924-G-300-400,"Non-horticultural quality, excellent energy peat; 200-270cm no samples taken",,,"S. Nelson and H. Jamsa on November 4, 1987",S. Nelson and H. Jamsa,"November 4, 1987",N,N
CARL-2104924-G-300-500,,,,P. Geiselman and D. Riihiluoma in September 1987,P. Geiselman and D. Riihiluoma,September 1987,N,N
CARL-2104924-G-300-600,,,,P. Geiselman and D. Riihiluoma in September 1987,P. Geiselman and D. Riihiluoma,September 1987,N,N
CARL-2104924-G-300-700,"Surveyed by compass, line not cut; 0-200cm no samples taken",,,"S. Nelson and H. Jamsa on November 4, 1987",S. Nelson and H. Jamsa,"November 4, 1987",N,N
CARL-2104924-G-400-200,,,,P. Geiselman and D. Riihiluoma in September 1987,P. Geiselman and D. Riihiluoma,September 1987,N,N
CARL-2104924-G-400-300,,,,P. Geiselman and D. Riihiluoma in September 1987,P. Geiselman and D. Riihiluoma,September 1987,N,N
CARL-2104924-G-400-400,,,,P. Geiselman and D. Riihiluoma in September 1987,P. Geiselman and D. Riihiluoma,September 1987,N,N
CARL-2104924-G-400-500,,,,P. Geiselman and D. Riihiluoma in September 1987,P. Geiselman and D. Riihiluoma,September 1987,N,N
CARL-2104924-G-400-600,Non-horticultural quality; 200-255cm no samples taken,,,"S. Nelson and H. Jamsa on November 4, 1987",S. Nelson and H. Jamsa,"November 4, 1987",N,N
CARL-2104924-G-400-700,"Non-horticultural quality; upland is approximately 50m to the west and approximately 100m to the south of this site; surveyed by compass, line not cut",,,"S. Nelson and H. Jamsa on November 4, 1987",S. Nelson and H. Jamsa,"November 4, 1987",N,N
CARL-2104924-G-450-200,,,,P. Geiselman and D. Riihiluoma in September 1987,P. Geiselman and D. Riihiluoma,September 1987,N,N
CARL-2104924-G-450-300,,,,P. Geiselman and D. Riihiluoma in September 1987,P. Geiselman and D. Riihiluoma,September 1987,N,N
CARL-2104924-G-450-400,,,,P. Geiselman and D. Riihiluoma in September 1987,P. Geiselman and D. Riihiluoma,September 1987,N,N
CARL-2104924-G-450-500,,,,P. Geiselman and D. Riihiluoma in September 1987,P. Geiselman and D. Riihiluoma,September 1987,N,N
CARL-2104924-G-450-600,Approximately 100 meters to upland from this site,,,P. Geiselman and D. Riihiluoma in September 1987,P. Geiselman and D. Riihiluoma,September 1987,N,N
CARL-2104924-G-75-600,,,,P. Geiselman and D. Riihiluoma in September 1987,P. Geiselman and D. Riihiluoma,September 1987,N,N
CARL-2104924-H0+-0,,,,"P. Geiselman and D. Riihiluoma on November 5, 1987",P. Geiselman and D. Riihiluoma,"November 5, 1987",N,N
CARL-2104924-H0+100,,,,"P. Geiselman and D. Riihiluoma on November 5, 1987",P. Geiselman and D. Riihiluoma,"November 5, 1987",N,N
CARL-2104924-H-100+-0,,,,"P. Geiselman and D. Riihiluoma on November 5, 1987",P. Geiselman and D. Riihiluoma,"November 5, 1987",N,N
CARL-2104925-648,,,,"M. Oberhelman and D. Riihiluoma on October 1, 1984",M. Oberhelman and D. Riihiluoma,"October 1, 1984",N,N
CARL-2104925-649,,,,"M. Oberhelman and D. Riihiluoma on October 1, 1984",M. Oberhelman and D. Riihiluoma,"October 1, 1984",N,N
CARL-2104925-650,,,,"M. Oberhelman and D. Riihiluoma on October 1, 1984",M. Oberhelman and D. Riihiluoma,"October 1, 1984",N,N
CARL-2104928-168,,,,"H. Mooers and L. Severson on June 15, 1981",H. Mooers and L. Severson,"June 15, 1981",N,N
CARL-2104928-169,,,,"L. Severson and H. Mooers on June 15, 1981",L. Severson and H. Mooers,"June 15, 1981",N,N
CARL-2104929-167,,,,"L. Severson and H. Mooers on June 15, 1981",L. Severson and H. Mooers,"June 15, 1981",N,N
CARL-2104930-166,,,,"L. Severson and H. Mooers on June 15, 1981",L. Severson and H. Mooers,"June 15, 1981",N,N
CARL-2104931-115,,,,"H. Mooers and D. Riihiluoma on May 7, 1981",H. Mooers and D. Riihiluoma,"May 7, 1981",Y,N
CARL-2104932-588,,,,"M. Oberhelman and S. Nelson on July 31, 1984",M. Oberhelman and S. Nelson,"July 31, 1984",N,N
CARL-2104932-589,,,,"S. Nelson and M. Oberhelman on July 31, 1984",S. Nelson and M. Oberhelman,"July 31, 1984",N,N
CARL-2104932-590,,,,"M. Oberhelman and S. Nelson on July 31, 1984",M. Oberhelman and S. Nelson,"July 31, 1984",N,N
CARL-2104933-591,,,,"M. Oberhelman and S. Nelson on July 31, 1984",M. Oberhelman and S. Nelson,"July 31, 1984",N,N
CARL-2104933-592,,,,"S. Nelson and M. Oberhelman on July 31, 1984",S. Nelson and M. Oberhelman,"July 31, 1984",N,N
CARL-2104933-593,,,,"S. Nelson and M. Oberhelman on July 31, 1984",S. Nelson and M. Oberhelman,"July 31, 1984",N,N
CARL-2104933-594,,,,"M. Oberhelman and S. Nelson on June 31, 1984",M. Oberhelman and S. Nelson,"June 31, 1984",N,N
CARL-2104934-595,,0-30cm peat moisture higher than normal,,"M. Oberhelman and S. Nelson on July 31, 1984",M. Oberhelman and S. Nelson,"July 31, 1984",N,N
CARL-2104934-596,,,,"M. Oberhelman and S. Nelson on July 31, 1984",M. Oberhelman and S. Nelson,"July 31, 1984",N,N
CARL-2104934-597,,0-30cm peat moisture higher than normal,,"M. Oberhelman and S. Nelson on July 31, 1984",M. Oberhelman and S. Nelson,"July 31, 1984",N,N
CASS-2514309-404,,,,"H. Mooers and D. Riihiluoma on June 7,1982",H. Mooers and D. Riihiluoma,"June 7,1982",N,N
CASS-2514321-403,,,,"H. Mooers and D. Riihiluoma on June 7, 1982",H. Mooers and D. Riihiluoma,"June 7, 1982",N,N
CASS-2614305-173,,,,"H. Mooers on September 25, 1981",H. Mooers,"September 25, 1981",N,N
CASS-2614404-402,,,,"D. Riihiluoma and S. Nelson on June 2, 1982",D. Riihiluoma and S. Nelson,"June 2, 1982",N,N
CASS-2614408-408,,,,"D. Riihiluoma and H. Mooers on June 7, 1982",D. Riihiluoma and H. Mooers,"June 7, 1982",N,N
CASS-2614408-409,,,,"D. Riihiluoma and H. Mooers on June 7, 1982",D. Riihiluoma and H. Mooers,"June 7, 1982",N,N
CASS-2614417-407,,,,"D. Riihiluoma and H. Mooers on June 7, 1982",D. Riihiluoma and H. Mooers,"June 7, 1982",N,N
CASS-2614428-406,,,,"D. Riihiluoma and H. Mooers on June 7, 1982",D. Riihiluoma and H. Mooers,"June 7, 1982",N,N
CASS-2614429-331,,,,"H. Mooers on June 2, 1982",H. Mooers,"June 2, 1982",N,N
CASS-2614429-332,,,,"H. Mooers on June 2, 1982",H. Mooers,"June 2, 1982",N,N
CASS-2614430-329,,,,"H. Mooers on June 2, 1982",H. Mooers,"June 2, 1982",N,N
CASS-2614430-330,,,,"H. Mooers on June 2, 1982",H. Mooers,"June 2, 1982",N,N
CASS-2614430-333,,,,"H. Mooers on June 2, 1982",H. Mooers,"June 2, 1982",N,N
CASS-2614432-405,,,,"H. Mooers and D. Riihiluoma on June 7, 1982",H. Mooers and D. Riihiluoma,"June 7, 1982",N,N
CASS-2714203-171,,,,"H. Mooers on September 25, 1981",H. Mooers,"September 25, 1981",N,N
CASS-2714314-172,0-180cm and 240-360cm forest peat,,,"H. Mooers on September 25, 1981",H. Mooers,"September 25, 1981",N,N
CASS-2714402-339,,,,"H. Mooers on June 1, 1982",H. Mooers,"June 1, 1982",N,N
CASS-2714411-338,,,,"H. Mooers on June 2, 1982",H. Mooers,"June 2, 1982",N,N
CASS-2714412-336,,,,"H. Mooers on June 2, 1982",H. Mooers,"June 2, 1982",N,N
CASS-2714412-337,,,,"H. Mooers on June 2, 1982",H. Mooers,"June 2, 1982",N,N
CASS-2714413-334,,,,"H. Mooers on June 2, 1982",H. Mooers,"June 2, 1982",N,N
CASS-2714413-335,,,,"H. Mooers on June 2, 1982",H. Mooers,"June 2, 1982",N,N
CASS-2714418-318,,,,"H. Mooers on June 1, 1982",H. Mooers,"June 1, 1982",N,N
CASS-2714422-326,,,,"H. Mooers on June 2, 1982",H. Mooers,"June 2, 1982",N,N
CASS-2714425-328,,,,"H. Mooers on June 2, 1982",H. Mooers,"June 2, 1982",N,N
CASS-2714432-174,,,,"H. Mooers on September 25, 1981",H. Mooers,"September 25, 1981",N,N
CASS-2714433-327,,0-60cm peat moisture wetter than normal,,"H. Mooers on June 2, 1982",H. Mooers,"June 2, 1982",N,N
CASS-2714504-412,,,,"D. Riihiluoma and H. Mooers on June 7, 1982",D. Riihiluoma and H. Mooers,"June 7, 1982",N,N
CASS-2714514-343,,,,"H. Mooers on June 2, 1982",H. Mooers,"June 2, 1982",N,N
CASS-2714515-345,,,,"H. Mooers on June 2, 1982",H. Mooers,"June 2, 1982",N,N
CASS-2714515-346,,,,"H. Mooers on June 2, 1982",H. Mooers,"June 2, 1982",N,N
CASS-2714521-342,,,,"H. Mooers on June 1, 1982",H. Mooers,"June 1, 1982",N,N
CASS-2714525-344,,,,"H. Mooers on June 2, 1982",H. Mooers,"June 2, 1982",N,N
CASS-2714527-340,,,,"H. Mooers on June 1, 1982",H. Mooers,"June 1, 1982",N,N
CASS-2714528-341,,,,"H. Mooers on June 1, 1982",H. Mooers,"June 1, 1982",N,N
CASS-2714632-411,,,,"D. Riihiluoma and H. Mooers on June 7, 1982",D. Riihiluoma and H. Mooers,"June 7, 1982",N,N
CASS-2714633-410,,,,"D. Riihiluoma and H. Mooers on June 7, 1982",D. Riihiluoma and H. Mooers,"June 7, 1982",N,N
CASS-2814304-167,,,,"H. Mooers on September 25, 1981",H. Mooers,"September 25, 1981",N,N
CASS-2814305-166,,,,"H. Mooers on September 25, 1981",H. Mooers,"September 25, 1981",N,N
CASS-2814306-162,,,,"H. Mooers on September 25, 1981",H. Mooers,"September 25, 1981",N,N
CASS-2814306-163,,,,"H. Mooers on September 25, 1981",H. Mooers,"September 25, 1981",N,N
CASS-2814307-159,,,,"H. Mooers on September 25, 1981",H. Mooers,"September 25, 1981",N,N
CASS-2814307-160,,,,"H. Mooers on September 25, 1981",H. Mooers,"September 25, 1981",N,N
CASS-2814308-161,,,,"H. Mooers on September 25, 1981",H. Mooers,"September 25, 1981",N,N
CASS-2814308-164,,,,"H. Mooers on September 25, 1981",H. Mooers,"September 25, 1981",N,N
CASS-2814309-165,,,,"H. Mooers on September 25, 1981",H. Mooers,"September 25, 1981",N,N
CASS-2814314-395,,,,"D. Riihiluoma and S. Nelson on June 3, 1982",D. Riihiluoma and S. Nelson,"June 3, 1982",N,N
CASS-2814316-397,,,,"S. Nelson and D. Riihiluoma on June 3, 1982",S. Nelson and D. Riihiluoma,"June 3, 1982",N,N
CASS-2814322-168,,,,"H. Mooers on September 25, 1981",H. Mooers,"September 25, 1981",N,N
CASS-2814324-170,,,,"H. Mooers on September 25, 1981",H. Mooers,"September 25, 1981",N,N
CASS-2814326-169,,,,"H. Mooers on September 25, 1981",H. Mooers,"September 25, 1981",N,N
CASS-2814404-310,,,,"H. Mooers on June 1, 1982",H. Mooers,"June 1, 1982",N,N
CASS-2814404-312,,,,"H. Mooers on June 1, 1982",H. Mooers,"June 1, 1982",N,N
CASS-2814407-320,,,,"H. Mooers on June 1, 1982",H. Mooers,"June 1, 1982",N,N
CASS-2814408-400,,,,"S. Nelson and S. Dullard on June 2, 1982",S. Nelson and S. Dullard,"June 2, 1982",N,N
CASS-2814408-401,,,,"S. Nelson and S. Dullard on June 2, 1982",S. Nelson and S. Dullard,"June 2, 1982",N,N
CASS-2814409-307,,,,"H. Mooers on June 1, 1982",H. Mooers,"June 1, 1982",N,N
CASS-2814409-309,,,,"H. Mooers on June 1, 1982",H. Mooers,"June 1, 1982",N,N
CASS-2814409-398,,,,"S. Nelson and S. Dullard on June 2, 1982",S. Nelson and S. Dullard,"June 2, 1982",N,N
CASS-2814409-399,,,,"S. Nelson and S. Dullard on June 2, 1982",S. Nelson and S. Dullard,"June 2, 1982",N,N
CASS-2814410-308,,,,"H. Mooers on June 1, 1982",H. Mooers,"June 1, 1982",N,N
CASS-2814412-313,,,,"H. Mooers on June 1, 1982",H. Mooers,"June 1, 1982",N,N
CASS-2814412-314,,,,"H. Mooers on June 1, 1982",H. Mooers,"June 1, 1982",N,N
CASS-2814413-315,,,,"H. Mooers on June 1, 1982",H. Mooers,"June 1, 1982",N,N
CASS-2814413-316,,,,"H. Mooers on June 1, 1982",H. Mooers,"June 1, 1982",N,N
CASS-2814413-317,,,,"H. Mooers on June 1, 1982",H. Mooers,"June 1, 1982",N,N
CASS-2814424-319,,,,"H. Mooers on June 1, 1982",H. Mooers,"June 1, 1982",N,N
CASS-2814432-396,,,,"D. Riihiluoma and S. Nelson on June 3, 1982",D. Riihiluoma and S. Nelson,"June 3, 1982",N,N
CASS-2814525-347,,,,"H. Mooers on June 2, 1982",H. Mooers,"June 2, 1982",N,N
CASS-2814530-306,,,,"H. Mooers on June 1, 1982",H. Mooers,"June 1, 1982",N,N
CASS-2814531-324,,,,"H. Mooers on June 2, 1982",H. Mooers,"June 2, 1982",N,N
CASS-2814532-325,,,,"H. Mooers on June 2, 1982",H. Mooers,"June 2, 1982",N,N
CASS-2814533-311,,,,"H. Mooers on June 1, 1982",H. Mooers,"June 1, 1982",N,N
CASS-2914032-466,,,,"S. Nelson and D. Riihiluoma on June 13, 1984",S. Nelson and D. Riihiluoma,"June 13, 1984",N,N
CASS-2914032-467,,,,"S. Nelson and D. Riihiluoma on June 13, 1984",S. Nelson and D. Riihiluoma,"June 13, 1984",N,N
CASS-2914032-468,Site 100 feet from edge of bog,,,"S. Nelson and D. Riihiluoma on June 13, 1984",S. Nelson and D. Riihiluoma,"June 13, 1984",N,N
CASS-2914407-322,,,,"H. Mooers on June 1, 1982",H. Mooers,"June 1, 1982",N,N
CASS-2914411-323,,,,"H. Mooers on June 2, 1982",H. Mooers,"June 2, 1982",N,N
CASS-2914413-321,,,,"H. Mooers on June 1, 1982",H. Mooers,"June 1, 1982",N,N
CASS-2914531-305,,,,"H. Mooers on June 1, 1982",H. Mooers,"June 1, 1982",N,N
CASS-2914630-348,,,,"H. Mooers on June 3, 1982",H. Mooers,"June 3, 1982",N,N
CASS-3014305-297,,,,"H. Mooers on June 1, 1982",H. Mooers,"June 1, 1982",N,N
CASS-3014402-304,,,,"H. Mooers on June 1, 1982",H. Mooers,"June 1, 1982",N,N
CASS-3014412-303,,,,"H. Mooers on June 1, 1982",H. Mooers,"June 1, 1982",N,N
CASS-3014413-301,,,,"H. Mooers on June 1, 1982",H. Mooers,"June 1, 1982",N,N
CASS-3014414-302,,,,"H. Mooers on June 1, 1982",H. Mooers,"June 1, 1982",N,N
CASS-3014423-299,,,,"H. Mooers on June 1, 1982",H. Mooers,"June 1, 1982",N,N
CASS-3014423-300,,,,"H. Mooers on June 1, 1982",H. Mooers,"June 1, 1982",N,N
CASS-3014434-298,,,,"H. Mooers on June 1, 1982",H. Mooers,"June 1, 1982",N,N
CHIS-2103503-1,,0-35cm peat extremely dry and friable; 35-157+cm peat dryer than normal,,"S. Nelson and M. Oberhelman on August 8, 1984",S. Nelson and M. Oberhelman,"August 8, 1984",N,N
CHIS-2103504-11,Depth of limnic not checked,,,"M. Oberhelman and S. Nelson on August 8, 1984",M. Oberhelman and S. Nelson,"August 8, 1984",N,N
CHIS-2103504-12,,,,"M. Oberhelman and S. Nelson on August 9, 1984",M. Oberhelman and S. Nelson,"August 9, 1984",N,N
CHIS-2103504-13,,0-90cm peat dryer than normal,,"M. Oberhelman and S. Nelson on August 9, 1984",M. Oberhelman and S. Nelson,"August 9, 1984",N,N
CHIS-2103510-10,,,,"M. Oberhelman and S. Nelson on August 9, 1984",M. Oberhelman and S. Nelson,"August 9, 1984",N,N
CHIS-2103510-2,,0-45cm peat extremely dry and friable; 45-125+cm peat dryer than normal,,"S. Nelson and M. Oberhelman on August 8, 1984",S. Nelson and M. Oberhelman,"August 8, 1984",N,N
CHIS-2103510-3,,,,"M. Oberhelman and S. Nelson on August 8, 1984",M. Oberhelman and S. Nelson,"August 8, 1984",N,N
CHIS-2103510-4,,0-45cm peat extremely dry and friable; 45-155cm peat dryer than normal,,"S. Nelson and M. Oberhelman on August 8, 1984",S. Nelson and M. Oberhelman,"August 8, 1984",Y,Y
CHIS-2103510-5,,,,"S. Nelson and M. Oberhelman on August 8, 1984",S. Nelson and M. Oberhelman,"August 8, 1984",N,N
CHIS-2103510-6,,,,"M. Oberhelman and S. Nelson on August 9, 1984",M. Oberhelman and S. Nelson,"August 9, 1984",N,N
CHIS-2103510-7,,0-20cm peat extremely dry and friable; 20-200cm peat dryer than normal,,"S. Nelson and M. Oberhelman on August 9, 1984",S. Nelson and M. Oberhelman,"August 9, 1984",N,N
CHIS-2103510-8,,,,"M. Oberhelman and S. Nelson on August 9, 1984",M. Oberhelman and S. Nelson,"August 9, 1984",N,N
CHIS-2103510-9,,,,"S. Nelson and M. Oberhelman on August 9, 1984",S. Nelson and M. Oberhelman,"August 9, 1984",N,N
CHIS-2103512-31,Peat depth observed from ditch cut,,,"D. Olson and D. Riihiluoma on August 9, 1984",D. Olson and D. Riihiluoma,"August 9, 1984",N,N
CHIS-2103512-32,,,,"D. Olson and D. Riihiluoma on August 9, 1984",D. Olson and D. Riihiluoma,"August 9, 1984",N,N
CHIS-2103512-33,Peat depth observed from ditch cut,,,"D. Olson and D. Riihiluoma on August 9, 1984",D. Olson and D. Riihiluoma,"August 9, 1984",N,N
CHIS-2103512-34,,,,"D. Olson and D. Riihiluoma on August 9, 1984",D. Olson and D. Riihiluoma,"August 9, 1984",N,N
CHIS-2103512-35,Peat depth observed from ditch cut,,,"D. Olson and D. Riihiluoma on August 9, 1984",D. Olson and D. Riihiluoma,"August 9, 1984",N,N
CHIS-2103515-17,,,,"D. Olson and D. Riihiluoma on August 8, 1984",D. Olson and D. Riihiluoma,"August 8, 1984",Y,Y
CHIS-2103515-18,,,,"D. Olson and D. Riihiluoma on August 8, 1984",D. Olson and D. Riihiluoma,"August 8, 1984",N,N
CHIS-2103515-19,,,,"D. Riihiluoma and D. Olson on August 8, 1984",D. Riihiluoma and D. Olson,"August 8, 1984",N,N
CHIS-2103515-20,,,,"D. Riihiluoma and D. Olson on August 8, 1984",D. Riihiluoma and D. Olson,"August 8, 1984",Y,Y
CHIS-2103515-21,,Peat is extremely dry,,"D. Olson and D. Riihiluoma on August 9, 1984",D. Olson and D. Riihiluoma,"August 9, 1984",N,N
CHIS-2103515-22,,,,"D. Riihiluoma and D. Olson on August 8, 1984",D. Riihiluoma and D. Olson,"August 8, 1984",N,N
CHIS-2103515-23,,,,"D. Riihiluoma and D. Olson on August 8, 1984",D. Riihiluoma and D. Olson,"August 8, 1984",N,N
CHIS-2103623-25,,,,"D. Olson and D. Riihiluoma on August 8, 1984",D. Olson and D. Riihiluoma,"August 8, 1984",N,N
CHIS-2103623-27,,,,"D. Olson and D. Riihiluoma on August 9, 1984",D. Olson and D. Riihiluoma,"August 9, 1984",N,N
CHIS-2103623-28,,,,"D. Olson and D. Riihiluoma on August 9, 1984",D. Olson and D. Riihiluoma,"August 9, 1984",N,N
CHIS-2103623-29,,,,"D. Olson and D. Riihiluoma on August 9, 1984",D. Olson and D. Riihiluoma,"August 9, 1984",N,N
CHIS-2103626-24,,,,"D. Olson and D. Riihiluoma on August 8, 1984",D. Olson and D. Riihiluoma,"August 8, 1984",N,N
CHIS-2103626-26,,,,"D. Olson and D. Riihiluoma on August 9, 1984",D. Olson and D. Riihiluoma,"August 9, 1984",N,N
CHIS-2103627-14,,Peat dryer than normal throughout profile,,"M. Oberhelman and S. Nelson on August 9, 1984",M. Oberhelman and S. Nelson,"August 9, 1984",N,N
CHIS-2103627-15,,0-30cm peat extremely dry and friable; 30-90cm peat dryer than normal,,"M. Oberhelman and S. Nelson on August 9, 1984",M. Oberhelman and S. Nelson,"August 9, 1984",N,N
CHIS-2103627-16,,,,"M. Oberhelman and S. Nelson on August 9, 1984",M. Oberhelman and S. Nelson,"August 9, 1984",N,N
CHIS-2103627-30,,,,"D. Olson and D. Riihiluoma on August 9, 1984",D. Olson and D. Riihiluoma,"August 9, 1984",N,N
CLEA-3715030-10,,,,"H. Mooers and S. Nelson on November 17, 1981",H. Mooers and S. Nelson,"November 17, 1981",N,N
CLEA-3715030-7,,,,"H. Mooers and S. Nelson on November 17, 1981",H. Mooers and S. Nelson,"November 17, 1981",N,N
CLEA-3715030-8,,,,"H. Mooers and S. Nelson on November 17, 1981",H. Mooers and S. Nelson,"November 17, 1981",N,N
CLEA-3715030-9,,,,"H. Mooers and S. Nelson on November 17, 1981",H. Mooers and S. Nelson,"November 17, 1981",N,N
CLEA-3715031-16,,,,"S. Nelson and H. Mooers on November 17, 1981",S. Nelson and H. Mooers,"November 17, 1981",N,N
CLEA-3715031-17,,,,"H. Mooers and S. Nelson on November 17, 1981",H. Mooers and S. Nelson,"November 17, 1981",N,N
CLEA-3715031-18,,,,"H. Mooers and S. Nelson on November 17, 1981",H. Mooers and S. Nelson,"November 17, 1981",N,N
CLEA-3715032-1,,,,"H. Mooers and S. Nelson on November 17, 1981",H. Mooers and S. Nelson,"November 17, 1981",N,N
CLEA-3715032-2,,,,"H. Mooers and S. Nelson on November 17, 1981",H. Mooers and S. Nelson,"November 17, 1981",N,N
CLEA-3715032-3,,,,"H. Mooers and S. Nelson on November 17, 1981",H. Mooers and S. Nelson,"November 17, 1981",N,N
CLEA-3715032-4,,,,"H. Mooers and S. Nelson on November 17, 1981",H. Mooers and S. Nelson,"November 17, 1981",N,N
CLEA-3715032-5,,,,"H. Mooers and S. Nelson on November 17, 1981",H. Mooers and S. Nelson,"November 17, 1981",N,N
CLEA-3715032-6,,,,"H. Mooers and S. Nelson on November 17, 1981",H. Mooers and S. Nelson,"November 17, 1981",N,N
CLEA-3815025-11,,,,"H. Mooers and S. Nelson on November 17, 1981",H. Mooers and S. Nelson,"November 17, 1981",N,N
CLEA-3815025-12,,,,"H. Mooers and S. Nelson on November 17, 1981",H. Mooers and S. Nelson,"November 17, 1981",N,N
CLEA-3815025-13,,,,"H. Mooers and S. Nelson on November 17, 1981",H. Mooers and S. Nelson,"November 17, 1981",N,N
CLEA-3815025-14,,,,"H. Mooers and S. Nelson on November 17, 1981",H. Mooers and S. Nelson,"November 17, 1981",N,N
CLEA-3815025-15,,,,"H. Mooers and S. Nelson on November 17, 1981",H. Mooers and S. Nelson,"November 17, 1981",N,N
CROW-2513822-12,,Peat moisture generally wetter than normal throughout profile,,"S. Nelson and D. Riihiluoma on February 15, 1984",S. Nelson and D. Riihiluoma,"February 15, 1984",N,N
CROW-2513822-13,,"Peat moisture generally wetter than normal throughout profile, making samples difficult to retrieve",,"S. Nelson and D. Riihiluoma on February 15, 1984",S. Nelson and D. Riihiluoma,"February 15, 1984",N,N
CROW-2513822-14,,,,"S. Nelson and D. Riihiluoma on February 15, 1984",S. Nelson and D. Riihiluoma,"February 15, 1984",N,N
CROW-2513822-15,,,,"S. Nelson and D. Riihiluoma on February 15, 1984",S. Nelson and D. Riihiluoma,"February 15, 1984",N,N
CROW-2513822-16,,,,"S. Nelson and D. Riihiluoma on February 15, 1984",S. Nelson and D. Riihiluoma,"February 15, 1984",N,N
CROW-2513822-17,,,,"S. Nelson and D. Riihiluoma on February 15, 1984",S. Nelson and D. Riihiluoma,"February 15, 1984",N,N
CROW-2513822-18,,,,"S. Nelson and D. Riihiluoma on February 15, 1984",S. Nelson and D. Riihiluoma,"February 15, 1984",N,N
CROW-2513822-19,,,,"S. Nelson and D. Riihiluoma on February 15, 1984",S. Nelson and D. Riihiluoma,"February 15, 1984",N,N
CROW-2513826-1,,,,"D. Mellem on April 11, 1979",D. Mellem,"April 11, 1979",N,N
CROW-2904629-8,,,,"D. Riihiluoma and S. Nelson on April 7, 1983",D. Riihiluoma and S. Nelson,"April 7, 1983",N,N
CROW-2904630-10,,,,"S. Nelson and D. Riihiluoma on April 7, 1983",S. Nelson and D. Riihiluoma,"April 7, 1983",N,N
CROW-2904630-11,,,,"D. Riihiluoma and S. Nelson on April 7, 1983",D. Riihiluoma and S. Nelson,"April 7, 1983",N,N
CROW-2904630-2,,,,"D. Riihiluoma and S. Nelson on April 7, 1983",D. Riihiluoma and S. Nelson,"April 7, 1983",Y,N
CROW-2904630-3,,,,"S. Nelson on April 7, 1983",S. Nelson,"April 7, 1983",N,N
CROW-2904630-4,Only collected samples at depths listed; no limnic sediments,,,"D. Riihiluoma and S. Nelson on April 7, 1983",D. Riihiluoma and S. Nelson,"April 7, 1983",N,N
CROW-2904630-5,Only collected samples at depths listed,,,"D. Riihiluoma and S. Nelson on April 7, 1983",D. Riihiluoma and S. Nelson,"April 7, 1983",N,N
CROW-2904630-6,,,,"D. Riihiluoma and S. Nelson on April 7, 1983",D. Riihiluoma and S. Nelson,"April 7, 1983",N,N
CROW-2904630-7,,,,"D. Riihiluoma and S. Nelson on April 7, 1981",D. Riihiluoma and S. Nelson,"April 7, 1981",N,N
CROW-2904630-9,,,,"D. Riihiluoma and S. Nelson on April 7, 1983",D. Riihiluoma and S. Nelson,"April 7, 1983",N,N
HUBB-3213921-10,,,,"S. Nelson Russell, C. Buttleman, and J. Jordan on Sept. 21, 1994","S. Nelson Russell, C. Buttleman, and J. Jordan","Sept. 21, 1994",N,N
HUBB-3213921-11,,,,"S. Nelson Russell, C. Buttleman, and J. Jordan on Sept. 21, 1994","S. Nelson Russell, C. Buttleman, and J. Jordan","Sept. 21, 1994",N,N
HUBB-3213921-12,,,,"S. Nelson Russell, C. Buttleman, and J. Jordan on Sept. 21, 1994","S. Nelson Russell, C. Buttleman, and J. Jordan","Sept. 21, 1994",N,N
HUBB-3213921-13,,,,"S. Nelson Russell, C. Buttleman, and J. Jordan on Sept. 21, 1994","S. Nelson Russell, C. Buttleman, and J. Jordan","Sept. 21, 1994",N,N
HUBB-3213921-14,,,,"S. Nelson Russell, C. Buttleman, and J. Jordan on Sept. 21, 1994","S. Nelson Russell, C. Buttleman, and J. Jordan","Sept. 21, 1994",N,N
HUBB-3213921-15,,,,"S. Nelson Russell, C. Buttleman, and J. Jordan on Sept. 21, 1994","S. Nelson Russell, C. Buttleman, and J. Jordan","Sept. 21, 1994",N,N
HUBB-3213921-6,,,,"S. Nelson Russell, C. Buttleman, and J. Jordan on Sept. 21, 1994","S. Nelson Russell, C. Buttleman, and J. Jordan","Sept. 21, 1994",N,N
HUBB-3213921-7,,,,"S. Nelson Russell, C. Buttleman, and J. Jordan on Sept. 21, 1994","S. Nelson Russell, C. Buttleman, and J. Jordan","Sept. 21, 1994",N,N
HUBB-3213921-8,,,,"S. Nelson Russell, C. Buttleman, and J. Jordan on Sept. 21, 1994","S. Nelson Russell, C. Buttleman, and J. Jordan","Sept. 21, 1994",N,N
HUBB-3213921-9,,,,"S. Nelson Russell, C. Buttleman, and J. Jordan on Sept. 21, 1994","S. Nelson Russell, C. Buttleman, and J. Jordan","Sept. 21, 1994",N,N
HUBB-3213923-1,,,,"D. Olson and D. Haverkost on August 8, 1979",D. Olson and D. Haverkost,"August 8, 1979",N,N
HUBB-3213923-2,,,,"D. Olson and D. Haverkost on August 8, 1979",D. Olson and D. Haverkost,"August 8, 1979",N,N
HUBB-3213924-3,,,,"D. Olson and D. Haverkost on August 8, 1979",D. Olson and D. Haverkost,"August 8, 1979",N,N
HUBB-3213924-4,,,,"D. Olson and D. Haverkost on August 8, 1979",D. Olson and D. Haverkost,"August 8, 1979",N,N
HUBB-3213924-5,,,,"D. Olson and D. Haverkost on August 8, 1979",D. Olson and D. Haverkost,"August 8, 1979",N,N
ISAN-2503703-28,,,,"M. Oberhelman and P. Geiselman on May 21, 2001",M. Oberhelman and P. Geiselman,"May 21, 2001",N,N
ISAN-2503703-29,,,,"M. Oberhelman and P. Geiselman on May 21, 2001",M. Oberhelman and P. Geiselman,"May 21, 2001",N,N
ISAN-2503703-30,,,,"M. Oberhelman and P. Geiselman on May 21, 2001",M. Oberhelman and P. Geiselman,"May 21, 2001",N,N
ISAN-2503703-31,,,,"M. Oberhelman and P. Geiselman on May 21, 2001",M. Oberhelman and P. Geiselman,"May 21, 2001",N,N
ISAN-2503703-32,,,,"M. Oberhelman and P. Geiselman on May 21, 2001",M. Oberhelman and P. Geiselman,"May 21, 2001",N,N
ISAN-2503703-33,,,,"M. Oberhelman and P. Geiselman on May 21, 2001",M. Oberhelman and P. Geiselman,"May 21, 2001",N,N
ISAN-2503703-34,,,,"M. Oberhelman and P. Geiselman on May 21, 2001",M. Oberhelman and P. Geiselman,"May 21, 2001",N,N
ISAN-2503703-35,,,,"M. Oberhelman and P. Geiselman on May 21, 2001",M. Oberhelman and P. Geiselman,"May 21, 2001",N,N
ISAN-2503703-36,,,,"M. Oberhelman and P. Geiselman on May 21, 2001",M. Oberhelman and P. Geiselman,"May 21, 2001",N,N
ISAN-2503703-37,,,,"M. Oberhelman and P. Geiselman on May 21, 2001",M. Oberhelman and P. Geiselman,"May 21, 2001",N,N
ISAN-2503703-38,,,,"M. Oberhelman and P. Geiselman on May 21, 2001",M. Oberhelman and P. Geiselman,"May 21, 2001",N,N
ISAN-2503703-39,,,,"M. Oberhelman and P. Geiselman on May 21, 2001",M. Oberhelman and P. Geiselman,"May 21, 2001",N,N
ISAN-2503703-40,,,,"M. Oberhelman and P. Geiselman on May 21, 2001",M. Oberhelman and P. Geiselman,"May 21, 2001",N,N
ISAN-2503703-41,,,,"M. Oberhelman and P. Geiselman on May 21, 2001",M. Oberhelman and P. Geiselman,"May 21, 2001",N,N
ISAN-2503703-42,,,,"M. Oberhelman and P. Geiselman on May 21, 2001",M. Oberhelman and P. Geiselman,"May 21, 2001",N,N
ISAN-2503703-43,,,,"M. Oberhelman and P. Geiselman on May 21, 2001",M. Oberhelman and P. Geiselman,"May 21, 2001",N,N
ISAN-2503703-44,,,,"M. Oberhelman and P. Geiselman on May 21, 2001",M. Oberhelman and P. Geiselman,"May 21, 2001",N,N
ISAN-2503704-1,,,,"M. Oberhelman and P. Geiselman on May 21, 2001",M. Oberhelman and P. Geiselman,"May 21, 2001",N,N
ISAN-2503704-10,,,,"M. Oberhelman and P. Geiselman on May 21, 2001",M. Oberhelman and P. Geiselman,"May 21, 2001",N,N
ISAN-2503704-11,,,,"M. Oberhelman and P. Geiselman on May 21, 2001",M. Oberhelman and P. Geiselman,"May 21, 2001",N,N
ISAN-2503704-12,,,,"M. Oberhelman and P. Geiselman on May 21, 2001",M. Oberhelman and P. Geiselman,"May 21, 2001",N,N
ISAN-2503704-13,,,,"M. Oberhelman and P. Geiselman on May 21, 2001",M. Oberhelman and P. Geiselman,"May 21, 2001",N,N
ISAN-2503704-14,,,,"M. Oberhelman and P. Geiselman on May 21, 2001",M. Oberhelman and P. Geiselman,"May 21, 2001",N,N
ISAN-2503704-15,,,,"M. Oberhelman and P. Geiselman on May 21, 2001",M. Oberhelman and P. Geiselman,"May 21, 2001",N,N
ISAN-2503704-16,,,,"M. Oberhelman and P. Geiselman on May 21, 2001",M. Oberhelman and P. Geiselman,"May 21, 2001",N,N
ISAN-2503704-17,,,,"M. Oberhelman and P. Geiselman on May 21, 2001",M. Oberhelman and P. Geiselman,"May 21, 2001",N,N
ISAN-2503704-18,,,,"M. Oberhelman and P. Geiselman on May 21, 2001",M. Oberhelman and P. Geiselman,"May 21, 2001",N,N
ISAN-2503704-19,,,,"M. Oberhelman and P. Geiselman on May 21, 2001",M. Oberhelman and P. Geiselman,"May 21, 2001",N,N
ISAN-2503704-2,,,,"M. Oberhelman and P. Geiselman on May 21, 2001",M. Oberhelman and P. Geiselman,"May 21, 2001",N,N
ISAN-2503704-20,,,,"M. Oberhelman and P. Geiselman on May 21, 2001",M. Oberhelman and P. Geiselman,"May 21, 2001",N,N
ISAN-2503704-21,,,,"M. Oberhelman and P. Geiselman on May 21, 2001",M. Oberhelman and P. Geiselman,"May 21, 2001",N,N
ISAN-2503704-22,,,,"M. Oberhelman and P. Geiselman on May 21, 2001",M. Oberhelman and P. Geiselman,"May 21, 2001",N,N
ISAN-2503704-23,,,,"M. Oberhelman and P. Geiselman on May 21, 2001",M. Oberhelman and P. Geiselman,"May 21, 2001",N,N
ISAN-2503704-24,,,,"M. Oberhelman and P. Geiselman on May 21, 2001",M. Oberhelman and P. Geiselman,"May 21, 2001",N,N
ISAN-2503704-25,,,,"M. Oberhelman and P. Geiselman on May 21, 2001",M. Oberhelman and P. Geiselman,"May 21, 2001",N,N
ISAN-2503704-26,,,,"M. Oberhelman and P. Geiselman on May 21, 2001",M. Oberhelman and P. Geiselman,"May 21, 2001",N,N
ISAN-2503704-27,,,,"M. Oberhelman and P. Geiselman on May 21, 2001",M. Oberhelman and P. Geiselman,"May 21, 2001",N,N
ISAN-2503704-3,,,,"M. Oberhelman and P. Geiselman on May 21, 2001",M. Oberhelman and P. Geiselman,"May 21, 2001",N,N
ISAN-2503704-4,,,,"M. Oberhelman and P. Geiselman on May 21, 2001",M. Oberhelman and P. Geiselman,"May 21, 2001",N,N
ISAN-2503704-5,,,,"M. Oberhelman and P. Geiselman on May 21, 2001",M. Oberhelman and P. Geiselman,"May 21, 2001",N,N
ISAN-2503704-6,,,,"M. Oberhelman and P. Geiselman on May 21, 2001",M. Oberhelman and P. Geiselman,"May 21, 2001",N,N
ISAN-2503704-7,,,,"M. Oberhelman and P. Geiselman on May 21, 2001",M. Oberhelman and P. Geiselman,"May 21, 2001",N,N
ISAN-2503704-8,,,,"M. Oberhelman and P. Geiselman on May 21, 2001",M. Oberhelman and P. Geiselman,"May 21, 2001",N,N
ISAN-2503704-9,,,,"M. Oberhelman and P. Geiselman on May 21, 2001",M. Oberhelman and P. Geiselman,"May 21, 2001",N,N
ITAS-2205306-472,Wet area; woody peat,,,"M. Oberhelman and D. Riihiluoma on March 7, 1985",M. Oberhelman and D. Riihiluoma,"March 7, 1985",N,N
ITAS-2205307-4,,,,"H. Mooers and L. Severson on September 8, 1981",H. Mooers and L. Severson,"September 8, 1981",N,N
ITAS-2205307-471,Very woody peat,,,"M. Oberhelman and D. Riihiluoma on March 7, 1985",M. Oberhelman and D. Riihiluoma,"March 7, 1985",N,N
ITAS-2205325-308,,,,"L. Severson and S. Nelson on December 14, 1982",L. Severson and S. Nelson,"December 14, 1982",N,N
ITAS-2205325-309,,,,"L. Severson and S. Nelson on December 14, 1982",L. Severson and S. Nelson,"December 14, 1982",N,N
ITAS-2205325-310,,,,"S. Nelson and L. Severson on December 14, 1982",S. Nelson and L. Severson,"December 14, 1982",N,N
ITAS-2205325-311,,,,"L. Severson and S. Nelson on December 14, 1982",L. Severson and S. Nelson,"December 14, 1982",N,N
ITAS-2205326-298,,,,"D. Riihiluoma and L. Severson on October 20, 1982",D. Riihiluoma and L. Severson,"October 20, 1982",N,N
ITAS-2205327-285,,,,"L. Severson and H. Mooers on August 5, 1982",L. Severson and H. Mooers,"August 5, 1982",N,N
ITAS-2205334-297,,,,"H. Mooers and L. Severson on September 8, 1981",H. Mooers and L. Severson,"September 8, 1981",N,N
ITAS-2205335-286,,,,"H. Mooers and L. Severson on August 5, 1982",H. Mooers and L. Severson,"August 5, 1982",N,N
ITAS-2205335-287,,,,"H. Mooers and L. Severson on August 5, 1982",H. Mooers and L. Severson,"August 5, 1982",N,N
ITAS-2205335-299,,,,"L. Severson and D. Riihiluoma on October 20, 1982",L. Severson and D. Riihiluoma,"October 20, 1982",N,N
ITAS-2205335-300,,,,"L. Severson and D. Riihiluoma on October 20, 1982",L. Severson and D. Riihiluoma,"October 20, 1982",N,N
ITAS-2205335-301,,,,"L. Severson and D. Riihiluoma on October 20, 1982",L. Severson and D. Riihiluoma,"October 20, 1982",N,N
ITAS-2205336-288,,,,"D. Riihiluoma and S. Nelson on August 5, 1982",D. Riihiluoma and S. Nelson,"August 5, 1982",N,N
ITAS-2205336-289,,,,"D. Riihiluoma and S. Nelson on August 5, 1982",D. Riihiluoma and S. Nelson,"August 5, 1982",N,N
ITAS-2205336-290,,,,"D. Riihiluoma and S. Nelson on August 5, 1982",D. Riihiluoma and S. Nelson,"August 5, 1982",N,N
ITAS-2205336-291,,,,"D. Riihiluoma and S. Nelson on August 5, 1982",D. Riihiluoma and S. Nelson,"August 5, 1982",N,N
ITAS-2205336-292,,,,"D. Riihiluoma and S. Nelson on August 5, 1982",D. Riihiluoma and S. Nelson,"August 5, 1982",N,N
ITAS-2205336-293,,,,"D. Riihiluoma and S. Nelson on August 5, 1982",D. Riihiluoma and S. Nelson,"August 5, 1982",N,N
ITAS-2205336-302,,,,"D. Riihiluoma and L. Severson on October 20, 1982",D. Riihiluoma and L. Severson,"October 20, 1982",Y,N
ITAS-2205336-303,,,,"D. Riihiluoma and L. Severson on October 20, 1982",D. Riihiluoma and L. Severson,"October 20, 1982",N,N
ITAS-2205336-304,,,,"D. Riihiluoma and L. Severson on October 20, 1982",D. Riihiluoma and L. Severson,"October 20, 1982",N,N
ITAS-2205336-305,,,,"D. Riihiluoma and L. Severson on October 20, 1982",D. Riihiluoma and L. Severson,"October 20, 1982",N,N
ITAS-2205336-306,,,,"D. Riihiluoma and L. Severson on October 20, 1982",D. Riihiluoma and L. Severson,"October 20, 1982",N,N
ITAS-2205336-307,,,,"D. Riihiluoma and L. Severson on October 20, 1982",D. Riihiluoma and L. Severson,"October 20, 1982",N,N
ITAS-2205336-312,,,,"S. Nelson and L. Severson on December 14, 1982",S. Nelson and L. Severson,"December 14, 1982",N,N
ITAS-2205336-313,"Complete profile not described, collected samples for analysis",,,"L. Severson and S. Nelson on December 1, 1982",L. Severson and S. Nelson,"December 1, 1982",Y,N
ITAS-2205903-223,,,,"H. Mooers and D. Riihiluoma on March 31, 1982",H. Mooers and D. Riihiluoma,"March 31, 1982",N,N
ITAS-2205904-222,,,,"D. Riihiluoma and H. Mooers on March 31, 1982",D. Riihiluoma and H. Mooers,"March 31, 1982",N,N
ITAS-2205904-53,,,,"H. Mooers and L. Severson on September 10, 1981",H. Mooers and L. Severson,"September 10, 1981",N,N
ITAS-2205905-52,,,,"L. Severson and H. Mooers on September 10, 1981",L. Severson and H. Mooers,"September 10, 1981",Y,N
ITAS-2205906-51,,,,"L. Severson and H. Mooers on September 10, 1981",L. Severson and H. Mooers,"September 10, 1981",N,N
ITAS-2205908-235,,,,"D. Riihiluoma and H. Mooers on April 6, 1982",D. Riihiluoma and H. Mooers,"April 6, 1982",N,N
ITAS-2205909-236,,,,"H. Mooers and D. Riihiluoma on April 6, 1982",H. Mooers and D. Riihiluoma,"April 6, 1982",N,N
ITAS-2205909-48,,,,"H. Mooers and L. Severson on September 10, 1981",H. Mooers and L. Severson,"September 10, 1981",N,N
ITAS-2205910-71,,,,"L. Severson and H. Mooers on September 15, 1981",L. Severson and H. Mooers,"September 15, 1981",Y,N
ITAS-2205917-237,,,,"D. Riihiluoma and H. Mooers on April 7, 1982",D. Riihiluoma and H. Mooers,"April 7, 1982",N,N
ITAS-2205928-49,,,,"L. Severson and H. Mooers on September 10, 1981",L. Severson and H. Mooers,"September 10, 1981",N,N
ITAS-2205928-50,,,,"L. Severson and H. Mooers on September 10, 1981",L. Severson and H. Mooers,"September 10, 1981",N,N
ITAS-2206027-225,,,,"D. Riihiluoma and H. Mooers on April 1, 1982",D. Riihiluoma and H. Mooers,"April 1, 1982",N,N
ITAS-2206033-224,,,,"H. Mooers and D. Riihiluoma on March 31, 1982",H. Mooers and D. Riihiluoma,"March 31, 1982",N,N
ITAS-2206034-72,,,,"H. Mooers and L. Severson on September 15, 1981",H. Mooers and L. Severson,"September 15, 1981",N,N
ITAS-2206110-54,,,,"L. Severson and H. Mooers on September 10, 1981",L. Severson and H. Mooers,"September 10, 1981",N,N
ITAS-2206207-57,,,,"L. Severson and H. Mooers on September 10, 1981",L. Severson and H. Mooers,"September 10, 1981",N,N
ITAS-2206216-56,,,,"L. Severson and H. Mooers on September 10, 1981",L. Severson and H. Mooers,"September 10, 1981",N,N
ITAS-2206219-226,,,,"D. Riihiluoma and H. Mooers on April 2, 1982",D. Riihiluoma and H. Mooers,"April 2, 1982",N,N
ITAS-2206220-227,,,,"H. Mooers and D. Riihiluoma on April 2, 1982",H. Mooers and D. Riihiluoma,"April 2, 1982",N,N
ITAS-2206220-55,,,,"L. Severson and H. Mooers on September 10, 1981",L. Severson and H. Mooers,"September 10, 1981",N,N
ITAS-2305312-5,,,,"H. Mooers and L. Severson on September 8, 1981",H. Mooers and L. Severson,"September 8, 1981",N,N
ITAS-2305319-17,,,,"H. Mooers and L. Severson on September 8, 1981",H. Mooers and L. Severson,"September 8, 1981",N,N
ITAS-2305320-18,,,,"L. Severson and H. Mooers on September 8, 1981",L. Severson and H. Mooers,"September 8, 1981",N,N
ITAS-2305320-19,,,,"L. Severson and H. Mooers on September 8, 1981",L. Severson and H. Mooers,"September 8, 1981",N,N
ITAS-2305328-20,,,,"L. Severson and H. Mooers on September 8, 1981",L. Severson and H. Mooers,"September 8, 1981",N,N
ITAS-2305328-21,,,,"H. Mooers and L. Severson on September 8, 1981",H. Mooers and L. Severson,"September 8, 1981",N,N
ITAS-2305406-7,,,,"H. Mooers and L. Severson on September 8, 1981",H. Mooers and L. Severson,"September 8, 1981",N,N
ITAS-2305407-10,,,,"H. Mooers and L. Severson on September 8, 1981",H. Mooers and L. Severson,"September 8, 1981",N,N
ITAS-2305407-478,,,,"D. Riihiluoma and M. Oberhelman on April 3, 1985",D. Riihiluoma and M. Oberhelman,"April 3, 1985",N,N
ITAS-2305407-479,"6-8"" ice",,,"D. Riihiluoma and M. Oberhelman on April 3, 1985",D. Riihiluoma and M. Oberhelman,"April 3, 1985",N,N
ITAS-2305418-11,,,,"H. Mooers and L. Severson on September 8, 1981",H. Mooers and L. Severson,"September 8, 1981",N,N
ITAS-2305420-12,,,,"H. Mooers and L. Severson on September 8, 1981",H. Mooers and L. Severson,"September 8, 1981",N,N
ITAS-2305518-474,,,,"D. Riihiluoma and M. Oberhelman on March 20, 1985",D. Riihiluoma and M. Oberhelman,"March 20, 1985",N,N
ITAS-2305518-481,Fuel peat potential,,,"D. Riihiluoma and M. Oberhelman on April 4, 1985",D. Riihiluoma and M. Oberhelman,"April 4, 1985",Y,N
ITAS-2305528-6,,,,"H. Mooers and L. Severson on September 8, 1981",H. Mooers and L. Severson,"September 8, 1981",N,N
ITAS-2305623-321,,,,"D. Riihiluoma and L. Severson on October 28, 1982",D. Riihiluoma and L. Severson,"October 28, 1982",N,N
ITAS-2305623-324,,,,"D. Riihiluoma and L. Severson on October 28, 1982",D. Riihiluoma and L. Severson,"October 28, 1982",N,N
ITAS-2305626-322,,,,"D. Riihiluoma and L. Severson on October 28, 1982",D. Riihiluoma and L. Severson,"October 28, 1982",N,N
ITAS-2305626-323,,,,"D. Riihiluoma and L. Severson on October 28, 1982",D. Riihiluoma and L. Severson,"October 28, 1982",N,N
ITAS-2305901-230,,,,"D. Riihiluoma and H. Mooers on April 2, 1982",D. Riihiluoma and H. Mooers,"April 2, 1982",N,N
ITAS-2305903-46,,,,"L. Severson and H. Mooers on September 10, 1981",L. Severson and H. Mooers,"September 10, 1981",N,N
ITAS-2305905-39,,,,"L. Severson and H. Mooers on September 9, 1981",L. Severson and H. Mooers,"September 9, 1981",N,N
ITAS-2305905-43,,,,"H. Mooers and L. Severson on September 10, 1981",H. Mooers and L. Severson,"September 10, 1981",N,N
ITAS-2305906-243,,,,"H. Mooers and D. Riihiluoma on April 9, 1982",H. Mooers and D. Riihiluoma,"April 9, 1982",N,N
ITAS-2305906-244,,,,"H. Mooers and D. Riihiluoma on April 9, 1982",H. Mooers and D. Riihiluoma,"April 9, 1982",N,N
ITAS-2305909-44,,,,"L. Severson and H. Mooers on September 10, 1981",L. Severson and H. Mooers,"September 10, 1981",N,N
ITAS-2305910-232,,,,"H. Mooers and D. Riihiluoma on April 2, 1982",H. Mooers and D. Riihiluoma,"April 2, 1982",N,N
ITAS-2305910-45,,,,"L. Severson and H. Mooers on September 10, 1981",L. Severson and H. Mooers,"September 10, 1981",N,N
ITAS-2305914-233,,,,"D. Riihiluoma and H. Mooers on April 6, 1982",D. Riihiluoma and H. Mooers,"April 6, 1982",N,N
ITAS-2305922-234,,,,"D. Riihiluoma and H. Mooers on April 6, 1982",D. Riihiluoma and H. Mooers,"April 6, 1982",N,N
ITAS-2305923-47,,,,"L. Severson and H. Mooers on September 10, 1981",L. Severson and H. Mooers,"September 10, 1981",N,N
ITAS-2305924-231,,,,"H. Mooers and D. Riihiluoma on April 2, 1982",H. Mooers and D. Riihiluoma,"April 2, 1982",Y,N
ITAS-2306031-36,,,,"L. Severson and H. Mooers on September 9, 1981",L. Severson and H. Mooers,"September 9, 1981",Y,Y
ITAS-2306031-37,,,,"L. Severson and H. Mooers on September 9, 1981",L. Severson and H. Mooers,"September 9, 1981",N,N
ITAS-2306032-240,,,,"D. Riihiluoma and H. Mooers on April 9, 1982",D. Riihiluoma and H. Mooers,"April 9, 1982",N,N
ITAS-2306032-241,,,,"H. Mooers and D. Riihiluoma on April 9, 1982",H. Mooers and D. Riihiluoma,"April 9, 1982",N,N
ITAS-2306032-242,,,,"H. Mooers and D. Riihiluoma on April 9, 1982",H. Mooers and D. Riihiluoma,"April 9, 1982",N,N
ITAS-2306032-38,"Samples collected at a later date near same area, 30-45cm sample is H2 moss, 75-90cm sample is H7",,,"L. Severson and H. Mooers on September 9, 1981",L. Severson and H. Mooers,"September 9, 1981",Y,N
ITAS-2306106-252,,,,"D. Riihiluoma and H. Mooers on April 9, 1982",D. Riihiluoma and H. Mooers,"April 9, 1982",Y,N
ITAS-2306107-33,60-150cm - peat contains many decomposing tree needles,,,"H. Mooers and L. Severson on September 9, 1981",H. Mooers and L. Severson,"September 9, 1981",Y,N
ITAS-2306119-249,,,,"D. Riihiluoma and H. Mooers on April 9, 1982",D. Riihiluoma and H. Mooers,"April 9, 1982",N,N
ITAS-2306120-34,,,,"H. Mooers and L. Severson on September 9, 1981",H. Mooers and L. Severson,"September 9, 1981",N,N
ITAS-2306129-238,,,,"D. Riihiluoma and H. Mooers on April 7, 1982",D. Riihiluoma and H. Mooers,"April 7, 1982",N,N
ITAS-2306129-239,,,,"D. Riihiluoma and H. Mooers on April 7, 1982",D. Riihiluoma and H. Mooers,"April 7, 1982",N,N
ITAS-2306129-35,,,,"L. Severson and H. Mooers on September 9, 1981",L. Severson and H. Mooers,"September 9, 1981",N,N
ITAS-2306205-329,,,,"H. Mooers and B. Sether on April 11, 1980",H. Mooers and B. Sether,"April 11, 1980",N,N
ITAS-2306223-228,,,,"D. Riihiluoma and H. Mooers on April 2, 1982",D. Riihiluoma and H. Mooers,"April 2, 1982",Y,Y
ITAS-2306223-229,,,,"H. Mooers and D. Riihiluoma on April 2, 1982",H. Mooers and D. Riihiluoma,"April 2, 1982",Y,N
ITAS-2306223-58,,,,"L. Severson and H. Mooers on September 10, 1981",L. Severson and H. Mooers,"September 10, 1981",N,N
ITAS-2405401-473,,,,"D. Riihiluoma and M. Oberhelman on March 7, 1985",D. Riihiluoma and M. Oberhelman,"March 7, 1985",N,N
ITAS-2405401-8,,,,"H. Mooers and L. Severson on September 8, 1981",H. Mooers and L. Severson,"September 8, 1981",N,N
ITAS-2405412-480,,,,"D. Riihiluoma and M. Oberhelman on April 3, 1985",D. Riihiluoma and M. Oberhelman,"April 3, 1985",N,N
ITAS-2405412-9,,,,"H. Mooers and L. Severson on September 8, 1981",H. Mooers and L. Severson,"September 8, 1981",N,N
ITAS-2405414-296,,,,"L. Severson and H. Mooers on August 5, 1982",L. Severson and H. Mooers,"August 5, 1982",N,N
ITAS-2405423-14,,,,"L. Severson and H. Mooers on September 8, 1981",L. Severson and H. Mooers,"September 8, 1981",N,N
ITAS-2405425-13,,,,"H. Mooers and L. Severson on September 8, 1981",H. Mooers and L. Severson,"September 8, 1981",N,N
ITAS-2405426-15,,,,"L. Severson and H. Mooers on September 8, 1981",L. Severson and H. Mooers,"September 8, 1981",N,N
ITAS-2405426-16,,,,"L. Severson and H. Mooers on September 8, 1981",L. Severson and H. Mooers,"September 8, 1981",N,N
ITAS-2405434-295,,,,"H. Mooers and L. Severson on August 5, 1982",H. Mooers and L. Severson,"August 5, 1982",N,N
ITAS-2405435-294,,,,"L. Severson and H. Mooers on August 5, 1982",L. Severson and H. Mooers,"August 5, 1982",N,N
ITAS-2405513-475,,,,"M. Oberhelman and D. Riihiluoma on March 20, 1985",M. Oberhelman and D. Riihiluoma,"March 20, 1985",N,N
ITAS-2405513-483,105cm+ woody peat,,,"D. Riihiluoma and M. Oberhelman on May 22, 1985",D. Riihiluoma and M. Oberhelman,"May 22, 1985",Y,N
ITAS-2405524-482,Woody peat,,,"D. Riihiluoma and M. Oberhelman on May 22, 1985",D. Riihiluoma and M. Oberhelman,"May 22, 1985",Y,N
ITAS-2405901-42,,,,"L. Severson and H. Mooers on September 10, 1981",L. Severson and H. Mooers,"September 10, 1981",Y,N
ITAS-2406005-40,,,,"L. Severson and H. Mooers on September 10, 1981",L. Severson and H. Mooers,"September 10, 1981",N,N
ITAS-2406006-259,,,,"D. Riihiluoma and H. Mooers on April 13, 1982",D. Riihiluoma and H. Mooers,"April 13, 1982",N,N
ITAS-2406008-41,,,,"L. Severson and H. Mooers on September 10, 1981",L. Severson and H. Mooers,"September 10, 1981",N,N
ITAS-2406106-264,,,,"H. Mooers and D. Riihiluoma on April 14, 1982",H. Mooers and D. Riihiluoma,"April 14, 1982",N,N
ITAS-2406106-265,,,,"H. Mooers and D. Riihiluoma on April 14, 1982",H. Mooers and D. Riihiluoma,"April 14, 1982",N,N
ITAS-2406107-263,,,,"D. Riihiluoma and H. Mooers on April 14, 1982",D. Riihiluoma and H. Mooers,"April 14, 1982",N,N
ITAS-2406112-250,,,,"H. Mooers and D. Riihiluoma on April 9, 1982",H. Mooers and D. Riihiluoma,"April 9, 1982",N,N
ITAS-2406112-251,,,,"H. Mooers and D. Riihiluoma on April 9, 1982",H. Mooers and D. Riihiluoma,"April 9, 1982",N,N
ITAS-2406117-32,,,,"L. Severson and H. Mooers on September 9, 1981",L. Severson and H. Mooers,"September 9, 1981",N,N
ITAS-2406118-272,,,,"H. Mooers and D. Riihiluoma on April 14, 1982",H. Mooers and D. Riihiluoma,"April 14, 1982",N,N
ITAS-2406118-31,,,,"H. Mooers and L. Severson on September 9, 1981",H. Mooers and L. Severson,"September 9, 1981",Y,Y
ITAS-2406131-262,,,,"H. Mooers and D. Riihiluoma on April 13, 1982",H. Mooers and D. Riihiluoma,"April 13, 1982",N,N
ITAS-2406132-261,,,,"H. Mooers and D. Riihiluoma on April 13, 1982",H. Mooers and D. Riihiluoma,"April 13, 1982",N,N
ITAS-2406202-328,,,,"H. Mooers and B. Sether on April 11, 1980",H. Mooers and B. Sether,"April 11, 1980",N,N
ITAS-2406203-327,,,,"H. Mooers and B. Sether on April 11, 1980",H. Mooers and B. Sether,"April 11, 1980",N,N
ITAS-2506001-260,,,,"D. Riihiluoma and H. Mooers on April 13, 1982",D. Riihiluoma and H. Mooers,"April 13, 1982",N,N
ITAS-2506113-267,,,,"H. Mooers and D. Riihiluoma on April 14, 1982",H. Mooers and D. Riihiluoma,"April 14, 1982",N,N
ITAS-2506113-268,,,,"H. Mooers and D. Riihiluoma on April 14, 1982",H. Mooers and D. Riihiluoma,"April 14, 1982",N,N
ITAS-2506113-269,,,,"H. Mooers and D. Riihiluoma on April 14, 1982",H. Mooers and D. Riihiluoma,"April 14, 1982",N,N
ITAS-2506123-27,,,,"H. Mooers and L. Severson on September 9, 1981",H. Mooers and L. Severson,"September 9, 1981",N,N
ITAS-2506123-270,,,,"H. Mooers and D. Riihiluoma on April 14, 1982",H. Mooers and D. Riihiluoma,"April 14, 1982",N,N
ITAS-2506123-271,,,,"H. Mooers and D. Riihiluoma on April 14, 1982",H. Mooers and D. Riihiluoma,"April 14, 1982",N,N
ITAS-2506123-273,,,,"H. Mooers and D. Riihiluoma on April 14, 1982",H. Mooers and D. Riihiluoma,"April 14, 1982",N,N
ITAS-2506124-28,,,,"H. Mooers and L. Severson on September 9, 1981",H. Mooers and L. Severson,"September 9, 1981",N,N
ITAS-2506126-258,,,,"H. Mooers and D. Riihiluoma on April 12, 1982",H. Mooers and D. Riihiluoma,"April 12, 1982",N,N
ITAS-2506127-253,,,,"D. Riihiluoma and H. Mooers on April 12, 1982",D. Riihiluoma and H. Mooers,"April 12, 1982",N,N
ITAS-2506127-254,,,,"H. Mooers and D. Riihiluoma on April 12, 1982",H. Mooers and D. Riihiluoma,"April 12, 1982",N,N
ITAS-2506128-29,,,,"H. Mooers and L. Severson on September 9, 1981",H. Mooers and L. Severson,"September 9, 1981",N,N
ITAS-2506134-255,,,,"D. Riihiluoma and H. Mooers on April 12, 1982",D. Riihiluoma and H. Mooers,"April 12, 1982",N,N
ITAS-2506134-256,,,,"H. Mooers and D. Riihiluoma on April 12, 1982",H. Mooers and D. Riihiluoma,"April 12, 1982",N,N
ITAS-2506134-257,,,,"H. Mooers and D. Riihiluoma on April 12, 1982",H. Mooers and D. Riihiluoma,"April 12, 1982",N,N
ITAS-2506212-266,,,,"H. Mooers and D. Riihiluoma on April 14, 1982",H. Mooers and D. Riihiluoma,"April 14, 1982",N,N
ITAS-2514526-348,,,,"D. Riihiluoma and S. Nelson on May 4, 1983",D. Riihiluoma and S. Nelson,"May 4, 1983",N,N
ITAS-2514526-349,,,,"D. Riihiluoma and S. Nelson on May 4, 1983",D. Riihiluoma and S. Nelson,"May 4, 1983",N,N
ITAS-2514529-330,Also 3 additional sites in the land sale area with depth of approx. 90cm of sapric peat.  Site near ditch with 60cm of sapric peat.,,,"H. Mooers and S. Nelson on September 23, 1981",H. Mooers and S. Nelson,"September 23, 1981",N,N
ITAS-2514602-389,,,Deer River Bog,"S. Nelson and H. Mooers on June 4, 1982",S. Nelson and H. Mooers,"June 4, 1982",N,N
ITAS-2514607-385,,,,"H. Mooers and S. Nelson on June 4, 1982",H. Mooers and S. Nelson,"June 4, 1982",N,N
ITAS-2514607-386,,,,"H. Mooers and S. Nelson on June 4, 1982",H. Mooers and S. Nelson,"June 4, 1982",N,N
ITAS-2514610-284,,,Deer River Bog,"S. Nelson and R. Johnson on June 9, 1982",S. Nelson and R. Johnson,"June 9, 1982",N,N
ITAS-2514610-469,,,Deer River Area,"M. Oberhelman and D. Riihiluoma on March 6, 1985",M. Oberhelman and D. Riihiluoma,"March 6, 1985",N,N
ITAS-2514610-470,Woody peat,,Deer River Area,"M. Oberhelman and D. Riihiluoma on March 6, 1985",M. Oberhelman and D. Riihiluoma,"March 6, 1985",N,N
ITAS-2514611-390,,,Deer River Bog,"S. Nelson and H. Mooers on June 4, 1982",S. Nelson and H. Mooers,"June 4, 1982",N,N
ITAS-2514612-151,,,Deer River Area,"S. Nelson and H. Mooers on September 24, 1981",S. Nelson and H. Mooers,"September 24, 1981",N,N
ITAS-2514612-152,,,Deer River Area,"S. Nelson and H. Mooers on September 24, 1981",S. Nelson and H. Mooers,"September 24, 1981",N,N
ITAS-2514613-146,,,Deer River Area,"S. Nelson and H. Mooers on September 23, 1981",S. Nelson and H. Mooers,"September 23, 1981",N,N
ITAS-2514613-158,,,Deer River Area,"S. Nelson and H. Mooers on September 24, 1981",S. Nelson and H. Mooers,"September 24, 1981",N,N
ITAS-2514623-391,,,Deer River Bog,"H. Mooers and S. Nelson on June 4, 1982",H. Mooers and S. Nelson,"June 4, 1982",N,N
ITAS-2514624-179,,,Deer River Area,"H. Mooers and D. Riihiluoma on December 23, 1981",H. Mooers and D. Riihiluoma,"December 23, 1981",N,N
ITAS-2514624-180,,,Deer River Area,"H. Mooers and D. Riihiluoma on December 23, 1981",H. Mooers and D. Riihiluoma,"December 23, 1981",N,N
ITAS-2514624-181,,,Deer River Area,"H. Mooers and D. Riihiluoma on December 23, 1981",H. Mooers and D. Riihiluoma,"December 23, 1981",N,N
ITAS-2514624-182,,,Deer River Area,"H. Mooers and D. Riihiluoma on December 23, 1981",H. Mooers and D. Riihiluoma,"December 23, 1981",N,N
ITAS-2514624-183,,,Deer River Area,"H. Mooers and D. Riihiluoma on December 23, 1981",H. Mooers and D. Riihiluoma,"December 23, 1981",N,N
ITAS-2514625-144,,,Deer River Area,"S. Nelson and H. Mooers on September 23, 1981",S. Nelson and H. Mooers,"September 23, 1981",N,N
ITAS-2514625-145,,,Deer River Area,"S. Nelson and H. Mooers on September 23, 1981",S. Nelson and H. Mooers,"September 23, 1981",N,N
ITAS-2514625-177,,,Deer River Area,"H. Mooers and D. Riihiluoma on December 23, 1981",H. Mooers and D. Riihiluoma,"December 23, 1981",N,N
ITAS-2514625-178,,,Deer River Area,"H. Mooers and D. Riihiluoma on December 23, 1981",H. Mooers and D. Riihiluoma,"December 23, 1981",N,N
ITAS-2514626-157,,,Deer River Bog,"S. Nelson and H. Mooers on September 24, 1981",S. Nelson and H. Mooers,"September 24, 1981",N,N
ITAS-2514636-175,,,Deer River Area,"H. Mooers and D. Riihiluoma on December 23, 1981",H. Mooers and D. Riihiluoma,"December 23, 1981",N,N
ITAS-2514636-176,,240-375cm peat drier than normal,Deer River Area,"H. Mooers and D. Riihiluoma on December 23, 1981",H. Mooers and D. Riihiluoma,"December 23, 1981",N,N
ITAS-2514725-274,,,Deer River Area,"S. Nelson and R. Johnson on June 8, 1982",S. Nelson and R. Johnson,"June 8, 1982",N,N
ITAS-2514725-280,60-210cm forest peat,,Deer River Area,"S. Nelson and R. Johnson on June 8, 1982",S. Nelson and R. Johnson,"June 8, 1982",N,N
ITAS-2514726-281,,,Deer River Bog,"S. Nelson and R. Johnson on June 9, 1982",S. Nelson and R. Johnson,"June 9, 1982",N,N
ITAS-2514726-282,0-300cm forest peat,,Deer River Area,"R. Johnson and S. Nelson on June 9, 1982",R. Johnson and S. Nelson,"June 9, 1982",N,N
ITAS-2514727-388,,,,"S. Nelson and H. Mooers on June 4, 1982",S. Nelson and H. Mooers,"June 4, 1982",N,N
ITAS-2514728-387,,,,"H. Mooers and S. Nelson on June 4, 1982",H. Mooers and S. Nelson,"June 4, 1982",N,N
ITAS-2514735-153,,,Deer River Area,"H. Mooers and S. Nelson on September 24, 1981",H. Mooers and S. Nelson,"September 24, 1981",N,N
ITAS-2514735-156,,,Deer River Area,"S. Nelson and H. Mooers on September 24, 1981",S. Nelson and H. Mooers,"September 24, 1981",N,N
ITAS-2514735-283,,,Deer River Area,"S. Nelson and R. Johnson on June 9, 1982",S. Nelson and R. Johnson,"June 9, 1982",N,N
ITAS-2514736-155,,,Deer River Area,"S. Nelson and H. Mooers on September 24, 1981",S. Nelson and H. Mooers,"September 24, 1981",N,N
ITAS-2605631-338,,,,"D. Riihiluoma and S. Nelson on May 4, 1983",D. Riihiluoma and S. Nelson,"May 4, 1983",N,N
ITAS-2605631-339,,,,"S. Nelson and D. Riihiluoma on May 4, 1983",S. Nelson and D. Riihiluoma,"May 4, 1983",N,N
ITAS-2605631-340,,,,"S. Nelson and D. Riihiluoma on May 4, 1983",S. Nelson and D. Riihiluoma,"May 4, 1983",N,N
ITAS-2605631-341,,,,"S. Nelson and D. Riihiluoma on May 4, 1983",S. Nelson and D. Riihiluoma,"May 4, 1983",N,N
ITAS-2605631-342,,,,"D. Riihiluoma and S. Nelson on May 4, 1983",D. Riihiluoma and S. Nelson,"May 4, 1983",N,N
ITAS-2606117-22,,,,"H. Mooers and L. Severson on September 9, 1981",H. Mooers and L. Severson,"September 9, 1981",N,N
ITAS-2606136-30,,,,"L. Severson and H. Mooers on September 9, 1981",L. Severson and H. Mooers,"September 9, 1981",N,N
ITAS-2606231-25,,,,"L. Severson and H. Mooers on September 9, 1981",L. Severson and H. Mooers,"September 9, 1981",N,N
ITAS-2606232-26,,,,"H. Mooers and L. Severson on September 9, 1981",H. Mooers and L. Severson,"September 9, 1981",N,N
ITAS-2614501-419,,,,"D. Riihiluoma and H. Mooers on June 7, 1982",D. Riihiluoma and H. Mooers,"June 7, 1982",N,N
ITAS-2614607-392,,,,"H. Mooers and S. Nelson on June 4, 1982",H. Mooers and S. Nelson,"June 4, 1982",N,N
ITAS-2614607-413,,,,"D. Riihiluoma and H. Mooers on June 7, 1982",D. Riihiluoma and H. Mooers,"June 7, 1982",N,N
ITAS-2614610-393,,,,"S. Nelson and H. Mooers on June 4, 1982",S. Nelson and H. Mooers,"June 4, 1982",N,N
ITAS-2614614-414,,,,"D. Riihiluoma and H. Mooers on June 7, 1982",D. Riihiluoma and H. Mooers,"June 7, 1982",N,N
ITAS-2614615-394,,,,"S. Nelson and H. Mooers on June 4, 1982",S. Nelson and H. Mooers,"June 4, 1982",N,N
ITAS-2614626-415,,,,"D. Riihiluoma and H. Mooers on June 7, 1982",D. Riihiluoma and H. Mooers,"June 7, 1982",N,N
ITAS-2614634-417,,,,"D. Riihiluoma and H. Mooers on June 7, 1982",D. Riihiluoma and H. Mooers,"June 7, 1982",N,N
ITAS-2614635-416,,,,"D. Riihiluoma and H. Mooers on June 7, 1982",D. Riihiluoma and H. Mooers,"June 7, 1982",N,N
ITAS-2614636-418,,,,"D. Riihiluoma and H. Mooers on June 7, 1982",D. Riihiluoma and H. Mooers,"June 7, 1982",N,N
ITAS-2614707-382,,,,"H. Mooers and S. Nelson on June 4, 1982",H. Mooers and S. Nelson,"June 4, 1982",N,N
ITAS-2614734-383,,,,"H. Mooers and S. Nelson on June 4, 1982",H. Mooers and S. Nelson,"June 4, 1982",N,N
ITAS-2614735-384,,,,"S. Nelson and H. Mooers on June 4, 1982",S. Nelson and H. Mooers,"June 4, 1982",N,N
ITAS-2614806-381,,,,"S. Nelson and H. Mooers on June 4, 1982",S. Nelson and H. Mooers,"June 4, 1982",N,N
ITAS-2614907-377,,,,"H. Mooers and S. Nelson on June 4, 1982",H. Mooers and S. Nelson,"June 4, 1982",N,N
ITAS-2614907-378,,,,"S. Nelson and H. Mooers on June 4, 1982",S. Nelson and H. Mooers,"June 4, 1982",N,N
ITAS-2614918-379,,,,"S. Nelson and H. Mooers on June 4, 1982",S. Nelson and H. Mooers,"June 4, 1982",N,N
ITAS-2614931-380,,,,"S. Nelson and H. Mooers on June 4, 1982",S. Nelson and H. Mooers,"June 4, 1982",N,N
ITAS-2705625-343,,,,"D. Riihiluoma and S. Nelson on May 4, 1983",D. Riihiluoma and S. Nelson,"May 4, 1983",N,N
ITAS-2705625-345,,,,"S. Nelson and D. Riihiluoma on May 4, 1983",S. Nelson and D. Riihiluoma,"May 4, 1983",N,N
ITAS-2705625-346,,,,"D. Riihiluoma and S. Nelson on May 4, 1983",D. Riihiluoma and S. Nelson,"May 4, 1983",N,N
ITAS-2705625-347,,,,"D. Riihiluoma and S. Nelson on May 4, 1983",D. Riihiluoma and S. Nelson,"May 4, 1983",N,N
ITAS-2705636-344,,,,"S. Nelson and D. Riihiluoma on May 4, 1983",S. Nelson and D. Riihiluoma,"May 4, 1983",N,N
ITAS-2705710-148,,,Deer River Area,"S. Nelson and H. Mooers on September 24, 1981",S. Nelson and H. Mooers,"September 24, 1981",N,N
ITAS-2705710-149,,,Deer River Area,"H. Mooers and S. Nelson on September 24, 1981",H. Mooers and S. Nelson,"September 24, 1981",N,N
ITAS-2705715-147,,,Deer River Area,"S. Nelson and H. Mooers on September 24, 1981",S. Nelson and H. Mooers,"September 24, 1981",N,N
ITAS-2705811-477,,,Deer River Area,"M. Oberhelman and D. Riihiluoma on March 21, 1985",M. Oberhelman and D. Riihiluoma,"March 21, 1985",N,N
ITAS-2705812-476,Woody peat,,Deer River Area,"D. Riihiluoma and M. Oberhelman on March 21, 1985",D. Riihiluoma and M. Oberhelman,"March 21, 1985",N,N
ITAS-2705815-154,,,Deer River Area,"H. Mooers and S. Nelson on September 24, 1981",H. Mooers and S. Nelson,"September 24, 1981",N,N
ITAS-2705815-276,,,Deer River Area,"S. Nelson and R. Johnson on June 8, 1982",S. Nelson and R. Johnson,"June 8, 1982",N,N
ITAS-2705816-275,,,Deer River Area,"S. Nelson and R. Johnson on June 8, 1982",S. Nelson and R. Johnson,"June 8, 1982",N,N
ITAS-2705821-278,,,Deer River Area,"S. Nelson and R. Johnson on June 8, 1982",S. Nelson and R. Johnson,"June 8, 1982",N,N
ITAS-2705822-277,,,Deer River Area,"S. Nelson and R. Johnson on June 8, 1982",S. Nelson and R. Johnson,"June 8, 1982",N,N
ITAS-2705822-279,,,Deer River Area,"S. Nelson and R. Johnson on June 8, 1982",S. Nelson and R. Johnson,"June 8, 1982",N,N
ITAS-2705827-150,,,Deer River Area,"S. Nelson and H. Mooers on September 24, 1981",S. Nelson and H. Mooers,"September 24, 1981",N,N
ITAS-2706112-23,,,,"L. Severson and H. Mooers on September 9, 1981",L. Severson and H. Mooers,"September 9, 1981",Y,Y
ITAS-2706112-24,,,,"L. Severson and H. Mooers on September 9, 1981",L. Severson and H. Mooers,"September 9, 1981",N,N
ITAS-2814607-357,,,,"H. Mooers on June 3, 1982",H. Mooers,"June 3, 1982",N,N
ITAS-2814716-372,,,,"H. Mooers on June 3, 1982",H. Mooers,"June 3, 1982",N,N
ITAS-2814806-376,,,,"H. Mooers and S. Nelson on June 4, 1982",H. Mooers and S. Nelson,"June 4, 1982",N,N
ITAS-2814820-365,,,,"H. Mooers on June 3, 1982",H. Mooers,"June 3, 1982",N,N
ITAS-2814820-368,,,,"H. Mooers on June 3, 1982",H. Mooers,"June 3, 1982",N,N
ITAS-2814828-369,,,,"H. Mooers on June 3, 1982",H. Mooers,"June 3, 1982",N,N
ITAS-2814828-370,,,,"H. Mooers on June 3, 1982",H. Mooers,"June 3, 1982",N,N
ITAS-2814829-366,,,,"H. Mooers on June 3, 1982",H. Mooers,"June 3, 1982",N,N
ITAS-2814829-367,,,,"H. Mooers on June 3, 1982",H. Mooers,"June 3, 1982",N,N
ITAS-2814833-371,,,,"H. Mooers on June 3, 1982",H. Mooers,"June 3, 1982",N,N
ITAS-2814931-374,,,,"S. Nelson and H. Mooers on June 4, 1982",S. Nelson and H. Mooers,"June 4, 1982",N,N
ITAS-2914605-352,,,,"H. Mooers on June 3, 1982",H. Mooers,"June 3, 1982",N,N
ITAS-2914609-354,,,,"H. Mooers on June 3, 1982",H. Mooers,"June 3, 1982",N,N
ITAS-2914610-355,,,,"H. Mooers on June 2, 1982",H. Mooers,"June 2, 1982",N,N
ITAS-2914611-356,,,,"H. Mooers on June 3, 1982",H. Mooers,"June 3, 1982",N,N
ITAS-2914619-349,,,,"H. Mooers on June 3, 1982",H. Mooers,"June 3, 1982",N,N
ITAS-2914629-350,,,,"H. Mooers on June 3, 1982",H. Mooers,"June 3, 1982",N,N
ITAS-2914728-353,,,,"H. Mooers on June 3, 1982",H. Mooers,"June 3, 1982",N,N
ITAS-2914801-375,,,,"H. Mooers and S. Nelson on June 4, 1982",H. Mooers and S. Nelson,"June 4, 1982",N,N
ITAS-2914820-360,,,,"H. Mooers on June 3, 1982",H. Mooers,"June 3, 1982",N,N
ITAS-2914821-361,,,,"H. Mooers on June 3, 1982",H. Mooers,"June 3, 1982",N,N
ITAS-2914821-363,,,,"H. Mooers on June 3, 1982",H. Mooers,"June 3, 1982",N,N
ITAS-2914827-364,,0-120cm peat moisture is wetter than normal,,"H. Mooers on June 3, 1982",H. Mooers,"June 3, 1982",N,N
ITAS-2914828-362,,,,"H. Mooers on June 3, 1982",H. Mooers,"June 3, 1982",N,N
ITAS-2914926-373,,,,"H. Mooers and S. Nelson on June 4, 1982",H. Mooers and S. Nelson,"June 4, 1982",N,N
KANA-2404203-3,,,,"C. Buttleman and S. Nelson on November 2, 1983",C. Buttleman and S. Nelson,"November 2, 1983",N,N
KANA-2404203-4,,0-183cm and 244-518cm peat moisture wetter than normal,,"S. Nelson and C. Buttleman on November 2, 1983",S. Nelson and C. Buttleman,"November 2, 1983",N,N
KANA-2404203-5,,,,"S. Nelson and C. Buttleman on November 2, 1983",S. Nelson and C. Buttleman,"November 2, 1983",N,N
KANA-2404203-6,,,,"S. Nelson and C. Buttleman on November 2, 1983",S. Nelson and C. Buttleman,"November 2, 1983",N,N
KANA-2404204-17,Site approximately 200 ft east from upland,,,"S. Nelson and C. Buttleman on November 3, 1983",S. Nelson and C. Buttleman,"November 3, 1983",N,N
KANA-2404204-18,Site approximately 500 ft due east from upland,,,"S. Nelson and C. Buttleman on November 3, 1983",S. Nelson and C. Buttleman,"November 3, 1983",N,N
KANA-2404210-1,Site approximately 100 ft from upland,,,"S. Nelson and C. Buttleman on November 2, 1983",S. Nelson and C. Buttleman,"November 2, 1983",N,N
KANA-2404210-2,,,,"C. Buttleman and S. Nelson on November 2, 1983",C. Buttleman and S. Nelson,"November 2, 1983",N,N
KANA-2404210-7,Site approximately 250 ft from upland,,,"C. Buttleman and S. Nelson on November 2, 1983",C. Buttleman and S. Nelson,"November 2, 1983",N,N
KANA-2404210-8,,,,"C. Buttleman and S. Nelson on November 2, 1983",C. Buttleman and S. Nelson,"November 2, 1983",N,N
KANA-2404216-10,Site approximately 150 ft south of upland,,,"C. Buttleman and S. Nelson on November 3, 1983",C. Buttleman and S. Nelson,"November 3, 1983",N,N
KANA-2404216-11,Site approximately 80 ft south of upland,,,"S. Nelson and C. Buttleman on November 3, 1983",S. Nelson and C. Buttleman,"November 3, 1983",N,N
KANA-2404216-12,Site approximately 30 ft south of upland,,,"S. Nelson and C. Buttleman on November 3, 1983",S. Nelson and C. Buttleman,"November 3, 1983",N,N
KANA-2404216-13,,,,"C. Buttleman and S. Nelson on November 3, 1983",C. Buttleman and S. Nelson,"November 3, 1983",N,N
KANA-2404216-14,,,,"S. Nelson and C. Buttleman on November 3, 1983",S. Nelson and C. Buttleman,"November 3, 1983",N,N
KANA-2404216-15,,,,"C. Buttleman and S. Nelson on November 3, 1983",C. Buttleman and S. Nelson,"November 3, 1983",N,N
KANA-2404216-16,,,,"S. Nelson and C. Buttleman on November 3, 1983",S. Nelson and C. Buttleman,"November 3, 1983",N,N
KANA-2404216-9,,,,"S. Nelson and C. Buttleman on November 3, 1983",S. Nelson and C. Buttleman,"November 3, 1983",Y,N
KITT-4516113-32,,,,"D. Mellem and A. Pascale on August 7, 1979",D. Mellem and A. Pascale,"August 7, 1979",N,N
KITT-4516113-33,,,,"D. Mellem and A. Pascale on August 7, 1979",D. Mellem and A. Pascale,"August 7, 1979",N,N
KITT-4516114-31,,,,"D. Mellem and A. Pascale on August 7, 1979",D. Mellem and A. Pascale,"August 7, 1979",N,N
KITT-4516114-34,,,,"D. Mellem and A. Pascale on August 7, 1979",D. Mellem and A. Pascale,"August 7, 1979",N,N
KITT-4516114-35,,,,"D. Mellem and A. Pascale on August 7, 1979",D. Mellem and A. Pascale,"August 7, 1979",N,N
KITT-4516115-36,,,,"D. Mellem and A. Pascale on August 7, 1979",D. Mellem and A. Pascale,"August 7, 1979",N,N
KITT-4516122-30,,,,"D. Mellem and A. Pascale on August 7, 1979",D. Mellem and A. Pascale,"August 7, 1979",N,N
KOOC-2206315-178,,,,"T. Malterer and B. Sethers on April 11, 1980",T. Malterer and B. Sethers,"April 11, 1980",N,N
KOOC-2206327-179,,,,"H. Malterer and B. Sethers on April 11, 1980",H. Malterer and B. Sethers,"April 11, 1980",N,N
KOOC-2206335-180,,,,"H. Moores and B. Sethers on April 11, 1980",H. Moores and B. Sethers,"April 11, 1980",N,N
KOOC-2206427-181,,,,"H. Mooers and B. Sethers on April 11, 1980",H. Mooers and B. Sethers,"April 11, 1980",N,N
KOOC-2206615-182,,,,"D. Haverkost on November 25, 1979",D. Haverkost,"November 25, 1979",N,N
KOOC-2206618-183,,,,"D. Mellum on November 28, 1979",D. Mellum,"November 28, 1979",N,N
KOOC-2206704-184,,,,"D. Haverkost and H. Mooers on May 19, 1980",D. Haverkost and H. Mooers,"May 19, 1980",N,N
KOOC-2206704-185,,,,"D. Haverkost and H. Mooers on May 19, 1980",D. Haverkost and H. Mooers,"May 19, 1980",N,N
KOOC-2206705-186,,,,"D. Haverkost and D. Mellum on May 19, 1980",D. Haverkost and D. Mellum,"May 19, 1980",N,N
KOOC-2206705-187,,,,"D. Haverkost and H. Mooers on May 19, 1980",D. Haverkost and H. Mooers,"May 19, 1980",N,N
KOOC-2206709-188,,,,"H. Mooers and D. Haverkost on May 14, 1980",H. Mooers and D. Haverkost,"May 14, 1980",N,N
KOOC-2206709-189,,,,"D. Haverkost and H. Mooers on May 14, 1980",D. Haverkost and H. Mooers,"May 14, 1980",N,N
KOOC-2206709-190,,,,"H. Mooers and D. Haverkost on May 15, 1980",H. Mooers and D. Haverkost,"May 15, 1980",N,N
KOOC-2206709-191,,,,"D. Haverkost and H. Mooers on May 15, 1980",D. Haverkost and H. Mooers,"May 15, 1980",N,N
KOOC-2206709-192,,,,"D. Haverkost and H. Mooers on May 15, 1980",D. Haverkost and H. Mooers,"May 15, 1980",N,N
KOOC-2206709-193,Small layer (4cm) of H3 at 12 feet,,,"H. Mooers and D. Haverkost on May 15, 1980",H. Mooers and D. Haverkost,"May 15, 1980",N,N
KOOC-2206709-194,,,,"D. Haverkost and H. Mooers on May 15, 1980",D. Haverkost and H. Mooers,"May 15, 1980",N,N
KOOC-2206709-195,Site in area next to creek,,,"D. Haverkost and H. Mooers on May 19, 1980",D. Haverkost and H. Mooers,"May 19, 1980",N,N
KOOC-2206709-196,,,,"D. Haverkost and H. Mooers on May 15, 1980",D. Haverkost and H. Mooers,"May 15, 1980",N,N
KOOC-2206709-197,Site 100ft from tall stand of aspen,,,"D. Haverkost and H. Mooers on May 15, 1980",D. Haverkost and H. Mooers,"May 15, 1980",N,N
KOOC-2206709-198,,,,"D. Haverkost on November 28, 1979",D. Haverkost,"November 28, 1979",N,N
KOOC-2206709-631,,,,"D. Haverkost and H. Mooers on May 14, 1980",D. Haverkost and H. Mooers,"May 14, 1980",Y,Y
KOOC-2206711-199,,,,"D. Haverkost and H. Mooers on May 14, 1980",D. Haverkost and H. Mooers,"May 14, 1980",N,N
KOOC-2206802-10,Site 50 from mineral land,,,"D. Riihiluoma on May 16, 1984",D. Riihiluoma,"May 16, 1984",N,N
KOOC-2206802-5,Lignid is very dominant in the 0-120cm range,,,"D. Riihiluoma on May 16, 1984",D. Riihiluoma,"May 16, 1984",N,N
KOOC-2206802-6,Lignid is very dominant in the 0-240cm range,,,"D. Riihiluoma on May 16, 1984",D. Riihiluoma,"May 16, 1984",N,N
KOOC-2206802-7,,,,"D. Riihiluoma on May 16, 1984",D. Riihiluoma,"May 16, 1984",N,N
KOOC-2206802-8,,,,"D. Riihiluoma on May 16, 1984",D. Riihiluoma,"May 16, 1984",N,N
KOOC-2206802-9,Lignid is very dominant in the 0-90cm range,,,"D. Riihiluoma on May 16, 1984",D. Riihiluoma,"May 16, 1984",N,N
KOOC-2206805-200,,,,"D. Haverkost on November 27, 1979",D. Haverkost,"November 27, 1979",N,N
KOOC-2206807-201,,,,"D. Mellum on November 27, 1979",D. Mellum,"November 27, 1979",N,N
KOOC-2206811-202,,,,"D. Mellum on November 27, 1979",D. Mellum,"November 27, 1979",N,N
KOOC-2206904-203,,,,"H. Mooers and B. Sethers on March 20, 1980",H. Mooers and B. Sethers,"March 20, 1980",N,N
KOOC-2206905-204,,,,"D. Haverkost on November 27, 1979",D. Haverkost,"November 27, 1979",N,N
KOOC-2206905-27,,,,"S. Nelson, L. Severson, and T. Malterer on April 1, 1980","S. Nelson, L. Severson, and T. Malterer","April 1, 1980",Y,Y
KOOC-2206907-205,,,,"D. Mellum on November 27, 1979",D. Mellum,"November 27, 1979",N,N
KOOC-2206907-206,,,,"H. Malterer, B. Sethers, and S. Nelson on March 20, 1980","H. Malterer, B. Sethers, and S. Nelson","March 20, 1980",N,N
KOOC-2206908-2,,,,"H. Mooers, D. Haverkost, and S. Nelson on March 18, 1980","H. Mooers, D. Haverkost, and S. Nelson","March 18, 1980",Y,Y
KOOC-2206908-207,,,,"B. Sethers and T. Deering on March 14, 1980",B. Sethers and T. Deering,"March 14, 1980",N,N
KOOC-2206909-208,,,,"D. Haverkost and H. Mooers on March 14, 1980",D. Haverkost and H. Mooers,"March 14, 1980",N,N
KOOC-2206909-209,,,,"D. Haverkost on November 27, 1979",D. Haverkost,"November 27, 1979",N,N
KOOC-2206909-210,,,,"D. Haverkost, B. Sethers, S. Nelson, and H. Mooers on March 17, 1980","D. Haverkost, B. Sethers, S. Nelson, and H. Mooers","March 17, 1980",N,N
KOOC-2206909-211,,,,"B. Sethers, L. Severson, and S. Nelson on April 2, 1980","B. Sethers, L. Severson, and S. Nelson","April 2, 1980",N,N
KOOC-2206909-4,,,,"D. Haverkost and S. Nelson on March 17, 1980",D. Haverkost and S. Nelson,"March 17, 1980",Y,Y
KOOC-2206910-212,,,,"H. Malterer, T. Deering, B. Sethers, and D. Haverkost on March 14, 1980","H. Malterer, T. Deering, B. Sethers, and D. Haverkost","March 14, 1980",N,N
KOOC-2206910-6,,,,"L. Severson, B. Sethers, and S. Nelson on April 2, 1980","L. Severson, B. Sethers, and S. Nelson","April 2, 1980",Y,Y
KOOC-2206917-213,,,,"D. Haverkost on November 27, 1979",D. Haverkost,"November 27, 1979",N,N
KOOC-2207019-214,,,,"D. Mellum on November 27, 1979",D. Mellum,"November 27, 1979",N,N
KOOC-2207020-215,,,,"D. Mellum on November 27, 1979",D. Mellum,"November 27, 1979",N,N
KOOC-2207032-13,,,,"S. Nelson, L. Severson, and T. Malterer on April 1, 1980","S. Nelson, L. Severson, and T. Malterer","April 1, 1980",Y,Y
KOOC-2207032-216,,,,"D. Haverkost on November 27, 1979",D. Haverkost,"November 27, 1979",N,N
KOOC-2207032-217,,,,"H. Malterer, B. Sethers, and S. Nelson on March 20, 1980","H. Malterer, B. Sethers, and S. Nelson","March 20, 1980",N,N
KOOC-2207033-218,,,,"D. Mellum on November 27, 1979",D. Mellum,"November 27, 1979",N,N
KOOC-2306304-219,,,,"H. Malterer and B. Sethers on April 11, 1980",H. Malterer and B. Sethers,"April 11, 1980",N,N
KOOC-2306311-220,,,,"H. Mooers and B. Sethers on April 11, 1980",H. Mooers and B. Sethers,"April 11, 1980",N,N
KOOC-2306314-221,,,,"H. Mooers and B. Sethers on April 11, 1980",H. Mooers and B. Sethers,"April 11, 1980",N,N
KOOC-2306317-222,,,,"H. Malterer and B. Sethers on April 11, 1981",H. Malterer and B. Sethers,"April 11, 1981",N,N
KOOC-2306317-648,,,,"D. Haverkost and H. Mooers on May 21, 1980",D. Haverkost and H. Mooers,"May 21, 1980",Y,Y
KOOC-2306318-223,,,,"D. Haverkost and H. Mooers on May 20, 1980",D. Haverkost and H. Mooers,"May 20, 1980",N,N
KOOC-2306321-224,,,,"D. Haverkost and H. Mooers on May 20, 1980",D. Haverkost and H. Mooers,"May 20, 1980",N,N
KOOC-2306334-225,,,,"H. Mooers and D. Haverkost on May 20, 1980",H. Mooers and D. Haverkost,"May 20, 1980",N,N
KOOC-2306429-226,,,,"H. Mooers and B. Sethers on April 11, 1980",H. Mooers and B. Sethers,"April 11, 1980",N,N
KOOC-2306434-227,,,,"H. Mooers and B. Sethers on April 11, 1980",H. Mooers and B. Sethers,"April 11, 1980",N,N
KOOC-2306607-228,,,,"D. Mellum on November 28, 1979",D. Mellum,"November 28, 1979",N,N
KOOC-2306620-229,,,,"D. Haverkost on November 28, 1979",D. Haverkost,"November 28, 1979",N,N
KOOC-2306625-230,,,,"D. Haverkost on November 28, 1979",D. Haverkost,"November 28, 1979",N,N
KOOC-2306728-231,,,,"D. Haverkost on November 28, 1979",D. Haverkost,"November 28, 1979",N,N
KOOC-2306804-1,,,,"R. Riihiluoma on May 16, 1984",R. Riihiluoma,"May 16, 1984",N,N
KOOC-2306804-2,,,,"D. Riihiluoma on May 16, 1984",D. Riihiluoma,"May 16, 1984",N,N
KOOC-2306804-3,High ground with some lower swampy areas,,,"D. Riihiluoma on May 16, 1984",D. Riihiluoma,"May 16, 1984",N,N
KOOC-2306804-4,,,,"D. Riihiluoma on May 16, 1984",D. Riihiluoma,"May 16, 1984",N,N
KOOC-2306919-232,,,,"D. Haverkost on November 27, 1979",D. Haverkost,"November 27, 1979",N,N
KOOC-2306921-P-9,Fair to poor horticultural quality,,,"M. Oberhelman and D. Riihiluoma on April 11, 1988",M. Oberhelman and D. Riihiluoma,"April 11, 1988",N,N
KOOC-2306928-233,,,,"D. Haverkost on November 27, 1979",D. Haverkost,"November 27, 1979",N,N
KOOC-2306928-P-1,Mixed decomposition values; fair horticultural quality,,,"M. Oberhelman and D. Riihiluoma on April 11, 1988",M. Oberhelman and D. Riihiluoma,"April 11, 1988",N,N
KOOC-2306928-P-10,Good to fair horticultural peat,,,"M. Oberhelman and D. Riihiluoma on July 20, 1988",M. Oberhelman and D. Riihiluoma,"July 20, 1988",N,N
KOOC-2306928-P-11,Below 70cm non-horticultural peat,,,"M. Oberhelman and D. Riihiluoma on July 20, 1988",M. Oberhelman and D. Riihiluoma,"July 20, 1988",N,N
KOOC-2306928-P-12,Fair horticultural peat to 170cm,,,"M. Oberhelman and D. Riihiluoma on July 20, 1988",M. Oberhelman and D. Riihiluoma,"July 20, 1988",N,N
KOOC-2306928-P-13,Generally fair horticultural peat,,,"M. Oberhelman and D. Riihiluoma on July 20, 1988",M. Oberhelman and D. Riihiluoma,"July 20, 1988",N,N
KOOC-2306928-P-14,Fair horticultural peat,,,"M. Oberhelman and D. Riihiluoma on July 20, 1988",M. Oberhelman and D. Riihiluoma,"July 20, 1988",N,N
KOOC-2306928-P-15,Below 100cm non-horticultural peat; hit stump at 100cm,,,"M. Oberhelman and D. Riihiluoma on July 20, 1988",M. Oberhelman and D. Riihiluoma,"July 20, 1988",N,N
KOOC-2306928-P-16,"Fair horticultural peat; hit stumps at 90, 120, & 150cm",,,"M. Oberhelman and D. Riihiluoma on July 20, 1988",M. Oberhelman and D. Riihiluoma,"July 20, 1988",N,N
KOOC-2306928-P-17,"Non-horticultural peat; hit stumps at 60, 100, & 120cm",,,"M. Oberhelman and D. Riihiluoma on July 20, 1988",M. Oberhelman and D. Riihiluoma,"July 20, 1988",N,N
KOOC-2306928-P-2,Generally fair horticultural quality from 0-145 cm; good quality from 145-200 cm,,,"M. Oberhelman and D. Riihiluoma on April 11, 1988",M. Oberhelman and D. Riihiluoma,"April 11, 1988",N,N
KOOC-2306928-P-3,Generally fair horticultural quality from 0-118 cm; good quality from 118-200 cm,,,"M. Oberhelman and D. Riihiluoma on April 11, 1988",M. Oberhelman and D. Riihiluoma,"April 11, 1988",N,N
KOOC-2306928-P-4,Generally fair horticultural quality from 0-105 cm; 105-200 cm good quality,,,"M. Oberhelman and D. Riihiluoma on April 11, 1988",M. Oberhelman and D. Riihiluoma,"April 11, 1988",N,N
KOOC-2306928-P-5,Stump at 50 cm; generally good horticultural quality,,,"M. Oberhelman and D. Riihiluoma on April 11, 1988",M. Oberhelman and D. Riihiluoma,"April 11, 1988",N,N
KOOC-2306928-P-6,Generally fair to good horticultural quality,,,"M. Oberhelman and D. Riihiluoma on April 11, 1988",M. Oberhelman and D. Riihiluoma,"April 11, 1988",N,N
KOOC-2306928-P-7,"Stump at 100 cm; generally fair horticultural quality from 0-130 cm, 130-200 cm good quality",,,"M. Oberhelman and D. Riihiluoma on April 11, 1988",M. Oberhelman and D. Riihiluoma,"April 11, 1988",N,N
KOOC-2306928-P-8,Mixed decomposition values; overall fair horticultural quality,,,"M. Oberhelman and D. Riihiluoma on April 11, 1988",M. Oberhelman and D. Riihiluoma,"April 11, 1988",N,N
KOOC-2306929-234,,,,"D. Haverkost on November 27, 1979",D. Haverkost,"November 27, 1979",N,N
KOOC-2307003-235,,,,"D. Mellum on November 27, 1979",D. Mellum,"November 27, 1979",N,N
KOOC-2307004-2,Hit many stumps in profile,,,"D. Riihiluoma and M. Oberhelman on April 16, 1986",D. Riihiluoma and M. Oberhelman,"April 16, 1986",N,N
KOOC-2307005-236,,,,"D. Haverkost on November 27, 1979",D. Haverkost,"November 27, 1979",N,N
KOOC-2307006-1,Hit stumps at 20cm & 50cm; 280cm-350cm peat is crumbly,,,"D. Riihiluoma and M. Oberhelman on April 16, 1986",D. Riihiluoma and M. Oberhelman,"April 16, 1986",Y,N
KOOC-2307006-1A,Proximate and ultimate analyses performed by Lerch Brothers Inc.,,,"D. Mellum and T. Malterer on June 2, 1978",D. Mellum and T. Malterer,"June 2, 1978",Y,Y
KOOC-2307006-2,,,,"D. Mellum and T. Malterer on June 2, 1978",D. Mellum and T. Malterer,"June 2, 1978",Y,N
KOOC-2307006-3,,,,"T. Malterer and D. Mellum on June 2, 1978",T. Malterer and D. Mellum,"June 2, 1978",Y,N
KOOC-2307009-237,,,,"D. Haverkost on November 27, 1979",D. Haverkost,"November 27, 1979",N,N
KOOC-2307010-238,,,,"D. Mellum on November 27, 1979",D. Mellum,"November 27, 1979",N,N
KOOC-2307014-239,,,,"D. Mellum on November 27, 1979",D. Mellum,"November 27, 1979",N,N
KOOC-2307015-240,,,,"D. Haverkost on November 27, 1979",D. Haverkost,"November 27, 1979",N,N
KOOC-2307015-241,,,,"D. Mellum on November 27, 1979",D. Mellum,"November 27, 1979",N,N
KOOC-2307020-242,,,,"D. Mellum on November 27, 1979",D. Mellum,"November 27, 1979",N,N
KOOC-2307021-243,,,,"D. Mellum on November 27, 1979",D. Mellum,"November 27, 1979",N,N
KOOC-2307022-244,,,,"D. Haverkost on November 27, 1979",D. Haverkost,"November 27, 1979",N,N
KOOC-2307025-245,,,,"D. Haverkost on November 27, 1979",D. Haverkost,"November 27, 1979",N,N
KOOC-2307029-246,,,,"D. Haverkost on November 27, 1979",D. Haverkost,"November 27, 1979",N,N
KOOC-2307033-247,,,,"D. Mellum on November 27, 1979",D. Mellum,"November 27, 1979",N,N
KOOC-2406313-248,,,,"D. Haverkost and H. Mooers on May 20, 1980",D. Haverkost and H. Mooers,"May 20, 1980",N,N
KOOC-2406314-249,,,,"D. Haverkost and H. Mooers on May 20, 1980",D. Haverkost and H. Mooers,"May 20, 1980",N,N
KOOC-2406318-652,,,,"D. Haverkost and H. Mooers on May 20, 1980",D. Haverkost and H. Mooers,"May 20, 1980",Y,Y
KOOC-2406326-250,,,,"H. Mooers and B. Sethers on April 11, 1988",H. Mooers and B. Sethers,"April 11, 1988",N,N
KOOC-2406327-251,,,,"H. Mooers and B. Sethers on April 11, 1980",H. Mooers and B. Sethers,"April 11, 1980",N,N
KOOC-2406328-252,,,,"H. Mooers and B. Sethers on April 11, 1980",H. Mooers and B. Sethers,"April 11, 1980",N,N
KOOC-2406328-655,,,,"H. Mooers and D. Haverkost on May 21, 1980",H. Mooers and D. Haverkost,"May 21, 1980",Y,Y
KOOC-2406531-253,,,,"H. Mooers and B. Sethers on April 11, 1980",H. Mooers and B. Sethers,"April 11, 1980",N,N
KOOC-2406531-254,,,,"H. Mooers and B. Sethers on April 11, 1980",H. Mooers and B. Sethers,"April 11, 1980",N,N
KOOC-2406603-255,,,,"D. Mellum on November 28, 1977",D. Mellum,"November 28, 1977",N,N
KOOC-2406605-256,,,,"D. Haverkost on November 28, 1979",D. Haverkost,"November 28, 1979",N,N
KOOC-2406611-257,,,,"D. Mellum on November 28, 1979",D. Mellum,"November 28, 1979",N,N
KOOC-2406613-258,,,,"D. Mellum on November 28, 1979",D. Mellum,"November 28, 1979",N,N
KOOC-2406616-259,,,,"D. Haverkost on November 28, 1979",D. Haverkost,"November 28, 1979",N,N
KOOC-2406620-260,,,,"D. Haverkost on November 28, 1979",D. Haverkost,"November 28, 1979",N,N
KOOC-2406628-261,,,,"D. Mellum on November 28, 1979",D. Mellum,"November 28, 1979",N,N
KOOC-2406712-262,,,,"D. Mellum on November 28, 1979",D. Mellum,"November 28, 1979",N,N
KOOC-2406719-263,,,,"D. Mellum on November 28, 1979",D. Mellum,"November 28, 1979",N,N
KOOC-2406804-264,,,,"D. Olson on November 16, 1979",D. Olson,"November 16, 1979",N,N
KOOC-2406806-265,,,,"D. Mellum and D. Haverkost on November 16, 1979",D. Mellum and D. Haverkost,"November 16, 1979",N,N
KOOC-2406835-266,,,,"D. Haverkost on November 28, 1979",D. Haverkost,"November 28, 1979",N,N
KOOC-2406908-267,,,,"D. Olson on November 16, 1979",D. Olson,"November 16, 1979",N,N
KOOC-2406912-268,,,,"D. Haverkost on November 27, 1979",D. Haverkost,"November 27, 1979",N,N
KOOC-2406913-269,,,,"D. Mellum on November 27, 1979",D. Mellum,"November 27, 1979",N,N
KOOC-2406914-270,,,,"D. Mellum on November 27, 1979",D. Mellum,"November 27, 1979",N,N
KOOC-2406919-271,,,,"D. Mellum and D. Haverkost on November 16, 1979",D. Mellum and D. Haverkost,"November 16, 1979",N,N
KOOC-2406921-272,,,,"D. Mellum and D. Haverkost on November 16, 1979",D. Mellum and D. Haverkost,"November 16, 1979",N,N
KOOC-2406921-273,,,,"D. Olson on November 16, 1979",D. Olson,"November 16, 1979",N,N
KOOC-2406925-274,,,,"D. Mellum on November 27, 1979",D. Mellum,"November 27, 1979",N,N
KOOC-2406927-275,,,,"D. Olson on November 16, 1979",D. Olson,"November 16, 1979",N,N
KOOC-2406931-276,,,,"D. Mellum and D. Haverkost on November 16, 1979",D. Mellum and D. Haverkost,"November 16, 1979",N,N
KOOC-2406933-277,,,,"D. Mellum and D. Haverkost on November 16, 1979",D. Mellum and D. Haverkost,"November 16, 1979",N,N
KOOC-2406936-278,,,,"D. Mellum on November 29, 1979",D. Mellum,"November 29, 1979",N,N
KOOC-2407013-279,,,,"D. Haverkost on November 27, 1979",D. Haverkost,"November 27, 1979",N,N
KOOC-2407013-W-3,Hit stump at 70cm,,International Falls Bog,"S. Nelson and P. Geiselman on April 16, 1986",S. Nelson and P. Geiselman,"April 16, 1986",N,N
KOOC-2407022-280,,,,"D. Haverkost on November 27, 1979",D. Haverkost,"November 27, 1979",N,N
KOOC-2407022-N-24,Hit stump at 60cm,,Nakoda Bog,"D. Riihiluoma and M. Oberhelman on April 16, 1986",D. Riihiluoma and M. Oberhelman,"April 16, 1986",N,N
KOOC-2407022-N-25,Hit stumps at 60cm & 100cm,,Nakoda Bog,"D. Riihiluoma and M. Oberhelman on April 16, 1986",D. Riihiluoma and M. Oberhelman,"April 16, 1986",N,N
KOOC-2407022-O-1,Generally from 0-115 cm fair horticultural quality,,,"M. Oberhelman and D. Riihiluoma on April 25, 1988",M. Oberhelman and D. Riihiluoma,"April 25, 1988",N,N
KOOC-2407022-O-10,"Very good horticultural quality; hit stumps at 30, 50, and 140 cm",,,"M. Oberhelman and D. Riihiluoma on April 25, 1988",M. Oberhelman and D. Riihiluoma,"April 25, 1988",N,N
KOOC-2407022-O-11,Fair to good horticultural quality,,,"M. Oberhelman and D. Riihiluoma on April 25, 1988",M. Oberhelman and D. Riihiluoma,"April 25, 1988",N,N
KOOC-2407022-O-12,Poor horticultural quality,,,"M. Oberhelman and D. Riihiluoma on April 25, 1988",M. Oberhelman and D. Riihiluoma,"April 25, 1988",N,N
KOOC-2407022-O-13,Poor to non-horticultural quality; hit stump at 60 cm,,,"M. Oberhelman and D. Riihiluoma on April 25, 1988",M. Oberhelman and D. Riihiluoma,"April 25, 1988",N,N
KOOC-2407022-O-14,Fair horticultural quality,,,"M. Oberhelman and D. Riihiluoma on April 25, 1988",M. Oberhelman and D. Riihiluoma,"April 25, 1988",N,N
KOOC-2407022-O-15,Fair to poor horticultural quality; hit stump at 50 cm and 100 cm,,,"M. Oberhelman and D. Riihiluoma on April 25, 1988",M. Oberhelman and D. Riihiluoma,"April 25, 1988",N,N
KOOC-2407022-O-16,Non-horticultural quality peat,,,"M. Oberhelman and D. Riihiluoma on July 27, 1988",M. Oberhelman and D. Riihiluoma,"July 27, 1988",N,N
KOOC-2407022-O-17,Generally fair to poor horticultural peat to 140cm (mixed layers),,,"M. Oberhelman and D. Riihiluoma on July 27, 1988",M. Oberhelman and D. Riihiluoma,"July 27, 1988",N,N
KOOC-2407022-O-18,Non-horticultural quality peat,,,"M. Oberhelman and D. Riihiluoma on July 27, 1988",M. Oberhelman and D. Riihiluoma,"July 27, 1988",N,N
KOOC-2407022-O-19,Non-horticultural quality peat below 68cm,,,"M. Oberhelman and D. Riihiluoma on July 27, 1988",M. Oberhelman and D. Riihiluoma,"July 27, 1988",N,N
KOOC-2407022-O-2,Fair to good horticultural quality,,,"M. Oberhelman and D. Riihiluoma on April 25, 1988",M. Oberhelman and D. Riihiluoma,"April 25, 1988",N,N
KOOC-2407022-O-20,Generally fair quality horticultural peat; hit stump at 100cm,,,"M. Oberhelman and D. Riihiluoma on July 27, 1988",M. Oberhelman and D. Riihiluoma,"July 27, 1988",N,N
KOOC-2407022-O-21,Non-horticultural quality peat,,,"M. Oberhelman and D. Riihiluoma on July 27, 1988",M. Oberhelman and D. Riihiluoma,"July 27, 1988",N,N
KOOC-2407022-O-22,Generally non-horticultural quality peat,,,"M. Oberhelman and D. Riihiluoma on July 27, 1988",M. Oberhelman and D. Riihiluoma,"July 27, 1988",N,N
KOOC-2407022-O-3,Generally good horticultural quality from 73-165 cm,,,"M. Oberhelman and D. Riihiluoma on April 25, 1988",M. Oberhelman and D. Riihiluoma,"April 25, 1988",N,N
KOOC-2407022-O-4,Fair to good horticultural quality,,,"M. Oberhelman and D. Riihiluoma on April 25, 1988",M. Oberhelman and D. Riihiluoma,"April 25, 1988",N,N
KOOC-2407022-O-5,Fair to poor horticultural quality,,,"M. Oberhelman and D. Riihiluoma on April 25, 1988",M. Oberhelman and D. Riihiluoma,"April 25, 1988",N,N
KOOC-2407022-O-6,Fair to good horticultural quality; hit stump at 70 cm,,,"M. Oberhelman and D. Riihiluoma on April 25, 1988",M. Oberhelman and D. Riihiluoma,"April 25, 1988",N,N
KOOC-2407022-O-7,Fair to poor horticultural quality,,,"M. Oberhelman and D. Riihiluoma on April 25, 1988",M. Oberhelman and D. Riihiluoma,"April 25, 1988",N,N
KOOC-2407022-O-8,Poor to non-horticultural quality,,,"M. Oberhelman and D. Riihiluoma on April 25, 1988",M. Oberhelman and D. Riihiluoma,"April 25, 1988",N,N
KOOC-2407022-O-9,Below 80 cm very good horticultural quality; hit stump at 50cm and 70 cm,,,"M. Oberhelman and D. Riihiluoma on April 25, 1988",M. Oberhelman and D. Riihiluoma,"April 25, 1988",N,N
KOOC-2407024-W-1,,,International Falls Bog,"S. Nelson and P. Geiselman on April 16, 1986",S. Nelson and P. Geiselman,"April 16, 1986",N,N
KOOC-2407024-W-2,,,International Falls Bog,"S. Nelson and P. Geiselman on April 16, 1986",S. Nelson and P. Geiselman,"April 16, 1986",Y,N
KOOC-2407024-W-4,Hit stump at 60cm,,International Falls Bog,"S. Nelson and P. Geiselman on April 16, 1986",S. Nelson and P. Geiselman,"April 16, 1986",N,N
KOOC-2407028-281,,,,"D. Mellum on November 27, 1979",D. Mellum,"November 27, 1979",N,N
KOOC-2407032-282,,,,"D. Haverkost on November 27, 1979",D. Haverkost,"November 27, 1979",N,N
KOOC-2506310-283,,,,"H. Mooers and B. Sethers on April 11, 1980",H. Mooers and B. Sethers,"April 11, 1980",N,N
KOOC-2506318-284,,,,"D. Haverkost and H. Mooers on May 20, 1980",D. Haverkost and H. Mooers,"May 20, 1980",N,N
KOOC-2506402-285,,,,"H. Mooers and B. Sethers on April 11, 1980",H. Mooers and B. Sethers,"April 11, 1980",N,N
KOOC-2506408-286,,,,,,,N,N
KOOC-2506409-287,,,,"H. Mooers and B. Sethers on June 10, 1980",H. Mooers and B. Sethers,"June 10, 1980",N,N
KOOC-2506411-288,,,,"H. Mooers and B. Sethers on April 10, 1980",H. Mooers and B. Sethers,"April 10, 1980",N,N
KOOC-2506412-290,,,,"H. Mooers and B. Sethers on April 11, 1980",H. Mooers and B. Sethers,"April 11, 1980",N,N
KOOC-2506418-291,,,,"H. Mooers and B. Sethers on April 10, 1980",H. Mooers and B. Sethers,"April 10, 1980",N,N
KOOC-2506431-292,,,,"H. Mooers and B. Sethers on November 11, 1980",H. Mooers and B. Sethers,"November 11, 1980",N,N
KOOC-2506502-293,,,,"D. Haverkost on November 28, 1979",D. Haverkost,"November 28, 1979",N,N
KOOC-2506502-J-1,Generally decomposition values greater than H4+,,Porter Ridge Bog,"M. Oberhelman and D. Riihiluoma on April 12, 1988",M. Oberhelman and D. Riihiluoma,"April 12, 1988",N,N
KOOC-2506502-J-2,Majority of peat H4+ or greater,,Porter Ridge Bog,"M. Oberhelman and D. Riihiluoma on April 12, 1988",M. Oberhelman and D. Riihiluoma,"April 12, 1988",N,N
KOOC-2506503-J-13,Very mixed H values; 0-140 cm overall poor to non-horticultural quality,,Porter Ridge Bog,"M. Oberhelman and D. Riihiluoma on April 13, 1988",M. Oberhelman and D. Riihiluoma,"April 13, 1988",N,N
KOOC-2506503-J-14,Very mixed H values; overall poor to non-horticultural quality,,Porter Ridge Bog,"M. Oberhelman and D. Riihiluoma on April 13, 1988",M. Oberhelman and D. Riihiluoma,"April 13, 1988",N,N
KOOC-2506503-J-15,Poor to non-horticultural quality; resampled within 10m of site and observed a few more zones of H3 sphagnum peat,,Porter Ridge Bog,"M. Oberhelman and D. Riihiluoma on April 13, 1988",M. Oberhelman and D. Riihiluoma,"April 13, 1988",N,N
KOOC-2506503-J-16,Very mixed H values; overall poor horticultural quality,,Porter Ridge Bog,"M. Oberhelman and D. Riihiluoma on April 13, 1988",M. Oberhelman and D. Riihiluoma,"April 13, 1988",N,N
KOOC-2506503-J-17,Mixed H values; below 128 cm H value is greater than H5/H6,,Porter Ridge Bog,"M. Oberhelman and D. Riihiluoma on April 13, 1988",M. Oberhelman and D. Riihiluoma,"April 13, 1988",N,N
KOOC-2506503-J-3,Generally 0-125 cm fair horticultural quality; below 125 cm H5 or greater,,Porter Ridge Bog,"M. Oberhelman and D. Riihiluoma on April 12, 1988",M. Oberhelman and D. Riihiluoma,"April 12, 1988",N,N
KOOC-2506503-J-4,48-140 cm fair to good horticultural quality,,Porter Ridge Bog,"M. Oberhelman and D. Riihiluoma on April 12, 1988",M. Oberhelman and D. Riihiluoma,"April 12, 1988",N,N
KOOC-2506503-J-5,Generally 0-140 cm good to fair horticultural quality; note limnic at 55-57 cm,,Porter Ridge Bog,"M. Oberhelman and D. Riihiluoma on April 12, 1988",M. Oberhelman and D. Riihiluoma,"April 12, 1988",N,N
KOOC-2506505-294,,,,"D. Haverkost on November 29, 1979",D. Haverkost,"November 29, 1979",N,N
KOOC-2506507-295,,,,"D. Haverkost on November 29, 1979",D. Haverkost,"November 29, 1979",N,N
KOOC-2506510-J-10,70-160 cm generally good horticultural quality,,Porter Ridge Bog,"M. Oberhelman and D. Riihiluoma on April 12, 1988",M. Oberhelman and D. Riihiluoma,"April 12, 1988",N,N
KOOC-2506510-J-11,0-140 cm generally good to fair horticultural quality,,Porter Ridge Bog,"M. Oberhelman and D. Riihiluoma on April 12, 1988",M. Oberhelman and D. Riihiluoma,"April 12, 1988",N,N
KOOC-2506510-J-12,0-115 cm generally fair horticultural quality; 115-200 cm H5 or greater,,Porter Ridge Bog,"M. Oberhelman and D. Riihiluoma on April 12, 1988",M. Oberhelman and D. Riihiluoma,"April 12, 1988",N,N
KOOC-2506510-J-18,Fair horticultural quality,,Porter Ridge Bog,"M. Oberhelman and D. Riihiluoma on April 12, 1988",M. Oberhelman and D. Riihiluoma,"April 12, 1988",N,N
KOOC-2506510-J-6,"0-175 cm H2-H4 sphagnum peat, except 75-110 cm which is H4+; overall fair to good horticultural quality",,Porter Ridge Bog,"M. Oberhelman and D. Riihiluoma on April 12, 1988",M. Oberhelman and D. Riihiluoma,"April 12, 1988",N,N
KOOC-2506510-J-7,Fair to good horticultural quality,,Porter Ridge Bog,"M. Oberhelman and D. Riihiluoma on April 12, 1988",M. Oberhelman and D. Riihiluoma,"April 12, 1988",N,N
KOOC-2506510-J-8,Fair to good horticultural quality 0-135 cm,,Porter Ridge Bog,"M. Oberhelman and D. Riihiluoma on April 12, 1988",M. Oberhelman and D. Riihiluoma,"April 12, 1988",N,N
KOOC-2506510-J-9,0-165 cm generally good horticultural quality,,Porter Ridge Bog,"M. Oberhelman and D. Riihiluoma on April 12, 1988",M. Oberhelman and D. Riihiluoma,"April 12, 1988",N,N
KOOC-2506527-296,,,,"H. Mooers and B. Sethers on April 10, 1980",H. Mooers and B. Sethers,"April 10, 1980",N,N
KOOC-2506532-297,,,,"H. Mooers and B. Sethers on April 10, 1980",H. Mooers and B. Sethers,"April 10, 1980",N,N
KOOC-2506535-298,,,,"H. Mooers and B. Sethers on April 10, 1980",H. Mooers and B. Sethers,"April 10, 1980",N,N
KOOC-2506606-299,,,,"D. Haverkost on November 29, 1979",D. Haverkost,"November 29, 1979",N,N
KOOC-2506608-300,,,,"D. Mellum on November 29, 1979",D. Mellum,"November 29, 1979",N,N
KOOC-2506609-301,,,,"D. Mellum on November 29, 1979",D. Mellum,"November 29, 1979",N,N
KOOC-2506609-302,,,,"D. Haverkost on November 29, 1979",D. Haverkost,"November 29, 1979",N,N
KOOC-2506621-303,,,,"D. Haverkost on November 29, 1979",D. Haverkost,"November 29, 1979",N,N
KOOC-2506629-304,,,,"D. Mellum on November 29, 1979",D. Mellum,"November 29, 1979",N,N
KOOC-2506629-N-10,Below 70cm H4/H5 or greater,,,"M. Oberhelman and D. Riihiluoma on May 6, 1988",M. Oberhelman and D. Riihiluoma,"May 6, 1988",N,N
KOOC-2506629-N-11,Generally non-horticultural quality peat; hit stump at 50cm,,,"M. Oberhelman and D. Riihiluoma on May 6, 1988",M. Oberhelman and D. Riihiluoma,"May 6, 1988",N,N
KOOC-2506631-305,,,,"D. Mellum on November 29, 1979",D. Mellum,"November 29, 1979",N,N
KOOC-2506631-N-6,Generally fair horticultural peat quality; hit stump at 100cm,,,"M. Oberhelman and D. Riihiluoma on May 6, 1988",M. Oberhelman and D. Riihiluoma,"May 6, 1988",N,N
KOOC-2506631-N-7,Generally fair to poor horticultural quality peat,,,"M. Oberhelman and D. Riihiluoma on May 6, 1988",M. Oberhelman and D. Riihiluoma,"May 6, 1988",N,N
KOOC-2506632-N-1,Generally poor to fair horticultural quality to 130cm,,,"M. Oberhelman and D. Riihiluoma on May 6, 1988",M. Oberhelman and D. Riihiluoma,"May 6, 1988",N,N
KOOC-2506632-N-2,Generally fair horticultural quality to 115cm,,,"M. Oberhelman and D. Riihiluoma on May 6, 1988",M. Oberhelman and D. Riihiluoma,"May 6, 1988",N,N
KOOC-2506632-N-3,Fair to good quality horticultural peat to 135cm,,,"M. Oberhelman and D. Riihiluoma on May 6, 1988",M. Oberhelman and D. Riihiluoma,"May 6, 1988",N,N
KOOC-2506632-N-4,Generally good horticultural peat to 165cm,,,"M. Oberhelman and D. Riihiluoma on May 6, 1988",M. Oberhelman and D. Riihiluoma,"May 6, 1988",N,N
KOOC-2506632-N-5,Generally fair to good horticultural quality peat,,,"M. Oberhelman and D. Riihiluoma on May 6, 1988",M. Oberhelman and D. Riihiluoma,"May 6, 1988",N,N
KOOC-2506632-N-8,Generally poor quality horticultural peat to 125cm,,,"M. Oberhelman and D. Riihiluoma on May 6, 1988",M. Oberhelman and D. Riihiluoma,"May 6, 1988",N,N
KOOC-2506632-N-9,Generally fair to good horticultural quality down to 135cm,,,"M. Oberhelman and D. Riihiluoma on May 6, 1988",M. Oberhelman and D. Riihiluoma,"May 6, 1988",N,N
KOOC-2506633-306,,,,"D. Mellum on November 28, 1979",D. Mellum,"November 28, 1979",N,N
KOOC-2506714-307,,,,"D. Mellum on November 29, 1979",D. Mellum,"November 29, 1979",N,N
KOOC-2506717-308,,,,"D. Haverkost on November 29, 1979",D. Haverkost,"November 29, 1979",N,N
KOOC-2506830-309,,,,"D. Mellum on October 28, 1977",D. Mellum,"October 28, 1977",N,N
KOOC-2506831-310,,,,"D. Mellum on October 28, 1977",D. Mellum,"October 28, 1977",N,N
KOOC-2506831-311,,,,"D. Mellum on October 28, 1977",D. Mellum,"October 28, 1977",N,N
KOOC-2506831-312,,,,"D. Mellum on October 28, 1977",D. Mellum,"October 28, 1977",N,N
KOOC-2506831-69,Munsell color chart used in original description,,,"D. Mellum on October 28, 1977",D. Mellum,"October 28, 1977",Y,N
KOOC-2506831-E-1,Generally poor quality horticultural peat,,,"M. Oberhelman and D. Riihiluoma on May 3, 1988",M. Oberhelman and D. Riihiluoma,"May 3, 1988",N,N
KOOC-2506831-E-15,Poor to non-horticultural quality peat,,,"M. Oberhelman and D. Riihiluoma on May 3, 1988",M. Oberhelman and D. Riihiluoma,"May 3, 1988",N,N
KOOC-2506831-E-16,Poor to non-horticultural quality peat,,,"M. Oberhelman and D. Riihiluoma on May 3, 1988",M. Oberhelman and D. Riihiluoma,"May 3, 1988",N,N
KOOC-2506831-E-17,Below 55cm non-horticultural quality peat,,,"M. Oberhelman and D. Riihiluoma on June 30, 1988",M. Oberhelman and D. Riihiluoma,"June 30, 1988",N,N
KOOC-2506831-E-18,Non-horticultural quality peat below 35cm,,,"M. Oberhelman and D. Riihiluoma on June 30, 1988",M. Oberhelman and D. Riihiluoma,"June 30, 1988",N,N
KOOC-2506831-E-2,Fair to poor quality horticultural peat; hit stump at 70cm and 100cm,,,"M. Oberhelman and D. Riihiluoma on May 3, 1988",M. Oberhelman and D. Riihiluoma,"May 3, 1988",N,N
KOOC-2506831-E-26,Fair to good quality horticultural peat,,,"M. Oberhelman and D. Riihiluoma on June 30, 1988",M. Oberhelman and D. Riihiluoma,"June 30, 1988",N,N
KOOC-2506831-E-27,Non-horticultural quality peat,,,"M. Oberhelman and D. Riihiluoma on June 30, 1988",M. Oberhelman and D. Riihiluoma,"June 30, 1988",N,N
KOOC-2506831-E-28,Non-horticultural quality peat,,,"M. Oberhelman and D. Riihiluoma on June 30, 1988",M. Oberhelman and D. Riihiluoma,"June 30, 1988",N,N
KOOC-2506831-E-3,Generally good quality horticultural peat from 0-200cm,,,"M. Oberhelman and D. Riihiluoma on May 3, 1988",M. Oberhelman and D. Riihiluoma,"May 3, 1988",N,N
KOOC-2506831-E-4,"Generally good quality horticultural peat 0-170cm; hit stumps at 40, 50, and 170cm",,,"M. Oberhelman and D. Riihiluoma on May 3, 1988",M. Oberhelman and D. Riihiluoma,"May 3, 1988",N,N
KOOC-2506832-313,,,,"D. Haverkost on November 29, 1979",D. Haverkost,"November 29, 1979",N,N
KOOC-2506902-314,,,,"D. Haverkost and N. Aaseng on November 16, 1979",D. Haverkost and N. Aaseng,"November 16, 1979",N,N
KOOC-2506903-315,,,,"D. Olson on November 16, 1979",D. Olson,"November 16, 1979",N,N
KOOC-2506903-N-5,Hit stumps at 70cm & 130cm; 190-200cm peat is dry and not good for producing sods,,Nakoda Bog,"S. Nelson and M. Oberhelman on April 8, 1986",S. Nelson and M. Oberhelman,"April 8, 1986",N,N
KOOC-2506903-N-6,Hit stump at 125cm,,Nakoda Bog,"S. Nelson and M. Oberhelman on April 8, 1986",S. Nelson and M. Oberhelman,"April 8, 1986",N,N
KOOC-2506904-316,,,,"D. Haverkost and N. Aaseng on November 16, 1979",D. Haverkost and N. Aaseng,"November 16, 1979",N,N
KOOC-2506910-317,,,,"D. Olson on November 16, 1979",D. Olson,"November 16, 1979",N,N
KOOC-2506910-L-9,"Hit stumps at 70cm, 100cm, 130cm",,,"D. Riihiluoma and M. Oberhelman on April 29, 1986",D. Riihiluoma and M. Oberhelman,"April 29, 1986",N,N
KOOC-2506910-N-12,Hit stumps at 110cm & 160cm,,Nakoda Bog,"S. Nelson and M. Oberhelman on April 10, 1986",S. Nelson and M. Oberhelman,"April 10, 1986",Y,N
KOOC-2506910-N-13,Hit stumps at 50cm & 210cm,,Nakoda Bog,"S. Nelson and M. Oberhelman on April 10, 1986",S. Nelson and M. Oberhelman,"April 10, 1986",Y,N
KOOC-2506910-N-28,,,Nakoda Bog,"M. Oberhelman and P. Geiselman on April 30, 1986",M. Oberhelman and P. Geiselman,"April 30, 1986",Y,N
KOOC-2506911-N-15,"Hit stumps at 25cm, 40cm, 70cm",,Nakoda Bog,"S. Nelson and M. Oberhelman on April 11, 1986",S. Nelson and M. Oberhelman,"April 11, 1986",Y,N
KOOC-2506911-N-16,Hit stumps at 75cm & 130cm,,Nakoda Bog,"S. Nelson and M. Oberhelman on April 11, 1986",S. Nelson and M. Oberhelman,"April 11, 1986",N,N
KOOC-2506911-N-2,Hit stump at 150cm,,Nakoda Bog,"S. Nelson and D. Olson on March 27, 1986",S. Nelson and D. Olson,"March 27, 1986",Y,N
KOOC-2506911-N-3,Hit stump at 40cm,,Nakoda Bog,"S. Nelson and D. Olson on March 27, 1986",S. Nelson and D. Olson,"March 27, 1986",Y,N
KOOC-2506911-N-4,Hit stump at 120cm,,Nakoda Bog,"S. Nelson and D. Olson on March 27, 1986",S. Nelson and D. Olson,"March 27, 1986",Y,N
KOOC-2506912-N-1,,,Nakoda Bog,"S. Nelson and D. Olson on March 27, 1986",S. Nelson and D. Olson,"March 27, 1986",N,N
KOOC-2506913-318,,,,"D. Mellum and D. Haverkost on November 16, 1979",D. Mellum and D. Haverkost,"November 16, 1979",N,N
KOOC-2506913-319,,,,"D. Haverkost and N. Aaseng on November 16, 1979",D. Haverkost and N. Aaseng,"November 16, 1979",N,N
KOOC-2506914-320,,,,"D. Haverkost and N. Aaseng on November 16, 1979",D. Haverkost and N. Aaseng,"November 16, 1979",N,N
KOOC-2506914-N-17,,,Nakoda Bog,"S. Nelson and D. Riihiluoma on April 17, 1986",S. Nelson and D. Riihiluoma,"April 17, 1986",Y,N
KOOC-2506914-N-18,Hit stump at 60cm,,Nakoda Bog,"S. Nelson and D. Riihiluoma on April 17, 1986",S. Nelson and D. Riihiluoma,"April 17, 1986",Y,N
KOOC-2506914-N-19,Hit stumps at 20cm and 75cm; BTU and sulfur analyses performed by DNR laboratory,,Nakoda Bog,"S. Nelson and D. Riihiluoma on April 17, 1986",S. Nelson and D. Riihiluoma,"April 17, 1986",Y,Y
KOOC-2506914-N-20,,,Nakoda Bog,"S. Nelson and D. Riihiluoma on April 17, 1986",S. Nelson and D. Riihiluoma,"April 17, 1986",Y,N
KOOC-2506915-N-11,BTU and sulfur analyses performed by DNR laboratory,,Nakoda Bog,"S. Nelson and M. Oberhelman on April 9, 1986",S. Nelson and M. Oberhelman,"April 9, 1986",Y,Y
KOOC-2506915-N-14,Hit stump at 150cm,,Nakoda Bog,"S. Nelson and M. Oberhelman on April 10, 1986",S. Nelson and M. Oberhelman,"April 10, 1986",Y,N
KOOC-2506915-N-27,Hit stump at 30cm,,Nakoda Bog,"M. Oberhelman and P. Geiselman on April 30, 1986",M. Oberhelman and P. Geiselman,"April 30, 1986",N,N
KOOC-2506915-N-30,,,Nakoda Bog,"S. Nelson and D. Riihiluoma on April 30, 1986",S. Nelson and D. Riihiluoma,"April 30, 1986",Y,N
KOOC-2506916-N-26,"Hit stumps at 30cm, 60cm, 100cm",,Nakoda Bog,"M. Oberhelman and P. Geiselman on April 30, 1986",M. Oberhelman and P. Geiselman,"April 30, 1986",Y,N
KOOC-2506916-N-29,BTU and sulfur analyses performed by DNR laboratory,,Nakoda Bog,"S. Nelson and D. Riihiluoma on April 30, 1986",S. Nelson and D. Riihiluoma,"April 30, 1986",Y,Y
KOOC-2506921-N-31,,,Nakoda Bog,"P. Geiselman and M. Oberhelman on May 1, 1986",P. Geiselman and M. Oberhelman,"May 1, 1986",N,N
KOOC-2506921-N-32,Hit stump at 50cm,,Nakoda Bog,"P. Geiselman and M. Oberhelman on May 1, 1986",P. Geiselman and M. Oberhelman,"May 1, 1986",N,N
KOOC-2506922-321,,,,"D. Olson on November 16, 1979",D. Olson,"November 16, 1979",N,N
KOOC-2506922-N-10,"Hit stumps at 70cm, 110cm",,Nakoda Bog,"S. Nelson and M. Oberhelman on April 9, 1986",S. Nelson and M. Oberhelman,"April 9, 1986",N,N
KOOC-2506922-N-9,"Hit many stumps throughout profile at 25cm, 75cm, 90cm, 105cm, 115cm, 160cm.  In general, peat has a dry rub, does not squeeze out, but has a lot of Dg, with few fibers remaining, except for the wood fragments.",,Nakoda Bog,"S. Nelson and M. Oberhelman on April 9, 1986",S. Nelson and M. Oberhelman,"April 9, 1986",Y,N
KOOC-2506923-323,,,,"On July 19, 1976",,"July 19, 1976",N,N
KOOC-2506923-324,,,,"On July 19, 1976",,"July 19, 1976",N,N
KOOC-2506923-325,,,,"On July 19, 1976",,"July 19, 1976",N,N
KOOC-2506924-326,,,,"D. Olson on November 16, 1979",D. Olson,"November 16, 1979",N,N
KOOC-2506926-327,,,,"On July 19, 1976",,"July 19, 1976",N,N
KOOC-2506927-N-7,"Hit stumps at 30cm, 100cm, 115cm, 135cm; 50-100cm not good for producing extruded peat sods",,Nakoda Bog,"S. Nelson and M. Oberhelman on April 9, 1986",S. Nelson and M. Oberhelman,"April 9, 1986",Y,N
KOOC-2506927-N-8,"Hit many stumps at 60cm, 100cm, 120cm;  Throughout profile peat is quite dry and does not squeeze out, but few fibers remain.  Not good for sod peat; good for milled except for high stump content.",,Nakoda Bog,"S. Nelson and M. Oberhelman on April 9, 1986",S. Nelson and M. Oberhelman,"April 9, 1986",N,N
KOOC-2506928-328,,,,"D. Haverkost and N. Aaseng on November 16, 1979",D. Haverkost and N. Aaseng,"November 16, 1979",N,N
KOOC-2506928-N-21,Hit stump at 90cm,,Nakoda Bog,"D. Riihiluoma and M. Oberhelman on April 18, 1986",D. Riihiluoma and M. Oberhelman,"April 18, 1986",N,N
KOOC-2506928-N-22,75-155cm peat will make a sod,,Nakoda Bog,"D. Riihiluoma and M. Oberhelman on April 18, 1986",D. Riihiluoma and M. Oberhelman,"April 18, 1986",N,N
KOOC-2506928-N-23,,,Nakoda Bog,"D. Riihiluoma and M. Oberhelman on April 16, 1986",D. Riihiluoma and M. Oberhelman,"April 16, 1986",N,N
KOOC-2506931-329,,,,"D. Mellum and D. Haverkost on November 16, 1979",D. Mellum and D. Haverkost,"November 16, 1979",N,N
KOOC-2506934-330,,,,"On July 19, 1976",,"July 19, 1976",N,N
KOOC-2506935-331,,,,"D. Olson on November 16, 1979",D. Olson,"November 16, 1979",N,N
KOOC-2507027-332,,,,"D. Olson on November 16, 1979",D. Olson,"November 16, 1979",N,N
KOOC-2515127-333,,,,"D. Mellum and D. Haverkost on December 10, 1979",D. Mellum and D. Haverkost,"December 10, 1979",N,N
KOOC-2515134-334,,,,"T. Malterer on December 10, 1979",T. Malterer,"December 10, 1979",N,N
KOOC-2515203-335,,,,"L. Severson and B. Sethers on April 7, 1980",L. Severson and B. Sethers,"April 7, 1980",N,N
KOOC-2515233-336,,,,"T. Malterer on December 10, 1979",T. Malterer,"December 10, 1979",N,N
KOOC-2515234-337,,,,"D. Malterer and D. Haverkost on December 10, 1979",D. Malterer and D. Haverkost,"December 10, 1979",N,N
KOOC-2515303-J-28,Non-horticultural quality peat; hit stump at 100cm,,,"M. Oberhelman and D. Riihiluoma on July 18, 1988",M. Oberhelman and D. Riihiluoma,"July 18, 1988",N,N
KOOC-2515303-J-30,Non-horticultural quality peat; hit stump at 100cm,,,"M. Oberhelman and D. Riihiluoma on July 18, 1988",M. Oberhelman and D. Riihiluoma,"July 18, 1988",N,N
KOOC-2515305-338,,,Porter Ridge Bog,"D. Mellum and L. Severson on April 7, 1980",D. Mellum and L. Severson,"April 7, 1980",N,N
KOOC-2515310-J-19,Below 110cm non-horticultural quality peat,,,"M. Oberhelman and D. Riihiluoma on July 18, 1988",M. Oberhelman and D. Riihiluoma,"July 18, 1988",N,N
KOOC-2515310-J-20,Below 110cm non-horticultural quality peat,,,"M. Oberhelman and D. Riihiluoma on July 18, 1988",M. Oberhelman and D. Riihiluoma,"July 18, 1988",N,N
KOOC-2515310-J-21,Below 115cm non-horticultural quality peat,,,"M. Oberhelman and D. Riihiluoma on July 18, 1988",M. Oberhelman and D. Riihiluoma,"July 18, 1988",N,N
KOOC-2515310-J-22,Generally below 105cm non-horticultural quality peat; hit stump at 100,,,"M. Oberhelman and D. Riihiluoma on July 18, 1988",M. Oberhelman and D. Riihiluoma,"July 18, 1988",N,N
KOOC-2515310-J-23,Non-horticultural quality peat,,,"M. Oberhelman and D. Riihiluoma on July 18, 1988",M. Oberhelman and D. Riihiluoma,"July 18, 1988",N,N
KOOC-2515310-J-24,Non-horticultural quality peat,,,"M. Oberhelman and D. Riihiluoma on July 18, 1988",M. Oberhelman and D. Riihiluoma,"July 18, 1988",N,N
KOOC-2515310-J-25,Non-horticultural quality  peat below 115cm,,,"M. Oberhelman and D. Riihiluoma on July 18, 1988",M. Oberhelman and D. Riihiluoma,"July 18, 1988",N,N
KOOC-2515310-J-26,Generally below 125cm non-horticultural quality peat,,,"M. Oberhelman and D. Riihiluoma on July 18, 1988",M. Oberhelman and D. Riihiluoma,"July 18, 1988",N,N
KOOC-2515310-J-27,Below 110cm non-horticultural quality peat; hit stump at 100cm,,,"M. Oberhelman and D. Riihiluoma on July 18, 1988",M. Oberhelman and D. Riihiluoma,"July 18, 1988",N,N
KOOC-2515310-J-29,Below 110cm non-horticultural quality peat,,,"M. Oberhelman and D. Riihiluoma on July 18, 1988",M. Oberhelman and D. Riihiluoma,"July 18, 1988",N,N
KOOC-2515318-339,,,,"B. Sethers and S. Nelson on April 3, 1980",B. Sethers and S. Nelson,"April 3, 1980",N,N
KOOC-2515319-340,,,,"H. Moores and S. Nelson on April 7, 1980",H. Moores and S. Nelson,"April 7, 1980",N,N
KOOC-2515320-341,,,,"D. Mellum and L. Severson on April 7, 1980",D. Mellum and L. Severson,"April 7, 1980",N,N
KOOC-2515321-342,,,,"D. Mellum and L. Severson on April 7, 1980",D. Mellum and L. Severson,"April 7, 1980",N,N
KOOC-2515322-343,,,,"L. Severson and B. Sethers on April 7, 1980",L. Severson and B. Sethers,"April 7, 1980",N,N
KOOC-2515324-344,,,,"H. Moores and S. Nelson on July 8, 1980",H. Moores and S. Nelson,"July 8, 1980",N,N
KOOC-2515325-345,,,,"D. Haverkost and B. Sethers on April 8, 1980",D. Haverkost and B. Sethers,"April 8, 1980",N,N
KOOC-2515327-346,,Peat very watery down to 240cm,,"H. Moores and S. Nelson on April 7, 1980",H. Moores and S. Nelson,"April 7, 1980",N,N
KOOC-2515328-347,,,,"B. Sethers and L. Severson on April 7, 1980",B. Sethers and L. Severson,"April 7, 1980",N,N
KOOC-2515329-348,,,,"H. Moores and S. Nelson on April 7, 1980",H. Moores and S. Nelson,"April 7, 1980",N,N
KOOC-2515330-349,,,,"H. Moores and S. Nelson on April 7, 1980",H. Moores and S. Nelson,"April 7, 1980",N,N
KOOC-2515330-350,,,,"B. Sethers and S. Nelson on April 3, 1980",B. Sethers and S. Nelson,"April 3, 1980",N,N
KOOC-2515331-351,,,,"D. Haverkost and H. Mooers on April 3, 1980",D. Haverkost and H. Mooers,"April 3, 1980",N,N
KOOC-2515331-352,,0-122cm peat very wet,,"D. Haverkost and H. Mooers on April 3, 1980",D. Haverkost and H. Mooers,"April 3, 1980",N,N
KOOC-2515332-353,,,,"H. Moores and S. Nelson on April 7, 1980",H. Moores and S. Nelson,"April 7, 1980",N,N
KOOC-2515335-354,,,,"H. Moores and S. Nelson on April 7, 1980",H. Moores and S. Nelson,"April 7, 1980",N,N
KOOC-2515407-355,,,,"D. Mellum on November 30, 1979",D. Mellum,"November 30, 1979",N,N
KOOC-2515410-356,,,,"D. Haverkost on November 30, 1979",D. Haverkost,"November 30, 1979",N,N
KOOC-2515410-357,,,,"M. Domeier on July 16, 1976",M. Domeier,"July 16, 1976",N,N
KOOC-2515413-358,,,,"D. Haverkost on November 30, 1979",D. Haverkost,"November 30, 1979",N,N
KOOC-2515415-359,,,,"M. Domeier on July 16, 1976",M. Domeier,"July 16, 1976",N,N
KOOC-2515415-360,,,,"M. Domeier on July 16, 1976",M. Domeier,"July 16, 1976",N,N
KOOC-2515415-361,,,,"M. Domeier on July 16, 1976",M. Domeier,"July 16, 1976",N,N
KOOC-2515415-362,,,,"M. Domeier on July 16, 1976",M. Domeier,"July 16, 1976",N,N
KOOC-2515415-363,,,,"M. Domeier on July 16, 1976",M. Domeier,"July 16, 1976",N,N
KOOC-2515415-364,,,,"M. Domeier on July 16, 1976",M. Domeier,"July 16, 1976",N,N
KOOC-2515415-365,,,,"M. Domeier on July 16, 1976",M. Domeier,"July 16, 1976",N,N
KOOC-2515415-366,,,,"M. Domeier on September 20, 1976",M. Domeier,"September 20, 1976",N,N
KOOC-2515420-367,,,,"D. Mellum on November 30, 1979",D. Mellum,"November 30, 1979",N,N
KOOC-2515421-368,,,,"D. Haverkost on November 30, 1979",D. Haverkost,"November 30, 1979",N,N
KOOC-2515424-369,,,,"D. Mellum on November 30, 1979",D. Mellum,"November 30, 1979",N,N
KOOC-2515427-370,,,,"D. Mellum on November 30, 1979",D. Mellum,"November 30, 1979",N,N
KOOC-2515501-371,,,,"D. Haverkost on November 30, 1979",D. Haverkost,"November 30, 1979",N,N
KOOC-2515513-372,,,,"D. Mellum on November 30, 1979",D. Mellum,"November 30, 1979",N,N
KOOC-2515604-373,,,,"D. Haverkost on November 30, 1979",D. Haverkost,"November 30, 1979",N,N
KOOC-2515604-374,,,,"D. Mellum on November 30, 1979",D. Mellum,"November 30, 1979",N,N
KOOC-2515606-375,,,,"D. Mellum on November 30, 1979",D. Mellum,"November 30, 1979",N,N
KOOC-2515616-376,,,,"D. Haverkost on November 30, 1979",D. Haverkost,"November 30, 1979",N,N
KOOC-2515624-377,,,,"D. Haverkost on November 30, 1979",D. Haverkost,"November 30, 1979",N,N
KOOC-2515628-378,,,,"D. Mellum and on November 30, 1979",D. Mellum and,"November 30, 1979",N,N
KOOC-2515631-379,,,,"D. Mellum and P. Geiselman on November 30, 1979",D. Mellum and P. Geiselman,"November 30, 1979",N,N
KOOC-2515632-380,,,,"D. Haverkost on November 30, 1979",D. Haverkost,"November 30, 1979",N,N
KOOC-2515635-381,,,,"D. Mellum and on November 30, 1979",D. Mellum and,"November 30, 1979",N,N
KOOC-2515702-382,,,,"B. Weber on August 24, 1977",B. Weber,"August 24, 1977",N,N
KOOC-2515702-383,,,,"B. Weber on August 24, 1977",B. Weber,"August 24, 1977",N,N
KOOC-2515715-384,,,,"D. Haverkost on November 15, 1979",D. Haverkost,"November 15, 1979",N,N
KOOC-2515715-385,,,,"D. Olson on November 15, 1979",D. Olson,"November 15, 1979",N,N
KOOC-2515716-386,,,,"D. Olson on November 15, 1979",D. Olson,"November 15, 1979",N,N
KOOC-2515721-387,,,,"D. Haverkost on November 15, 1979",D. Haverkost,"November 15, 1979",N,N
KOOC-2515722-388,,,,"D. Olson on November 15, 1979",D. Olson,"November 15, 1979",N,N
KOOC-2515728-389,,,,"D. Haverkost on November 15, 1979",D. Haverkost,"November 15, 1979",N,N
KOOC-2515732-390,,,,"D. Olson on November 15, 1979",D. Olson,"November 15, 1979",N,N
KOOC-2515736-1,,,,"M. Oberhelman and D. Riihiluoma on May 5, 1988",M. Oberhelman and D. Riihiluoma,"May 5, 1988",N,N
KOOC-2515736-391,,,,"D. Mellum on November 30, 1979",D. Mellum,"November 30, 1979",N,N
KOOC-2515804-392,,,,"D. Olson on November 15, 1979",D. Olson,"November 15, 1979",N,N
KOOC-2515815-393,,,,"D. Haverkost on November 15, 1979",D. Haverkost,"November 15, 1979",N,N
KOOC-2515816-394,,,,"D. Olson on November 15, 1979",D. Olson,"November 15, 1979",N,N
KOOC-2515816-395,,,,"D. Olson on November 15, 1979",D. Olson,"November 15, 1979",N,N
KOOC-2515817-396,,,,"D. Haverkost on November 15, 1979",D. Haverkost,"November 15, 1979",N,N
KOOC-2515819-397,,,,"D. Haverkost on November 14, 1979",D. Haverkost,"November 14, 1979",N,N
KOOC-2515820-398,,,,"D. Olson on November 14, 1979",D. Olson,"November 14, 1979",N,N
KOOC-2515820-399,,,,"D. Haverkost on November 14, 1979",D. Haverkost,"November 14, 1979",N,N
KOOC-2515821-400,,,,"D. Olson on November 15, 1979",D. Olson,"November 15, 1979",N,N
KOOC-2515822-401,,,,"D. Haverkost on November 15, 1979",D. Haverkost,"November 15, 1979",N,N
KOOC-2515823-402,,,,"D. Olson on October 31, 1979",D. Olson,"October 31, 1979",N,N
KOOC-2515825-403,,,,"B. Weber on August 25, 1977",B. Weber,"August 25, 1977",N,N
KOOC-2515825-404,,,,"B. Weber on August 25, 1977",B. Weber,"August 25, 1977",N,N
KOOC-2515827-405,,,,"D. Olson on October 31, 1979",D. Olson,"October 31, 1979",N,N
KOOC-2515836-406,,,,"B. Weber on August 24, 1977",B. Weber,"August 24, 1977",N,N
KOOC-2515836-407,,,,"B. Weber on August 24, 1977",B. Weber,"August 24, 1977",N,N
KOOC-2515836-408,,,,"B. Weber on August 24, 1977",B. Weber,"August 24, 1977",N,N
KOOC-2515836-409,,,,"B. Weber on August 24, 1977",B. Weber,"August 24, 1977",N,N
KOOC-2515836-410,,,,"D. Olson on August 23, 1977",D. Olson,"August 23, 1977",N,N
KOOC-2515919-411,,,,"D. Haverkost on November 14, 1979",D. Haverkost,"November 14, 1979",N,N
KOOC-2515919-412,,,,"D. Olson on November 14, 1979",D. Olson,"November 14, 1979",N,N
KOOC-2515922-413,,,,"D. Olson on November 15, 1979",D. Olson,"November 15, 1979",N,N
KOOC-2515928-414,,,,"D. Haverkost on November 15, 1979",D. Haverkost,"November 15, 1979",N,N
KOOC-2515928-415,,,,"D. Haverkost on November 15, 1979",D. Haverkost,"November 15, 1979",N,N
KOOC-2515928-416,,,,"D. Olson on November 15, 1979",D. Olson,"November 15, 1979",N,N
KOOC-2606305-579,,,,"H. Malterer and B. Sethers on April 10, 1980",H. Malterer and B. Sethers,"April 10, 1980",N,N
KOOC-2606305-580,,,,"H. Malterer and B. Sethers on April 10, 1980",H. Malterer and B. Sethers,"April 10, 1980",N,N
KOOC-2606309-578,,,,"H. Moores and B. Sethers on April 10, 1980",H. Moores and B. Sethers,"April 10, 1980",N,N
KOOC-2606311-577,,,,"H. Moores and B. Sethers on April 10, 1980",H. Moores and B. Sethers,"April 10, 1980",N,N
KOOC-2606313-598,,,,"H. Moores and B. Sethers on April 11, 1980",H. Moores and B. Sethers,"April 11, 1980",N,N
KOOC-2606319-582,,,,"H. Moores and B. Sethers on April 10, 1980",H. Moores and B. Sethers,"April 10, 1980",N,N
KOOC-2606323-599,,,,"H. Moores and B. Sethers on April 11, 1980",H. Moores and B. Sethers,"April 11, 1980",N,N
KOOC-2606330-581,,,,"H. Moores and B. Sethers on April 10, 1980",H. Moores and B. Sethers,"April 10, 1980",N,N
KOOC-2606402-570,,,,"D. Haverkost and B. Sethers on April 8, 1980",D. Haverkost and B. Sethers,"April 8, 1980",N,N
KOOC-2606413-575,,,,"H. Mooers and B. Sethers on April 10, 1980",H. Mooers and B. Sethers,"April 10, 1980",N,N
KOOC-2606419-571,,,,"H. Mooers and B. Sethers on April 10, 1980",H. Mooers and B. Sethers,"April 10, 1980",N,N
KOOC-2606421-573,,,,"H. Mooers and B. Sethers on April 10, 1980",H. Mooers and B. Sethers,"April 10, 1980",N,N
KOOC-2606430-572,,,,"H. Mooers and B. Sethers on April 10, 1980",H. Mooers and B. Sethers,"April 10, 1980",N,N
KOOC-2606431-584,,,,"H. Mooers and B. Sethers on April 10, 1980",H. Mooers and B. Sethers,"April 10, 1980",N,N
KOOC-2606436-595,,,,"H. Mooers and B. Sethers on April 11, 1980",H. Mooers and B. Sethers,"April 11, 1980",N,N
KOOC-2606502-483,,,,"D. Haverkost on November 29, 1979",D. Haverkost,"November 29, 1979",N,N
KOOC-2606504-484,,,,"D. Haverkost on November 30, 1979",D. Haverkost,"November 30, 1979",N,N
KOOC-2606507-485,,,,"D. Mellum on November 30, 1979",D. Mellum,"November 30, 1979",N,N
KOOC-2606519-565,,,,"H. Moores and S. Nelson on April 8, 1980",H. Moores and S. Nelson,"April 8, 1980",N,N
KOOC-2606529-568,,,,"D. Haverkost and B. Sethers on April 8, 1980",D. Haverkost and B. Sethers,"April 8, 1980",N,N
KOOC-2606530-566,,,,"D. Haverkost and B. Sethers on April 8, 1980",D. Haverkost and B. Sethers,"April 8, 1980",N,N
KOOC-2606533-567,,,,"H. Mooers and S. Nelson on April 8, 1980",H. Mooers and S. Nelson,"April 8, 1980",N,N
KOOC-2606604-477,,,,"D. Mellum on November 29, 1979",D. Mellum,"November 29, 1979",N,N
KOOC-2606605-475,,,,"D. Mellum on November 29, 1979",D. Mellum,"November 29, 1979",N,N
KOOC-2606608-476,,,,"D. Haverkost on November 29, 1979",D. Haverkost,"November 29, 1979",N,N
KOOC-2606611-479,,,,"D. Mellum on November 29, 1979",D. Mellum,"November 29, 1979",N,N
KOOC-2606612-469,,,,"D. Mellum on November 29, 1979",D. Mellum,"November 29, 1979",N,N
KOOC-2606614-481,,,,"D. Mellum on November 29, 1979",D. Mellum,"November 29, 1979",N,N
KOOC-2606616-478,,,,"D. Haverkost on November 29, 1979",D. Haverkost,"November 29, 1979",N,N
KOOC-2606623-480,,,,"D. Haverkost on November 29, 1979",D. Haverkost,"November 29, 1979",N,N
KOOC-2606635-482,,,,"D. Haverkost on November 29, 1979",D. Haverkost,"November 29, 1979",N,N
KOOC-2606703-11,,,,"D. Mellum on October 18, 1977",D. Mellum,"October 18, 1977",Y,N
KOOC-2606703-12,,,,"D. Mellum on October 18, 1977",D. Mellum,"October 18, 1977",N,N
KOOC-2606704-10,,,,"D. Mellum on October 18, 1977",D. Mellum,"October 18, 1977",N,N
KOOC-2606704-9,,,,"D. Mellum on October 18, 1977",D. Mellum,"October 18, 1977",N,N
KOOC-2606713-36,,,,"D. Mellum on October 20, 1977",D. Mellum,"October 20, 1977",N,N
KOOC-2606713-37,Proximate and ultimate samples collected near this site at a later date,,,"D. Mellum on October 27, 1977",D. Mellum,"October 27, 1977",Y,Y
KOOC-2606713-38,,,,"D. Mellum on October 27, 1977",D. Mellum,"October 27, 1977",N,N
KOOC-2606714-27,,,,"D. Mellum on October 20, 1977",D. Mellum,"October 20, 1977",N,N
KOOC-2606714-29,Proximate and ultimate samples collected near this site at a later date,,,"D. Mellum on October 25, 1977",D. Mellum,"October 25, 1977",Y,Y
KOOC-2606714-30,,,,"D. Mellum on October 20, 1977",D. Mellum,"October 20, 1977",N,N
KOOC-2606714-31,,,,"D. Mellum on October 20, 1977",D. Mellum,"October 20, 1977",N,N
KOOC-2606714-35,,,,"D. Mellum on October 20, 1977",D. Mellum,"October 20, 1977",N,N
KOOC-2606714-70,,,,"D. Mellum on October 20, 1977",D. Mellum,"October 20, 1977",N,N
KOOC-2606714-D-1,Generally fair quality horticultural peat; profile contains Sphagnum cuspidatum species,,,"M. Oberhelman and D. Riihiluoma on April 26, 1988",M. Oberhelman and D. Riihiluoma,"April 26, 1988",N,N
KOOC-2606714-D-15,Below 100cm H4/H5 or greater,,,"M. Oberhelman and D. Riihiluoma on April 26, 1988",M. Oberhelman and D. Riihiluoma,"April 26, 1988",N,N
KOOC-2606714-D-17,Fair quality horticultural peat; Sphagnum cuspidatum layers in profile,,,"M. Oberhelman and D. Riihiluoma on April 26, 1988",M. Oberhelman and D. Riihiluoma,"April 26, 1988",N,N
KOOC-2606714-D-2,Fair horticultural quality peat; hit stump at 70 cm,,,"M. Oberhelman and D. Riihiluoma on April 26, 1988",M. Oberhelman and D. Riihiluoma,"April 26, 1988",N,N
KOOC-2606714-D-21,Non-horticultural quality peat,,,"M. Oberhelman and D. Riihiluoma on July 19, 1988",M. Oberhelman and D. Riihiluoma,"July 19, 1988",N,N
KOOC-2606714-D-22,Non-horticultural quality peat,,,"M. Oberhelman and D. Riihiluoma on July 19, 1988",M. Oberhelman and D. Riihiluoma,"July 19, 1988",N,N
KOOC-2606714-D-23,Non-horticultural quality peat,,,"M. Oberhelman and D. Riihiluoma on July 19, 1988",M. Oberhelman and D. Riihiluoma,"July 19, 1988",N,N
KOOC-2606714-D-3,Fair quality horticultural peat with long carex strands throughout profile,,,"M. Oberhelman and D. Riihiluoma on April 26, 1988",M. Oberhelman and D. Riihiluoma,"April 26, 1988",N,N
KOOC-2606714-D-4,Fair to good quality horticultural peat; stump at 40 cm,,,"M. Oberhelman and D. Riihiluoma on April 26, 1988",M. Oberhelman and D. Riihiluoma,"April 26, 1988",N,N
KOOC-2606714-D-5,Generally good quality horticultural peat,,,"M. Oberhelman and D. Riihiluoma on April 26, 1988",M. Oberhelman and D. Riihiluoma,"April 26, 1988",N,N
KOOC-2606715-26,Proximate and ultimate samples collected near this site at a later date,,,"D. Mellum on October 20, 1977",D. Mellum,"October 20, 1977",Y,Y
KOOC-2606715-28,,,,"D. Mellum on October 20, 1977",D. Mellum,"October 20, 1977",N,N
KOOC-2606715-32,Proximate and ultimate samples collected near this site at a later date,,,"D. Mellum and D. Olson on October 20, 1977",D. Mellum and D. Olson,"October 20, 1977",Y,Y
KOOC-2606715-33,,,,"D. Mellum on October 20, 1977",D. Mellum,"October 20, 1977",N,N
KOOC-2606715-34,,,,"D. Mellum on October 20, 1977",D. Mellum,"October 20, 1977",N,N
KOOC-2606715-D-14,"Below 40 cm generally H4+ or greater, poor to non-horticultural quality peat",,,"M. Oberhelman and D. Riihiluoma on April 26, 1988",M. Oberhelman and D. Riihiluoma,"April 26, 1988",N,N
KOOC-2606715-D-16,Fair to good quality horticultural peat to 135 cm,,,"M. Oberhelman and D. Riihiluoma on April 26, 1988",M. Oberhelman and D. Riihiluoma,"April 26, 1988",N,N
KOOC-2606715-D-18,Non-horticultural quality peat; hit stump at 50cm,,,"M. Oberhelman and D. Riihiluoma on July 19, 1988",M. Oberhelman and D. Riihiluoma,"July 19, 1988",N,N
KOOC-2606715-D-19,Non-horticultural quality peat,,,"M. Oberhelman and D. Riihiluoma on July 19, 1988",M. Oberhelman and D. Riihiluoma,"July 19, 1988",N,N
KOOC-2606715-D-20,Below 60cm generally non-horticultural quality peat; hit stump at 80cm,,,"M. Oberhelman and D. Riihiluoma on July 19, 1988",M. Oberhelman and D. Riihiluoma,"July 19, 1988",N,N
KOOC-2606715-D-24,Below 120cm non-horticultural quality peat; hit stump at 50cm and 70cm,,,"M. Oberhelman and D. Riihiluoma on July 19, 1988",M. Oberhelman and D. Riihiluoma,"July 19, 1988",N,N
KOOC-2606715-D-25,Below 80cm non-horticultural quality peat; hit stump at 50cm,,,"M. Oberhelman and D. Riihiluoma on July 19, 1988",M. Oberhelman and D. Riihiluoma,"July 19, 1988",N,N
KOOC-2606715-D-26,Non-horticultural quality peat; hit stump at 100cm,,,"M. Oberhelman and D. Riihiluoma on July 19, 1988",M. Oberhelman and D. Riihiluoma,"July 19, 1988",N,N
KOOC-2606715-D-27,Generally below 75cm non-horticultural quality peat,,,"M. Oberhelman and D. Riihiluoma on July 19, 1988",M. Oberhelman and D. Riihiluoma,"July 19, 1988",N,N
KOOC-2606715-D-6,Generally fair quality horticultural peat to 145 cm,,,"M. Oberhelman and D. Riihiluoma on April 26, 1988",M. Oberhelman and D. Riihiluoma,"April 26, 1988",N,N
KOOC-2606715-D-7,Good quality horticultural peat; hit stump at 60 cm,,,"M. Oberhelman and D. Riihiluoma on April 26, 1988",M. Oberhelman and D. Riihiluoma,"April 26, 1988",N,N
KOOC-2606717-14,Proximate and ultimate samples collected near this site at a later date,,,"R. Weber on October 17, 1977",R. Weber,"October 17, 1977",Y,Y
KOOC-2606717-17,,,,"R. Weber on October 19, 1977",R. Weber,"October 19, 1977",N,N
KOOC-2606718-13,Proximate and ultimate samples collected near this site at a later date,,,"R. Weber on October 17, 1977",R. Weber,"October 17, 1977",Y,Y
KOOC-2606718-15,,,,"R. Weber on October 19, 1977",R. Weber,"October 19, 1977",N,N
KOOC-2606718-16,,,,"R. Weber on October 19, 1977",R. Weber,"October 19, 1977",N,N
KOOC-2606719-18,,,,,,,N,N
KOOC-2606719-19,,,,"R. Weber on October 19, 1977",R. Weber,"October 19, 1977",N,N
KOOC-2606719-20,,,,"T. Malterer on October 19, 1977",T. Malterer,"October 19, 1977",Y,N
KOOC-2606720-21,,,,"R. Weber on October 19, 1977",R. Weber,"October 19, 1977",Y,N
KOOC-2606721-44,,,,"D. Mellum on October 26, 1977",D. Mellum,"October 26, 1977",Y,N
KOOC-2606721-45,,,,"D. Mellum on October 26, 1977",D. Mellum,"October 26, 1977",N,N
KOOC-2606721-46,,,,"T. Malterer on October 27, 1977",T. Malterer,"October 27, 1977",Y,N
KOOC-2606722-43,,,,"B. Weber on October 26, 1977",B. Weber,"October 26, 1977",Y,N
KOOC-2606722-47,,,,"T. Malterer on October 27, 1977",T. Malterer,"October 27, 1977",N,N
KOOC-2606722-48,,,,"T. Malterer on October 27, 1977",T. Malterer,"October 27, 1977",Y,N
KOOC-2606722-D-10,Fair quality horticultural peat; profile contains layers of Sphagnum cuspidatum,,,"M. Oberhelman and D. Riihiluoma on April 26, 1988",M. Oberhelman and D. Riihiluoma,"April 26, 1988",N,N
KOOC-2606722-D-8,Good quality horticultural peat; hit stump at 110 cm,,,"M. Oberhelman and D. Riihiluoma on April 26, 1988",M. Oberhelman and D. Riihiluoma,"April 26, 1988",N,N
KOOC-2606722-D-9,Fair quality horticultural peat,,,"M. Oberhelman and D. Riihiluoma on April 26, 1988",M. Oberhelman and D. Riihiluoma,"April 26, 1988",N,N
KOOC-2606723-39,,,,"B. Weber on October 26, 1977",B. Weber,"October 26, 1977",Y,N
KOOC-2606723-40,,,,"B. Weber on October 26, 1977",B. Weber,"October 26, 1977",Y,N
KOOC-2606723-41,,,,"B. Weber on October 26, 1977",B. Weber,"October 26, 1977",N,N
KOOC-2606723-42,Proximate and ultimate analyses performed by Lerch Brothers Inc.,,,"B. Weber on October 26, 1977",B. Weber,"October 26, 1977",Y,Y
KOOC-2606723-D-11,Good horticultural peat with layers of Sphagnum cuspidatum,,,"M. Oberhelman and D. Riihiluoma on April 26, 1988",M. Oberhelman and D. Riihiluoma,"April 26, 1988",N,N
KOOC-2606723-D-12,Fair to poor quality horticultural peat; hit stump at 70 cm,,,"M. Oberhelman and D. Riihiluoma on April 26, 1988",M. Oberhelman and D. Riihiluoma,"April 26, 1988",N,N
KOOC-2606723-D-13,,,,"M. Oberhelman and D. Riihiluoma on April 26, 1988",M. Oberhelman and D. Riihiluoma,"April 26, 1988",N,N
KOOC-2606723-D-28,Non-horticultural quality peat,,,"M. Oberhelman and D. Riihiluoma on July 19, 1988",M. Oberhelman and D. Riihiluoma,"July 19, 1988",N,N
KOOC-2606729-22,,,,"D. Olson on October 25, 1977",D. Olson,"October 25, 1977",Y,N
KOOC-2606732-23,Proximate and ultimate analyses performed by Lerch Brothers Inc.,,,"D. Olson and D. Mellum on October 25, 1977",D. Olson and D. Mellum,"October 25, 1977",Y,Y
KOOC-2606732-24,,,,"D. Olson and D. Mellum on October 25, 1977",D. Olson and D. Mellum,"October 25, 1977",Y,N
KOOC-2606732-25,,,,"D. Olson on October 25, 1977",D. Olson,"October 25, 1977",N,N
KOOC-2606802-366,,,,"D. Haverkost and N. Aaseng on November 16, 1979",D. Haverkost and N. Aaseng,"November 16, 1979",N,N
KOOC-2606808-360,,,,"D. Olson and N. Aaseng on November 15, 1979",D. Olson and N. Aaseng,"November 15, 1979",N,N
KOOC-2606810-365,,,,"D. Olson on November 16, 1979",D. Olson,"November 16, 1979",N,N
KOOC-2606814-364,,,,"D. Haverkost and N. Aaseng on November 16, 1979",D. Haverkost and N. Aaseng,"November 16, 1979",N,N
KOOC-2606818-361,,,,"D. Haverkost on November 14, 1979",D. Haverkost,"November 14, 1979",N,N
KOOC-2606828-49,,,,"D. Mellum on October 19, 1977",D. Mellum,"October 19, 1977",N,N
KOOC-2606828-50,,,,"D. Mellum on October 19, 1977",D. Mellum,"October 19, 1977",N,N
KOOC-2606828-51,,,,"D. Olson on October 19, 1977",D. Olson,"October 19, 1977",Y,N
KOOC-2606829-52,,,,"D. Olson on October 19, 1977",D. Olson,"October 19, 1977",Y,N
KOOC-2606829-53,,,,"D. Mellum on October 19, 1977",D. Mellum,"October 19, 1977",N,N
KOOC-2606829-54,,,,"D. Mellum on October 19, 1977",D. Mellum,"October 19, 1977",N,N
KOOC-2606830-473,,,,"D. Mellum on November 29, 1979",D. Mellum,"November 29, 1979",N,N
KOOC-2606832-1,,,,"B. Weber on October 5, 1977",B. Weber,"October 5, 1977",N,N
KOOC-2606832-55,,,,"D. Mellum on October 19, 1977",D. Mellum,"October 19, 1977",N,N
KOOC-2606832-56,,,,"D. Mellum on October 19, 1977",D. Mellum,"October 19, 1977",Y,N
KOOC-2606833-2,,,,"B. Weber on October 5, 1977",B. Weber,"October 5, 1977",N,N
KOOC-2606833-3,,,,"B. Weber and D. Olson on October 5, 1977",B. Weber and D. Olson,"October 5, 1977",N,N
KOOC-2606833-57,,,,"D. Olson on October 18, 1977",D. Olson,"October 18, 1977",N,N
KOOC-2606833-58,,,,"D. Olson and D. Mellum on October 18, 1977",D. Olson and D. Mellum,"October 18, 1977",Y,N
KOOC-2606833-59,,,,"D. Mellum on October 18, 1977",D. Mellum,"October 18, 1977",N,N
KOOC-2606833-60,,,,"T. Malterer on October 18, 1977",T. Malterer,"October 18, 1977",N,N
KOOC-2606833-61,,,,"T. Malterer and D. Mellum on October 18, 1977",T. Malterer and D. Mellum,"October 18, 1977",Y,N
KOOC-2606833-8,,,,"T. Malterer on October 8, 1977",T. Malterer,"October 8, 1977",N,N
KOOC-2606834-4,,,,"B. Weber and D. Olson on October 5, 1977",B. Weber and D. Olson,"October 5, 1977",Y,N
KOOC-2606834-5,,,,"B. Weber and D. Olson on October 5, 1977",B. Weber and D. Olson,"October 5, 1977",N,N
KOOC-2606834-6,,,,"B. Weber and D. Olson on October 5, 1977",B. Weber and D. Olson,"October 5, 1977",Y,N
KOOC-2606834-62,,,,"D. Mellum and T. Malterer on October 18, 1977",D. Mellum and T. Malterer,"October 18, 1977",Y,N
KOOC-2606834-63,,,,"B. Weber on October 5, 1977",B. Weber,"October 5, 1977",N,N
KOOC-2606835-7,,,,"B. Weber and D. Olson on October 5, 1977",B. Weber and D. Olson,"October 5, 1977",N,N
KOOC-2606836-64,,,,"D. Mellum on October 28, 1977",D. Mellum,"October 28, 1977",Y,N
KOOC-2606836-E-10,Fair to poor quality horticultural peat,,,"M. Oberhelman and D. Riihiluoma on May 3, 1988",M. Oberhelman and D. Riihiluoma,"May 3, 1988",N,N
KOOC-2606836-E-11,Generally fair quality horticultural peat,,,"M. Oberhelman and D. Riihiluoma on May 3, 1988",M. Oberhelman and D. Riihiluoma,"May 3, 1988",N,N
KOOC-2606836-E-12,Generally fair to poor quality horticultural peat to 150cm,,,"M. Oberhelman and D. Riihiluoma on May 3, 1988",M. Oberhelman and D. Riihiluoma,"May 3, 1988",N,N
KOOC-2606836-E-13,Generally from 60 to 200cm fair to good quality horticultural peat,,,"M. Oberhelman and D. Riihiluoma on May 3, 1988",M. Oberhelman and D. Riihiluoma,"May 3, 1988",N,N
KOOC-2606836-E-14,Generally fair quality horticultural peat; hit stump at 70cm,,,"M. Oberhelman and D. Riihiluoma on May 3, 1988",M. Oberhelman and D. Riihiluoma,"May 3, 1988",N,N
KOOC-2606836-E-19,Generally non-horticultural quality peat,,,"M. Oberhelman and D. Riihiluoma on June 30, 1988",M. Oberhelman and D. Riihiluoma,"June 30, 1988",N,N
KOOC-2606836-E-20,Non-horticultural quality peat below 30cm,,,"M. Oberhelman and D. Riihiluoma on June 30, 1988",M. Oberhelman and D. Riihiluoma,"June 30, 1988",N,N
KOOC-2606836-E-21,Generally non-horticultural quality peat,,,"M. Oberhelman and D. Riihiluoma on June 30, 1988",M. Oberhelman and D. Riihiluoma,"June 30, 1988",N,N
KOOC-2606836-E-22,"Generally fair to poor quality horticultural peat; hit stumps at 40, 110, and 130cm",,,"M. Oberhelman and D. Riihiluoma on June 30, 1988",M. Oberhelman and D. Riihiluoma,"June 30, 1988",N,N
KOOC-2606836-E-23,Below 75cm non-horticultural quality peat,,,"M. Oberhelman and D. Riihiluoma on June 30, 1988",M. Oberhelman and D. Riihiluoma,"June 30, 1988",N,N
KOOC-2606836-E-24,Generally non-horticultural quality peat,,,"M. Oberhelman and D. Riihiluoma on June 30, 1988",M. Oberhelman and D. Riihiluoma,"June 30, 1988",N,N
KOOC-2606836-E-25,Non-horticultural quality peat,,,"M. Oberhelman and D. Riihiluoma on June 30, 1988",M. Oberhelman and D. Riihiluoma,"June 30, 1988",N,N
KOOC-2606836-E-5,Very good quality horticultural peat,,,"M. Oberhelman and D. Riihiluoma on May 3, 1988",M. Oberhelman and D. Riihiluoma,"May 3, 1988",N,N
KOOC-2606836-E-6,Generally good quality horticultural peat,,,"M. Oberhelman and D. Riihiluoma on May 3, 1988",M. Oberhelman and D. Riihiluoma,"May 3, 1988",N,N
KOOC-2606836-E-7,0-80cm fair to poor horticultural quality; 80-175cm fair to good quality horticultural peat,,,"M. Oberhelman and D. Riihiluoma on May 3, 1988",M. Oberhelman and D. Riihiluoma,"May 3, 1988",N,N
KOOC-2606836-E-8,0-160cm generally very good quality horticultural peat,,,"M. Oberhelman and D. Riihiluoma on May 3, 1988",M. Oberhelman and D. Riihiluoma,"May 3, 1988",N,N
KOOC-2606836-E-9,Fair to poor quality horticultural peat,,,"M. Oberhelman and D. Riihiluoma on May 3, 1988",M. Oberhelman and D. Riihiluoma,"May 3, 1988",N,N
KOOC-2606901-A+1200-1400,,,,"D. Riihiluoma and G. Degnan on July 10, 1986",D. Riihiluoma and G. Degnan,"July 10, 1986",N,N
KOOC-2606902-372,,,,"D. Haverkost and N. Aaseng on November 16, 1979",D. Haverkost and N. Aaseng,"November 16, 1979",N,N
KOOC-2606902-A+1000+-0,,,,"M. Oberhelman, P. Geiselman, and D. Riihiluoma on July 22, 1986","M. Oberhelman, P. Geiselman, and D. Riihiluoma","July 22, 1986",N,N
KOOC-2606902-A+1000-1400,Good quality fuel peat below 45cm,,,"D. Riihiluoma and G. Degnan on July 10, 1986",D. Riihiluoma and G. Degnan,"July 10, 1986",N,N
KOOC-2606902-A+1200+-0,,,,"M. Oberhelman, P. Geiselman, and D. Riihiluoma on July 22, 1986","M. Oberhelman, P. Geiselman, and D. Riihiluoma","July 22, 1986",N,N
KOOC-2606902-A+200+-0,,,,"D. Riihiluoma, P. Geiselman, and M. Oberhelman on July 22, 1986","D. Riihiluoma, P. Geiselman, and M. Oberhelman","July 22, 1986",N,N
KOOC-2606902-A+200-1000,,,,"D. Olson, M. Oberhelman, and P. Geiselman on July 10, 1986","D. Olson, M. Oberhelman, and P. Geiselman","July 10, 1986",N,N
KOOC-2606902-A+200-1400,Elevation site only,,,"E. Berglund and P. Haverkost in July, 1986",E. Berglund and P. Haverkost,"July, 1986",N,N
KOOC-2606902-A+200-200,,,,"D. Riihiluoma and P. Geiselman on July 30, 1986",D. Riihiluoma and P. Geiselman,"July 30, 1986",N,N
KOOC-2606902-A+200-600,"Good quality fuel peat below 35cm, fibric sphagnum cap above",,,"M. Oberhelman, P. Geiselman, and D. Riihiluoma on July 22, 1986","M. Oberhelman, P. Geiselman, and D. Riihiluoma","July 22, 1986",N,N
KOOC-2606902-A+300-200,,,,"P. Geiselman and D. Riihiluoma on July 30, 1986",P. Geiselman and D. Riihiluoma,"July 30, 1986",N,N
KOOC-2606902-A+400+-0,,,,"M. Oberhelman, P. Geiselman, and D. Riihiluoma on July 22, 1986","M. Oberhelman, P. Geiselman, and D. Riihiluoma","July 22, 1986",N,N
KOOC-2606902-A+400-1000,Between 45cm - 100cm there are 10cm layers of different decompositions - but in total is good quality fuel peat.,,,"D. Olson, M. Oberhelman, and P. Geiselman on July 10, 1986","D. Olson, M. Oberhelman, and P. Geiselman","July 10, 1986",N,N
KOOC-2606902-A+400-1400,Good quality fuel peat below 85cm,,,"D. Riihiluoma and G. Degnan on July 10, 1986",D. Riihiluoma and G. Degnan,"July 10, 1986",N,N
KOOC-2606902-A+400-200,,,,"P. Geiselman and D. Riihiluoma on July 30, 1986",P. Geiselman and D. Riihiluoma,"July 30, 1986",N,N
KOOC-2606902-A+400-600,Good quality fuel peat below 35cm,,,"M. Oberhelman, P. Geiselman, and D. Riihiluoma on July 22, 1986","M. Oberhelman, P. Geiselman, and D. Riihiluoma","July 22, 1986",N,N
KOOC-2606902-A+500-200,,,,"P. Geiselman and D. Riihiluoma on July 30, 1986",P. Geiselman and D. Riihiluoma,"July 30, 1986",N,N
KOOC-2606902-A+500-600,Elevation site only,,,"E. Berglund and P. Haverkost in July, 1986",E. Berglund and P. Haverkost,"July, 1986",N,N
KOOC-2606902-A+600+-0,,,,"M. Oberhelman, P. Geiselman, and D. Riihiluoma on July 22, 1986","M. Oberhelman, P. Geiselman, and D. Riihiluoma","July 22, 1986",N,N
KOOC-2606902-A+600-1000,,,,"D. Olson, M. Oberhelman, and P. Geiselman on July 10, 1986","D. Olson, M. Oberhelman, and P. Geiselman","July 10, 1986",N,N
KOOC-2606902-A+600-1400,Good quality fuel peat below 45cm; hit stumps at 60cm and 100cm,,,"D. Riihiluoma and G. Degnan on July 10, 1986",D. Riihiluoma and G. Degnan,"July 10, 1986",N,N
KOOC-2606902-A+600-200,Predominately fibric sphagnum cap 0-110cm,,,"P. Geiselman and D. Riihiluoma on July 30, 1986",P. Geiselman and D. Riihiluoma,"July 30, 1986",N,N
KOOC-2606902-A+600-600,Good quality fuel peat below 100cm,,,"M. Oberhelman, P. Geiselman, and D. Riihiluoma on July 22, 1986","M. Oberhelman, P. Geiselman, and D. Riihiluoma","July 22, 1986",N,N
KOOC-2606902-A+800+-0,Good quality fuel peat below sphagnum cap,,,"D. Riihiluoma, P. Geiselman, and M. Oberhelman on July 22, 1986","D. Riihiluoma, P. Geiselman, and M. Oberhelman","July 22, 1986",N,N
KOOC-2606902-A+800-1000,,,,"D. Olson, M. Oberhelman, and P. Geiselman on July 10, 1985","D. Olson, M. Oberhelman, and P. Geiselman","July 10, 1985",N,N
KOOC-2606902-A+800-1400,Good quality fuel peat below 55cm,,,"D. Riihiluoma and G. Degnan on July 10, 1986",D. Riihiluoma and G. Degnan,"July 10, 1986",N,N
KOOC-2606902-A+800-200,Fibric sphagnum cap 0-95cm,,,"P. Geiselman and D. Riihiluoma on July 30, 1986",P. Geiselman and D. Riihiluoma,"July 30, 1986",N,N
KOOC-2606902-A+800-600,Good quality fuel peat below 50cm,,,"M. Oberhelman, D. Riihiluoma, and P. Geiselman on July 22, 1986","M. Oberhelman, D. Riihiluoma, and P. Geiselman","July 22, 1986",N,N
KOOC-2606902-A+900+-0,Elevation site only,,,"E. Berglund and P. Haverkost in July, 1986",E. Berglund and P. Haverkost,"July, 1986",N,N
KOOC-2606902-A+950-1000,Elevation site only,,,"E. Berglund and P. Haverkost in July, 1986",E. Berglund and P. Haverkost,"July, 1986",N,N
KOOC-2606902-A0+-0,Good quality fuel peat,,,"M. Oberhelman and D. Riihiluoma on July 17, 1986",M. Oberhelman and D. Riihiluoma,"July 17, 1986",N,N
KOOC-2606902-A0-1000,"Woody peat from 70cm to 200cm; good quality fuel peat below 40cm; hit stumps at 15cm, 30cm, and 90cm",,,"D. Olson, P. Geiselman, and M. Oberhelman on July 9, 1986","D. Olson, P. Geiselman, and M. Oberhelman","July 9, 1986",N,N
KOOC-2606902-A0-1200,Elevation site only,,,"E. Berglund and P. Haverkost in July, 1986",E. Berglund and P. Haverkost,"July, 1986",N,N
KOOC-2606902-A0-1400,"Peat appears to be good fuel quality throughout profile; hit stumps at 25cm, 70cm, and 100cm.",,,"D. Riihiluoma and G. Degnan on July 9, 1986",D. Riihiluoma and G. Degnan,"July 9, 1986",N,N
KOOC-2606902-A0-200,Good quality fuel peat below 45cm,,,"P. Geiselman and D. Riihiluoma on July 29, 1986",P. Geiselman and D. Riihiluoma,"July 29, 1986",N,N
KOOC-2606902-A0-500,Elevation site only,,,"E. Berglund and P. Haverkost in July, 1986",E. Berglund and P. Haverkost,"July, 1986",N,N
KOOC-2606902-A0-600,,,,"D. Riihiluoma, M. Oberhelman, and P. Geiselman on July 22, 1986","D. Riihiluoma, M. Oberhelman, and P. Geiselman","July 22, 1986",N,N
KOOC-2606902-A0-800,Elevation site only,,,"E. Berglund and P. Haverkost in July, 1986",E. Berglund and P. Haverkost,"July, 1986",N,N
KOOC-2606902-A-200+-0,Good quality fuel peat,,,"M. Oberhelman and D. Riihiluoma on July 17, 1986",M. Oberhelman and D. Riihiluoma,"July 17, 1986",N,N
KOOC-2606902-A-200-1000,Good quality fuel peat below 55cm; hit stump at 160cm,,,"D. Olson, P. Geiselman, and M. Oberhelman on July 9, 1986","D. Olson, P. Geiselman, and M. Oberhelman","July 9, 1986",N,N
KOOC-2606902-A-200-1400,"Good quality fuel peat Hit stumps at 50cm, 80cm, 150cm, and 175cm",,,"D. Riihiluoma and G. Degnan on July 9, 1986",D. Riihiluoma and G. Degnan,"July 9, 1986",N,N
KOOC-2606902-A-200-200,,,,"P. Geiselman and D. Riihiluoma on July 29, 1986",P. Geiselman and D. Riihiluoma,"July 29, 1986",N,N
KOOC-2606902-A-200-600,Good quality fuel peat below 45cm,Very wet first 50cm,,"M. Oberhelman and D. Olson on July 16, 1986",M. Oberhelman and D. Olson,"July 16, 1986",N,N
KOOC-2606902-A-400-1000,Good quality fuel peat below 40cm,,,"D. Olson, M. Oberhelman, and P. Geiselman on July 9, 1986","D. Olson, M. Oberhelman, and P. Geiselman","July 9, 1986",N,N
KOOC-2606902-A-400-1400,"Good quality fuel peat below 20cm Hit stumps at 20cm, 60cm, and 100cm",,,"D. Riihiluoma and G. Degnan on July 9, 1986",D. Riihiluoma and G. Degnan,"July 9, 1986",N,N
KOOC-2606902-A-400-200,Good quality fuel peat below 30cm,,,"P. Geiselman and D. Riihiluoma on July 29, 1986",P. Geiselman and D. Riihiluoma,"July 29, 1986",N,N
KOOC-2606902-A-400-600,Fibric sphagnum cap 0-55cm; good quality fuel peat below 55cm,,,"M. Oberhelman, P. Geiselman, and D. Riihiluoma on July 21, 1986","M. Oberhelman, P. Geiselman, and D. Riihiluoma","July 21, 1986",N,N
KOOC-2606902-L-10,Hit stump at 70cm; BTU and sulfur analyses performed by DNR laboratory,,,"D. Riihiluoma and M. Oberhelman on April 29, 1986",D. Riihiluoma and M. Oberhelman,"April 29, 1986",Y,Y
KOOC-2606902-L-11,Hit stumps at 40cm & 100cm,,,"D. Riihiluoma and M. Oberhelman on April 29, 1986",D. Riihiluoma and M. Oberhelman,"April 29, 1986",N,N
KOOC-2606902-L-4,,,,"S. Nelson and P. Geiselman on April 18, 1986",S. Nelson and P. Geiselman,"April 18, 1986",N,N
KOOC-2606903-373,,,,"D. Olson on November 16, 1978",D. Olson,"November 16, 1978",N,N
KOOC-2606903-375,,,,"D. Olson on November 16, 1979",D. Olson,"November 16, 1979",N,N
KOOC-2606903-A-1000+-0,,,,"M. Oberhelman and D. Riihiluoma on July 17, 1986",M. Oberhelman and D. Riihiluoma,"July 17, 1986",N,N
KOOC-2606903-A-1000-1000,Good quality fuel peat; woody peat,,,"M. Oberhelman, P. Geiselman, and D. Olson on July 9, 1986","M. Oberhelman, P. Geiselman, and D. Olson","July 9, 1986",N,N
KOOC-2606903-A-1000-1400,Good quality fuel peat below 35cm; hit stumps at 90cm and 120cm,,,"D. Riihiluoma and G. Degnan on July 9, 1986",D. Riihiluoma and G. Degnan,"July 9, 1986",N,N
KOOC-2606903-A-1000-200,,,,"P. Geiselman and D. Riihiluoma on July 29, 1986",P. Geiselman and D. Riihiluoma,"July 29, 1986",N,N
KOOC-2606903-A-1000-600,Good quality fuel peat below 30cm sphagnum cap,,,"M. Oberhelman, P. Geiselman, and D. Riihiluoma on July 21, 1986","M. Oberhelman, P. Geiselman, and D. Riihiluoma","July 21, 1986",N,N
KOOC-2606903-A-1100-200,,,,"D. Riihiluoma and P. Geiselman on July 29, 1986",D. Riihiluoma and P. Geiselman,"July 29, 1986",N,N
KOOC-2606903-A-1200+-0,,,,"M. Oberhelman and D. Riihiluoma on July 17, 1986",M. Oberhelman and D. Riihiluoma,"July 17, 1986",N,N
KOOC-2606903-A-1200-1000,Woody peat; good quality fuel peat,,,"M. Oberhelman, P. Geiselman, and D. Olson on July 9, 1986","M. Oberhelman, P. Geiselman, and D. Olson","July 9, 1986",N,N
KOOC-2606903-A-1200-1400,Good quality fuel peat; dry and crumbly peat throughout profile,,,"D. Riihiluoma and G. Degnan on July 9, 1986",D. Riihiluoma and G. Degnan,"July 9, 1986",N,N
KOOC-2606903-A-1200-200,,,,"P. Geiselman and D. Riihiluoma on July 29, 1986",P. Geiselman and D. Riihiluoma,"July 29, 1986",N,N
KOOC-2606903-A-1200-600,Good quality fuel peat below 30cm,,,"M. Oberhelman, P. Geiselman, and D. Riihiluoma on July 21, 1986","M. Oberhelman, P. Geiselman, and D. Riihiluoma","July 21, 1986",N,N
KOOC-2606903-A-1300-200,,,,"P. Geiselman and D. Riihiluoma on July 29, 1986",P. Geiselman and D. Riihiluoma,"July 29, 1986",N,N
KOOC-2606903-A-1400+-0,,,,"M. Oberhelman and D. Riihiluoma on July 17, 1986",M. Oberhelman and D. Riihiluoma,"July 17, 1986",N,N
KOOC-2606903-A-1400-1000,Good quality fuel peat,,,"M. Oberhelman, P. Geiselman, and D. Olson on July 9, 1986","M. Oberhelman, P. Geiselman, and D. Olson","July 9, 1986",N,N
KOOC-2606903-A-1400-1400,"Good quality fuel peat below 30cm, peat dry & crumbly",,,"D. Riihiluoma and G. Degnan on July 9, 1986",D. Riihiluoma and G. Degnan,"July 9, 1986",N,N
KOOC-2606903-A-1400-200,Good quality fuel peat below 25cm,,,"P. Geiselman and D. Riihiluoma on July 29, 1986",P. Geiselman and D. Riihiluoma,"July 29, 1986",N,N
KOOC-2606903-A-1400-600,,,,"M. Oberhelman, P. Geiselman, and D. Riihiluoma on July 21, 1986","M. Oberhelman, P. Geiselman, and D. Riihiluoma","July 21, 1986",N,N
KOOC-2606903-A-1500-200,,,,"P. Geiselman and D. Riihiluoma on July 29, 1986",P. Geiselman and D. Riihiluoma,"July 29, 1986",N,N
KOOC-2606903-A-1600+-0,,,,"M. Oberhelman and D. Riihiluoma on July 17, 1986",M. Oberhelman and D. Riihiluoma,"July 17, 1986",N,N
KOOC-2606903-A-1600-1000,Good quality fuel peat,,,"M. Oberhelman, D. Riihiluoma, P. Geiselman, and D. Olson on July 16, 1986","M. Oberhelman, D. Riihiluoma, P. Geiselman, and D. Olson","July 16, 1986",N,N
KOOC-2606903-A-1600-1400,"Good quality fuel peat below 15cm, peat dry & crumbly",,,"D. Riihiluoma and G. Degnan on July 9, 1986",D. Riihiluoma and G. Degnan,"July 9, 1986",N,N
KOOC-2606903-A-1600-200,,,,"P. Geiselman and D. Riihiluoma on July 29, 1986",P. Geiselman and D. Riihiluoma,"July 29, 1986",N,N
KOOC-2606903-A-1600-600,Good quality fuel peat below 20cm,,,"M. Oberhelman, P. Geiselman, P. Haverkost, and D. Riihiluoma on July 21, 1986","M. Oberhelman, P. Geiselman, P. Haverkost, and D. Riihiluoma","July 21, 1986",N,N
KOOC-2606903-A-1800+-0,,,,"M. Oberhelman and D. Riihiluoma on July 17, 1986",M. Oberhelman and D. Riihiluoma,"July 17, 1986",N,N
KOOC-2606903-A-1800-1000,Good quality fuel peat,,,"M. Oberhelman, P. Geiselman, D. Riihiluoma, and D. Olson on July 16, 1986","M. Oberhelman, P. Geiselman, D. Riihiluoma, and D. Olson","July 16, 1986",N,N
KOOC-2606903-A-1800-1400,"Ash fusion analysis: A-1800-1400 & A+-0-2200 samples combined - by 0-30cm, 30-60cm & 60-90cm depths, respectively: Initial deformation 2100, 2140 & 2180; softening 2160, 2210 &2260; hemispherical 2430, 2250 & 2290; fluid 2640, 2310 & 2320 temps. degree F",,,"D. Riihiluoma and D. Olson on July 16, 1986",D. Riihiluoma and D. Olson,"July 16, 1986",Y,Y
KOOC-2606903-A-1800-600,Good quality fuel peat below 20cm,,,"M. Oberhelman, P. Geiselman, and D. Riihiluoma on July 21, 1986","M. Oberhelman, P. Geiselman, and D. Riihiluoma","July 21, 1986",N,N
KOOC-2606903-A-1850-600,,,,"M. Oberhelman, P. Geiselman, and D. Riihiluoma on July 21, 1986","M. Oberhelman, P. Geiselman, and D. Riihiluoma","July 21, 1986",N,N
KOOC-2606903-A-1900-1000,,,,"M. Oberhelman, P. Geiselman, D. Riihiluoma, and D. Olson on July 16, 1986","M. Oberhelman, P. Geiselman, D. Riihiluoma, and D. Olson","July 16, 1986",N,N
KOOC-2606903-A-2000+-0,,,,"M. Oberhelman and D. Riihiluoma on July 17, 1986",M. Oberhelman and D. Riihiluoma,"July 17, 1986",N,N
KOOC-2606903-A-2000-1400,,,,"M. Oberhelman and P. Geiselman on July 16, 1986",M. Oberhelman and P. Geiselman,"July 16, 1986",N,N
KOOC-2606903-A-400+-0,Hit stumps at 20cm and 125cm,,,"D. Riihiluoma and M. Oberhelman on July 17, 1986",D. Riihiluoma and M. Oberhelman,"July 17, 1986",N,N
KOOC-2606903-A-600+-0,,,,"M. Oberhelman and D. Riihiluoma on July 17, 1986",M. Oberhelman and D. Riihiluoma,"July 17, 1986",N,N
KOOC-2606903-A-600-1000,Good quality fuel peat below 40cm; woody peat below 60cm,,,"P. Geiselman, M. Oberhelman, and D. Olson on July 9, 1986","P. Geiselman, M. Oberhelman, and D. Olson","July 9, 1986",N,N
KOOC-2606903-A-600-1400,Good quality fuel peat below 80cm; hit stumps at 50cm and 80cm,,,"D. Riihiluoma and G. Degnan on July 9, 1986",D. Riihiluoma and G. Degnan,"July 9, 1986",N,N
KOOC-2606903-A-600-200,"Good quality fuel peat below 85cm, fibric sphagnum cap above",,,"P. Geiselman and D. Riihiluoma on July 29, 1986",P. Geiselman and D. Riihiluoma,"July 29, 1986",N,N
KOOC-2606903-A-600-600,Thick fibric sphagnum cap of 95cm,,,"M. Oberhelman, P. Geiselman, and D. Riihiluoma on July 21, 1986","M. Oberhelman, P. Geiselman, and D. Riihiluoma","July 21, 1986",N,N
KOOC-2606903-A-800+-0,,,,"M. Oberhelman and D. Riihiluoma on July 17, 1986",M. Oberhelman and D. Riihiluoma,"July 17, 1986",N,N
KOOC-2606903-A-800-1000,Good quality fuel peat below 45cm,,,"M. Oberhelman, P. Geiselman, and D. Olson on July 9, 1986","M. Oberhelman, P. Geiselman, and D. Olson","July 9, 1986",N,N
KOOC-2606903-A-800-1400,Good quality fuel peat 45cm to 80cm; dry and crumbly below 80cm,,,"D. Riihiluoma and G. Degnan on July 9, 1986",D. Riihiluoma and G. Degnan,"July 9, 1986",N,N
KOOC-2606903-A-800-200,,,,"P. Geiselman and D. Riihiluoma on July 29, 1986",P. Geiselman and D. Riihiluoma,"July 29, 1986",N,N
KOOC-2606903-A-800-600,35cm fibric sphagnum cap; 35-75cm marginal fuel quality; below 75cm good fuel quality.,,,"M. Oberhelman, P. Geiselman, and D. Riihiluoma on July 21, 1986","M. Oberhelman, P. Geiselman, and D. Riihiluoma","July 21, 1986",N,N
KOOC-2606903-A-900-200,,,,"D. Riihiluoma and P. Geiselman on July 29, 1986",D. Riihiluoma and P. Geiselman,"July 29, 1986",N,N
KOOC-2606903-L-5,Hit stumps at 120cm & 150cm,,,"S. Nelson and P. Geiselman on April 18, 1986",S. Nelson and P. Geiselman,"April 18, 1986",N,N
KOOC-2606906-357,,,,"D. Haverkost on November 15, 1979",D. Haverkost,"November 15, 1979",N,N
KOOC-2606909-116,,,,"B. Weber on September 26, 1977",B. Weber,"September 26, 1977",N,N
KOOC-2606910-371,,,,"D. Olson on November 16, 1979",D. Olson,"November 16, 1979",N,N
KOOC-2606910-A-1000-1800,Good quality fuel peat; hit stumps at 70cm and 100cm,,,"M. Oberhelman and P. Haverkost on July 8, 1986",M. Oberhelman and P. Haverkost,"July 8, 1986",N,N
KOOC-2606910-A-1000-2200,Good quality fuel peat below 30cm; hit stumps at 50cm,,,"M. Oberhelman and P. Haverkost on July 8, 1986",M. Oberhelman and P. Haverkost,"July 8, 1986",N,N
KOOC-2606910-A-1000-2600,Good quality fuel peat below 45cm; hit a stump at 140cm,,,"M. Oberhelman and P. Geiselman on July 15, 1986",M. Oberhelman and P. Geiselman,"July 15, 1986",N,N
KOOC-2606910-A-1000-3000,Fair to good quality fuel peat,,,"D. Olson on July 15, 1986",D. Olson,"July 15, 1986",N,N
KOOC-2606910-A-1200-1800,Good quality fuel peat; hit a stump at 130cm,,,"M. Oberhelman and P. Haverkost on July 8, 1986",M. Oberhelman and P. Haverkost,"July 8, 1986",N,N
KOOC-2606910-A-1200-2200,Very good fuel quality below 30cm,0-30cm wet sample,,"M. Oberhelman and P. Haverkost on July 8, 1986",M. Oberhelman and P. Haverkost,"July 8, 1986",N,N
KOOC-2606910-A-1200-2600,Good quality fuel peat below 40cm,0-40cm peat very wet,,"M. Oberhelman and P. Geiselman on July 15, 1986",M. Oberhelman and P. Geiselman,"July 15, 1986",N,N
KOOC-2606910-A-1200-3000,Below 40cm very good fuel quality; this is the best looking fuel profile west of baseline.,,,"D. Olson on July 15, 1986",D. Olson,"July 15, 1986",N,N
KOOC-2606910-A-1400-1800,Good quality fuel peat,0-25cm peat moisture very high,,"M. Oberhelman and P. Haverkost on July 8, 1986",M. Oberhelman and P. Haverkost,"July 8, 1986",N,N
KOOC-2606910-A-1400-2200,Hit stumps at 20cm and 50cm,,,"M. Oberhelman and P. Haverkost on July 8, 1986",M. Oberhelman and P. Haverkost,"July 8, 1986",N,N
KOOC-2606910-A-1400-2600,Good quality fuel peat below 35cm,,,"M. Oberhelman and P. Geiselman on July 15, 1986",M. Oberhelman and P. Geiselman,"July 15, 1986",N,N
KOOC-2606910-A-1400-3000,,,,"D. Olson on February 15, 1986",D. Olson,"February 15, 1986",N,N
KOOC-2606910-A-1600-1800,,,,"M. Oberhelman and P. Haverkost on July 8, 1986",M. Oberhelman and P. Haverkost,"July 8, 1986",N,N
KOOC-2606910-A-1600-2600,Good quality fuel peat below 20cm,,,"M. Oberhelman and P. Geiselman on July 15, 1986",M. Oberhelman and P. Geiselman,"July 15, 1986",N,N
KOOC-2606910-A-1600-3000,,,,"D. Olson on July 15, 1986",D. Olson,"July 15, 1986",N,N
KOOC-2606910-A-1700-1800,,,,"M. Oberhelman and P. Haverkost on July 8, 1986",M. Oberhelman and P. Haverkost,"July 8, 1986",N,N
KOOC-2606910-A-1800-2600,Good quality fuel peat below 40cm; woody peat,,,"M. Oberhelman and P. Geiselman on July 15, 1986",M. Oberhelman and P. Geiselman,"July 15, 1986",N,N
KOOC-2606910-A-1800-3000,,,,"D. Olson on July 15, 1986",D. Olson,"July 15, 1986",N,N
KOOC-2606910-A-2000-2600,Good quality fuel peat below 25cm,,,"M. Oberhelman and P. Geiselman on July 15, 1986",M. Oberhelman and P. Geiselman,"July 15, 1986",N,N
KOOC-2606910-A-2000-3000,Good quality fuel peat below 40cm,,,"D. Olson on July 15, 1986",D. Olson,"July 15, 1986",N,N
KOOC-2606910-A-600-1800,Elevation site only,,,"E. Berglund and P. Haverkost in July, 1986",E. Berglund and P. Haverkost,"July, 1986",N,N
KOOC-2606910-A-600-2200,Elevation site only,,,"E. Berglund and P. Haverkost in July, 1986",E. Berglund and P. Haverkost,"July, 1986",N,N
KOOC-2606910-A-600-2600,Fair quality fuel peat; a lot of sphagnum stems in profile,,,"M. Oberhelman and P. Geiselman on July 15, 1986",M. Oberhelman and P. Geiselman,"July 15, 1986",N,N
KOOC-2606910-A-600-3000,Good quality fuel peat 35-185cm; hit some stumps in profile,,,"D. Riihiluoma on July 15, 1986",D. Riihiluoma,"July 15, 1986",N,N
KOOC-2606910-A-800-1800,"Good quality fuel peat under sphagnum cap 0-45cm, 110-200cm not as decomposed as sites to the East on this line.",,,"M. Oberhelman and P. Haverkost on July 8, 1986",M. Oberhelman and P. Haverkost,"July 8, 1986",N,N
KOOC-2606910-A-800-2200,Elevation site only,,,"E. Berglund and P. Haverkost in July, 1986",E. Berglund and P. Haverkost,"July, 1986",N,N
KOOC-2606910-A-800-2600,Good quality fuel peat,,,"M. Oberhelman and P. Geiselman on July 15, 1986",M. Oberhelman and P. Geiselman,"July 15, 1986",N,N
KOOC-2606910-A-800-3000,This site appears to get away from the lower humified material towards the 200cm depth.,,,"D. Olson on July 15, 1986",D. Olson,"July 15, 1986",N,N
KOOC-2606910-L-3,"Hit stumps at 50cm, 100cm, 120cm, 190cm",,,"P. Geiselman and M. Oberhelman on April 17, 1986",P. Geiselman and M. Oberhelman,"April 17, 1986",Y,N
KOOC-2606910-L-6,Hit many stumps throughout profile,,,"S. Nelson and P. Geiselman on April 27, 1986",S. Nelson and P. Geiselman,"April 27, 1986",N,N
KOOC-2606911-370,,,,"D. Haverkost and N. Aaseng on November 16, 1979",D. Haverkost and N. Aaseng,"November 16, 1979",N,N
KOOC-2606911-A+200-1800,Elevation site only,,,"E. Berglund and P. Haverkost in July, 1986",E. Berglund and P. Haverkost,"July, 1986",N,N
KOOC-2606911-A+200-2200,Good quality fuel peat below 20cm,,,"D. Riihiluoma and M. Oberhelman on July 14, 1986",D. Riihiluoma and M. Oberhelman,"July 14, 1986",N,N
KOOC-2606911-A+200-2600,Poor quality fuel peat except for a couple small layers; hit several stumps in profile.,,,"D. Riihiluoma and G. Degnan on July 14, 1986",D. Riihiluoma and G. Degnan,"July 14, 1986",N,N
KOOC-2606911-A+200-3000,"Poor quality fuel peat - undecomposed sphagnum; hit stumps at 40cm, 60cm, and 100cm",,,"M. Oberhelman and P. Geiselman on July 14, 1986",M. Oberhelman and P. Geiselman,"July 14, 1986",N,N
KOOC-2606911-A+400-1800,"Poor quality fuel peat to 35cm, good quality below 35cm; hit a stump at 80cm",,,"D. Riihiluoma and G. Degnan on July 8, 1986",D. Riihiluoma and G. Degnan,"July 8, 1986",N,N
KOOC-2606911-A+400-2200,Elevation site only,,,"E. Berglund and P. Haverkost in July, 1986",E. Berglund and P. Haverkost,"July, 1986",N,N
KOOC-2606911-A+400-2600,Poor quality fuel peat,,,"D. Riihiluoma and G. Degnan on July 14, 1986",D. Riihiluoma and G. Degnan,"July 14, 1986",N,N
KOOC-2606911-A+400-3000,Poor quality fuel peat 0-40cm and 100-200+cm - undecomposed sphagnum; hit stumps at 60cm and 70cm,,,"P. Geiselman and M. Oberhelman on July 14, 1986",P. Geiselman and M. Oberhelman,"July 14, 1986",N,N
KOOC-2606911-A+600-1800,Good quality fuel peat below 15cm,,,"D. Riihiluoma and G. Degnan on July 8, 1986",D. Riihiluoma and G. Degnan,"July 8, 1986",N,N
KOOC-2606911-A+600-2200,Hit stump at 75cm,,,"M. Oberhelman and D. Riihiluoma on July 14, 1986",M. Oberhelman and D. Riihiluoma,"July 14, 1986",N,N
KOOC-2606911-A+800-2200,,,,"M. Oberhelman and D. Riihiluoma on July 14, 1986",M. Oberhelman and D. Riihiluoma,"July 14, 1986",N,N
KOOC-2606911-A0-1800,"Poor quality fuel peat to 40cm, good quality fuel peat below 40cm; hit stumps at 75cm and 100cm",Very wet sample 150-200cm,,"D. Riihiluoma and G. Degnan on July 8, 1986",D. Riihiluoma and G. Degnan,"July 8, 1986",N,N
KOOC-2606911-A0-2000,Elevation site only,,,"E. Berglund and P. Haverkost in July, 1986",E. Berglund and P. Haverkost,"July, 1986",N,N
KOOC-2606911-A0-2200,"Good quality fuel peat; hit stumps at 50cm, 100cm, and 140cm; for Ash fusion analysis results see site KOOC-2606903-A-1800-1400",,,"M. Oberhelman and P. Haverkost on July 8, 1986",M. Oberhelman and P. Haverkost,"July 8, 1986",Y,Y
KOOC-2606911-A0-2400,Elevation site only,,,"E. Berglund and P. Haverkost in July, 1986",E. Berglund and P. Haverkost,"July, 1986",N,N
KOOC-2606911-A0-2600,"Poor quality fuel peat; predominately slightly decomposed sphagnum material to 125cm, below even the forest litter is very dry, crumbly and lightweight.",,,"D. Riihiluoma and G. Degnan on July 14, 1986",D. Riihiluoma and G. Degnan,"July 14, 1986",N,N
KOOC-2606911-A0-2800,Elevation site only,,,"E. Berglund and P. Haverkost in July, 1986",E. Berglund and P. Haverkost,"July, 1986",N,N
KOOC-2606911-A0-3000,"Good quality fuel peat from 40-125cm, undecomposed sphagnum above and below; hit stumps at 40cm, 60cm, and 100cm",,,"M. Oberhelman and P. Geiselman on July 14, 1986",M. Oberhelman and P. Geiselman,"July 14, 1986",N,N
KOOC-2606911-A0-3200,Elevation site only,,,"E. Berglund and P. Haverkost in July, 1986",E. Berglund and P. Haverkost,"July, 1986",N,N
KOOC-2606911-A-200-1800,Elevation site only,,,"E. Berglund and P. Haverkost in July, 1986",E. Berglund and P. Haverkost,"July, 1986",N,N
KOOC-2606911-A-200-2200,Good quality fuel peat below 20cm; hit many stumps,,,"M. Oberhelman and P. Haverkost on July 8, 1986",M. Oberhelman and P. Haverkost,"July 8, 1986",N,N
KOOC-2606911-A-200-2600,Poor quality fuel peat; hit stumps at 100cm,,,"M. Oberhelman and P. Geiselman on July 15, 1986",M. Oberhelman and P. Geiselman,"July 15, 1986",N,N
KOOC-2606911-A-200-3000,Poor quality fuel peat - undecomposed sphagnum; hit several stumps in profile,,,"D. Riihiluoma on July 15, 1986",D. Riihiluoma,"July 15, 1986",N,N
KOOC-2606911-A-400-1800,Good quality fuel peat quality below 25cm,,,"M. Oberhelman and P. Haverkost on July 8, 1986",M. Oberhelman and P. Haverkost,"July 8, 1986",N,N
KOOC-2606911-A-400-2200,Good quality fuel peat below 30cm,,,"M. Oberhelman and P. Haverkost on July 8, 1986",M. Oberhelman and P. Haverkost,"July 8, 1986",N,N
KOOC-2606911-A-400-2600,"Fair quality fuel peat; hit stumps at 40cm, 70cm, 100cm, and 150cm",,,"P. Geiselman and D. Olson on July 15, 1986",P. Geiselman and D. Olson,"July 15, 1986",N,N
KOOC-2606911-A-400-3000,Fibric sphagnum 0-95cm and 120-200+cm; good quality fuel peat 95-180cm,,,"D. Riihiluoma on July 15, 1986",D. Riihiluoma,"July 15, 1986",N,N
KOOC-2606911-L-1,Hit many stumps in profile,,,"P. Geiselman and M. Oberhelman on April 17, 1986",P. Geiselman and M. Oberhelman,"April 17, 1986",Y,N
KOOC-2606911-L-2,Hit stumps at 100cm and 60cm; BTU and sulfur analyses performed by DNR laboratory,,,"P. Geiselman and M. Oberhelman on April 17, 1986",P. Geiselman and M. Oberhelman,"April 17, 1986",Y,Y
KOOC-2606911-L-8,,,,"S. Nelson and Pat Geiselman on April 29, 1986",S. Nelson and Pat Geiselman,"April 29, 1986",N,N
KOOC-2606913-L-15,,,,"P. Geiselman and D. Riihiluoma on May 14, 1986",P. Geiselman and D. Riihiluoma,"May 14, 1986",N,N
KOOC-2606913-L-16,,,,"P. Geiselman and D. Riihiluoma on May 14, 1986",P. Geiselman and D. Riihiluoma,"May 14, 1986",N,N
KOOC-2606913-L-17,,,,"P. Geiselman and D. Riihiluoma on May 14, 1986",P. Geiselman and D. Riihiluoma,"May 14, 1986",N,N
KOOC-2606913-L-18,,,,"P. Geiselman and D. Riihiluoma on May 14, 1986",P. Geiselman and D. Riihiluoma,"May 14, 1986",N,N
KOOC-2606914-369,,,,"D. Olson on November 16, 1979",D. Olson,"November 16, 1979",N,N
KOOC-2606914-L-7,Hit stump at 80cm,,,"S. Nelson and P. Geiselman on April 29, 1986",S. Nelson and P. Geiselman,"April 29, 1986",N,N
KOOC-2606915-109,,,,"B. Weber on September 26, 1977",B. Weber,"September 26, 1977",N,N
KOOC-2606915-110,,,,"B. Weber on September 26, 1977",B. Weber,"September 26, 1977",N,N
KOOC-2606915-111,,,,"B. Weber on September 26, 1977",B. Weber,"September 26, 1977",N,N
KOOC-2606915-112,,,,"B. Weber on September 26, 1977",B. Weber,"September 26, 1977",N,N
KOOC-2606915-113,,,,"B. Weber on September 26, 1977",B. Weber,"September 26, 1977",Y,N
KOOC-2606916-114,,,,"B. Weber on September 26, 1977",B. Weber,"September 26, 1977",N,N
KOOC-2606916-115,,,,"B. Weber on September 26, 1977",B. Weber,"September 26, 1977",N,N
KOOC-2606916-362,,,,"D. Olson and N. Aaseng on November 15, 1979",D. Olson and N. Aaseng,"November 15, 1979",N,N
KOOC-2606917-363,,,,"D. Haverkost on November 15, 1979",D. Haverkost,"November 15, 1979",N,N
KOOC-2606919-117,,,,"D. Olson on August 23, 1977",D. Olson,"August 23, 1977",N,N
KOOC-2606919-118,,,,"D. Olson on August 23, 1977",D. Olson,"August 23, 1977",N,N
KOOC-2606921-H-10,"Generally good horticultural quality to 140cm, fair quality below",,,"M. Oberhelman and D. Riihiluoma on June 29, 1988",M. Oberhelman and D. Riihiluoma,"June 29, 1988",N,N
KOOC-2606921-H-11,Fair to poor quality horticultural peat to 135cm,,,"M. Oberhelman and D. Riihiluoma on June 29, 1988",M. Oberhelman and D. Riihiluoma,"June 29, 1988",N,N
KOOC-2606921-H-12,Generally fair to good quality horticultural peat to 150cm,,,"M. Oberhelman and D. Riihiluoma on June 29, 1988",M. Oberhelman and D. Riihiluoma,"June 29, 1988",N,N
KOOC-2606921-H-13,Generally fair quality horticultural peat to 170cm,,,"M. Oberhelman and D. Riihiluoma on June 29, 1988",M. Oberhelman and D. Riihiluoma,"June 29, 1988",N,N
KOOC-2606921-H-8,"Generally fair horticultural quality, mixed layers",,,"M. Oberhelman and D. Riihiluoma on June 29, 1988",M. Oberhelman and D. Riihiluoma,"June 29, 1988",N,N
KOOC-2606921-H-9,Below 110cm non-horticultural quality peat,,,"M. Oberhelman and D. Riihiluoma on June 29, 1988",M. Oberhelman and D. Riihiluoma,"June 29, 1988",N,N
KOOC-2606922-8,,,,"B. Weber on September 26, 1977",B. Weber,"September 26, 1977",Y,N
KOOC-2606922-92,,,,"B. Weber on September 28, 1977",B. Weber,"September 28, 1977",N,N
KOOC-2606922-93,,,,"B. Weber on September 28, 1977",B. Weber,"September 28, 1977",N,N
KOOC-2606922-94,,,,"B. Weber on September 28, 1977",B. Weber,"September 28, 1977",Y,N
KOOC-2606922-95,,,,"B. Weber on September 28, 1977",B. Weber,"September 28, 1977",N,N
KOOC-2606923-367,,,,"D. Olson on November 16, 1979",D. Olson,"November 16, 1979",N,N
KOOC-2606924-368,,,,"D. Haverkost and N. Aaseng on November 16, 1979",D. Haverkost and N. Aaseng,"November 16, 1979",N,N
KOOC-2606925-96,,,,"D. Olson on October 3, 1977",D. Olson,"October 3, 1977",N,N
KOOC-2606925-97,,,,"D. Olson on October 3, 1977",D. Olson,"October 3, 1977",N,N
KOOC-2606925-98,,,,"D. Olson on October 3, 1977",D. Olson,"October 3, 1977",N,N
KOOC-2606925-99,,,,"R. Weber on October 3, 1977",R. Weber,"October 3, 1977",N,N
KOOC-2606925-L-12,,,,"P. Geiselman and D. Riihiluoma on May 13, 1986",P. Geiselman and D. Riihiluoma,"May 13, 1986",N,N
KOOC-2606925-L-13,,,,"P. Geiselman and D. Riihiluoma on May 13, 1986",P. Geiselman and D. Riihiluoma,"May 13, 1986",N,N
KOOC-2606926-100,,,,"R. Weber on October 3, 1977",R. Weber,"October 3, 1977",N,N
KOOC-2606926-101,,,,"B. Weber on October 3, 1977",B. Weber,"October 3, 1977",N,N
KOOC-2606926-102,,,,"R. Weber on October 3, 1977",R. Weber,"October 3, 1977",N,N
KOOC-2606926-79,,,,"B. Weber on September 27, 1977",B. Weber,"September 27, 1977",N,N
KOOC-2606926-80,,,,"B. Weber on September 27, 1977",B. Weber,"September 27, 1977",Y,N
KOOC-2606926-87,,,,"B. Weber on September 27, 1977",B. Weber,"September 27, 1977",N,N
KOOC-2606926-88,,,,"B. Weber on September 28, 1977",B. Weber,"September 28, 1977",Y,N
KOOC-2606926-L-14,"Hit stumps at 20cm, 30cm, 50cm, 100cm, 140cm",,,"P. Geiselman and D. Riihiluoma on May 13, 1986",P. Geiselman and D. Riihiluoma,"May 13, 1986",N,N
KOOC-2606927-81,,,,"B. Weber on September 27, 1977",B. Weber,"September 27, 1977",N,N
KOOC-2606927-84,,,,"B. Weber on September 27, 1977",B. Weber,"September 27, 1977",N,N
KOOC-2606927-85,,,,"B. Weber on September 27, 1977",B. Weber,"September 27, 1977",N,N
KOOC-2606927-86,,,,"B. Weber on September 27, 1977",B. Weber,"September 27, 1977",N,N
KOOC-2606927-89,,,,"B. Weber on September 28, 1977",B. Weber,"September 28, 1977",N,N
KOOC-2606927-90,,,,"B. Weber on September 28, 1977",B. Weber,"September 28, 1977",N,N
KOOC-2606927-91,,,,"B. Weber on September 28, 1977",B. Weber,"September 28, 1977",N,N
KOOC-2606927-H-1,Generally fair horticultural quality peat; hit stump at 80cm,,,"P. Geiselman and M. Oberhelman on May 10, 1988",P. Geiselman and M. Oberhelman,"May 10, 1988",N,N
KOOC-2606927-H2,Generally fair quality horticultural peat,,,"P. Geiselman and M. Oberhelman on May 10, 1988",P. Geiselman and M. Oberhelman,"May 10, 1988",N,N
KOOC-2606927-H-3,Fair horticultural quality peat,,,"P. Geiselman and M. Oberhelman on May 10, 1988",P. Geiselman and M. Oberhelman,"May 10, 1988",N,N
KOOC-2606927-H-4,0-135cm generally fair horticultural quality peat,,,"P. Geiselman and M. Oberhelman on May 10, 1988",P. Geiselman and M. Oberhelman,"May 10, 1988",N,N
KOOC-2606927-H-5,Fair to poor horticultural quality peat,,,"P. Geiselman and M. Oberhelman on May 10, 1988",P. Geiselman and M. Oberhelman,"May 10, 1988",N,N
KOOC-2606927-H-6,Generally poor to fair horticultural quality peat,,,"P. Geiselman and M. Oberhelman on May 10, 1988",P. Geiselman and M. Oberhelman,"May 10, 1988",N,N
KOOC-2606927-H-7,Generally fair to good horticultural quality peat,,,"P. Geiselman and M. Oberhelman on May 10, 1988",P. Geiselman and M. Oberhelman,"May 10, 1988",N,N
KOOC-2606928-82,,,,"B. Weber on September 27, 1977",B. Weber,"September 27, 1977",Y,N
KOOC-2606928-83,,,,"B. Weber on September 27, 1977",B. Weber,"September 27, 1977",N,N
KOOC-2606934-103,,,,"D. Olson on October 4, 1977",D. Olson,"October 4, 1977",N,N
KOOC-2606934-104,,,,"D. Olson on October 4, 1977",D. Olson,"October 4, 1977",N,N
KOOC-2606934-105,,,,"R. Weber on October 4, 1977",R. Weber,"October 4, 1977",Y,N
KOOC-2606934-106,,,,"R. Weber on October 4, 1977",R. Weber,"October 4, 1977",N,N
KOOC-2606934-107,,,,"R. Weber on October 4, 1977",R. Weber,"October 4, 1977",N,N
KOOC-2606934-108,,,,"R. Weber on October 4, 1977",R. Weber,"October 4, 1977",N,N
KOOC-2606936-387,,,,"D. Olson on November 16, 1979",D. Olson,"November 16, 1979",N,N
KOOC-2607036-374,,,,"D. Haverkost and N. Aaseng on November 16, 1979",D. Haverkost and N. Aaseng,"November 16, 1979",N,N
KOOC-2615136-515,,,,"T. Malterer on December 10, 1979",T. Malterer,"December 10, 1979",N,N
KOOC-2615208-540,,,,"B. Sethers and S. Nelson on April 3, 1980",B. Sethers and S. Nelson,"April 3, 1980",N,N
KOOC-2615218-528,,,,"D. Mellum and D. Haverkost on December 10, 1979",D. Mellum and D. Haverkost,"December 10, 1979",N,N
KOOC-2615223-518,,,,"D. Mellum and D. Haverkost on December 10, 1979",D. Mellum and D. Haverkost,"December 10, 1979",N,N
KOOC-2615230-527,,,,"T. Malterer on December 10, 1979",T. Malterer,"December 10, 1979",N,N
KOOC-2615233-516,,,,"D. Mellum and D. Haverkost on December 10, 1979",D. Mellum and D. Haverkost,"December 10, 1979",N,N
KOOC-2615233-517,,,,"T. Malterer on December 10, 1979",T. Malterer,"December 10, 1979",N,N
KOOC-2615316-1,Lab analysis by Farnham 1976,,,"M. Domeier on October 25, 1976",M. Domeier,"October 25, 1976",Y,N
KOOC-2615320-2,,,,"M. Domeier on October 25, 1976",M. Domeier,"October 25, 1976",N,N
KOOC-2615321-3,Lab analysis by Farnham 1976,,,"M. Domeier on October 25, 1976",M. Domeier,"October 25, 1976",Y,N
KOOC-2615321-4,Lab analysis by Farnham 1976,,,"M. Domeier on October 25, 1976",M. Domeier,"October 25, 1976",Y,N
KOOC-2615329-5,,,,"M. Domeier on October 25, 1976",M. Domeier,"October 25, 1976",N,N
KOOC-2615330-6,Lab analysis by Farnham 1976,,,"M. Domeier on October 25, 1976",M. Domeier,"October 25, 1976",Y,N
KOOC-2615330-7,Lab analysis by Farnham 1976,,,"M. Domeier on October 25, 1976",M. Domeier,"October 25, 1976",Y,N
KOOC-2615331-8,,,,"M. Domeier on October 23, 1976",M. Domeier,"October 23, 1976",N,N
KOOC-2615402-1,,,,"R. Zarth on September 6, 1976",R. Zarth,"September 6, 1976",N,N
KOOC-2615402-2,,,,"R. Zarth on September 6, 1976",R. Zarth,"September 6, 1976",N,N
KOOC-2615403-3,,,,"R. Zarth on September 6, 1976",R. Zarth,"September 6, 1976",N,N
KOOC-2615403-4,,,,"R. Zarth on September 6, 1976",R. Zarth,"September 6, 1976",N,N
KOOC-2615404-5,,,,"R. Zarth on September 6, 1976",R. Zarth,"September 6, 1976",N,N
KOOC-2615404-6,,,,"R. Zarth on September 6, 1976",R. Zarth,"September 6, 1976",N,N
KOOC-2615405-7,,,,"R. Zarth on September 6, 1976",R. Zarth,"September 6, 1976",N,N
KOOC-2615416-512,,,,"D. Haverkost on November 30, 1979",D. Haverkost,"November 30, 1979",N,N
KOOC-2615419-13,,,,"H. Moores and L. Severson on March 26, 1980",H. Moores and L. Severson,"March 26, 1980",Y,Y
KOOC-2615431-10,,,,,,,N,N
KOOC-2615431-11,,,,,,,N,N
KOOC-2615431-12,,,,"R. Zarth on September 6, 1976",R. Zarth,"September 6, 1976",N,N
KOOC-2615504-1,,,,"R. Zarth on August 17, 1976",R. Zarth,"August 17, 1976",N,N
KOOC-2615504-2,,,,"R. Fox on August 17, 1976",R. Fox,"August 17, 1976",N,N
KOOC-2615504-3,,,,"R. Fox on June 8, 1976",R. Fox,"June 8, 1976",N,N
KOOC-2615509-4,,,,"R. Zarth on August 16, 1976",R. Zarth,"August 16, 1976",N,N
KOOC-2615509-5,,,,"R. Fox on August 17, 1976",R. Fox,"August 17, 1976",N,N
KOOC-2615509-6,,,,"R. Zarth on August 17, 1976",R. Zarth,"August 17, 1976",N,N
KOOC-2615516-7,,,,"R. Fox on August 16, 1976",R. Fox,"August 16, 1976",N,N
KOOC-2615516-8,,,,"R. Fox on August 16, 1976",R. Fox,"August 16, 1976",N,N
KOOC-2615521-10,,,,"R. Zarth on August 16, 1976",R. Zarth,"August 16, 1976",N,N
KOOC-2615521-11,,,,"R. Fox on August 16, 1976",R. Fox,"August 16, 1976",N,N
KOOC-2615521-9,,,,"R. Fox on August 16, 1976",R. Fox,"August 16, 1976",N,N
KOOC-2615606-136,,,,"D. Mellum and D. Haverkost on September 27, 1978",D. Mellum and D. Haverkost,"September 27, 1978",N,N
KOOC-2615606-137,,,,"D. Mellum and D. Haverkost on September 27, 1979",D. Mellum and D. Haverkost,"September 27, 1979",N,N
KOOC-2615608-135,,,,"D. Mellum and D. Haverkost on September 27, 1979",D. Mellum and D. Haverkost,"September 27, 1979",N,N
KOOC-2615609-508,,,,"D. Haverkost on November 30, 1979",D. Haverkost,"November 30, 1979",N,N
KOOC-2615617-134,,,,"D. Mellum and D. Haverkost on September 27, 1979",D. Mellum and D. Haverkost,"September 27, 1979",N,N
KOOC-2615618-133,,,,"D. Mellum and D. Haverkost on September 26, 1979",D. Mellum and D. Haverkost,"September 26, 1979",N,N
KOOC-2615619-127,,,,"D. Mellum and D. Haverkost on September 26, 1979",D. Mellum and D. Haverkost,"September 26, 1979",N,N
KOOC-2615619-128,,,,"D. Mellum and D. Haverkost on September 26, 1979",D. Mellum and D. Haverkost,"September 26, 1979",N,N
KOOC-2615619-129,,,,"D. Mellum and D. Haverkost on September 26, 1979",D. Mellum and D. Haverkost,"September 26, 1979",N,N
KOOC-2615619-130,,,,"D. Mellum and D. Haverkost on September 26, 1979",D. Mellum and D. Haverkost,"September 26, 1979",N,N
KOOC-2615619-132,,,,"D. Mellum and D. Haverkost on September 26, 1979",D. Mellum and D. Haverkost,"September 26, 1979",N,N
KOOC-2615619-U-1,Hit stumps at 30cm and 100cm; non-horticultural quality peat below 80cm,,,"M. Oberhelman and D. Riihiluoma on June 28, 1988",M. Oberhelman and D. Riihiluoma,"June 28, 1988",N,N
KOOC-2615619-U-2,Hit stumps at 110cm and 140cm; non-horticultural quality below 95cm,,,"M. Oberhelman and D. Riihiluoma on June 28, 1988",M. Oberhelman and D. Riihiluoma,"June 28, 1988",N,N
KOOC-2615619-U-3,Below 125cm non-horticultural quality peat,,,"M. Oberhelman and D. Riihiluoma on June 28, 1988",M. Oberhelman and D. Riihiluoma,"June 28, 1988",N,N
KOOC-2615619-U-4,Non-horticultural quality peat below 80cm,,,"M. Oberhelman and D. Riihiluoma on June 28, 1988",M. Oberhelman and D. Riihiluoma,"June 28, 1988",N,N
KOOC-2615620-131,,,,"D. Mellum and D. Haverkost on September 26, 1979",D. Mellum and D. Haverkost,"September 26, 1979",N,N
KOOC-2615628-510,,,,"D. Haverkost on November 30, 1979",D. Haverkost,"November 30, 1979",N,N
KOOC-2615630-125,,,,"D. Mellum and D. Haverkost on September 26, 1979",D. Mellum and D. Haverkost,"September 26, 1979",N,N
KOOC-2615630-126,,,,"D. Mellum and D. Haverkost on September 26, 1979",D. Mellum and D. Haverkost,"September 26, 1979",N,N
KOOC-2615701-332,,,,"D. Olson and N. Aaseng on November 15, 1979",D. Olson and N. Aaseng,"November 15, 1979",N,N
KOOC-2615703-331,,,,"D. Haverkost on November 15, 1979",D. Haverkost,"November 15, 1979",N,N
KOOC-2615715-334,,,,"D. Olson on November 15, 1979",D. Olson,"November 15, 1979",N,N
KOOC-2615716-333,,,,"D. Haverkost on November 15, 1979",D. Haverkost,"November 15, 1979",N,N
KOOC-2615719-142,,,,"D. Mellum and D. Haverkost on October 4, 1979",D. Mellum and D. Haverkost,"October 4, 1979",N,N
KOOC-2615719-143,,,,"D. Mellum and D. Haverkost on October 4, 1979",D. Mellum and D. Haverkost,"October 4, 1979",N,N
KOOC-2615727-335,,,,"D. Haverkost on November 15, 1979",D. Haverkost,"November 15, 1979",N,N
KOOC-2615730-141,,,,"D. Mellum and D. Haverkost on October 3, 1979",D. Mellum and D. Haverkost,"October 3, 1979",N,N
KOOC-2615730-147,,,,"D. Mellum and D. Haverkost on October 4, 1979",D. Mellum and D. Haverkost,"October 4, 1979",N,N
KOOC-2615731-148,,,,"D. Mellum and D. Haverkost on October 4, 1979",D. Mellum and D. Haverkost,"October 4, 1979",N,N
KOOC-2615802-323,,,,"D. Haverkost on November 14, 1979",D. Haverkost,"November 14, 1979",N,N
KOOC-2615802-6,,,,"H. Mooers and D. Haverkost on March 6, 1980",H. Mooers and D. Haverkost,"March 6, 1980",Y,Y
KOOC-2615803-15,,,,"D. Haverkost and B. Sethers on March 13, 1980",D. Haverkost and B. Sethers,"March 13, 1980",N,N
KOOC-2615803-317,,,,"D. Haverkost and R. Graber on November 14, 1979",D. Haverkost and R. Graber,"November 14, 1979",N,N
KOOC-2615803-4,,,,"D. Haverkost, H. Mooers, and B. Sethers on March 6, 1980","D. Haverkost, H. Mooers, and B. Sethers","March 6, 1980",Y,Y
KOOC-2615805-316,,,,"D. Olson and N. Aaseng on November 14, 1979",D. Olson and N. Aaseng,"November 14, 1979",N,N
KOOC-2615806-295,,,,"D. Haverkost and R. Graber on November 14, 1979",D. Haverkost and R. Graber,"November 14, 1979",N,N
KOOC-2615806-296,,,,"D. Olson and N. Aaseng on November 14, 1979",D. Olson and N. Aaseng,"November 14, 1979",N,N
KOOC-2615807-13,,,,"H. Mooers, B. Sethers, and D. Haverkost on November 14, 1979","H. Mooers, B. Sethers, and D. Haverkost","November 14, 1979",N,N
KOOC-2615807-294,,,,"D. Olson and N. Aaseng on November 14, 1979",D. Olson and N. Aaseng,"November 14, 1979",N,N
KOOC-2615807-9,,,,"H. Mooers, B. Sethers, and D. Haverkost on November 14, 1979","H. Mooers, B. Sethers, and D. Haverkost","November 14, 1979",Y,Y
KOOC-2615808-8,,,,"H. Mooers and D. Haverkost on March 11, 1980",H. Mooers and D. Haverkost,"March 11, 1980",Y,Y
KOOC-2615809-12,,,,"H. Mooers and D. Haverkost on March 11, 1980",H. Mooers and D. Haverkost,"March 11, 1980",N,N
KOOC-2615809-7,,,,"H. Mooers, D. Haverkost, and B. Sethers on March 6, 1980","H. Mooers, D. Haverkost, and B. Sethers","March 6, 1980",Y,Y
KOOC-2615810-11,,,,"H. Mooers and D. Haverkost on March 11, 1980",H. Mooers and D. Haverkost,"March 11, 1980",N,N
KOOC-2615810-2,,,,"H. Mooers on March 5, 1980",H. Mooers,"March 5, 1980",Y,Y
KOOC-2615810-3,,,,"H. Mooers, B. Sethers, and D. Haverkost on March 6, 1980","H. Mooers, B. Sethers, and D. Haverkost","March 6, 1980",Y,Y
KOOC-2615810-319,,,,"D. Haverkost and R. Graber on November 14, 1979",D. Haverkost and R. Graber,"November 14, 1979",N,N
KOOC-2615810-321,,,,"D. Haverkost on November 14, 1979",D. Haverkost,"November 14, 1979",N,N
KOOC-2615811-14,,,,"H. Mooers and D. Haverkost on March 12, 1980",H. Mooers and D. Haverkost,"March 12, 1980",N,N
KOOC-2615811-324,,,,"D. Olson and N. Aaseng on November 14, 1979",D. Olson and N. Aaseng,"November 14, 1979",N,N
KOOC-2615812-325,,,,"D. Haverkost on November 14, 1977",D. Haverkost,"November 14, 1977",N,N
KOOC-2615815-1,,,,"H. Mooers on March 5, 1980",H. Mooers,"March 5, 1980",Y,Y
KOOC-2615815-320,,,,"D. Olson and N. Aaseng on November 14, 1979",D. Olson and N. Aaseng,"November 14, 1979",N,N
KOOC-2615815-322,,,,"D. Olson and N. Asseng on November 14, 1979",D. Olson and N. Asseng,"November 14, 1979",N,N
KOOC-2615816-318,,,,"D. Olson and N. Aaseng on November 14, 1979",D. Olson and N. Aaseng,"November 14, 1979",N,N
KOOC-2615819-287,,,,"N. Aaseng and R. Graber on November 13, 1979",N. Aaseng and R. Graber,"November 13, 1979",N,N
KOOC-2615821-329,,,,"D. Haverkost and R. Graber on November 14, 1979",D. Haverkost and R. Graber,"November 14, 1979",N,N
KOOC-2615822-328,,,,"D. Olson and N. Aaseng on November 14, 1979",D. Olson and N. Aaseng,"November 14, 1979",N,N
KOOC-2615823-10,,,,"H. Mooers, D. Haverkost, and B. Sethers on November 14, 1979","H. Mooers, D. Haverkost, and B. Sethers","November 14, 1979",Y,Y
KOOC-2615826-235,,,,"D. Olson and N. Aaseng on October 31, 1979",D. Olson and N. Aaseng,"October 31, 1979",N,N
KOOC-2615826-330,,,,"D. Olson and N. Aaseng on November 15, 1979",D. Olson and N. Aaseng,"November 15, 1979",N,N
KOOC-2615901-405,,,,"D. Mellum on November 16, 1979",D. Mellum,"November 16, 1979",N,N
KOOC-2615903-403,,,,"D. Mellum on November 16, 1979",D. Mellum,"November 16, 1979",N,N
KOOC-2615905-401,,,,"D. Mellum on November 16, 1979",D. Mellum,"November 16, 1979",N,N
KOOC-2615907-305,,,,"D. Haverkost and R. Graber on November 14, 1979",D. Haverkost and R. Graber,"November 14, 1979",N,N
KOOC-2615918-303,,,,"D. Haverkost and R. Graber on November 14, 1979",D. Haverkost and R. Graber,"November 14, 1979",N,N
KOOC-2615920-301,,,,"D. Haverkost and R. Graber on November 14, 1977",D. Haverkost and R. Graber,"November 14, 1977",N,N
KOOC-2615923-1,,,,"M. Domeier on July 31, 1976",M. Domeier,"July 31, 1976",N,N
KOOC-2615923-2,,,,"M. Domeier on July 21, 1976",M. Domeier,"July 21, 1976",N,N
KOOC-2615923-3,,,,"M. Domeier on July 21, 1976",M. Domeier,"July 21, 1976",N,N
KOOC-2615924-309,,,,"D. Haverkost and R. Graber on November 14, 1979",D. Haverkost and R. Graber,"November 14, 1979",N,N
KOOC-2615924-310,,,,"D. Olson and N. Aaseng on November 14, 1979",D. Olson and N. Aaseng,"November 14, 1979",N,N
KOOC-2615924-4,,,,"M. Domeier on July 21, 1976",M. Domeier,"July 21, 1976",N,N
KOOC-2615924-5,,,,"M. Domeier on July 21, 1976",M. Domeier,"July 21, 1976",N,N
KOOC-2615924-6,,,,"M. Domeier on July 21, 1976",M. Domeier,"July 21, 1976",N,N
KOOC-2615925-307,,,,"D. Haverkost on November 14, 1979",D. Haverkost,"November 14, 1979",N,N
KOOC-2615925-308,,,,"D. Olson and N. Aaseng on November 14, 1979",D. Olson and N. Aaseng,"November 14, 1979",N,N
KOOC-2615925-313,,,,"D. Haverkost and R. Graber on November 14, 1979",D. Haverkost and R. Graber,"November 14, 1979",N,N
KOOC-2615928-306,,,,"D. Olson and N. Aaseng on November 14, 1979",D. Olson and N. Aaseng,"November 14, 1979",N,N
KOOC-2615934-315,,,,"D. Haverkost and R. Graber on November 14, 1979",D. Haverkost and R. Graber,"November 14, 1979",N,N
KOOC-2615934-5,,,,"D. Haverkost and H. Mooers on March 7, 1980",D. Haverkost and H. Mooers,"March 7, 1980",Y,Y
KOOC-2615935-314,,,,"D. Olson and N. Aaseng on November 14, 1979",D. Olson and N. Aaseng,"November 14, 1979",N,N
KOOC-2616033-402,,,,"D. Mellum on November 14, 1979",D. Mellum,"November 14, 1979",N,N
KOOC-2706401-569,,,,"H. Moores and S. Nelson on April 8, 1980",H. Moores and S. Nelson,"April 8, 1980",N,N
KOOC-2706402-559,,,,"D. Haverkost and B. Sethers on April 8, 1980",D. Haverkost and B. Sethers,"April 8, 1980",N,N
KOOC-2706434-519,,,,"T. Malterer and N. Aaseng on December 10, 1979",T. Malterer and N. Aaseng,"December 10, 1979",N,N
KOOC-2706436-583,,,,"H. Moores and B. Sethers on April 10, 1980",H. Moores and B. Sethers,"April 10, 1980",N,N
KOOC-2706501-486,,,,"D. Haverkost and R. Graber on November 30, 1979",D. Haverkost and R. Graber,"November 30, 1979",N,N
KOOC-2706514-563,,,,"H. Moores and S. Nelson on April 8, 1980",H. Moores and S. Nelson,"April 8, 1980",N,N
KOOC-2706523-561,,,,"D. Haverkost and B. Sethers on April 8, 1980",D. Haverkost and B. Sethers,"April 8, 1980",N,N
KOOC-2706524-564,,,,"D. Haverkost and B. Sethers on April 8, 1980",D. Haverkost and B. Sethers,"April 8, 1980",N,N
KOOC-2706525-562,,,,"H. Moores and S. Nelson on April 8, 1980",H. Moores and S. Nelson,"April 8, 1980",N,N
KOOC-2706525-I-1,Fuel peat quality,,,"M. Oberhelman and D. Riihiluoma on April 13, 1988",M. Oberhelman and D. Riihiluoma,"April 13, 1988",N,N
KOOC-2706525-I-2,Fuel peat quality,,,"M. Oberhelman and D. Riihiluoma on April 13, 1988",M. Oberhelman and D. Riihiluoma,"April 13, 1988",N,N
KOOC-2706525-I-3,Generally decomposition values greater than H4,,,"M. Oberhelman and D. Riihiluoma on April 13, 1988",M. Oberhelman and D. Riihiluoma,"April 13, 1988",N,N
KOOC-2706526-560,,,,"H. Mooers and S. Nelson on April 8, 1980",H. Mooers and S. Nelson,"April 8, 1980",N,N
KOOC-2706526-I-4,Non-horticultural quality,,,"M. Oberhelman and D. Riihiluoma on April 13, 1988",M. Oberhelman and D. Riihiluoma,"April 13, 1988",N,N
KOOC-2706526-I-5,Non-horticultural quality,,,"M. Oberhelman and D. Riihiluoma on April 13, 1988",M. Oberhelman and D. Riihiluoma,"April 13, 1988",N,N
KOOC-2706526-I-6,Non-horticultural quality,,,"M. Oberhelman and D. Riihiluoma on April 13, 1988",M. Oberhelman and D. Riihiluoma,"April 13, 1988",N,N
KOOC-2706701-F-8,Below 100cm non-horticultural quality,,,"M. Oberhelman and D. Riihiluoma on April 14, 1988",M. Oberhelman and D. Riihiluoma,"April 14, 1988",N,N
KOOC-2706702-501,,,,"D. Mellum and R. Graber on November 30, 1979",D. Mellum and R. Graber,"November 30, 1979",N,N
KOOC-2706702-F-7,Poor to non-horticultural quality,,,"M. Oberhelman and D. Riihiluoma on April 14, 1988",M. Oberhelman and D. Riihiluoma,"April 14, 1988",N,N
KOOC-2706725-494,,,,"D. Haverkost and R. Graber on November 30, 1979",D. Haverkost and R. Graber,"November 30, 1979",N,N
KOOC-2706726-495,,,,"D. Mellum and R. Graber on November 30, 1979",D. Mellum and R. Graber,"November 30, 1979",N,N
KOOC-2706812-358,,,,"D. Olson and N. Aaseng on November 15, 1979",D. Olson and N. Aaseng,"November 15, 1979",N,N
KOOC-2706813-359,,,,"D. Haverkost and R. Graber on November 15, 1979",D. Haverkost and R. Graber,"November 15, 1979",N,N
KOOC-2706826-502,,,,"D. Haverkost and R. Graber on November 30, 1979",D. Haverkost and R. Graber,"November 30, 1979",N,N
KOOC-2706835-F-6,Non-horticultural quality,,,"M. Oberhelman and D. Riihiluoma on April 14, 1988",M. Oberhelman and D. Riihiluoma,"April 14, 1988",N,N
KOOC-2706836-474,,,,"D. Haverkost and R. Graber on November 29, 1979",D. Haverkost and R. Graber,"November 29, 1979",N,N
KOOC-2706836-F-1,,,,"M. Oberhelman and D. Riihiluoma on April 14, 1988",M. Oberhelman and D. Riihiluoma,"April 14, 1988",N,N
KOOC-2706836-F-2,Non-horticultural quality,0-40 cm peat moisture wetter than normal,,"M. Oberhelman and D. Riihiluoma on April 14, 1988",M. Oberhelman and D. Riihiluoma,"April 14, 1988",N,N
KOOC-2706836-F-3,Non-horticultural quality,,,"M. Oberhelman and D. Riihiluoma on April 14, 1988",M. Oberhelman and D. Riihiluoma,"April 14, 1988",N,N
KOOC-2706836-F-4,Fair to poor horticultural quality,,,"M. Oberhelman and D. Riihiluoma on April 14, 1988",M. Oberhelman and D. Riihiluoma,"April 14, 1988",N,N
KOOC-2706836-F-5,Non-horticultural quality,,,"M. Oberhelman and D. Riihiluoma on April 14, 1988",M. Oberhelman and D. Riihiluoma,"April 14, 1988",N,N
KOOC-2706902-355,,,,"D. Haverkost and R. Graber on November 15, 1979",D. Haverkost and R. Graber,"November 15, 1979",N,N
KOOC-2706911-135,,,,"B. Waukenabo and D. Olson on August 25, 1979",B. Waukenabo and D. Olson,"August 25, 1979",N,N
KOOC-2706912-133,,,,"D. Olson and B. Waukenabo on August 25, 1977",D. Olson and B. Waukenabo,"August 25, 1977",N,N
KOOC-2706912-134,,,,"D. Olson and B. Waukenabo on August 25, 1979",D. Olson and B. Waukenabo,"August 25, 1979",Y,N
KOOC-2706912-356,,,,"D. Olson and N. Aaseng on November 15, 1979",D. Olson and N. Aaseng,"November 15, 1979",N,N
KOOC-2706913-132,,,,"D. Olson  and B. Waukenabo on August 25, 1977",D. Olson  and B. Waukenabo,"August 25, 1977",N,N
KOOC-2706914-138,,,,"D. Olson and B. Waukenabo on August 25, 1977",D. Olson and B. Waukenabo,"August 25, 1977",N,N
KOOC-2706923-124,,,,"D. Olson and B. Waukenabo on August 23, 1977",D. Olson and B. Waukenabo,"August 23, 1977",N,N
KOOC-2706924-119,,,,"D. Olson and B. Waukenabo on August 23, 1977",D. Olson and B. Waukenabo,"August 23, 1977",N,N
KOOC-2706924-120,,,,"D. Olson and B. Waukenabo on August 23, 1977",D. Olson and B. Waukenabo,"August 23, 1977",N,N
KOOC-2706924-121,,,,"D. Olson and B. Waukenabo on August 23, 1977",D. Olson and B. Waukenabo,"August 23, 1977",N,N
KOOC-2706924-122,,,,"D. Olson and B. Waukenabo on August 23, 1977",D. Olson and B. Waukenabo,"August 23, 1977",Y,N
KOOC-2706924-123,,,,"D. Olson and B. Waukenabo on August 23, 1977",D. Olson and B. Waukenabo,"August 23, 1977",N,N
KOOC-2706924-G-1,Below 80cm non-horticultural quality peat,,,"M. Oberhelman and D. Riihiluoma on May 4, 1988",M. Oberhelman and D. Riihiluoma,"May 4, 1988",N,N
KOOC-2706924-G-2,Fair to poor quality horticultural peat; hit stump at 110cm,,,"M. Oberhelman and D. Riihiluoma on May 4, 1988",M. Oberhelman and D. Riihiluoma,"May 4, 1988",N,N
KOOC-2706924-G-3,0-155cm fair to good quality horticultural peat,,,"M. Oberhelman and D. Riihiluoma on May 4, 1988",M. Oberhelman and D. Riihiluoma,"May 4, 1988",N,N
KOOC-2706924-G-4,0-135cm generally fair quality horticultural peat,,,"M. Oberhelman and D. Riihiluoma on May 4, 1988",M. Oberhelman and D. Riihiluoma,"May 4, 1988",N,N
KOOC-2706924-G-5,Fair quality horticultural peat,,,"M. Oberhelman and D. Riihiluoma on May 4, 1988",M. Oberhelman and D. Riihiluoma,"May 4, 1988",N,N
KOOC-2706924-G-6,Generally fair quality horticultural peat to 120cm,,,"M. Oberhelman and D. Riihiluoma on May 4, 1988",M. Oberhelman and D. Riihiluoma,"May 4, 1988",N,N
KOOC-2706924-G-7,Non-horticultural quality peat,,,"M. Oberhelman and D. Riihiluoma on May 4, 1988",M. Oberhelman and D. Riihiluoma,"May 4, 1988",N,N
KOOC-2706926-101,,,,"B. Waukenabo on October 3, 1977",B. Waukenabo,"October 3, 1977",Y,N
KOOC-2715201-1,Lab analyses by Farnham 1976,,,"M. Domeier on October 25, 1976",M. Domeier,"October 25, 1976",Y,N
KOOC-2715214-526,,,,"T. Malterer and N. Aaseng on December 10, 1979",T. Malterer and N. Aaseng,"December 10, 1979",N,N
KOOC-2715222-525,,,,"T. Malterer and N. Aaseng on December 10, 1979",T. Malterer and N. Aaseng,"December 10, 1979",N,N
KOOC-2715303-537,,,,"D. Haverkost and H. Mooers on April 3, 1980",D. Haverkost and H. Mooers,"April 3, 1980",N,N
KOOC-2715310-536,,,,"D. Mellum and S. Nelson on April 3, 1980",D. Mellum and S. Nelson,"April 3, 1980",N,N
KOOC-2715311-539,,,,"D. Haverkost and H. Mooers on April 3, 1980",D. Haverkost and H. Mooers,"April 3, 1980",N,N
KOOC-2715317-1,Lab analyses by Farnham 1976,,Ridge Bog,"R. Fox on October 26, 1976",R. Fox,"October 26, 1976",Y,N
KOOC-2715318-2,Lab analyses by Farnham 1976,,Ridge Bog,"R. Fox on October 26, 1976",R. Fox,"October 26, 1976",Y,N
KOOC-2715318-3,Lab analyses by Farnham 1976,,Ridge Bog,"R. Fox on October 26, 1976",R. Fox,"October 26, 1976",Y,N
KOOC-2715319-4,Lab analyses by Farnham 1976,,Ridge Bog,"R. Fox on October 26, 1976",R. Fox,"October 26, 1976",Y,N
KOOC-2715336-5,,,,"M. Domeier on October 25, 1976",M. Domeier,"October 25, 1976",N,N
KOOC-2715336-6,Lab analyses by Farnham 1976,,,"M. Domeier on October 25, 1976",M. Domeier,"October 25, 1976",Y,N
KOOC-2715401-1,,,,"T. Malterer on August 17, 1976",T. Malterer,"August 17, 1976",N,N
KOOC-2715401-2,,,,"T. Malterer on August 17, 1976",T. Malterer,"August 17, 1976",N,N
KOOC-2715401-4,,,,"M. Domeier on August 7, 1976",M. Domeier,"August 7, 1976",N,N
KOOC-2715401-7,"Proximate and ultimate analyses performed on a composite sample of 35-50cm, 85-100cm, 135-150cm and 180-195cm depths",,,"D. Mellum and B. Sethers on March 25, 1980",D. Mellum and B. Sethers,"March 25, 1980",Y,Y
KOOC-2715402-114,,,,"D. Haverkost and B. Sethers on March 26, 1980",D. Haverkost and B. Sethers,"March 26, 1980",N,N
KOOC-2715402-13,,,,"M. Domeier on August 17, 1976",M. Domeier,"August 17, 1976",N,N
KOOC-2715402-14,,,,"D. Haverkost and B. Sethers on March 27, 1980",D. Haverkost and B. Sethers,"March 27, 1980",N,N
KOOC-2715402-5,,,,"D. Haverkost and B. Sethers on March 26, 1980",D. Haverkost and B. Sethers,"March 26, 1980",Y,Y
KOOC-2715402-511,,,,"M. Domeier on August 17, 1976",M. Domeier,"August 17, 1976",N,N
KOOC-2715402-6,,,,"H. Mooers and L. Severson on March 25, 1980",H. Mooers and L. Severson,"March 25, 1980",N,N
KOOC-2715402-7,,,,"M. Domeier on August 17, 1976",M. Domeier,"August 17, 1976",N,N
KOOC-2715402-70,,,,"M. Domeier on August 17, 1976",M. Domeier,"August 17, 1976",N,N
KOOC-2715402-9,,,,"M. Domeier on August 17, 1976",M. Domeier,"August 17, 1976",N,N
KOOC-2715403-11,,,,"M. Domeier on August 17, 1976",M. Domeier,"August 17, 1976",N,N
KOOC-2715403-12,,,,"M. Domeier on August 17, 1976",M. Domeier,"August 17, 1976",N,N
KOOC-2715403-13,,,,"M. Domeier on August 16, 1976",M. Domeier,"August 16, 1976",N,N
KOOC-2715403-14,,,,"M. Domeier on August 16, 1976",M. Domeier,"August 16, 1976",N,N
KOOC-2715403-15,"Proximate and ulitmate analyses perfomed on composite sample of 35-50cm, 85-100cm, 135-150cm and 185-200cm depths",,,"B. Sethers and D. Haverkost on March 26, 1980",B. Sethers and D. Haverkost,"March 26, 1980",Y,Y
KOOC-2715403-16,,,,"M. Domeier on August 17, 1976",M. Domeier,"August 17, 1976",N,N
KOOC-2715403-17,,,,"M. Domeier on August 17, 1976",M. Domeier,"August 17, 1976",N,N
KOOC-2715403-18,,,,"M. Domeier on August 19, 1976",M. Domeier,"August 19, 1976",N,N
KOOC-2715403-19,,,,"R. Zarth on August 26, 1976",R. Zarth,"August 26, 1976",N,N
KOOC-2715403-2,,,,"H. Moores and L. Severson on March 27, 1980",H. Moores and L. Severson,"March 27, 1980",N,N
KOOC-2715403-20,,,,"M. Domeier on August 17, 1976",M. Domeier,"August 17, 1976",N,N
KOOC-2715403-21,,,,"M. Domeier on August 26, 1976",M. Domeier,"August 26, 1976",N,N
KOOC-2715403-3,"Proximate and ultimate analyses performed on two composite samples of 35-50cm, 85-100cm & 135-150cm depths and 185-200cm, 235-250cm & 285-300cm depths",,,"D. Haverkost, B. Sethers, and D. Mellum on March 25, 1980","D. Haverkost, B. Sethers, and D. Mellum","March 25, 1980",Y,Y
KOOC-2715403-36,,,,"M. Domeier on August 16, 1976",M. Domeier,"August 16, 1976",N,N
KOOC-2715403-4,,,,"L. Severson and H. Moores on March 27, 1980",L. Severson and H. Moores,"March 27, 1980",N,N
KOOC-2715404-18,,,,"R. Zarth on August 20, 1976",R. Zarth,"August 20, 1976",N,N
KOOC-2715404-19,,,,"R. Zarth on August 20, 1976",R. Zarth,"August 20, 1976",N,N
KOOC-2715404-22,,,,"M. Domeier on August 24, 1976",M. Domeier,"August 24, 1976",N,N
KOOC-2715404-23,,,,"M. Domeier on August 24, 1976",M. Domeier,"August 24, 1976",N,N
KOOC-2715404-26,,,,"R. Zarth on August 20, 1976",R. Zarth,"August 20, 1976",N,N
KOOC-2715404-27,,,,"M. Domeier on August 16, 1976",M. Domeier,"August 16, 1976",N,N
KOOC-2715404-29,,,,"M. Domeier on August 16, 1976",M. Domeier,"August 16, 1976",N,N
KOOC-2715404-30,,,,"M. Domeier on August 16, 1976",M. Domeier,"August 16, 1976",N,N
KOOC-2715404-31,,,,"M. Domeier on August 16, 1976",M. Domeier,"August 16, 1976",N,N
KOOC-2715405-32,,,,"M. Domeier on September 12, 1976",M. Domeier,"September 12, 1976",N,N
KOOC-2715405-33,,,,"R. Fox on September 13, 1976",R. Fox,"September 13, 1976",N,N
KOOC-2715405-34,,,,"R. Fox on September 13, 1976",R. Fox,"September 13, 1976",N,N
KOOC-2715405-35,,,,"M. Domeier on September 16, 1976",M. Domeier,"September 16, 1976",N,N
KOOC-2715405-36,,,,"M. Domeier on September 16, 1976",M. Domeier,"September 16, 1976",N,N
KOOC-2715406-36,,,,"M. Domeier on October 28, 1976",M. Domeier,"October 28, 1976",N,N
KOOC-2715406-37,,,,"M. Domeier on September 13, 1976",M. Domeier,"September 13, 1976",N,N
KOOC-2715406-38,,,,"M. Domeier on September 3, 1976",M. Domeier,"September 3, 1976",N,N
KOOC-2715406-39,,,,"R. Zarth on September 9, 1976",R. Zarth,"September 9, 1976",N,N
KOOC-2715408-40,,,,"M. Domeier on November 3, 1976",M. Domeier,"November 3, 1976",N,N
KOOC-2715408-41,,,,"M. Domeier on November 3, 1976",M. Domeier,"November 3, 1976",N,N
KOOC-2715408-42,,,,"M. Domeier on November 3, 1976",M. Domeier,"November 3, 1976",N,N
KOOC-2715408-43,,,,"M. Domeier on November 3, 1976",M. Domeier,"November 3, 1976",N,N
KOOC-2715409-1,,,,"H. Moores, B. Sethers, and D. Haverkost on March 25, 1980","H. Moores, B. Sethers, and D. Haverkost","March 25, 1980",Y,Y
KOOC-2715411-44,,,,"M. Domeier on August 31, 1976",M. Domeier,"August 31, 1976",N,N
KOOC-2715411-45,,,,"M. Domeier on September 1, 1976",M. Domeier,"September 1, 1976",N,N
KOOC-2715411-46,,,,"R. Fox on September 1, 1976",R. Fox,"September 1, 1976",N,N
KOOC-2715411-47,,,,"R. Fox on September 1, 1976",R. Fox,"September 1, 1976",N,N
KOOC-2715411-48,,,,"M. Domeier on September 1, 1976",M. Domeier,"September 1, 1976",N,N
KOOC-2715411-9,"Proximate and ultimate analyses performed on a composite sample of 35-50cm, 85-100cm, 135-150cm and 185-200cm depths",,,"L. Severson and H. Moores on March 27, 1980",L. Severson and H. Moores,"March 27, 1980",Y,Y
KOOC-2715412-2,,,,"M. Domeier on September 3, 1976",M. Domeier,"September 3, 1976",N,N
KOOC-2715412-49,,,,"M. Domeier on September 3, 1976",M. Domeier,"September 3, 1976",N,N
KOOC-2715412-50,,0-25cm peat very dry,,"M. Domeier on September 3, 1976",M. Domeier,"September 3, 1976",N,N
KOOC-2715412-51,,,,"M. Domeier on September 3, 1976",M. Domeier,"September 3, 1976",N,N
KOOC-2715412-53,,,,"M. Domeier on September 3, 1976",M. Domeier,"September 3, 1976",N,N
KOOC-2715412-54,,,,"R. Fox on August 31, 1976",R. Fox,"August 31, 1976",N,N
KOOC-2715412-55,,,,"R. Fox on August 31, 1976",R. Fox,"August 31, 1976",N,N
KOOC-2715412-56,,,,"R. Fox on August 31, 1976",R. Fox,"August 31, 1976",N,N
KOOC-2715412-57,,,,"M. Domeier on September 3, 1976",M. Domeier,"September 3, 1976",N,N
KOOC-2715413-10,,,,"H. Moores and L. Severson on March 27, 1980",H. Moores and L. Severson,"March 27, 1980",N,N
KOOC-2715413-11,"Proximate and ultimate analyses performed on composite samples of of 35-50cm, 85-100cm, 135-150, & 185-200cm depths and on 235-250cm, 285-300cm & 335-350cm depths",,,"L. Severson and H. Moores on March 26, 1980",L. Severson and H. Moores,"March 26, 1980",Y,Y
KOOC-2715413-56,Lab analyses by Farnham 1976,,,"M. Domeier on September 27, 1976",M. Domeier,"September 27, 1976",Y,N
KOOC-2715413-58,,,,"M. Domeier on September 3, 1976",M. Domeier,"September 3, 1976",N,N
KOOC-2715413-59,,,,"M. Domeier on September 3, 1976",M. Domeier,"September 3, 1976",N,N
KOOC-2715413-60,,,,"M. Domeier on September 3, 1976",M. Domeier,"September 3, 1976",N,N
KOOC-2715413-61,,,,"M. Domeier on September 27, 1976",M. Domeier,"September 27, 1976",N,N
KOOC-2715413-62,,,,"M. Domeier on September 27, 1976",M. Domeier,"September 27, 1976",N,N
KOOC-2715413-63,,,,"M. Domeier on September 27, 1976",M. Domeier,"September 27, 1976",N,N
KOOC-2715413-64,,,,"M. Domeier on September 3, 1976",M. Domeier,"September 3, 1976",N,N
KOOC-2715413-65,,,,"M. Domeier on September 27, 1976",M. Domeier,"September 27, 1976",N,N
KOOC-2715413-66,,,,"M. Domeier on September 27, 1976",M. Domeier,"September 27, 1976",N,N
KOOC-2715413-67,,,,"M. Domeier on September 27, 1976",M. Domeier,"September 27, 1976",N,N
KOOC-2715413-68,,,,"M. Domeier on September 27, 1976",M. Domeier,"September 27, 1976",N,N
KOOC-2715413-70,,,,"M. Domeier on September 27, 1976",M. Domeier,"September 27, 1976",N,N
KOOC-2715413-71,,,,"M. Domeier on September 27, 1976",M. Domeier,"September 27, 1976",N,N
KOOC-2715414-72,,,,"M. Domeier on September 3, 1976",M. Domeier,"September 3, 1976",N,N
KOOC-2715414-73,,,,"M. Domeier on September 3, 1976",M. Domeier,"September 3, 1976",N,N
KOOC-2715414-74,,,,"M. Domeier on September 3, 1976",M. Domeier,"September 3, 1976",N,N
KOOC-2715415-75,,,,"M. Domeier on September 30, 1976",M. Domeier,"September 30, 1976",N,N
KOOC-2715416-76,,,,"M. Domeier on September 30, 1976",M. Domeier,"September 30, 1976",N,N
KOOC-2715417-77,,,,"M. Domeier on November 3, 1976",M. Domeier,"November 3, 1976",N,N
KOOC-2715417-78,,,,"M. Domeier on November 3, 1976",M. Domeier,"November 3, 1976",N,N
KOOC-2715417-79,,,,"M. Domeier on November 3, 1976",M. Domeier,"November 3, 1976",N,N
KOOC-2715417-80,,,,"M. Domeier on November 3, 1976",M. Domeier,"November 3, 1976",N,N
KOOC-2715422-81,,,,"M. Domeier on September 2, 1976",M. Domeier,"September 2, 1976",N,N
KOOC-2715422-82,,,,"M. Domeier on September 2, 1976",M. Domeier,"September 2, 1976",N,N
KOOC-2715422-83,,,,"M. Domeier on September 2, 1976",M. Domeier,"September 2, 1976",N,N
KOOC-2715422-84,,,,"M. Domeier on September 30, 1976",M. Domeier,"September 30, 1976",N,N
KOOC-2715422-85,Lab analyses by Farnham 1976,,,"M. Domeier on September 30, 1976",M. Domeier,"September 30, 1976",Y,N
KOOC-2715423-86,,,,"M. Domeier on September 27, 1976",M. Domeier,"September 27, 1976",N,N
KOOC-2715423-87,,,,"M. Domeier on September 27, 1976",M. Domeier,"September 27, 1976",N,N
KOOC-2715423-88,,,,"M. Domeier on September 27, 1976",M. Domeier,"September 27, 1976",N,N
KOOC-2715423-89,,,,"R. Zarth on August 26, 1976",R. Zarth,"August 26, 1976",N,N
KOOC-2715423-90,,,,"M. Domeier on September 26, 1976",M. Domeier,"September 26, 1976",N,N
KOOC-2715423-91,,,,"R. Fox on September 2, 1976",R. Fox,"September 2, 1976",N,N
KOOC-2715424-12,,,,"L. Severson and H. Moores on March 26, 1980",L. Severson and H. Moores,"March 26, 1980",N,N
KOOC-2715424-92,,,,"M. Domeier on September 27, 1976",M. Domeier,"September 27, 1976",N,N
KOOC-2715424-93,,,,"M. Domeier on September 27, 1976",M. Domeier,"September 27, 1976",N,N
KOOC-2715424-94,,,,"M. Domeier on September 27, 1976",M. Domeier,"September 27, 1976",N,N
KOOC-2715424-95,,,,"M. Domeier on September 27, 1976",M. Domeier,"September 27, 1976",N,N
KOOC-2715424-96,,,,"M. Domeier on September 27, 1976",M. Domeier,"September 27, 1976",N,N
KOOC-2715425-97,,,,"R. Zarth on August 27, 1976",R. Zarth,"August 27, 1976",N,N
KOOC-2715425-98,,,,"R. Zarth on August 27, 1976",R. Zarth,"August 27, 1976",N,N
KOOC-2715425-99,,,,"R. Zarth on August 26, 1976",R. Zarth,"August 26, 1976",N,N
KOOC-2715426-100,,,,"R. Zarth on August 26, 1976",R. Zarth,"August 26, 1976",N,N
KOOC-2715426-101,,,,"M. Domeier on September 27, 1976",M. Domeier,"September 27, 1976",N,N
KOOC-2715426-103,Lab analyses by Farnham 1976,,,"M. Domeier on September 27, 1976",M. Domeier,"September 27, 1976",Y,N
KOOC-2715426-104,,,,"R. Zarth on August 26, 1976",R. Zarth,"August 26, 1976",N,N
KOOC-2715426-108,Lab analyses by Farnham 1976,,,"M. Domeier on September 27, 1976",M. Domeier,"September 27, 1976",Y,N
KOOC-2715426-538,,,,"B. Sethers and S. Nelson on April 3, 1980",B. Sethers and S. Nelson,"April 3, 1980",N,N
KOOC-2715427-105,,,,"M. Domeier on September 27, 1976",M. Domeier,"September 27, 1976",N,N
KOOC-2715432-106,,0-56cm peat very dry,,"R. Fox on October 1, 1976",R. Fox,"October 1, 1976",N,N
KOOC-2715503-1,Lab analyses by Farnham 1976,,,"T. Malterer on October 27, 1976",T. Malterer,"October 27, 1976",Y,N
KOOC-2715503-2,Profile described by Munsell color chart; lab analyses by Farnham 1976,,,"T. Malterer on October 27, 1976",T. Malterer,"October 27, 1976",Y,N
KOOC-2715503-3,,,,"T. Malterer on October 27, 1976",T. Malterer,"October 27, 1976",N,N
KOOC-2715510-4,Lab analyses by Farnham 1976,,,"T. Malterer on October 27, 1976",T. Malterer,"October 27, 1976",Y,N
KOOC-2715510-5,Lab analyses by Farnham 1976,,,"T. Malterer on October 27, 1976",T. Malterer,"October 27, 1976",Y,N
KOOC-2715513-6,,,,"M. Domeier on August 12, 1976",M. Domeier,"August 12, 1976",N,N
KOOC-2715513-7,,,,"M. Domeier on August 12, 1976",M. Domeier,"August 12, 1976",N,N
KOOC-2715513-8,,,,"M. Domeier on August 12, 1976",M. Domeier,"August 12, 1976",N,N
KOOC-2715513-9,,,,"M. Domeier on August 12, 1976",M. Domeier,"August 12, 1976",N,N
KOOC-2715514-10,Lab analyses by Farnham 1976,,,"M. Domeier on October 1, 1976",M. Domeier,"October 1, 1976",Y,N
KOOC-2715514-11,,,,"M. Domeier on October 1, 1976",M. Domeier,"October 1, 1976",N,N
KOOC-2715514-12,,,,"M. Domeier on October 1, 1976",M. Domeier,"October 1, 1976",N,N
KOOC-2715515-13,Lab analyses by Farnham 1976,,,"T. Malterer on October 27, 1976",T. Malterer,"October 27, 1976",Y,N
KOOC-2715515-14,Lab analyses by Farnham 1976,,,"T. Malterer on October 27, 1976",T. Malterer,"October 27, 1976",Y,N
KOOC-2715516-15,,,,"R. Zarth on August 17, 1976",R. Zarth,"August 17, 1976",N,N
KOOC-2715516-16,,,,"R. Zarth on August 17, 1976",R. Zarth,"August 17, 1976",N,N
KOOC-2715517-17,,,,"R. Fox on November 3, 1976",R. Fox,"November 3, 1976",N,N
KOOC-2715517-18,,,,"R. Fox on November 3, 1976",R. Fox,"November 3, 1976",N,N
KOOC-2715520-19,,,,"R. Fox on November 3, 1976",R. Fox,"November 3, 1976",N,N
KOOC-2715520-20,,,,"R. Fox on November 3, 1976",R. Fox,"November 3, 1976",N,N
KOOC-2715522-21,Lab analyses by Farnham 1976,,,"T. Malterer on October 27, 1976",T. Malterer,"October 27, 1976",Y,N
KOOC-2715522-22,Lab analyses by Farnham 1976,,,"T. Malterer on October 27, 1976",T. Malterer,"October 27, 1976",Y,N
KOOC-2715522-23,Lab analyses by Farnham 1976,,,"T. Malterer on October 27, 1976",T. Malterer,"October 27, 1976",Y,N
KOOC-2715523-24,,,,"T. Malterer on October 1, 1976",T. Malterer,"October 1, 1976",N,N
KOOC-2715523-25,,,,"M. Domeier on October 1, 1976",M. Domeier,"October 1, 1976",N,N
KOOC-2715524-26,,,,"M. Domeier on August 12, 1976",M. Domeier,"August 12, 1976",N,N
KOOC-2715524-27,,,,"M. Domeier on August 12, 1976",M. Domeier,"August 12, 1976",N,N
KOOC-2715524-28,,,,"M. Domeier on August 12, 1976",M. Domeier,"August 12, 1976",N,N
KOOC-2715524-29,,,,"M. Domeier on August 12, 1976",M. Domeier,"August 12, 1976",N,N
KOOC-2715525-30,,,,"M. Domeier on August 12, 1976",M. Domeier,"August 12, 1976",N,N
KOOC-2715527-31,,,,"M. Domeier on August 19, 1976",M. Domeier,"August 19, 1976",N,N
KOOC-2715527-32,,,,"M. Domeier on August 19, 1976",M. Domeier,"August 19, 1976",N,N
KOOC-2715527-33,,,,"M. Domeier on August 19, 1976",M. Domeier,"August 19, 1976",N,N
KOOC-2715527-34,,,,"M. Domeier on August 19, 1976",M. Domeier,"August 19, 1976",N,N
KOOC-2715531-35,,,,"M. Domeier on September 16, 1976",M. Domeier,"September 16, 1976",N,N
KOOC-2715531-36,,,,"M. Domeier on September 16, 1976",M. Domeier,"September 16, 1976",N,N
KOOC-2715531-37,,,,"M. Domeier on September 16, 1976",M. Domeier,"September 16, 1976",N,N
KOOC-2715531-38,,,,"M. Domeier on September 9, 1976",M. Domeier,"September 9, 1976",N,N
KOOC-2715531-39,Lab analyses by Farnham 1976,,,"T. Malterer on October 28, 1976",T. Malterer,"October 28, 1976",Y,N
KOOC-2715531-40,,,,"R. Zarth on September 9, 1976",R. Zarth,"September 9, 1976",N,N
KOOC-2715531-41,,,,"M. Domeier on September 9, 1976",M. Domeier,"September 9, 1976",N,N
KOOC-2715531-42,Lab analyses by Farnham 1976,,,"T. Malterer on October 28, 1976",T. Malterer,"October 28, 1976",Y,N
KOOC-2715532-43,,,,"R. Zarth on September 9, 1976",R. Zarth,"September 9, 1976",N,N
KOOC-2715532-44,,,,"M. Domeier on September 16, 1976",M. Domeier,"September 16, 1976",N,N
KOOC-2715532-45,,,,"M. Domeier on September 16, 1976",M. Domeier,"September 16, 1976",N,N
KOOC-2715532-46,,,,"M. Domeier on September 16, 1976",M. Domeier,"September 16, 1976",N,N
KOOC-2715532-47,Increasing decomposition and wood with peat depth,,,"M. Domeier on September 13, 1976",M. Domeier,"September 13, 1976",N,N
KOOC-2715532-48,Lab analyses by Farnham 1976,,,"T. Malterer on October 28, 1976",T. Malterer,"October 28, 1976",Y,N
KOOC-2715534-16,,,,"D. Haverkost and B. Sethers on March 27, 1980",D. Haverkost and B. Sethers,"March 27, 1980",N,N
KOOC-2715534-17,,,,"D. Haverkost and B. Sethers on March 27, 1980",D. Haverkost and B. Sethers,"March 27, 1980",Y,Y
KOOC-2715534-49,,,,"M. Domeier on August 19, 1976",M. Domeier,"August 19, 1976",N,N
KOOC-2715534-50,,,,"M. Domeier on August 19, 1976",M. Domeier,"August 19, 1976",N,N
KOOC-2715534-51,,,,"R. Zarth on August 19, 1986",R. Zarth,"August 19, 1986",N,N
KOOC-2715534-52,,,,"M. Domeier on August 19, 1976",M. Domeier,"August 19, 1976",N,N
KOOC-2715535-53,,,,"M. Domeier on August 18, 1976",M. Domeier,"August 18, 1976",N,N
KOOC-2715535-54,,,,"M. Domeier on August 18, 1976",M. Domeier,"August 18, 1976",N,N
KOOC-2715535-55,,,,"M. Domeier on August 18, 1976",M. Domeier,"August 18, 1976",N,N
KOOC-2715535-56,,,,"M. Domeier on August 18, 1976",M. Domeier,"August 18, 1976",N,N
KOOC-2715535-57,,,,"R. Zarth on August 18, 1976",R. Zarth,"August 18, 1976",N,N
KOOC-2715535-58,,,,"M. Domeier on August 18, 1976",M. Domeier,"August 18, 1976",N,N
KOOC-2715535-59,,,,"R. Zarth and M. Domeier on August 18, 1976",R. Zarth and M. Domeier,"August 18, 1976",N,N
KOOC-2715535-V-1,Non-horticultural quality peat below 70cm,,,"M. Oberhelman and D. Riihiluoma on May 5, 1988",M. Oberhelman and D. Riihiluoma,"May 5, 1988",N,N
KOOC-2715535-V-2,Non-horticultural quality peat below 70cm; hit stump at 100cm,,,"M. Oberhelman and D. Riihiluoma on May 5, 1988",M. Oberhelman and D. Riihiluoma,"May 5, 1988",N,N
KOOC-2715535-V-3,Non-horticultural quality peat below 70cm,,,"M. Oberhelman and D. Riihiluoma on May 5, 1988",M. Oberhelman and D. Riihiluoma,"May 5, 1988",N,N
KOOC-2715535-V-4,Non-horticultural quality peat below 77cm,,,"M. Oberhelman and D. Riihiluoma on May 5, 1988",M. Oberhelman and D. Riihiluoma,"May 5, 1988",N,N
KOOC-2715609-281,,,,"R. Graber and N. Aaseng on November 13, 1979",R. Graber and N. Aaseng,"November 13, 1979",N,N
KOOC-2715612-283,,,,"R. Graber and N. Aaseng on November 13, 1979",R. Graber and N. Aaseng,"November 13, 1979",N,N
KOOC-2715615-160,,,,"B. Weber on August 3, 1977",B. Weber,"August 3, 1977",Y,N
KOOC-2715615-161,,,,"D. Olson on August 3, 1977",D. Olson,"August 3, 1977",N,N
KOOC-2715615-282,,,,"D. Olson and D. Haverkost on November 13, 1979",D. Olson and D. Haverkost,"November 13, 1979",N,N
KOOC-2715617-278,,,,"D. Olson and D. Haverkost on November 13, 1979",D. Olson and D. Haverkost,"November 13, 1979",N,N
KOOC-2715622-155,,,,"R. Weber on August 2, 1977",R. Weber,"August 2, 1977",Y,N
KOOC-2715622-156,,,,"R. Weber on August 2, 1971",R. Weber,"August 2, 1971",N,N
KOOC-2715622-157,,,,"B. Weber on August 2, 1977",B. Weber,"August 2, 1977",N,N
KOOC-2715622-158,,,,"B. Weber on August 3, 1977",B. Weber,"August 3, 1977",N,N
KOOC-2715622-159,,,,"R. Weber on August 3, 1977",R. Weber,"August 3, 1977",N,N
KOOC-2715627-152,,,,"D. Olson on August 2, 1977",D. Olson,"August 2, 1977",N,N
KOOC-2715627-153,,,,"B. Weber on August 2, 1977",B. Weber,"August 2, 1977",Y,N
KOOC-2715627-154,,,,"B. Weber on August 2, 1977",B. Weber,"August 2, 1977",Y,N
KOOC-2715631-1,,,,"M. Domeier and C. Cameron on July 24, 1976",M. Domeier and C. Cameron,"July 24, 1976",N,N
KOOC-2715632-2,,,,"M. Domeier and C. Cameron on July 24, 1976",M. Domeier and C. Cameron,"July 24, 1976",N,N
KOOC-2715705-161,,,,"D. Mellum and D. Haverkost on October 11, 1979",D. Mellum and D. Haverkost,"October 11, 1979",N,N
KOOC-2715705-162,,,,"D. Mellum and D. Haverkost on October 11, 1979",D. Mellum and D. Haverkost,"October 11, 1979",N,N
KOOC-2715705-163,,,,"D. Mellum and D. Haverkost on October 11, 1979",D. Mellum and D. Haverkost,"October 11, 1979",N,N
KOOC-2715705-168,,,,"D. Mellum and D. Haverkost on October 11, 1979",D. Mellum and D. Haverkost,"October 11, 1979",N,N
KOOC-2715705-169,,,,"D. Mellum and D. Haverkost on October 11, 1979",D. Mellum and D. Haverkost,"October 11, 1979",N,N
KOOC-2715706-158,,,,"D. Mellum and D. Haverkost on October 10, 1979",D. Mellum and D. Haverkost,"October 10, 1979",N,N
KOOC-2715706-159,,,,"D. Mellum and D. Haverkost on October 10, 1979",D. Mellum and D. Haverkost,"October 10, 1979",N,N
KOOC-2715708-160,,,,"D. Mellum and D. Haverkost on October 10, 1979",D. Mellum and D. Haverkost,"October 10, 1979",N,N
KOOC-2715708-164,,,,"D. Mellum and D. Haverkost on October 11, 1979",D. Mellum and D. Haverkost,"October 11, 1979",N,N
KOOC-2715713-156,,,,"D. Mellum and D. Haverkost on October 8, 1977",D. Mellum and D. Haverkost,"October 8, 1977",N,N
KOOC-2715714-153,,,,"D. Mellum and D. Haverkost on October 8, 1979",D. Mellum and D. Haverkost,"October 8, 1979",N,N
KOOC-2715714-154,,,,"D. Mellum and D. Haverkost on October 8, 1979",D. Mellum and D. Haverkost,"October 8, 1979",N,N
KOOC-2715714-155,,,,"D. Mellum and D. Haverkost on October 8, 1979",D. Mellum and D. Haverkost,"October 8, 1979",N,N
KOOC-2715717-165,,,,"D. Mellum and D. Haverkost on October 11, 1979",D. Mellum and D. Haverkost,"October 11, 1979",N,N
KOOC-2715717-166,,,,"D. Mellum and D. Haverkost on October 11, 1979",D. Mellum and D. Haverkost,"October 11, 1979",N,N
KOOC-2715717-167,,,,"D. Mellum and D. Haverkost on October 11, 1979",D. Mellum and D. Haverkost,"October 11, 1979",N,N
KOOC-2715719-275,,,,"D. Mellum and R. Graber on November 13, 1979",D. Mellum and R. Graber,"November 13, 1979",N,N
KOOC-2715723-151,,,,"D. Mellum and D. Haverkost on October 8, 1979",D. Mellum and D. Haverkost,"October 8, 1979",N,N
KOOC-2715723-152,,,,"D. Mellum and D. Haverkost on October 5, 1979",D. Mellum and D. Haverkost,"October 5, 1979",N,N
KOOC-2715724-144,,,,"D. Mellum and D. Haverkost on October 4, 1979",D. Mellum and D. Haverkost,"October 4, 1979",N,N
KOOC-2715724-157,,,,"D. Mellum and D. Haverkost on October 8, 1979",D. Mellum and D. Haverkost,"October 8, 1979",N,N
KOOC-2715725-145,,181-270cm peat very wet,,"D. Mellum and D. Haverkost on October 4, 1979",D. Mellum and D. Haverkost,"October 4, 1979",N,N
KOOC-2715725-146,,,,"D. Mellum and D. Haverkost on October 4, 1979",D. Mellum and D. Haverkost,"October 4, 1979",N,N
KOOC-2715725-284,,,,"D. Olson and D. Haverkost on November 13, 1979",D. Olson and D. Haverkost,"November 13, 1979",N,N
KOOC-2715726-149,,,,"D. Mellum and D. Haverkost on October 8, 1979",D. Mellum and D. Haverkost,"October 8, 1979",N,N
KOOC-2715726-150,,,,"D. Mellum and D. Haverkost on October 8, 1979'",D. Mellum and D. Haverkost,"October 8, 1979'",N,N
KOOC-2715726-280,,,,"D. Olson and D. Haverkost on October 13, 1979",D. Olson and D. Haverkost,"October 13, 1979",N,N
KOOC-2715727-279,,,,"D. Mellum on November 13, 1979",D. Mellum,"November 13, 1979",N,N
KOOC-2715801-110,,,,"D. Mellum and D. Haverkost on September 13, 1979",D. Mellum and D. Haverkost,"September 13, 1979",N,N
KOOC-2715802-1,Lab analyses by Farnham 1976,,,"M. Domeier on October 22, 1976",M. Domeier,"October 22, 1976",Y,N
KOOC-2715802-2,Lab analyses by Farnham 1976,,,"M. Domeier on October 22, 1976",M. Domeier,"October 22, 1976",Y,N
KOOC-2715805-254,,,North Pine Island Bog,"D. Haverkost and N. Aaseng on November 2, 1979",D. Haverkost and N. Aaseng,"November 2, 1979",N,N
KOOC-2715806-252,,,,"D. Haverkost and N. Aaseng on November 2, 1979",D. Haverkost and N. Aaseng,"November 2, 1979",N,N
KOOC-2715810-289,,,North Pine Island Bog,"N. Aaseng and R. Graber on November 13, 1979",N. Aaseng and R. Graber,"November 13, 1979",N,N
KOOC-2715811-3,Lab analyses by Farnham 1976,,North Pine Island Bog,"M. Domeier on October 22, 1976",M. Domeier,"October 22, 1976",Y,N
KOOC-2715811-4,Lab analysis by Farnham 1976,,North Pine Island Bog,"M. Domeier on October 22, 1976",M. Domeier,"October 22, 1976",Y,N
KOOC-2715812-290,,,,"D. Olson and D. Haverkost on November 13, 1979",D. Olson and D. Haverkost,"November 13, 1979",N,N
KOOC-2715813-293,,,,"D. Haverkost on November 14, 1979",D. Haverkost,"November 14, 1979",N,N
KOOC-2715814-286,,,,"D. Olson and D. Haverkost on November 13, 1979",D. Olson and D. Haverkost,"November 13, 1979",N,N
KOOC-2715814-5,Lab analyses by Farnham 1976,,North Pine Island Bog,"M. Domeier on October 22,1976",M. Domeier,"October 22,1976",Y,N
KOOC-2715814-6,Lab analyses by Farnham 1976,,North Pine Island Bog,"M. Domeier on October 22, 1976",M. Domeier,"October 22, 1976",Y,N
KOOC-2715816-288,,,,"D. Olson and D. Haverkost on November 13, 1979",D. Olson and D. Haverkost,"November 13, 1979",N,N
KOOC-2715817-253,,,,"D. Olson and R. Graber on November 2, 1979",D. Olson and R. Graber,"November 2, 1979",N,N
KOOC-2715818-251,,,,"D. Olson and R. Graber on November 2, 1979",D. Olson and R. Graber,"November 2, 1979",N,N
KOOC-2715823-7,Lab analyses by Farnham 1976,,,"M. Domeier on October 22, 1976",M. Domeier,"October 22, 1976",Y,N
KOOC-2715829-249,,,,"D. Olson and  R. Graber on November 2, 1979",D. Olson and  R. Graber,"November 2, 1979",N,N
KOOC-2715836-285,,,,"N. Aaseng and R. Graber on November 13, 1979",N. Aaseng and R. Graber,"November 13, 1979",N,N
KOOC-2715906-400,,,,"D. Mellum on November 13, 1979",D. Mellum,"November 13, 1979",N,N
KOOC-2715911-404,,,,"D. Mellum on November 16, 1979",D. Mellum,"November 16, 1979",N,N
KOOC-2715912-304,,,,"D. Olson and N. Aaseng on November 14, 1979",D. Olson and N. Aaseng,"November 14, 1979",N,N
KOOC-2715920-257,,,,"D. Olson on November 2, 1979",D. Olson,"November 2, 1979",N,N
KOOC-2715921-300,,,,"D. Olson and N. Aaseng on November 14, 1979",D. Olson and N. Aaseng,"November 14, 1979",N,N
KOOC-2715922-302,,,,"D. Olson and N. Aaseng on November 14, 1979",D. Olson and N. Aaseng,"November 14, 1979",N,N
KOOC-2715924-299,,,,"D. Haverkost and R. Graber on November 14, 1979",D. Haverkost and R. Graber,"November 14, 1979",N,N
KOOC-2715932-256,,,,"D. Haverkost and N. Aaseng on November 2, 1979",D. Haverkost and N. Aaseng,"November 2, 1979",N,N
KOOC-2715933-298,,,,"D. Olson and N. Aaseng on November 14, 1979",D. Olson and N. Aaseng,"November 14, 1979",N,N
KOOC-2715935-111,,,,"D. Mellum and D. Haverkost on September 13, 1979",D. Mellum and D. Haverkost,"September 13, 1979",N,N
KOOC-2715935-112,,,,"D. Mellum and D. Haverkost on September 13, 1979",D. Mellum and D. Haverkost,"September 13, 1979",N,N
KOOC-2715936-109,,,,"D. Mellum and D. Haverkost on September 13, 1979",D. Mellum and D. Haverkost,"September 13, 1979",N,N
KOOC-2715936-297,,,,"D. Haverkost and R. Graber on November 14, 1979",D. Haverkost and R. Graber,"November 14, 1979",N,N
KOOC-2815106-523,,,,"T. Malterer and N. Aaseng on December 10, 1979",T. Malterer and N. Aaseng,"December 10, 1979",N,N
KOOC-2815107-522,,,,"D. Mellum and D. Haverkost on December 10, 1979",D. Mellum and D. Haverkost,"December 10, 1979",N,N
KOOC-2815127-654,,,,"D. Haverkost and H. Moores on May 20, 1980",D. Haverkost and H. Moores,"May 20, 1980",N,N
KOOC-2815213-524,,,,"D. Mellum and D. Haverkost on December 10, 1979",D. Mellum and D. Haverkost,"December 10, 1979",N,N
KOOC-2815301-535,,,,"D. Haverkost and H. Moores on April 13, 1980",D. Haverkost and H. Moores,"April 13, 1980",N,N
KOOC-2815310-1,Lab analysis by Farnham 1976,,Ridge Bog,"R. Fox on October 27, 1976",R. Fox,"October 27, 1976",Y,N
KOOC-2815310-2,Lab analysis by Farnham 1976,,Ridge Bog,"R. Fox on October 27, 1976",R. Fox,"October 27, 1976",Y,N
KOOC-2815313-3,Lab analysis by Farnham 1976,,Ridge Bog,"R. Fox on October 26, 1976",R. Fox,"October 26, 1976",Y,N
KOOC-2815313-4,Lab analysis by Farnham 1976,,Ridge Bog,"R. Fox on October 26, 1976",R. Fox,"October 26, 1976",Y,N
KOOC-2815314-5,Lab analysis by Farnham 1976,,Ridge Bog,"R. Fox on October 27, 1976",R. Fox,"October 27, 1976",Y,N
KOOC-2815315-6,Lab analysis by Farnham 1976,,Ridge Bog,"R. Fox on October 27, 1976",R. Fox,"October 27, 1976",Y,N
KOOC-2815323-7,Lab analysis by Farnham 1976,0-125cm peat very wet,Ridge Bog,"R. Fox on October 26, 1976",R. Fox,"October 26, 1976",Y,N
KOOC-2815323-8,Lab analysis by Farnham 1976,,Ridge Bog,"R. Fox on October 27, 1976",R. Fox,"October 27, 1976",Y,N
KOOC-2815323-9,Lab analysis by Farnham 1976,,Ridge Bog,"R. Fox on October 27, 1976",R. Fox,"October 27, 1976",Y,N
KOOC-2815324-10,Lab analysis by Farnham 1976,,Ridge Bog,"R. Fox on October 26, 1976",R. Fox,"October 26, 1976",Y,N
KOOC-2815324-11,Lab analysis by Farnham 1976,,Ridge bog,"R. Fox on October 26, 1976",R. Fox,"October 26, 1976",Y,N
KOOC-2815324-12,Lab analysis by Farnham 1976,,Ridge Bog,"R. Fox on October 26, 1976",R. Fox,"October 26, 1976",Y,N
KOOC-2815324-13,Lab analysis by Farnham 1976,,Ridge Bog,"R. Fox on October 27, 1976",R. Fox,"October 27, 1976",Y,N
KOOC-2815324-14,Lab analysis by Farnham 1976,,Ridge bog,"R. Fox on October 27, 1976",R. Fox,"October 27, 1976",Y,N
KOOC-2815325-15,,,Ridge Bog,"R. Fox on October 27, 1976",R. Fox,"October 27, 1976",N,N
KOOC-2815325-16,,,Ridge Bog,"R. Fox on October 27, 1976",R. Fox,"October 27, 1976",N,N
KOOC-2815334-533,,,,"D. Mellum and S. Nelson on April 3, 1980",D. Mellum and S. Nelson,"April 3, 1980",N,N
KOOC-2815401-1,,,,"M. Domeier on September 9, 1976",M. Domeier,"September 9, 1976",N,N
KOOC-2815401-2,Lab analysis by Farnham 1976,,,"T. Malterer on October 28, 1976",T. Malterer,"October 28, 1976",Y,N
KOOC-2815401-3,,,,"R. Zarth on September 9, 1976",R. Zarth,"September 9, 1976",N,N
KOOC-2815401-4,Lab analysis by Farnham 1976,,,"T. Malterer on October 28, 1976",T. Malterer,"October 28, 1976",Y,N
KOOC-2815401-5,,,,"R. Fox on September 16, 1976",R. Fox,"September 16, 1976",N,N
KOOC-2815402-10,,,,"R. Zarth on September 16, 1976",R. Zarth,"September 16, 1976",N,N
KOOC-2815402-11,,,,"R. Fox on September 13, 1976",R. Fox,"September 13, 1976",N,N
KOOC-2815402-6,Lab analysis by Farnham 1976,,,"T. Malterer on October 28, 1976",T. Malterer,"October 28, 1976",Y,N
KOOC-2815402-7,,,,"R. Fox on September 15, 1976",R. Fox,"September 15, 1976",N,N
KOOC-2815402-8,,,,"R. Fox on September 13, 1976",R. Fox,"September 13, 1976",N,N
KOOC-2815402-9,,,,"R. Zarth on September 16, 1976",R. Zarth,"September 16, 1976",N,N
KOOC-2815403-12,,,,"R. Fox on September 16, 1976",R. Fox,"September 16, 1976",N,N
KOOC-2815403-13,,,,"R. Zarth on September 16, 1976",R. Zarth,"September 16, 1976",N,N
KOOC-2815403-14,,,,"R. Zarth on September 16, 1976",R. Zarth,"September 16, 1976",N,N
KOOC-2815403-15,,,,"R. Fox and R. Zarth on September 16, 1976",R. Fox and R. Zarth,"September 16, 1976",N,N
KOOC-2815403-16,,,,"R. Fox on September 16, 1976",R. Fox,"September 16, 1976",N,N
KOOC-2815403-17,,,,"R. Zarth on September 16, 1976",R. Zarth,"September 16, 1976",N,N
KOOC-2815404-18,,,,"R. Fox on September 27, 1976",R. Fox,"September 27, 1976",N,N
KOOC-2815409-19,,,,"R. Fox on September 24, 1976",R. Fox,"September 24, 1976",N,N
KOOC-2815409-20,Lab analysis by Farnham 1976,,,"R. Fox on September 24, 1976",R. Fox,"September 24, 1976",Y,N
KOOC-2815409-21,,,,"R. Fox on September 24, 1976",R. Fox,"September 24, 1976",N,N
KOOC-2815410-22,,,,"M. Domeier on September 20, 1976",M. Domeier,"September 20, 1976",N,N
KOOC-2815411-23,,,,"M. Domeier on September 21, 1976",M. Domeier,"September 21, 1976",N,N
KOOC-2815411-24,,,,"M. Domeier on September 21, 1976",M. Domeier,"September 21, 1976",N,N
KOOC-2815411-25,,,,"M. Domeier on September 21, 1976",M. Domeier,"September 21, 1976",N,N
KOOC-2815411-26,,,,"M. Domeier on September 21, 1976",M. Domeier,"September 21, 1976",N,N
KOOC-2815411-27,,,,"M. Domeier on September 21, 1976",M. Domeier,"September 21, 1976",N,N
KOOC-2815412-109,,,,"M. Domeier on October 28, 1976",M. Domeier,"October 28, 1976",N,N
KOOC-2815412-28,,,,"R. Fox on September 30, 1976",R. Fox,"September 30, 1976",N,N
KOOC-2815412-29,,,,"R. Fox on September 30, 1976",R. Fox,"September 30, 1976",N,N
KOOC-2815413-30,,,,"R. Fox on September 30, 1976",R. Fox,"September 30, 1976",N,N
KOOC-2815413-31,,,,"R. Zarth on September 30, 1976",R. Zarth,"September 30, 1976",N,N
KOOC-2815413-32,,,,"R. Fox on September 30, 1976",R. Fox,"September 30, 1976",N,N
KOOC-2815413-33,Lab analysis by Farnham 1976,,,"R. Fox on September 30, 1976",R. Fox,"September 30, 1976",Y,N
KOOC-2815413-34,,,,"R. Fox on September 30, 1976",R. Fox,"September 30, 1976",N,N
KOOC-2815414-34,,,,"R. Zarth on September 30, 1976",R. Zarth,"September 30, 1976",N,N
KOOC-2815414-35,,,,"T. Malterer on September 23, 1976",T. Malterer,"September 23, 1976",N,N
KOOC-2815414-36,,,,"M. Domeier on September 21, 1976",M. Domeier,"September 21, 1976",N,N
KOOC-2815415-37,,,,"R. Zarth on September 20, 1976",R. Zarth,"September 20, 1976",N,N
KOOC-2815415-38,,,,"R. Zarth on September 20, 1976",R. Zarth,"September 20, 1976",N,N
KOOC-2815415-39,,,,"R. Fox on September 22, 1976",R. Fox,"September 22, 1976",N,N
KOOC-2815415-40,,,,"R. Zarth on September 21, 1976",R. Zarth,"September 21, 1976",N,N
KOOC-2815415-41,,,,"R. Fox on September 21, 1976",R. Fox,"September 21, 1976",N,N
KOOC-2815415-42,,,,"R. Zarth on September 21, 1976",R. Zarth,"September 21, 1976",N,N
KOOC-2815416-43,,,,"R. Zarth on September 27, 1976",R. Zarth,"September 27, 1976",N,N
KOOC-2815422-44,,,,"R. Fox on September 22, 1976",R. Fox,"September 22, 1976",N,N
KOOC-2815422-45,,,,"R. Zarth on September 21, 1976",R. Zarth,"September 21, 1976",N,N
KOOC-2815422-46,,,,"R. Fox on September 27, 1976",R. Fox,"September 27, 1976",N,N
KOOC-2815422-47,,,,"R. Fox on September 21, 1976",R. Fox,"September 21, 1976",N,N
KOOC-2815423-48,,,,"T. Malterer on September 23, 1976",T. Malterer,"September 23, 1976",N,N
KOOC-2815423-49,,,,"T. Malterer on September 23, 1976",T. Malterer,"September 23, 1976",N,N
KOOC-2815423-50,,,,"M. Domeier on September 23, 1976",M. Domeier,"September 23, 1976",N,N
KOOC-2815423-51,,,,"R. Fox on September 22, 1976",R. Fox,"September 22, 1976",N,N
KOOC-2815502-1,,,,"M. Domeier on July 24, 1976",M. Domeier,"July 24, 1976",N,N
KOOC-2815502-2,,,,"R. Fox on August 13, 1976",R. Fox,"August 13, 1976",N,N
KOOC-2815502-3,,,,"R. Fox on August 13, 1976",R. Fox,"August 13, 1976",N,N
KOOC-2815502-4,,,,"R. Fox on August 13, 1976",R. Fox,"August 13, 1976",N,N
KOOC-2815502-5,,,,"R. Fox on August 13, 1976",R. Fox,"August 13, 1976",N,N
KOOC-2815502-6,,,,"R. Fox on August 13, 1976",R. Fox,"August 13, 1976",N,N
KOOC-2815502-7,,,,"R. Fox on August 13, 1976",R. Fox,"August 13, 1976",N,N
KOOC-2815503-5,,,,"D. Haverkost, H. Mooers, and B. Sethers on April 1, 1980","D. Haverkost, H. Mooers, and B. Sethers","April 1, 1980",Y,Y
KOOC-2815506-10,,,,"R. Zarth, R. Fox, T. Malterer, and M. Domeier on August 5, 1976","R. Zarth, R. Fox, T. Malterer, and M. Domeier","August 5, 1976",N,N
KOOC-2815506-11,,,,"R. Zarth, R. Fox, T. Malterer, and M. Domeier on August 5, 1976","R. Zarth, R. Fox, T. Malterer, and M. Domeier","August 5, 1976",N,N
KOOC-2815506-12,,,,"R. Zarth, R. Fox, T. Malterer, and M. Domeier on August 5, 1976","R. Zarth, R. Fox, T. Malterer, and M. Domeier","August 5, 1976",N,N
KOOC-2815506-13,,,,"R. Zarth, R. Fox, T. Malterer, and M. Domeier on August 5, 1976","R. Zarth, R. Fox, T. Malterer, and M. Domeier","August 5, 1976",N,N
KOOC-2815506-15,,,,"R. Zarth, R. Fox, T. Malterer, and M. Domeier on August 5, 1976","R. Zarth, R. Fox, T. Malterer, and M. Domeier","August 5, 1976",N,N
KOOC-2815506-8,,,,"R. Zarth, R. Fox, T. Malterer, and M. Domeier on August 5, 1976","R. Zarth, R. Fox, T. Malterer, and M. Domeier","August 5, 1976",N,N
KOOC-2815506-9,,,,"R. Zarth, R. Fox, T. Malterer, and M. Domeier on August 5, 1976","R. Zarth, R. Fox, T. Malterer, and M. Domeier","August 5, 1976",N,N
KOOC-2815507-14,,,,"R. Zarth, R. Fox, T. Malterer, and M. Domeier on August 5, 1976","R. Zarth, R. Fox, T. Malterer, and M. Domeier","August 5, 1976",N,N
KOOC-2815510-15,,,,Not recorded,Not recorded,,N,N
KOOC-2815510-6,"Proximate and ultimate analyses performed on composite sample of 0-35cm, 85-100cm & 135-150cm depths",,,"D. Haverkost, H. Mooers, and B. Sethers on April 1, 1980","D. Haverkost, H. Mooers, and B. Sethers","April 1, 1980",Y,Y
KOOC-2815510-7,,,,"D. Haverkost, H. Mooers, and B. Sethers on April 1, 1980","D. Haverkost, H. Mooers, and B. Sethers","April 1, 1980",Y,Y
KOOC-2815511-17,,,,Not recorded,Not recorded,,N,N
KOOC-2815511-18,,,,Not recorded,Not recorded,,N,N
KOOC-2815526-19,,,,"T. Malterer on November 4, 1976",T. Malterer,"November 4, 1976",N,N
KOOC-2815534-20,,,,"M. Domeier on November 4, 1976",M. Domeier,"November 4, 1976",N,N
KOOC-2815534-21,,,,"M. Domeier on November 4, 1976",M. Domeier,"November 4, 1976",N,N
KOOC-2815534-22,,,,"T. Malterer on November 4, 1976",T. Malterer,"November 4, 1976",N,N
KOOC-2815534-23,,,,"M. Domeier on November 4, 1976",M. Domeier,"November 4, 1976",N,N
KOOC-2815535-24,,,,"M. Domeier on November 4, 1976",M. Domeier,"November 4, 1976",N,N
KOOC-2815535-25,Lab analysis by Farnham 1976,,,"T. Malterer on October 28, 1976",T. Malterer,"October 28, 1976",Y,N
KOOC-2815535-26,Lab analysis by Farnham 1976,,,"T. Malterer on October 28, 1976",T. Malterer,"October 28, 1976",Y,N
KOOC-2815535-27,,,,"R. Zarth on September 16, 1976",R. Zarth,"September 16, 1976",N,N
KOOC-2815535-28,,,,"M. Domeier on November 4, 1976",M. Domeier,"November 4, 1976",N,N
KOOC-2815535-29,,,,"M. Domeier on November 4, 1976",M. Domeier,"November 4, 1976",N,N
KOOC-2815535-30,,,,"M. Domeier on November 4, 1976",M. Domeier,"November 4, 1976",N,N
KOOC-2815536-31,,,,"M. Domeier on September 9, 1976",M. Domeier,"September 9, 1976",N,N
KOOC-2815536-32,,,,"R. Zarth on September 9, 1976",R. Zarth,"September 9, 1976",N,N
KOOC-2815536-33,,,,"R. Fox on September 16, 1976",R. Fox,"September 16, 1976",N,N
KOOC-2815603-167,,,,"B. Weber on August 4, 1977",B. Weber,"August 4, 1977",N,N
KOOC-2815603-168,,,,"B. Weber on August 4, 1977",B. Weber,"August 4, 1977",N,N
KOOC-2815603-4,Lab analysis by Farnham 1976,,,"M. Domeier on October 21, 1976",M. Domeier,"October 21, 1976",Y,N
KOOC-2815603-6,Lab analysis by Farnham 1976,,,"M. Domeier on October 21, 1976",M. Domeier,"October 21, 1976",Y,N
KOOC-2815603-8,Lab analysis by Farnham 1976,,,"M. Domeier on October 21, 1976",M. Domeier,"October 21, 1976",Y,N
KOOC-2815610-10,Lab analysis by Farnham 1976,,,"M. Domeier on October 21, 1976",M. Domeier,"October 21, 1976",Y,N
KOOC-2815610-13,Lab analysis by Farnham 1976,,,"M. Domeier on October 21, 1976",M. Domeier,"October 21, 1976",Y,N
KOOC-2815610-164,,,,"B. Weber on August 4, 1977",B. Weber,"August 4, 1977",Y,N
KOOC-2815610-165,,,,"B. Weber on August 4, 1977",B. Weber,"August 4, 1977",Y,N
KOOC-2815610-166,,,,"B. Weber on August 4, 1977",B. Weber,"August 4, 1977",N,N
KOOC-2815611-14,,,,"On July 7, 1976",,"July 7, 1976",N,N
KOOC-2815611-15,,,,"On July 7, 1976",,"July 7, 1976",N,N
KOOC-2815611-16,,,,"On July 7, 1976",,"July 7, 1976",N,N
KOOC-2815611-276,,,,"D. Olson and D. Haverkost on November 10, 1979",D. Olson and D. Haverkost,"November 10, 1979",N,N
KOOC-2815613-277,,,,"D. Mellum on November 13, 1979",D. Mellum,"November 13, 1979",N,N
KOOC-2815615-162,,,,"B. Weber on August 3, 1977",B. Weber,"August 3, 1977",N,N
KOOC-2815615-163,,,,"B. Weber on August 3, 1977",B. Weber,"August 3, 1977",N,N
KOOC-2815615-19,Lab analysis by Farnham 1976,,,"M. Domeier on October 21, 1976",M. Domeier,"October 21, 1976",Y,N
KOOC-2815615-20,,,,"M. Domeier on October 21, 1976",M. Domeier,"October 21, 1976",N,N
KOOC-2815622-21,,,,"M. Domeier and C. Cameron on July 19, 1976",M. Domeier and C. Cameron,"July 19, 1976",N,N
KOOC-2815622-22,,,,"M. Domeier and C. Cameron on July 19, 1976",M. Domeier and C. Cameron,"July 19, 1976",N,N
KOOC-2815625-1,"Proximate and ultimate analyses performed on a composite sample of 35-50cm, 85-100cm & 135-150cm depths",,,"B. Sethers, H. Mooers, L. Severson, and D. Haverkost on March 28, 1980","B. Sethers, H. Mooers, L. Severson, and D. Haverkost","March 28, 1980",Y,Y
KOOC-2815625-2,,,,"D. Haverkost, H. Mooers, and T. Malterer on April 2, 1980","D. Haverkost, H. Mooers, and T. Malterer","April 2, 1980",Y,Y
KOOC-2815626-1,Proximate and ulimate samples collected near this site at a later date,,,"D. Mellum, B. Balan, T. Malterer, and B. Leuelling on September 12, 1978","D. Mellum, B. Balan, T. Malterer, and B. Leuelling","September 12, 1978",Y,Y
KOOC-2815626-2,Proximate and ultimate samples collected near this site at a later date,,,"D. Mellum, B. Leuelling, and B. Balan on September 14, 1978","D. Mellum, B. Leuelling, and B. Balan","September 14, 1978",Y,Y
KOOC-2815626-28,,,,"T. Malterer, C. Cameron, and R. Zarth on July 1976","T. Malterer, C. Cameron, and R. Zarth",July 1976,N,N
KOOC-2815626-29,,,,,,,N,N
KOOC-2815626-30,,,,"T. Malterer, C. Cameron, and R. Zarth on July 1976","T. Malterer, C. Cameron, and R. Zarth",July 1976,N,N
KOOC-2815626-31,,,,"T. Malterer, C. Cameron, and R. Zarth on July 1976","T. Malterer, C. Cameron, and R. Zarth",July 1976,N,N
KOOC-2815626-32,,,,"T. Malterer, C. Cameron, and R. Zarth on July 1976","T. Malterer, C. Cameron, and R. Zarth",July 1976,N,N
KOOC-2815626-33,,,,"T. Malterer, R. Zarth, and C. Cameron on July 1976","T. Malterer, R. Zarth, and C. Cameron",July 1976,N,N
KOOC-2815626-34,,,,"T. Malterer, C. Cameron, and R. Zarth on July 7, 1976","T. Malterer, C. Cameron, and R. Zarth","July 7, 1976",N,N
KOOC-2815626-35,,,,"T. Malterer, R. Zarth, and C. Cameron on July 1976","T. Malterer, R. Zarth, and C. Cameron",July 1976,N,N
KOOC-2815626-36,,,,"R. Zarth, T. Malterer, and C. Cameron on July 1976","R. Zarth, T. Malterer, and C. Cameron",July 1976,N,N
KOOC-2815626-6,,,,"T. Malterer, B. Balan, and K. Haynor on September 27, 1978","T. Malterer, B. Balan, and K. Haynor","September 27, 1978",N,N
KOOC-2815626-9,,,,"T. Malterer, B. Balan, and K. Hayner on September 27, 1978","T. Malterer, B. Balan, and K. Hayner","September 27, 1978",N,N
KOOC-2815626-A-1,Below 80cm H4/H5 or greater; generally non-horticultural quality,,,"M. Oberhelman and D. Riihiluoma on April 19, 1988",M. Oberhelman and D. Riihiluoma,"April 19, 1988",N,N
KOOC-2815626-A-2,75cm to 120cm fibric sphagnum; 0-135 cm generally fair to good horticultural quality,,,"M. Oberhelman and D. Riihiluoma on April 19, 1988",M. Oberhelman and D. Riihiluoma,"April 19, 1988",N,N
KOOC-2815626-A-27,Fair to good horticultural quality; hit stump at 50 cm; generally H3 & H4 sphagnum,,,"M. Oberhelman and D. Riihiluoma on April 20, 1988",M. Oberhelman and D. Riihiluoma,"April 20, 1988",N,N
KOOC-2815626-A-28,Fair horticultural quality; generally H4 sphagnum with Sphagnum cuspidatim throughout profile,,,"M. Oberhelman and D. Riihiluoma on April 20, 1988",M. Oberhelman and D. Riihiluoma,"April 20, 1988",N,N
KOOC-2815626-A-3,43-115cm fibric sphagnum; 0-138 cm generally fair horticultural qualit,,,"M. Oberhelman and D. Riihiluoma on April 19, 1988",M. Oberhelman and D. Riihiluoma,"April 19, 1988",N,N
KOOC-2815626-A-39,From 25 to 135cm good quality horticultural peat; below 135cm non-horticultural quality,,,"M. Oberhelman and D. Riihiluoma on July 20, 1988",M. Oberhelman and D. Riihiluoma,"July 20, 1988",N,N
KOOC-2815626-A-4,Generally H3 & H4 sphagnum down to 230cm; fair to good horticultural quality,,,"M. Oberhelman and D. Riihiluoma on April 19, 1988",M. Oberhelman and D. Riihiluoma,"April 19, 1988",N,N
KOOC-2815626-A-41,Good quality horticultural peat,,,"M. Oberhelman and D. Riihiluoma on July 20, 1988",M. Oberhelman and D. Riihiluoma,"July 20, 1988",N,N
KOOC-2815626-A-42,Non-horticultural quality peat; hit stump at 150cm,,,"M. Oberhelman and D. Riihiluoma on July 20, 1988",M. Oberhelman and D. Riihiluoma,"July 20, 1988",N,N
KOOC-2815626-A-43,Fair quality horticultural peat to 145cm,,,"M. Oberhelman and D. Riihiluoma on July 20, 1988",M. Oberhelman and D. Riihiluoma,"July 20, 1988",N,N
KOOC-2815626-A-44,Non-horticultural quality peat,,,"M. Oberhelman and D. Riihiluoma on July 20, 1988",M. Oberhelman and D. Riihiluoma,"July 20, 1988",N,N
KOOC-2815626-A-47,Fair quality horticultural peat to 125cm; non-horticultural quality be 125cm,,,"M. Oberhelman and D. Riihiluoma on July 20, 1988",M. Oberhelman and D. Riihiluoma,"July 20, 1988",N,N
KOOC-2815626-A-48,Fair quality horticultural peat to 170cm,,,"M. Oberhelman and D. Riihiluoma on July 20, 1988",M. Oberhelman and D. Riihiluoma,"July 20, 1988",N,N
KOOC-2815626-A-49,Non-horticultural quality peat,,,"M. Oberhelman and D. Riihiluoma on July 20, 1988",M. Oberhelman and D. Riihiluoma,"July 20, 1988",N,N
KOOC-2815626-A-5,"60-125cm fibric sphagnum; hit stumps at 50, 100, and 150cm; generally fair horticultural quality",,,"M. Oberhelman and D. Riihiluoma on April 19, 1988",M. Oberhelman and D. Riihiluoma,"April 19, 1988",N,N
KOOC-2815626-A-50,Fair quality horticultural peat; hit stump at 100cm,,,"M. Oberhelman and D. Riihiluoma on July 20, 1988",M. Oberhelman and D. Riihiluoma,"July 20, 1988",N,N
KOOC-2815626-A-51,Non-horticultural quality peat,,,"M. Oberhelman and D. Riihiluoma on July 20, 1988",M. Oberhelman and D. Riihiluoma,"July 20, 1988",N,N
KOOC-2815626-A-52,Non-horticultural quality  peat below 95cm; hit stump at 100cm,,,"M. Oberhelman and D. Riihiluoma on July 20, 1988",M. Oberhelman and D. Riihiluoma,"July 20, 1988",N,N
KOOC-2815626-A-6,Fibric & H4 sphagnum throughout profile; generally fair to good horticultural quality,,,"M. Oberhelman and D. Riihiluoma on April 19, 1988",M. Oberhelman and D. Riihiluoma,"April 19, 1988",N,N
KOOC-2815626-A-7,Generally fibric sphagnum with bands of H4; generally good horticultur quality,,,"M. Oberhelman and D. Riihiluoma on April 19, 1988",M. Oberhelman and D. Riihiluoma,"April 19, 1988",N,N
KOOC-2815626-A-8,Generally fibric sphagnum to 210cm; very good horticultural quality,,,"M. Oberhelman and D. Riihiluoma on April 19, 1988",M. Oberhelman and D. Riihiluoma,"April 19, 1988",N,N
KOOC-2815626-A-9,Generally fibric sphagnum to 180cm; very good horticultural quality,,,"M. Oberhelman and D. Riihiluoma on April 19, 1988",M. Oberhelman and D. Riihiluoma,"April 19, 1988",N,N
KOOC-2815627-25,,,,"T. Malterer, K. Haynor, and B. Balan on September 27, 1978","T. Malterer, K. Haynor, and B. Balan","September 27, 1978",N,N
KOOC-2815627-3,Very good sphagnum moss site; proximate and ultimate samples collected near this site at a later date,,,"T. Malterer, K. Haynor, and B. Balan on September 27, 1978","T. Malterer, K. Haynor, and B. Balan","September 27, 1978",Y,Y
KOOC-2815627-37,,,,"T. Malterer, K. Haynor, and B. Balan on September 27, 1978","T. Malterer, K. Haynor, and B. Balan","September 27, 1978",N,N
KOOC-2815627-4,Proximate and ultimate samples collected near this site at a later date,,,"T. Malterer, K. Haynor, and B. Balan on September 27, 1978","T. Malterer, K. Haynor, and B. Balan","September 27, 1978",Y,Y
KOOC-2815627-5,Proximate and ultimate samples collected near this site at a later date,,,"T. Malterer, K. Haynor, and B. Balan on September 27, 1978","T. Malterer, K. Haynor, and B. Balan","September 27, 1978",Y,Y
KOOC-2815627-A-10,Generally fibric sphagnum to 180cm; very good horticultural quality,,,"M. Oberhelman and D. Riihiluoma on April 19, 1988",M. Oberhelman and D. Riihiluoma,"April 19, 1988",N,N
KOOC-2815627-A-11,Generally fibric sphagnum from 25-200 cm; very good horticultural quality,,,"M. Oberhelman and D. Riihiluoma on April 19, 1988",M. Oberhelman and D. Riihiluoma,"April 19, 1988",N,N
KOOC-2815627-A-12,Generally fibric sphagnum to 165 cm; good horticultural quality,,,"M. Oberhelman and D. Riihiluoma on April 19, 1988",M. Oberhelman and D. Riihiluoma,"April 19, 1988",N,N
KOOC-2815627-A-13,Generally layers of H3 & H4 sphagnum throughout profile; fair horticultural quality,,,"M. Oberhelman and D. Riihiluoma on April 19, 1988",M. Oberhelman and D. Riihiluoma,"April 19, 1988",N,N
KOOC-2815627-A-14,Generally H4 sphagnum with some layers of H3; fair horticultural quali,,,"M. Oberhelman and D. Riihiluoma on April 20, 1988",M. Oberhelman and D. Riihiluoma,"April 20, 1988",N,N
KOOC-2815627-A-15,Fair to good horticultural quality; hit logs in profile,,,"M. Oberhelman and D. Riihiluoma on April 20, 1988",M. Oberhelman and D. Riihiluoma,"April 20, 1988",N,N
KOOC-2815627-A-16,Generally layers of H3 & H4 sphagnum in profile; generally fair horticultural quality; hit logs in profile,,,"M. Oberhelman and D. Riihiluoma on April 20, 1988",M. Oberhelman and D. Riihiluoma,"April 20, 1988",N,N
KOOC-2815627-A-17,Generally fibric sphagnum to 150cm; good horticultural quality,,,"M. Oberhelman and D. Riihiluoma on April 20, 1988",M. Oberhelman and D. Riihiluoma,"April 20, 1988",N,N
KOOC-2815627-A-18,Generally fibric sphagnum to 145cm; fair to good horticultural quality,,,"M. Oberhelman and D. Riihiluoma on April 20, 1988",M. Oberhelman and D. Riihiluoma,"April 20, 1988",N,N
KOOC-2815627-A-19,Below 97cm greater than H6; hit log at 60 cm; generally non-horticultural quality,,,"M. Oberhelman and D. Riihiluoma on April 20, 1988",M. Oberhelman and D. Riihiluoma,"April 20, 1988",N,N
KOOC-2815627-A-20,Mixed decomposition values throughout profile; generally fair to poor horticultural quality,,,"M. Oberhelman and D. Riihiluoma on April 20, 1988",M. Oberhelman and D. Riihiluoma,"April 20, 1988",N,N
KOOC-2815627-A-21,Generally H4 & H4+; generally poor horticultural quality,,,"M. Oberhelman and D. Riihiluoma on April 20, 1988",M. Oberhelman and D. Riihiluoma,"April 20, 1988",N,N
KOOC-2815627-A-22,Generally fair horticultural quality,,,"M. Oberhelman and D. Riihiluoma on April 20, 1988",M. Oberhelman and D. Riihiluoma,"April 20, 1988",N,N
KOOC-2815627-A-23,Mixed decomposition values; generally fair horticultural quality,,,"M. Oberhelman and D. Riihiluoma on April 20, 1988",M. Oberhelman and D. Riihiluoma,"April 20, 1988",N,N
KOOC-2815627-A-24,H3 & H4 sphagnum to 150cm; generally fair horticultural quality; hit stump at 70cm,,,"M. Oberhelman and D. Riihiluoma on April 20, 1988",M. Oberhelman and D. Riihiluoma,"April 20, 1988",N,N
KOOC-2815627-A-25,Hit stump at 60cm; generally very good horticultural quality,,,"M. Oberhelman and D. Riihiluoma on April 20, 1988",M. Oberhelman and D. Riihiluoma,"April 20, 1988",N,N
KOOC-2815627-A-26,Mixed decomposition values throughout profile; generally poor to fair horticultural quality,,,"M. Oberhelman and D. Riihiluoma on April 20, 1988",M. Oberhelman and D. Riihiluoma,"April 20, 1988",N,N
KOOC-2815627-A-29,Generally non-horticultural quality,,,"M. Oberhelman and D. Riihiluoma on July 20, 1988",M. Oberhelman and D. Riihiluoma,"July 20, 1988",N,N
KOOC-2815627-A-30,Fair to good quality horticultural peat to 165cm,,,"M. Oberhelman and D. Riihiluoma on July 20, 1988",M. Oberhelman and D. Riihiluoma,"July 20, 1988",N,N
KOOC-2815627-A-31,Fair horticultural quality to 145cm; hit stump at 130cm,,,"M. Oberhelman and D. Riihiluoma on July 20, 1988",M. Oberhelman and D. Riihiluoma,"July 20, 1988",N,N
KOOC-2815627-A-32,Mixed layers - generally fair quality horticultural peat to 185cm,,,"M. Oberhelman and D. Riihiluoma on July 20, 1988",M. Oberhelman and D. Riihiluoma,"July 20, 1988",N,N
KOOC-2815627-A-33,Generally non-horticultural quality peat,,,"M. Oberhelman and D. Riihiluoma on July 20, 1988",M. Oberhelman and D. Riihiluoma,"July 20, 1988",N,N
KOOC-2815627-A-34,Below 100cm non-horticultural quality peat,,,"M. Oberhelman and D. Riihiluoma on July 20, 1988",M. Oberhelman and D. Riihiluoma,"July 20, 1988",N,N
KOOC-2815627-A-35,Good quality horticultural peat,,,"M. Oberhelman and D. Riihiluoma on July 20, 1988",M. Oberhelman and D. Riihiluoma,"July 20, 1988",N,N
KOOC-2815627-A-36,Below 115cm non-horticultural quality peat; hit stump at 50cm,,,"M. Oberhelman and D. Riihiluoma on July 20, 1988",M. Oberhelman and D. Riihiluoma,"July 20, 1988",N,N
KOOC-2815627-A-37,Good quality horticultural peat,,,"M. Oberhelman and D. Riihiluoma on July 20, 1988",M. Oberhelman and D. Riihiluoma,"July 20, 1988",N,N
KOOC-2815627-A-45,Non-horticultural quality peat,,,"M. Oberhelman and D. Riihiluoma on July 20, 1988",M. Oberhelman and D. Riihiluoma,"July 20, 1988",N,N
KOOC-2815627-A-46,Non-horticultural quality peat below 75cm,,,"M. Oberhelman and D. Riihiluoma on July 20, 1988",M. Oberhelman and D. Riihiluoma,"July 20, 1988",N,N
KOOC-2815628-3,"Proximate and ultimate analyses performed on composite sample of 35-50cm, 85-100cm, 135-150cm & 185-200cm depths",,,"D. Haverkost, H. Mooers, and B. Sethers on April 1, 1980","D. Haverkost, H. Mooers, and B. Sethers","April 1, 1980",Y,Y
KOOC-2815631-37,,,,"T. Malterer, K. Haynor, and B. Balan on September 27, 1978","T. Malterer, K. Haynor, and B. Balan","September 27, 1978",N,N
KOOC-2815631-38,,,,"T. Malterer, K. Haynor, and B. Balan on September 27, 1978","T. Malterer, K. Haynor, and B. Balan","September 27, 1978",N,N
KOOC-2815634-1,,,,"T. Malterer, B. Balan, and K. Hayner on September 27, 1978","T. Malterer, B. Balan, and K. Hayner","September 27, 1978",N,N
KOOC-2815634-2,,,,"T. Malterer, B. Balan, and K. Hayner on September 27, 1978","T. Malterer, B. Balan, and K. Hayner","September 27, 1978",N,N
KOOC-2815634-22,,,,"T. Malterer, B. Balan, and K. Hayner on September 27, 1978","T. Malterer, B. Balan, and K. Hayner","September 27, 1978",N,N
KOOC-2815634-3,,,,"T. Malterer, B. Balan, and K. Hayner on September 27, 1978","T. Malterer, B. Balan, and K. Hayner","September 27, 1978",N,N
KOOC-2815634-4,,,,"T. Malter, B. Balan, and K. Hayner on September 27, 1978","T. Malter, B. Balan, and K. Hayner","September 27, 1978",N,N
KOOC-2815634-41,"Proximate and ultimate analyses performed on composite sample of 35-50cm, 85-100cm & 135-150cm depths",,,"D. Haverkost, H. Mooers, and B. Sethers on April 1, 1980","D. Haverkost, H. Mooers, and B. Sethers","April 1, 1980",Y,Y
KOOC-2815634-A-38,Below 110cm non-horticultural quality peat,,,"M. Oberhelman and D. Riihiluoma on July 20, 1988",M. Oberhelman and D. Riihiluoma,"July 20, 1988",N,N
KOOC-2815635-5,,,,"T. Malterer, B. Balan, and K. Hayer on September 27, 1978","T. Malterer, B. Balan, and K. Hayer","September 27, 1978",N,N
KOOC-2815635-A-40,Mixed decompostion layers; generally poor horticultural quality peat,,,"M. Oberhelman and D. Riihiluoma on July 20, 1988",M. Oberhelman and D. Riihiluoma,"July 20, 1988",N,N
KOOC-2815705-268,,,,"D. Olson and D. Haverkost on November 13, 1979",D. Olson and D. Haverkost,"November 13, 1979",N,N
KOOC-2815714-108,,,,"D. Mellum and D. Haverkost on September 12, 1979",D. Mellum and D. Haverkost,"September 12, 1979",N,N
KOOC-2815715-107,,,,"D. Mellum and D. Haverkost on September 12, 1979",D. Mellum and D. Haverkost,"September 12, 1979",N,N
KOOC-2815717-269,,,,"D. Mellum and R. Graber on November 13, 1979",D. Mellum and R. Graber,"November 13, 1979",N,N
KOOC-2815726-1,,,,"M. Domeier on October 21, 1976",M. Domeier,"October 21, 1976",N,N
KOOC-2815730-274,,,,"D. Olson and D. Haverkost on November 13, 1979",D. Olson and D. Haverkost,"November 13, 1979",N,N
KOOC-2815730-57,,,,"D. Olson and D. Haverkost on August 2, 1979",D. Olson and D. Haverkost,"August 2, 1979",N,N
KOOC-2815731-23,,,,"D. Mellum on August 1, 1979",D. Mellum,"August 1, 1979",N,N
KOOC-2815734-169,,,,"B. Weber on August 4, 1977",B. Weber,"August 4, 1977",N,N
KOOC-2815734-2,,,,"M. Domeier on October 21, 1976",M. Domeier,"October 21, 1976",N,N
KOOC-2815806-195,,,,"D. Olson and N. Aaseng on October 29, 1979",D. Olson and N. Aaseng,"October 29, 1979",N,N
KOOC-2815807-192,,,,"D. Olson and N. Aaseng on October 29, 1979",D. Olson and N. Aaseng,"October 29, 1979",N,N
KOOC-2815808-193,,,,"D. Mellum and D. Haverkost on October 29, 1979",D. Mellum and D. Haverkost,"October 29, 1979",N,N
KOOC-2815808-194,,,,"D. Olson and N. Aaseng on October 29, 1979",D. Olson and N. Aaseng,"October 29, 1979",N,N
KOOC-2815809-246,,,,"D. Haverkost and N. Aaseng on November 2, 1979",D. Haverkost and N. Aaseng,"November 2, 1979",N,N
KOOC-2815811-247,,,,"D. Olson and R. Graber on November 1, 1979",D. Olson and R. Graber,"November 1, 1979",N,N
KOOC-2815813-250,,,,"D. Haverkost and N. Aaseng on Novmeber 2, 1979",D. Haverkost and N. Aaseng,"Novmeber 2, 1979",N,N
KOOC-2815817-529,,,,"D. Mellum and D. Olson on September 19, 1979",D. Mellum and D. Olson,"September 19, 1979",N,N
KOOC-2815820-530,,,,"D. Mellum and D. Olson on September 19, 1979",D. Mellum and D. Olson,"September 19, 1979",N,N
KOOC-2815820-531,,,,"D. Mellum and D. Olson on September 19, 1979",D. Mellum and D. Olson,"September 19, 1979",N,N
KOOC-2815820-532,,,,"D. Mellum and D. Olson on September 19, 1979",D. Mellum and D. Olson,"September 19, 1979",N,N
KOOC-2815825-106,,,,"D. Mellum and D. Olson on September 11, 1979",D. Mellum and D. Olson,"September 11, 1979",N,N
KOOC-2815832-266,,,,"D. Olson and D. Haverkost on November 13, 1979",D. Olson and D. Haverkost,"November 13, 1979",N,N
KOOC-2815832-267,,,,"D. Mellum and R. Graber on November 13, 1979",D. Mellum and R. Graber,"November 13, 1979",N,N
KOOC-2815834-248,,,,"D. Haverkost and N. Aaseng on November 2, 1979",D. Haverkost and N. Aaseng,"November 2, 1979",N,N
KOOC-2815902-399,,,,"D. Mellum on November 13, 1979",D. Mellum,"November 13, 1979",N,N
KOOC-2815905-209,,,,"D. Olson and N. Aaseng on October 30, 1979",D. Olson and N. Aaseng,"October 30, 1979",N,N
KOOC-2815906-238,,,,"D. Olson and N. Aaseng on October 30, 1979",D. Olson and N. Aaseng,"October 30, 1979",N,N
KOOC-2815907-210,,,,"D. Mellum and D. Haverkost on October 30, 1979",D. Mellum and D. Haverkost,"October 30, 1979",N,N
KOOC-2815909-241,,,,"D. Olson and R. Graber on November 1, 1979",D. Olson and R. Graber,"November 1, 1979",N,N
KOOC-2815909-242,,,,"D. Mellum and N. Aaseng on November 1, 1979",D. Mellum and N. Aaseng,"November 1, 1979",N,N
KOOC-2815910-264,,,,"D. Haverkost and N. Aaseng on November 2, 1979",D. Haverkost and N. Aaseng,"November 2, 1979",N,N
KOOC-2815915-243,,,,"D. Olson and R. Graber on November 1, 1979",D. Olson and R. Graber,"November 1, 1979",N,N
KOOC-2815915-263,,,,"D. Olson and R. Graber on November 2, 1979",D. Olson and R. Graber,"November 2, 1979",N,N
KOOC-2815923-260,,,,"D. Haverkost and N. Aaseng on November 2, 1979",D. Haverkost and N. Aaseng,"November 2, 1979",N,N
KOOC-2815923-261,,,,"D. Olson and R. Graber on November 2, 1979",D. Olson and R. Graber,"November 2, 1979",N,N
KOOC-2815923-262,,,,"D. Haverkost and N. Aaseng on November 2, 1979",D. Haverkost and N. Aaseng,"November 2, 1979",N,N
KOOC-2815924-258,,,,"D. Haverkost and N. Aaseng on November 2, 1979",D. Haverkost and N. Aaseng,"November 2, 1979",N,N
KOOC-2815924-259,,,,"D. Olson and R. Graber on November 2, 1979",D. Olson and R. Graber,"November 2, 1979",N,N
KOOC-2815927-244,,,,"D. Olson and R. Graber on November 1, 1979",D. Olson and R. Graber,"November 1, 1979",N,N
KOOC-2815928-245,,,,"D. Olson and R. Graber on November 1, 1979",D. Olson and R. Graber,"November 1, 1979",N,N
KOOC-2815929-208,,,,"D. Mellum and D. Haverkost on October 30, 1979",D. Mellum and D. Haverkost,"October 30, 1979",N,N
KOOC-2816019-255,,,,"D. Mellum on November 2, 1979",D. Mellum,"November 2, 1979",N,N
KOOC-2816030-230,,,,"D. Mellum and D. Haverkost on October 30, 1979",D. Mellum and D. Haverkost,"October 30, 1979",N,N
KOOC-2816031-237,,,,"D. Olson and R. Graber on November 1, 1979",D. Olson and R. Graber,"November 1, 1979",N,N
KOOC-2816033-239,,,,"D. Olson and R. Graber on November 1, 1979",D. Olson and R. Graber,"November 1, 1979",N,N
KOOC-2816033-240,,,,"D. Mellum and N. Aaseng on November 1, 1974",D. Mellum and N. Aaseng,"November 1, 1974",N,N
KOOC-2816033-265,,,,"D. Mellum on November 2, 1979",D. Mellum,"November 2, 1979",N,N
KOOC-2915203-100,,,,"D. Mellum and D. Haverkost on August 30, 1979",D. Mellum and D. Haverkost,"August 30, 1979",N,N
KOOC-2915203-101,,,,"D. Mellum and D. Haverkost on August 30, 1979",D. Mellum and D. Haverkost,"August 30, 1979",N,N
KOOC-2915203-102,,,,"D. Mellum and D. Haverkost on August 30, 1979",D. Mellum and D. Haverkost,"August 30, 1979",N,N
KOOC-2915205-91,,,,"D. Mellum and D. Haverkost on August 29, 1979",D. Mellum and D. Haverkost,"August 29, 1979",N,N
KOOC-2915205-92,,,,"D. Mellum and D. Haverkost on August 29, 1979",D. Mellum and D. Haverkost,"August 29, 1979",N,N
KOOC-2915206-74,,,,"D. Mellum and D. Olson on August 3, 1979",D. Mellum and D. Olson,"August 3, 1979",N,N
KOOC-2915207-89,,,,"D. Mellum and D. Haverkost on August 29, 1979",D. Mellum and D. Haverkost,"August 29, 1979",N,N
KOOC-2915207-90,,,,"D. Mellum and D. Haverkost on August 29, 1979",D. Mellum and D. Haverkost,"August 29, 1979",N,N
KOOC-2915210-103,,,,"D. Mellum and D. Haverkost on August 30, 1979",D. Mellum and D. Haverkost,"August 30, 1979",N,N
KOOC-2915312-87,,,,"D. Haverkost and D. Mellum on August 22, 1979",D. Haverkost and D. Mellum,"August 22, 1979",N,N
KOOC-2915312-88,,,,"D. Mellum and D. Haverkost on August 22, 1979",D. Mellum and D. Haverkost,"August 22, 1979",N,N
KOOC-2915317-80,,,,"D. Haverkost and D. Mellum on August 21, 1979",D. Haverkost and D. Mellum,"August 21, 1979",N,N
KOOC-2915317-81,,,,"D. Haverkost and D. Mellum on August 21, 1979",D. Haverkost and D. Mellum,"August 21, 1979",N,N
KOOC-2915317-82,,,,"D. Mellum and D. Haverkost on August 21, 1979",D. Mellum and D. Haverkost,"August 21, 1979",N,N
KOOC-2915317-83,,,,"D. Haverkost and D. Mellum on August 21, 1979",D. Haverkost and D. Mellum,"August 21, 1979",N,N
KOOC-2915318-85,,,,"D. Mellum and D. Haverkost on August 21, 1979",D. Mellum and D. Haverkost,"August 21, 1979",N,N
KOOC-2915318-86,,,,"D. Mellum and D. Haverkost on August 21, 1979",D. Mellum and D. Haverkost,"August 21, 1979",N,N
KOOC-2915319-71,,,,"D. Mellum and D. Olson on August 3, 1979",D. Mellum and D. Olson,"August 3, 1979",N,N
KOOC-2915319-72,,,,"D. Mellum and D. Olson on August 3, 1979",D. Mellum and D. Olson,"August 3, 1979",N,N
KOOC-2915320-84,,,,"D. Mellum and D. Haverkost on August 21, 1979",D. Mellum and D. Haverkost,"August 21, 1979",N,N
KOOC-2915321-70,,,,"D. Mellum and D. Olson on August 3, 1979",D. Mellum and D. Olson,"August 3, 1979",N,N
KOOC-2915324-69,,,,"D. Mellum and D. Olson on August 3, 1979",D. Mellum and D. Olson,"August 3, 1979",N,N
KOOC-2915326-95,,,,"D. Mellum and D. Haverkost on August 30, 1979",D. Mellum and D. Haverkost,"August 30, 1979",N,N
KOOC-2915326-96,,,,"D. Mellum and D. Haverkost on August 30, 1979",D. Mellum and D. Haverkost,"August 30, 1979",N,N
KOOC-2915326-97,,,,"D. Mellum and D. Haverkost on August 30, 1979",D. Mellum and D. Haverkost,"August 30, 1979",N,N
KOOC-2915333-93,,,,"D. Mellum and D. Haverkost on August 29, 1979",D. Mellum and D. Haverkost,"August 29, 1979",N,N
KOOC-2915333-94,,,,"D. Mellum and D. Haverkost on August 29, 1979",D. Mellum and D. Haverkost,"August 29, 1979",N,N
KOOC-2915334-98,,,,"D. Mellum and D. Haverkost on August 30, 1979",D. Mellum and D. Haverkost,"August 30, 1979",N,N
KOOC-2915335-99,,,,"D. Mellum and D. Haverkost on August 30, 1979",D. Mellum and D. Haverkost,"August 30, 1979",N,N
KOOC-2915409-66,,,,"D. Mellum and D. Olson on August 3, 1979",D. Mellum and D. Olson,"August 3, 1979",N,N
KOOC-2915414-67,,,,"D. Mellum and D. Olson on August 3, 1979",D. Mellum and D. Olson,"August 3, 1979",N,N
KOOC-2915414-68,,,,"D. Mellum and D. Olson on August 3, 1979",D. Mellum and D. Olson,"August 3, 1979",N,N
KOOC-2915502-120,,,,"D. Mellum and D. Haverkost on September 21, 1979",D. Mellum and D. Haverkost,"September 21, 1979",N,N
KOOC-2915502-121,,,,"D. Mellum and D. Haverkost on September 21, 1979",D. Mellum and D. Haverkost,"September 21, 1979",N,N
KOOC-2915502-122,,,,"D. Mellum and D. Haverkost on September 21, 1979",D. Mellum and D. Haverkost,"September 21, 1979",N,N
KOOC-2915502-123,,,,"D. Mellum and D. Haverkost on September 21, 1979",D. Mellum and D. Haverkost,"September 21, 1979",N,N
KOOC-2915505-1,,,Pine Island Bog,"D. Olson, D. Mellum, and D. Haverkost on July 26, 1979","D. Olson, D. Mellum, and D. Haverkost","July 26, 1979",N,N
KOOC-2915505-14,,,Pine Island Bog,"D. Mellum, D. Olson, and D. Haverkost on July 27, 1979","D. Mellum, D. Olson, and D. Haverkost","July 27, 1979",N,N
KOOC-2915505-2,,,Pine Island Bog,"D. Olson, D. Haverkost, and D. Mellum on July 26, 1979","D. Olson, D. Haverkost, and D. Mellum","July 26, 1979",Y,N
KOOC-2915505-3,,,Pine Island Bog,"D. Olson, D. Mellum and D. Haverkost on July 26, 1979","D. Olson, D. Mellum and D. Haverkost","July 26, 1979",N,N
KOOC-2915506-13,,,Pine Island Bog,"D. Olson, D. Mellum, and D. Haverkost on July 26, 1979","D. Olson, D. Mellum, and D. Haverkost","July 26, 1979",N,N
KOOC-2915506-15,,,Pine Island Bog,"D. Olson, D. Mellum, and D. Haverkost on July 27, 1979","D. Olson, D. Mellum, and D. Haverkost","July 27, 1979",N,N
KOOC-2915506-16,,,Pine Island Bog,"D. Mellum, D. Olson, and D. Haverkost on July 27, 1979","D. Mellum, D. Olson, and D. Haverkost","July 27, 1979",N,N
KOOC-2915506-4,,,Pine Island Bog,"D. Olson, D. Mellum, and D. Haverkost on July 26, 1979","D. Olson, D. Mellum, and D. Haverkost","July 26, 1979",N,N
KOOC-2915506-5,,,Pine Island Bog,"D. Olson, D. Mellum, and D. Haverkost on July 26, 1979","D. Olson, D. Mellum, and D. Haverkost","July 26, 1979",N,N
KOOC-2915506-6,,,Pine Island Bog,"D. Olson, D. Mellum, and D. Haverkost on July 28, 1979","D. Olson, D. Mellum, and D. Haverkost","July 28, 1979",N,N
KOOC-2915516-151,,,,"D. Olson and R. Weber on July 21, 1977",D. Olson and R. Weber,"July 21, 1977",Y,N
KOOC-2915516-2,Proximate and ultimate samples collected near this site at a later date,,,"B. Leuelling and K. Hayner on October 16, 1978",B. Leuelling and K. Hayner,"October 16, 1978",Y,Y
KOOC-2915517-1,Proximate and ultimate samples collected near this site at a later date,,,"D. Mellum and K. Hayner on October 13, 1978",D. Mellum and K. Hayner,"October 13, 1978",Y,Y
KOOC-2915520-4,Proximate and ultimate samples collected near this site at a later date,,,"B. Leuelling and K. Hayner on October 17, 1978",B. Leuelling and K. Hayner,"October 17, 1978",Y,Y
KOOC-2915521-142,,,,"B. Weber on August 1, 1977",B. Weber,"August 1, 1977",Y,N
KOOC-2915521-147,,,,"T. Malterer on July 20, 1977",T. Malterer,"July 20, 1977",Y,N
KOOC-2915521-148,Proximate and ultimate samples analyzed by Lerch Brothers Inc.,,,"D. Olson on July 20, 1977",D. Olson,"July 20, 1977",Y,Y
KOOC-2915521-3,,,,"B. Weber on August 1, 1977",B. Weber,"August 1, 1977",Y,N
KOOC-2915521-31,Proximate and ultimate samples collected near this site at a later date,,,"B. Leuelling and K. Hayner on October 17, 1978",B. Leuelling and K. Hayner,"October 17, 1978",Y,Y
KOOC-2915521-5,Proximate and ultimate samples collected near this site at a later date,,,"B. Leuelling and K. Hayner on October 16, 1978",B. Leuelling and K. Hayner,"October 16, 1978",Y,Y
KOOC-2915521-51,Proximate and ultimate samples analyzed by Lerch Brothers Inc.,,,"T. Malterer on July 19, 1977",T. Malterer,"July 19, 1977",Y,Y
KOOC-2915521-52,,,,"D. Olson on July 19, 1977",D. Olson,"July 19, 1977",Y,N
KOOC-2915521-53,Proximate and ultimate samples analyzed by Lerch Brothers Inc.,,,"D. Olson on July 19, 1977",D. Olson,"July 19, 1977",Y,Y
KOOC-2915521-54,,,,"D. Olson on July 20, 1977",D. Olson,"July 20, 1977",Y,N
KOOC-2915521-6,,,,"D. Olson and R. Weber on July 21, 1977",D. Olson and R. Weber,"July 21, 1977",Y,N
KOOC-2915521-7,,,,"D. Olson and R. Weber on July 21, 1977",D. Olson and R. Weber,"July 21, 1977",Y,N
KOOC-2915528-1,,,,"D. Olson on August 1, 1977",D. Olson,"August 1, 1977",Y,N
KOOC-2915528-140,,,,"D. Olson on August 1, 1977",D. Olson,"August 1, 1977",Y,N
KOOC-2915533-15,,,,"R. Zarth, M. Domeier, and T. Malterer on August 3, 1976","R. Zarth, M. Domeier, and T. Malterer","August 3, 1976",N,N
KOOC-2915533-16,,,,"R. Zarth, M. Domeier, and T. Malterer on August 3, 1976","R. Zarth, M. Domeier, and T. Malterer","August 3, 1976",N,N
KOOC-2915534-17,Lab analysis by Farnham 1976,,,"T. Malterer on October 27, 1976",T. Malterer,"October 27, 1976",Y,N
KOOC-2915534-18,,,,"R. Zarth, M. Domeier, and T. Malterer on August 3, 1976","R. Zarth, M. Domeier, and T. Malterer","August 3, 1976",N,N
KOOC-2915534-19,Lab analysis by Farnham 1976,,,"T. Malterer on October 25, 1976",T. Malterer,"October 25, 1976",Y,N
KOOC-2915534-20,,,,"R. Zarth, M. Domeier, and T. Malterer on August 3, 1976","R. Zarth, M. Domeier, and T. Malterer","August 3, 1976",N,N
KOOC-2915534-21,Lab analysis by Farnham 1976,,,"T. Malterer on October 27, 1976",T. Malterer,"October 27, 1976",Y,N
KOOC-2915535-22,,,,"T. Malterer on October 27, 1976",T. Malterer,"October 27, 1976",Y,N
KOOC-2915535-23,,,,"R. Zarth, M. Domeier, and T. Malterer on August 3, 1976","R. Zarth, M. Domeier, and T. Malterer","August 3, 1976",N,N
KOOC-2915535-24,,,,"T. Malterer, R. Zarth, and M. Domeier on August 3, 1976","T. Malterer, R. Zarth, and M. Domeier","August 3, 1976",N,N
KOOC-2915535-25,Lab analysis by Farnham 1976,,,"T. Malterer on October 27, 1976",T. Malterer,"October 27, 1976",Y,N
KOOC-2915535-26,,,,"R. Zarth, M. Domeier, and T. Malterer on August 3, 1976","R. Zarth, M. Domeier, and T. Malterer","August 3, 1976",N,N
KOOC-2915535-27,Lab analysis by Farnham 1976; moisture dry wt. measured at saturation,,,"T. Malterer on October 25, 1976",T. Malterer,"October 25, 1976",Y,N
KOOC-2915535-28,Lab analysis by Farnham 1976; moisture dry wt. measured at saturation,,,"T. Malterer on October 27, 1976",T. Malterer,"October 27, 1976",Y,N
KOOC-2915605-24,,,,"D. Olson and D. Haverkost on August 1, 1979",D. Olson and D. Haverkost,"August 1, 1979",N,N
KOOC-2915606-26,,,,"D. Olson and D. Haverkost on August 1, 1979",D. Olson and D. Haverkost,"August 1, 1979",N,N
KOOC-2915607-13,,,,"T. Malterer and D. Mellum on August 1, 1979",T. Malterer and D. Mellum,"August 1, 1979",N,N
KOOC-2915608-14,,,,"D. Olson and D. Haverkost on August 1, 1979",D. Olson and D. Haverkost,"August 1, 1979",N,N
KOOC-2915608-15,,,,"T. Malterer and D. Mellum on August 1, 1979",T. Malterer and D. Mellum,"August 1, 1979",N,N
KOOC-2915609-16,,,,"D. Olson and D. Haverkost on August 1, 1979",D. Olson and D. Haverkost,"August 1, 1979",N,N
KOOC-2915610-17,,,,"D. Mellum and T. Malterer on August 1, 1979",D. Mellum and T. Malterer,"August 1, 1979",N,N
KOOC-2915610-18,,,,"D. Olson and D. Haverkost on August 1, 1979",D. Olson and D. Haverkost,"August 1, 1979",N,N
KOOC-2915610-19,,,,"T. Malterer and D. Mellum on August 1, 1979",T. Malterer and D. Mellum,"August 1, 1979",N,N
KOOC-2915611-21,,,,"D. Mellum and T. Malterer on August 1, 1979",D. Mellum and T. Malterer,"August 1, 1979",N,N
KOOC-2915612-22,,,,"D. Olson and D. Haverkost on August 1, 1979",D. Olson and D. Haverkost,"August 1, 1979",N,N
KOOC-2915614-20,,,,"D. Olson and D. Haverkost on August 1, 1979",D. Olson and D. Haverkost,"August 1, 1979",N,N
KOOC-2915623-60,,,,"T. Malterer and D. Mellum on August 2, 1979",T. Malterer and D. Mellum,"August 2, 1979",N,N
KOOC-2915625-124,,,,"D. Mellum and D. Haverkost on September 2, 1979",D. Mellum and D. Haverkost,"September 2, 1979",N,N
KOOC-2915627-59,,,,"D. Olson and D. Haverkost on August 2, 1979",D. Olson and D. Haverkost,"August 2, 1979",N,N
KOOC-2915632-17,,,,"D. Olson, D. Mellum, and D. Haverkost on July 27, 1979","D. Olson, D. Mellum, and D. Haverkost","July 27, 1979",N,N
KOOC-2915632-18,,,Pine Island Bog,"D. Olson, D. Mellum and D. Haverkost on July 27, 1979","D. Olson, D. Mellum and D. Haverkost","July 27, 1979",Y,N
KOOC-2915707-47,,,,"D. Mellum and T. Malterer on August 2, 1979",D. Mellum and T. Malterer,"August 2, 1979",N,N
KOOC-2915710-54,,,,"D. Olson and D. Haverkost on August 2, 1979",D. Olson and D. Haverkost,"August 2, 1979",N,N
KOOC-2915712-55,,,,"T. Malterer and D. Mellum on August 2, 1979",T. Malterer and D. Mellum,"August 2, 1979",N,N
KOOC-2915716-53,,,,"T. Malterer and D. Mellum on August 2, 1979",T. Malterer and D. Mellum,"August 2, 1979",N,N
KOOC-2915717-48,,,,"D. Olson and D. Haverkost on August 2, 1979",D. Olson and D. Haverkost,"August 2, 1979",N,N
KOOC-2915723-270,,,,"D. Olson and D. Haverkost on November 13, 1979",D. Olson and D. Haverkost,"November 13, 1979",N,N
KOOC-2915723-271,,,,"D. Mellum on November 13, 1979",D. Mellum,"November 13, 1979",N,N
KOOC-2915724-56,,,,"T. Malterer and D. Mellum on August 2, 1979",T. Malterer and D. Mellum,"August 2, 1979",N,N
KOOC-2915728-272,,,,"D. Olson and D. Haverkost on November 13, 1979",D. Olson and D. Haverkost,"November 13, 1979",N,N
KOOC-2915733-27,,,,"D. Mellum and T. Malterer on August 1, 1979",D. Mellum and T. Malterer,"August 1, 1979",N,N
KOOC-2915734-273,,,,"D. Mellum and R. Graber on November 13, 1979",D. Mellum and R. Graber,"November 13, 1979",N,N
KOOC-2915735-25,,,,"D. Mellum on August 1, 1979",D. Mellum,"August 1, 1979",N,N
KOOC-2915736-58,,,,"D. Mellum and T. Malterer on August 2, 1979",D. Mellum and T. Malterer,"August 2, 1979",N,N
KOOC-2915801-196,,,,"D. Olson and N. Aaseng on October 29, 1979",D. Olson and N. Aaseng,"October 29, 1979",N,N
KOOC-2915802-197,,,,"D. Olson and N. Aaseng on October 30, 1979",D. Olson and N. Aaseng,"October 30, 1979",N,N
KOOC-2915805-179,,,,"D. Olson and N. Aaseng on October 29, 1979",D. Olson and N. Aaseng,"October 29, 1979",N,N
KOOC-2915806-116,,,,"D. Olson and D. Haverkost on September 19, 1979",D. Olson and D. Haverkost,"September 19, 1979",N,N
KOOC-2915806-117,,,,"D. Olson and D. Haverkost on September 19, 1979",D. Olson and D. Haverkost,"September 19, 1979",N,N
KOOC-2915807-114,,,,"D. Mellum and D. Haverkost on September 18, 1979",D. Mellum and D. Haverkost,"September 18, 1979",N,N
KOOC-2915807-115,,,,"D. Haverkost and D. Mellum on September 18, 1979",D. Haverkost and D. Mellum,"September 18, 1979",N,N
KOOC-2915807-182,,,,"D. Mellum and D. Haverkost on October 29, 1979",D. Mellum and D. Haverkost,"October 29, 1979",N,N
KOOC-2915808-183,,,,"D. Olson and N. Aaseng on October 29, 1979",D. Olson and N. Aaseng,"October 29, 1979",N,N
KOOC-2915808-184,,,,"D. Mellum and D. Haverkost on October 29, 1979",D. Mellum and D. Haverkost,"October 29, 1979",N,N
KOOC-2915809-188,,,,"D. Olson and N. Aaseng on October 29, 1979",D. Olson and N. Aaseng,"October 29, 1979",N,N
KOOC-2915811-189,,,,"D. Mellum and D. Haverkost on October 29, 1979",D. Mellum and D. Haverkost,"October 29, 1979",N,N
KOOC-2915812-191,,,,"D. Mellum and D. Haverkost on October 29, 1979",D. Mellum and D. Haverkost,"October 29, 1979",N,N
KOOC-2915813-190,,,,"D. Olson and N. Aaseng on October 29, 1979",D. Olson and N. Aaseng,"October 29, 1979",N,N
KOOC-2915820-119,,,,"D. Haverkost and D. Mellum on September 19, 1979",D. Haverkost and D. Mellum,"September 19, 1979",N,N
KOOC-2915821-185,,,,"D. Olson and N. Aaseng on October 29, 1979",D. Olson and N. Aaseng,"October 29, 1979",N,N
KOOC-2915831-50,,,,"D. Olson and D. Haverkost on August 2, 1979",D. Olson and D. Haverkost,"August 2, 1979",N,N
KOOC-2915831-51,,,,"T. Malterer and D. Mellum on August 2, 1979",T. Malterer and D. Mellum,"August 2, 1979",N,N
KOOC-2915901-212,,,,"D. Olson and N. Aaseng on October 30, 1979",D. Olson and N. Aaseng,"October 30, 1979",N,N
KOOC-2915901-236,,,,"D. Mellum and N. Aaseng on November 1, 1979",D. Mellum and N. Aaseng,"November 1, 1979",N,N
KOOC-2915902-215,,,,"D. Mellum and D. Haverkost on October 30, 1979",D. Mellum and D. Haverkost,"October 30, 1979",N,N
KOOC-2915905-172,,,,"D. Mellum and D. Haverkost on October 29, 1979",D. Mellum and D. Haverkost,"October 29, 1979",N,N
KOOC-2915905-R-1,"Non-horticultural quality peat; hit stumps at 50cm, 70cm, and 90cm",,,"M. Oberhelman and D. Riihiluoma on July 28, 1988",M. Oberhelman and D. Riihiluoma,"July 28, 1988",N,N
KOOC-2915905-R-2,Non-horticultural quality peat; hit stump at 105cm,,,"M. Oberhelman and D. Riihiluoma on July 28, 1988",M. Oberhelman and D. Riihiluoma,"July 28, 1988",N,N
KOOC-2915905-R-3,Non-horticultural quality peat,,,"M. Oberhelman and D. Riihiluoma on July 28, 1988",M. Oberhelman and D. Riihiluoma,"July 28, 1988",N,N
KOOC-2915907-174,,,,"D. Mellum and D. Haverkost on October 29, 1979",D. Mellum and D. Haverkost,"October 29, 1979",N,N
KOOC-2915907-R-7,Non-horticultural quality peat,,,"M. Oberhelman and D. Riihiluoma on July 28, 1988",M. Oberhelman and D. Riihiluoma,"July 28, 1988",N,N
KOOC-2915908-173,,,,"D. Olson and N. Aaseng on October 29, 1979",D. Olson and N. Aaseng,"October 29, 1979",N,N
KOOC-2915908-175,,,,"D. Olson and N. Aaseng on October 29, 1979",D. Olson and N. Aaseng,"October 29, 1979",N,N
KOOC-2915908-R-4,Non- to poor quality horticultural peat,,,"M. Oberhelman and D. Riihiluoma on July 28, 1988",M. Oberhelman and D. Riihiluoma,"July 28, 1988",N,N
KOOC-2915908-R-5,Poor to non-horticultural quality peat,,,"M. Oberhelman and D. Riihiluoma on July 28, 1988",M. Oberhelman and D. Riihiluoma,"July 28, 1988",N,N
KOOC-2915908-R-6,Fair to good quality horticultural peat,,,"M. Oberhelman and D. Riihiluoma on July 28, 1988",M. Oberhelman and D. Riihiluoma,"July 28, 1988",N,N
KOOC-2915910-204,,,,"D. Mellum and D. Haverkost on October 30, 1979",D. Mellum and D. Haverkost,"October 30, 1979",N,N
KOOC-2915910-213,,,,"D. Mellum and D. Haverkost on October 30, 1979",D. Mellum and D. Haverkost,"October 30, 1979",N,N
KOOC-2915911-205,,,,"D. Olson and N. Aaseng on October 30, 1979",D. Olson and N. Aaseng,"October 30, 1979",N,N
KOOC-2915912-206,,,,"D. Mellum and D. Haverkost on October 30, 1979",D. Mellum and D. Haverkost,"October 30, 1979",N,N
KOOC-2915912-211,,,,"D. Mellum and D. Haverkost on October 30, 1979",D. Mellum and D. Haverkost,"October 30, 1979",N,N
KOOC-2915915-203,,,,"D. Olson and N. Aaseng on October 30, 1979",D. Olson and N. Aaseng,"October 30, 1979",N,N
KOOC-2915918-176,,,,"D. Mellum and D. Haverkost on October 29, 1979",D. Mellum and D. Haverkost,"October 29, 1979",N,N
KOOC-2915920-177,,,,"N. Aaseng and D. Olson on October 29, 1979",N. Aaseng and D. Olson,"October 29, 1979",N,N
KOOC-2915922-200,,,,"D. Mellum and D. Haverkost on October 30, 1979",D. Mellum and D. Haverkost,"October 30, 1979",N,N
KOOC-2915923-202,,,,"D. Mellum and D. Haverkost on October 30, 1979",D. Mellum and D. Haverkost,"October 30, 1979",N,N
KOOC-2915924-201,,,,"D. Olson and N. Aaseng on October 30, 1979",D. Olson and N. Aaseng,"October 30, 1979",N,N
KOOC-2915924-207,,,,"D. Olson and N. Aaseng on October 30, 1979",D. Olson and N. Aaseng,"October 30, 1979",N,N
KOOC-2915925-199,,,,"D. Olson and N. Aaseng on October 30, 1979",D. Olson and N. Aaseng,"October 30, 1979",N,N
KOOC-2915932-178,,,,"D. Mellum and D. Haverkost on October 29, 1979",D. Mellum and D. Haverkost,"October 29, 1979",N,N
KOOC-2915934-198,,,,"D. Mellum and D. Haverkost on October 30, 1979",D. Mellum and D. Haverkost,"October 30, 1979",N,N
KOOC-2916009-225,,,,"D. Olson and N. Aaseng on October 30, 1979",D. Olson and N. Aaseng,"October 30, 1979",N,N
KOOC-2916013-232,,,,"D. Mellum and D. Haverkost on October 30, 1979",D. Mellum and D. Haverkost,"October 30, 1979",N,N
KOOC-2916014-226,,,,"D. Mellum and D. Haverkost on October 30, 1979",D. Mellum and D. Haverkost,"October 30, 1979",N,N
KOOC-2916015-223,,,,"D. Mellum and D. Haverkost on October 30, 1979",D. Mellum and D. Haverkost,"October 30, 1979",N,N
KOOC-2916016-224,,,,"D. Olson and N. Aaseng on October 30, 1979",D. Olson and N. Aaseng,"October 30, 1979",N,N
KOOC-2916021-220,,,,"D. Olson and N. Aaseng on October 30, 1979",D. Olson and N. Aaseng,"October 30, 1979",N,N
KOOC-2916022-221,,,,"D. Mellum and D. Haverkost on October 30, 1979",D. Mellum and D. Haverkost,"October 30, 1979",N,N
KOOC-2916022-222,,,,"D. Olson and N. Aaseng on October 30, 1979",D. Olson and N. Aaseng,"October 30, 1979",N,N
KOOC-2916023-227,,,,"D. Olson and N. Aaseng on October 30, 1979",D. Olson and N. Aaseng,"October 30, 1979",N,N
KOOC-2916025-231,,,,"D. Olson and N. Aaseng on October 30, 1979",D. Olson and N. Aaseng,"October 30, 1979",N,N
KOOC-2916026-219,,,,"D. Mellum and D. Haverkost on October 30, 1979",D. Mellum and D. Haverkost,"October 30, 1979",N,N
KOOC-2916026-228,,,,"D. Mellum and D. Haverkost on October 30, 1979",D. Mellum and D. Haverkost,"October 30, 1979",N,N
KOOC-2916027-218,,,,"D. Olson and N. Aaseng on October 30, 1979",D. Olson and N. Aaseng,"October 30, 1979",N,N
KOOC-2916030-22,,,,"D. Olson, H. Hobbs, and C. Cameron on August 31, 1978","D. Olson, H. Hobbs, and C. Cameron","August 31, 1978",N,N
KOOC-2916032-170,,,,"D. Haverkost and D. Mellum on October 29, 1979",D. Haverkost and D. Mellum,"October 29, 1979",N,N
KOOC-2916032-171,,,,"D. Olson and N. Aaseng on October 29, 1979",D. Olson and N. Aaseng,"October 29, 1979",N,N
KOOC-2916034-214,,,,"D. Olson and N. Aaseng on October 30, 1979",D. Olson and N. Aaseng,"October 30, 1979",N,N
KOOC-2916035-216,,,,"D. Olson and N. Aaseng on October 30, 1979",D. Olson and N. Aaseng,"October 30, 1979",N,N
KOOC-2916035-217,,,,"D. Mellum and D. Haverkost on October 30, 1979",D. Mellum and D. Haverkost,"October 30, 1979",N,N
KOOC-2916036-229,,,,"D. Olson and N. Aaseng on October 30, 1979",D. Olson and N. Aaseng,"October 30, 1979",N,N
LAKE-0805920-1,,,,"L. Severson and H. Mooers on June 16, 1982",L. Severson and H. Mooers,"June 16, 1982",N,N
LAKE-0805920-2,,,,"L. Severson and H. Mooers on June 16, 1982",L. Severson and H. Mooers,"June 16, 1982",N,N
LAKE-0805930-3,,,,"L. Severson and H. Mooers on June 16, 1982",L. Severson and H. Mooers,"June 16, 1982",N,N
LAKE-0905802-7,,,,"L. Severson and H. Mooers on June 16, 1982",L. Severson and H. Mooers,"June 16, 1982",N,N
LAKE-0905810-8,,,,"L. Severson and H. Mooers on June 16, 1982",L. Severson and H. Mooers,"June 16, 1982",N,N
LAKE-0905810-9,,,,"L. Severson and H. Mooers on June 16, 1982",L. Severson and H. Mooers,"June 16, 1982",N,N
LAKE-0905815-10,,,,"L. Severson and H. Mooers on June 16, 1982",L. Severson and H. Mooers,"June 16, 1982",N,N
LAKE-0905819-14,,,,"H. Mooers and L. Severson on June 16, 1982",H. Mooers and L. Severson,"June 16, 1982",N,N
LAKE-0905821-11,,,,"H. Mooers and L. Severson on June 16, 1982",H. Mooers and L. Severson,"June 16, 1982",N,N
LAKE-0905828-12,,,,"L. Severson and H. Mooers on June 16, 1982",L. Severson and H. Mooers,"June 16, 1982",N,N
LAKE-0905829-13,,,,"L. Severson and H. Mooers on June 16, 1982",L. Severson and H. Mooers,"June 16, 1982",N,N
LAKE-0905925-4,,,,"H. Mooers and L. Severson on June 16, 1982",H. Mooers and L. Severson,"June 16, 1982",N,N
LAKE-0905934-6,,,,"H. Mooers and L. Severson on June 16, 1982",H. Mooers and L. Severson,"June 16, 1982",N,N
LAKE-0905935-5,,,,"L. Severson and H. Mooers on June 16, 1982",L. Severson and H. Mooers,"June 16, 1982",N,N
LAKE-1005802-23,,,,"L. Severson and H. Mooers on June 16, 1982",L. Severson and H. Mooers,"June 16, 1982",N,N
LAKE-1005817-22,,,,"L. Severson and H. Mooers on June 16, 1982",L. Severson and H. Mooers,"June 16, 1982",N,N
LAKE-1005825-15,,,,"H. Mooers and L. Severson on June 16, 1982",H. Mooers and L. Severson,"June 16, 1982",N,N
LAKE-1005829-17,Site near edge of lake,,,"L. Severson and H. Mooers on June 16, 1982",L. Severson and H. Mooers,"June 16, 1982",N,N
LAKE-1005832-18,,,,"L. Severson and H. Mooers on June 16, 1982",L. Severson and H. Mooers,"June 16, 1982",N,N
LAKE-1005835-16,,,,"L. Severson and H. Mooers on June 16, 1982",L. Severson and H. Mooers,"June 16, 1982",N,N
LAKE-1005915-24,,,,"L. Severson and H. Mooers on June 17, 1982",L. Severson and H. Mooers,"June 17, 1982",N,N
LAKE-1105707-58,,,,"H. Mooers and L. Severson on June 21, 1982",H. Mooers and L. Severson,"June 21, 1982",N,N
LAKE-1105805-44,,,,"L. Severson and H. Mooers on June 17, 1982",L. Severson and H. Mooers,"June 17, 1982",N,N
LAKE-1105806-53,,,,"H. Mooers and L. Severson on June 18, 1982",H. Mooers and L. Severson,"June 18, 1982",N,N
LAKE-1105806-57,,,,"L. Severson and H. Mooers on June 18, 1982",L. Severson and H. Mooers,"June 18, 1982",N,N
LAKE-1105807-54,,,,"L. Severson and H. Mooers on June 18, 1982",L. Severson and H. Mooers,"June 18, 1982",N,N
LAKE-1105809-45,,,,"L. Severson and H. Mooers on June 17, 1982",L. Severson and H. Mooers,"June 17, 1982",N,N
LAKE-1105813-21,,,,"H. Mooers and L. Severson on June 16, 1982",H. Mooers and L. Severson,"June 16, 1982",N,N
LAKE-1105814-20,,,,"H. Mooers and L. Severson on June 16, 1982",H. Mooers and L. Severson,"June 16, 1982",N,N
LAKE-1105816-46,,,,"L. Severson and H. Mooers on June 17, 1982",L. Severson and H. Mooers,"June 17, 1982",N,N
LAKE-1105819-55,,,,"H. Mooers and L. Severson on June 18, 1982",H. Mooers and L. Severson,"June 18, 1982",N,N
LAKE-1105836-19,,,,"L. Severson and H. Mooers on June 16, 1982",L. Severson and H. Mooers,"June 16, 1982",N,N
LAKE-1105910-25,,,,"H. Mooers and L. Severson on June 17, 1982",H. Mooers and L. Severson,"June 17, 1982",N,N
LAKE-1105913-29,,,,"L. Severson and H. Mooers on June 17, 1982",L. Severson and H. Mooers,"June 17, 1982",N,N
LAKE-1105913-30,,,,"L. Severson and H. Mooers on June 17, 1982",L. Severson and H. Mooers,"June 17, 1982",N,N
LAKE-1105914-31,"15 feet from original peat profile, depth of peat was 3.5 feet shallower (0-2 ft. H2 M, 2-3 ft. H4 M, 3 ft. bedrock)",,,"H. Mooers and L. Severson on June 17, 1982",H. Mooers and L. Severson,"June 17, 1982",N,N
LAKE-1105914-32,,,,"L. Severson and H. Mooers on June 17, 1982",L. Severson and H. Mooers,"June 17, 1982",N,N
LAKE-1105915-26,,,,"L. Severson and H. Mooers on June 17, 1982",L. Severson and H. Mooers,"June 17, 1982",N,N
LAKE-1105915-27,2 feet away from this site the total depth was only 3 feet (90cm) and bottom was bedrock,,,"L. Severson and H. Mooers on June 17, 1982",L. Severson and H. Mooers,"June 17, 1982",N,N
LAKE-1105915-28,"Very irregular bottom - within 30 feet from site, depth varies between 180-270cm",,,"L. Severson and H. Mooers on June 17, 1982",L. Severson and H. Mooers,"June 17, 1982",N,N
LAKE-1105917-47,,,,"L. Severson and H. Mooers on June 18, 1982",L. Severson and H. Mooers,"June 18, 1982",N,N
LAKE-1105918-48,,,,"H. Mooers and L. Severson on June 18, 1982",H. Mooers and L. Severson,"June 18, 1982",N,N
LAKE-1105919-49,,,,"H. Mooers and L. Severson on June 18, 1982",H. Mooers and L. Severson,"June 18, 1982",N,N
LAKE-1105921-36,,,,"L. Severson and H. Mooers on June 17, 1982",L. Severson and H. Mooers,"June 17, 1982",N,N
LAKE-1105922-33,,,,"L. Severson and H. Mooers on June 17, 1982",L. Severson and H. Mooers,"June 17, 1982",N,N
LAKE-1105922-34,,,,"H. Mooers and L. Severson on June 17, 1982",H. Mooers and L. Severson,"June 17, 1982",N,N
LAKE-1105927-35,,,,"H. Mooers and L. Severson on June 17, 1982",H. Mooers and L. Severson,"June 17, 1982",N,N
LAKE-1105927-42,,,,"L. Severson and H. Mooers on June 17, 1982",L. Severson and H. Mooers,"June 17, 1982",N,N
LAKE-1105930-51,,,,"H. Mooers and L. Severson on June 18, 1982",H. Mooers and L. Severson,"June 18, 1982",N,N
LAKE-1105931-52,,,,"L. Severson and H. Mooers on June 18, 1982",L. Severson and H. Mooers,"June 18, 1982",N,N
LAKE-1105933-37,,,,"L. Severson and H. Mooers on June 17, 1982",L. Severson and H. Mooers,"June 17, 1982",N,N
LAKE-1105933-38,,,,"L. Severson and H. Mooers on June 17, 1982",L. Severson and H. Mooers,"June 17, 1982",N,N
LAKE-1105933-43,,,,"H. Mooers and L. Severson on June 17, 1982",H. Mooers and L. Severson,"June 17, 1982",N,N
LAKE-1105934-40,,,,"H. Mooers and L. Severson on June 17, 1982",H. Mooers and L. Severson,"June 17, 1982",N,N
LAKE-1105934-41,,,,"H. Mooers and L. Severson on June 17, 1982",H. Mooers and L. Severson,"June 17, 1982",N,N
LAKE-1105935-39,,,,"L. Severson and H. Mooers on June 17, 1982",L. Severson and H. Mooers,"June 17, 1982",N,N
LOTW-3015701-231,,,,"T. Malterer and D. Mellem on August 2, 1979",T. Malterer and D. Mellem,"August 2, 1979",N,N
LOTW-3015704-229,,,,"T. Malterer and D. Mellem on August 2, 1979",T. Malterer and D. Mellem,"August 2, 1979",N,N
LOTW-3015704-838,,,,"S. Nelson on August 27, 1981",S. Nelson,"August 27, 1981",N,N
LOTW-3015704-839,,,,"S. Nelson on August 27, 1981",S. Nelson,"August 27, 1981",N,N
LOTW-3015704-840,,,,"S. Nelson on August 27, 1981",S. Nelson,"August 27, 1981",N,N
LOTW-3015711-230,,,,"D. Olson and D. Haverkost on August 2, 1979",D. Olson and D. Haverkost,"August 2, 1979",N,N
LOTW-3015715-226,,,,"D. Olson and D. Haverkost on August 2, 1979",D. Olson and D. Haverkost,"August 2, 1979",N,N
LOTW-3015716-227,,,,"T. Malterer and D. Mellem on August 2, 1979",T. Malterer and D. Mellem,"August 2, 1979",N,N
LOTW-3015718-228,,,,"D. Olson and D. Haverkost on August 2, 1979",D. Olson and D. Haverkost,"August 2, 1979",N,N
LOTW-3015718-313-B,,,,"H. Mooers and L. Severson on November 19, 1980",H. Mooers and L. Severson,"November 19, 1980",N,N
LOTW-3015719-236,,,,"D. Mellem and D. Olson on September 18, 1979",D. Mellem and D. Olson,"September 18, 1979",N,N
LOTW-3015722-224,,,,"D. Olson and D. Haverkost on August 2, 1979",D. Olson and D. Haverkost,"August 2, 1979",N,N
LOTW-3015722-225,,,,"T. Malterer and D. Mellem on August 2, 1979",T. Malterer and D. Mellem,"August 2, 1979",N,N
LOTW-3015726-223,,,,"D. Mellem and T. Malterer on August 2, 1979",D. Mellem and T. Malterer,"August 2, 1979",N,N
LOTW-3015728-811,,,,"D. Riihiluoma and H. Mooers on March 23, 1982",D. Riihiluoma and H. Mooers,"March 23, 1982",N,N
LOTW-3015730-807,,,,"D. Riihiluoma and H. Mooers on March 22, 1982",D. Riihiluoma and H. Mooers,"March 22, 1982",N,N
LOTW-3015735-222,,,,"D. Olson and D. Haverkost on August 1, 1979",D. Olson and D. Haverkost,"August 1, 1979",N,N
LOTW-3015735-232,,,,"D. Mellem and T. Malterer on August 1, 1979",D. Mellem and T. Malterer,"August 1, 1979",N,N
LOTW-3015735-233,,,,"D. Olson and D. Haverkost on August 2, 1979",D. Olson and D. Haverkost,"August 2, 1979",N,N
LOTW-3015801-240,,,,"D. Mellem and D. Haverkost on October 29, 1979",D. Mellem and D. Haverkost,"October 29, 1979",N,N
LOTW-3015806-1,,,,"H. Hobbs, C. Cameron and D. Mellem on September 6, 1978","H. Hobbs, C. Cameron and D. Mellem","September 6, 1978",Y,N
LOTW-3015807-2,,,,"D. Olson and D. Mellem on September 6, 1978",D. Olson and D. Mellem,"September 6, 1978",N,N
LOTW-3015807-3,,,,"D. Olson and D. Mellem on September 6, 1978",D. Olson and D. Mellem,"September 6, 1978",N,N
LOTW-3015807-4,,,,"T. Malterer, C. Cameron, H. Hobbs, B. Leuelling and D. Olson on September 6, 1978","T. Malterer, C. Cameron, H. Hobbs, B. Leuelling and D. Olson","September 6, 1978",Y,N
LOTW-3015807-5,,,,"D. Olson, B. Leuelling and B. Balen on September 6, 1978","D. Olson, B. Leuelling and B. Balen","September 6, 1978",Y,N
LOTW-3015807-6,,,,"B. Leuelling, D.Olson and B. Balen on September 6, 1978","B. Leuelling, D.Olson and B. Balen","September 6, 1978",Y,N
LOTW-3015807-7,,,,"D. Olson, B. Leuelling and B. Balen on September 6, 1978","D. Olson, B. Leuelling and B. Balen","September 6, 1978",N,N
LOTW-3015808-10,,,,"B. Leuelling, D. Olson and B. Balen on September 6, 1978","B. Leuelling, D. Olson and B. Balen","September 6, 1978",Y,N
LOTW-3015808-8,,,,"B. Leuelling, D. Olson and B. Balen on September 6, 1978","B. Leuelling, D. Olson and B. Balen","September 6, 1978",Y,N
LOTW-3015808-9,,,,"D. Olson and D. Mellem on September 6, 1978",D. Olson and D. Mellem,"September 6, 1978",N,N
LOTW-3015809-11,,,,"D. Olson and D. Mellem on September 6, 1978",D. Olson and D. Mellem,"September 6, 1978",N,N
LOTW-3015809-12,,,,"D. Olson and D. Mellem on September 6, 1978",D. Olson and D. Mellem,"September 6, 1978",N,N
LOTW-3015809-13,,,,"B. Leuelling, D. Olson and B. Balen on September 6, 1978","B. Leuelling, D. Olson and B. Balen","September 6, 1978",Y,N
LOTW-3015812-234,,,,"D. Mellem and D. Haverkost on September 18, 1979",D. Mellem and D. Haverkost,"September 18, 1979",N,N
LOTW-3015812-239,,,,"D. Olson on October 29, 1979",D. Olson,"October 29, 1979",N,N
LOTW-3015813-235,,,,"D.Olson and D. Haverkost on September 19, 1979",D.Olson and D. Haverkost,"September 19, 1979",N,N
LOTW-3015817-14,,,,"Described on September 6, 1978",Described,"September 6, 1978",N,N
LOTW-3015818-15,,,,"H.Hobbs, C. Cameron and D. Mellem on September 6, 1978","H.Hobbs, C. Cameron and D. Mellem","September 6, 1978",Y,N
LOTW-3015818-16,,,,"D. Olson and D. Mellem on September 6, 1978",D. Olson and D. Mellem,"September 6, 1978",N,N
LOTW-3015818-17,,,,"D. Olson and D. Mellem on September 6, 1978",D. Olson and D. Mellem,"September 6, 1978",N,N
LOTW-3015818-18,,,,"H. Hobbs, D. Mellem and C. Cameron on September 6, 1978","H. Hobbs, D. Mellem and C. Cameron","September 6, 1978",Y,N
LOTW-3015823-237,,,,"D. Mellem and D. Haverkost on October 29, 1979",D. Mellem and D. Haverkost,"October 29, 1979",N,N
LOTW-3015824-238,,,,"D. Mellem and D. Haverkost on October 29, 1979",D. Mellem and D. Haverkost,"October 29, 1979",N,N
LOTW-3015830-314,,,,"H. Mooers and L. Severson on November 9, 1980",H. Mooers and L. Severson,"November 9, 1980",N,N
LOTW-3015830-314-A,,,,"H. Mooers and L. Severson on November 19, 1980",H. Mooers and L. Severson,"November 19, 1980",N,N
LOTW-3015833-835,,,,"S. Nelson on August 27, 1981",S. Nelson,"August 27, 1981",N,N
LOTW-3015833-836,,,,"S. Nelson on August 27, 1981",S. Nelson,"August 27, 1981",N,N
LOTW-3015833-837,,,,"S. Nelson on August 27, 1981",S. Nelson,"August 27, 1981",N,N
LOTW-3015901-19,,,,"B. Leuelling and B. Balen on October 3, 1978",B. Leuelling and B. Balen,"October 3, 1978",Y,N
LOTW-3015901-20,,,,"D. Olson and D. Mellem on October 3, 1978",D. Olson and D. Mellem,"October 3, 1978",N,N
LOTW-3015901-21,,,,"D. Olson and D. Mellem on October 3, 1978",D. Olson and D. Mellem,"October 3, 1978",N,N
LOTW-3015902-22,,,,"D. Olson and D. Mellem on October 3, 1978",D. Olson and D. Mellem,"October 3, 1978",N,N
LOTW-3015902-23,,,,"B. Leuelling and B. Balen on October 3, 1978",B. Leuelling and B. Balen,"October 3, 1978",Y,N
LOTW-3015902-24,,,,"D. Olson and D. Mellem on October 3, 1978",D. Olson and D. Mellem,"October 3, 1978",N,N
LOTW-3015903-25,,,,"D. Olson and D. Mellem on August 31, 1978",D. Olson and D. Mellem,"August 31, 1978",N,N
LOTW-3015903-26,,,,"D. Olson and D. Mellem on August 31, 1978",D. Olson and D. Mellem,"August 31, 1978",N,N
LOTW-3015903-27,,,,"H. Hobbs, D. Olson and C. Cameron on August 31, 1978","H. Hobbs, D. Olson and C. Cameron","August 31, 1978",N,N
LOTW-3015903-28,,,,"H. Hobbs, D. Olson and C. Cameron on August 31, 1978","H. Hobbs, D. Olson and C. Cameron","August 31, 1978",Y,N
LOTW-3015903-29,,,,"H. Hobbs, D. Olson and C. Cameron on August 31, 1978","H. Hobbs, D. Olson and C. Cameron","August 31, 1978",N,N
LOTW-3015903-30,,,,"H. Hobbs, D. Olson and C. Cameron on August 31, 1978","H. Hobbs, D. Olson and C. Cameron","August 31, 1978",N,N
LOTW-3015905-31,,,,"B. Leuelling and K. Haynor on October 17, 1978",B. Leuelling and K. Haynor,"October 17, 1978",Y,N
LOTW-3015905-32,,,,"D. Olson and D. Mellem on October 17, 1978",D. Olson and D. Mellem,"October 17, 1978",N,N
LOTW-3015906-33,,,,"B. Leuelling and K. Haynor on October 17, 1978",B. Leuelling and K. Haynor,"October 17, 1978",Y,N
LOTW-3015906-34,,,,"D. Olson and D. Mellem on August 17, 1978",D. Olson and D. Mellem,"August 17, 1978",N,N
LOTW-3015906-35,,,,"D. Olson and D. Mellem on October 17, 1978",D. Olson and D. Mellem,"October 17, 1978",N,N
LOTW-3015906-36,,,,"Described on October 17, 1978",Described,"October 17, 1978",N,N
LOTW-3015908-37,,,,"D. Olson and D. Mellem on August 17, 1978",D. Olson and D. Mellem,"August 17, 1978",N,N
LOTW-3015908-38,,,,"D. Olson and D. Mellem on October 10, 1978",D. Olson and D. Mellem,"October 10, 1978",N,N
LOTW-3015910-39,,,,"D. Olson and D. Mellem on October 3, 1978",D. Olson and D. Mellem,"October 3, 1978",N,N
LOTW-3015910-40,,,,"D. Olson and D. Mellem on October 3, 1978",D. Olson and D. Mellem,"October 3, 1978",N,N
LOTW-3015910-41,,,,"H. Hobbs, D. Olson and C. Cameron on August 31, 1978","H. Hobbs, D. Olson and C. Cameron","August 31, 1978",N,N
LOTW-3015910-42,,,,"B. Leuelling and B. Balen on October 3, 1978",B. Leuelling and B. Balen,"October 3, 1978",Y,N
LOTW-3015911-43,,,,"D. Olson and D. Mellem on October 3, 1978",D. Olson and D. Mellem,"October 3, 1978",N,N
LOTW-3015911-44,,,,"B. Leuelling and B. Balen on October 3, 1978",B. Leuelling and B. Balen,"October 3, 1978",Y,N
LOTW-3015911-45,,,,"D. Olson and D. Mellem on October 3, 1978",D. Olson and D. Mellem,"October 3, 1978",N,N
LOTW-3015911-46,,,,"D. Olson and D. Mellem on November 1, 1978",D. Olson and D. Mellem,"November 1, 1978",N,N
LOTW-3015912-47,,,,"D. Olson and D. Mellem on October 3, 1978",D. Olson and D. Mellem,"October 3, 1978",N,N
LOTW-3015912-48,,,,"B. Leuelling and B. Balen on October 3, 1978",B. Leuelling and B. Balen,"October 3, 1978",Y,N
LOTW-3015914-49,,,,"B. Leuelling and K. Haynor on November 1, 1978",B. Leuelling and K. Haynor,"November 1, 1978",Y,N
LOTW-3015914-50,,,,"D. Olson and D. Mellem on November 1, 1978",D. Olson and D. Mellem,"November 1, 1978",N,N
LOTW-3015914-51,,,,"D. Olson and D. Mellem on November 1, 1978",D. Olson and D. Mellem,"November 1, 1978",N,N
LOTW-3015914-52,,,,"D. Olson and D. Mellem on November 1, 1978",D. Olson and D. Mellem,"November 1, 1978",N,N
LOTW-3015914-53,,,,"D. Olson and D. Mellem on November 1, 1978",D. Olson and D. Mellem,"November 1, 1978",N,N
LOTW-3015915-54,,,,"B. Leuelling and K. Haynor on November 1, 1978",B. Leuelling and K. Haynor,"November 1, 1978",Y,N
LOTW-3015915-55,,,,"D. Olson and D. Mellem on November 1, 1978",D. Olson and D. Mellem,"November 1, 1978",N,N
LOTW-3015918-56,,,,"B. Leuelling and K. Haynor on October 19, 1978",B. Leuelling and K. Haynor,"October 19, 1978",Y,N
LOTW-3015918-57,,,,"B. Leuelling and K. Haynor on October 19, 1978",B. Leuelling and K. Haynor,"October 19, 1978",Y,N
LOTW-3015918-58,,,,"D. Olson and D. Mellem on October 11, 1978",D. Olson and D. Mellem,"October 11, 1978",N,N
LOTW-3015918-59,,,,"D. Olson and D. Mellem on October 11, 1978",D. Olson and D. Mellem,"October 11, 1978",N,N
LOTW-3015918-60,,,,"B. Leuelling and K. Haynor on October 19, 1978",B. Leuelling and K. Haynor,"October 19, 1978",Y,N
LOTW-3015918-61,,,,"D. Olson and D. Mellem on October 11, 1978",D. Olson and D. Mellem,"October 11, 1978",N,N
LOTW-3015918-62,,,,"D. Olson and D. Mellem on October 11, 1978",D. Olson and D. Mellem,"October 11, 1978",N,N
LOTW-3015919-63,,,,"D. Olson and D. Mellem on October 11, 1978",D. Olson and D. Mellem,"October 11, 1978",N,N
LOTW-3015919-849,0-35cm - peat disturbed by tilling,0-60cm peat moisture dryer than normal,,"S. Nelson and C. Buttleman on September 28, 1983",S. Nelson and C. Buttleman,"September 28, 1983",Y,N
LOTW-3015919-850,"Peat disturbed by tilling, some clumps of H2 moss observed",0-100cm peat moisture dryer than normal,,"C. Buttleman and S. Nelson on September 28, 1983",C. Buttleman and S. Nelson,"September 28, 1983",Y,N
LOTW-3015919-851,Proximate analysis performed by Lerch Brothers Inc.,0-60cm peat moisture dryer than normal,,"S. Nelson and C. Buttleman on September 28, 1983",S. Nelson and C. Buttleman,"September 28, 1983",Y,Y
LOTW-3015919-852,Proximate analysis performed by Lerch Brothers Inc.,0-75cm peat moisture dryer than normal,,"C. Buttleman and S. Nelson on September 28, 1983",C. Buttleman and S. Nelson,"September 28, 1983",Y,Y
LOTW-3015919-853,Proximate analysis performed by Lerch Brothers Inc.,0-20cm peat moisture normal,,"S. Nelson and C. Buttleman on September 28, 1983",S. Nelson and C. Buttleman,"September 28, 1983",Y,Y
LOTW-3015920-64,,,,"B. Leuelling and D. Mellem on August 29, 1978",B. Leuelling and D. Mellem,"August 29, 1978",Y,N
LOTW-3015920-65,,,,"B. Leuelling and D. Mellem on August 29, 1978",B. Leuelling and D. Mellem,"August 29, 1978",Y,N
LOTW-3015920-66,,,,"B. Leuelling and D. Mellem on August 29, 1978",B. Leuelling and D. Mellem,"August 29, 1978",Y,N
LOTW-3015920-67,,,,"B. Leuelling and D. Mellem on August 29, 1978",B. Leuelling and D. Mellem,"August 29, 1978",Y,N
LOTW-3015920-68,,,,"B. Leuelling and D. Mellem on August 29, 1978",B. Leuelling and D. Mellem,"August 29, 1978",N,N
LOTW-3015920-69,,,,"B. Leuelling and D. Mellem on August 29, 1978",B. Leuelling and D. Mellem,"August 29, 1978",N,N
LOTW-3015925-70,,,,"D. Olson and D. Mellem on October 5, 1978",D. Olson and D. Mellem,"October 5, 1978",N,N
LOTW-3015925-71,,,,"B. Leuelling and K. Haynor on October 5, 1978",B. Leuelling and K. Haynor,"October 5, 1978",Y,N
LOTW-3015925-73,,,,"D. Olson and D. Mellem on October 10, 1978",D. Olson and D. Mellem,"October 10, 1978",N,N
LOTW-3015925-74,,,,"D. Olson and D. Mellem on October 4, 1978",D. Olson and D. Mellem,"October 4, 1978",N,N
LOTW-3015925-827,,,,"S. Nelson and D. Riihiluoma on January 12, 1983",S. Nelson and D. Riihiluoma,"January 12, 1983",N,N
LOTW-3015925-828,,,,"S. Nelson and D. Riihiluoma on January 12, 1983",S. Nelson and D. Riihiluoma,"January 12, 1983",N,N
LOTW-3015925-829,,,,"S. Nelson and D. Riihiluoma on January 12, 1983",S. Nelson and D. Riihiluoma,"January 12, 1983",N,N
LOTW-3015925-830,,,,"S. Nelson and D. Riihiluoma on January 12, 1983",S. Nelson and D. Riihiluoma,"January 12, 1983",N,N
LOTW-3015925-831,,,,"S. Nelson and D. Riihiluoma on January 12, 1983",S. Nelson and D. Riihiluoma,"January 12, 1983",N,N
LOTW-3015925-832,,,,"S. Nelson and D. Riihiluoma on January 12, 1983",S. Nelson and D. Riihiluoma,"January 12, 1983",N,N
LOTW-3015926-72,,,,"D. Olson and D. Mellem on October 4, 1978",D. Olson and D. Mellem,"October 4, 1978",N,N
LOTW-3015926-75,,,,"B. Leuelling and B. Balen on October 4, 1978",B. Leuelling and B. Balen,"October 4, 1978",Y,N
LOTW-3015926-76,,,,"D. Olson and D. Mellem on October 4, 1978",D. Olson and D. Mellem,"October 4, 1978",N,N
LOTW-3015926-77,,,,"S. Nelson and D. Riihiluoma on January 12, 1983",S. Nelson and D. Riihiluoma,"January 12, 1983",N,N
LOTW-3015926-78,,,,"B. Leuelling and B. Balen on October 4, 1978",B. Leuelling and B. Balen,"October 4, 1978",Y,N
LOTW-3015926-79,,,,"D. Olson and D. Mellem on October 4, 1978",D. Olson and D. Mellem,"October 4, 1978",N,N
LOTW-3015926-822,,,,"D. Riihiluoma and S. Nelson on January 12, 1983",D. Riihiluoma and S. Nelson,"January 12, 1983",N,N
LOTW-3015926-823,,,,"D. Riihiluoma and S. Nelson on January 12, 1983",D. Riihiluoma and S. Nelson,"January 12, 1983",N,N
LOTW-3015926-834,,,,"S. Nelson and D. Riihiluoma on January 12, 1983",S. Nelson and D. Riihiluoma,"January 12, 1983",N,N
LOTW-3015927-80,,,,"D. Olson and D. Mellem on October 4, 1978",D. Olson and D. Mellem,"October 4, 1978",N,N
LOTW-3015927-824,,,,"D. Riihiluoma and S. Nelson on January 12, 1983",D. Riihiluoma and S. Nelson,"January 12, 1983",N,N
LOTW-3015934-81,,,,"B. Leuelling and B. Balen on October 4, 1978",B. Leuelling and B. Balen,"October 4, 1978",Y,N
LOTW-3015934-82,,,,"D. Olson and D. Mellem on October 4, 1978",D. Olson and D. Mellem,"October 4, 1978",N,N
LOTW-3015934-825,,,,"D. Riihiluoma and S. Nelson on January 12, 1983",D. Riihiluoma and S. Nelson,"January 12, 1983",N,N
LOTW-3015934-826,,,,"D. Riihiluoma and S. Nelson on January 12, 1983",D. Riihiluoma and S. Nelson,"January 12, 1983",N,N
LOTW-3015934-83,,,,"D. Olson and D. Mellem on October 4, 1978",D. Olson and D. Mellem,"October 4, 1978",N,N
LOTW-3015934-84,,,,"B. Leuelling and B. Balen on October 4, 1978",B. Leuelling and B. Balen,"October 4, 1978",Y,N
LOTW-3015934-86,,,,"D. Olson and D. Mellem on October 4, 1978",D. Olson and D. Mellem,"October 4, 1978",N,N
LOTW-3015935-833,,,,"S. Nelson and D. Riihiluoma on January 12, 1983",S. Nelson and D. Riihiluoma,"January 12, 1983",N,N
LOTW-3015935-85,,,,"D. Olson and D. Mellem on October 4, 1978",D. Olson and D. Mellem,"October 4, 1978",N,N
LOTW-3016013-283,,,,,,,N,N
LOTW-3016017-87,,,,"D. Olson and D. Mellem on November 2, 1978",D. Olson and D. Mellem,"November 2, 1978",N,N
LOTW-3016017-88,,,,"B. Leuelling and K. Haynor on November 2, 1978",B. Leuelling and K. Haynor,"November 2, 1978",Y,N
LOTW-3016017-89,,,,"D. Olson and D. Mellem on November 2, 1978",D. Olson and D. Mellem,"November 2, 1978",N,N
LOTW-3016025-90,,,,"H. Hobbs, D. Olson and C. Cameron on August 31, 1978","H. Hobbs, D. Olson and C. Cameron","August 31, 1978",N,N
LOTW-3016025-91,,,,"H. Hobbs, D. Olson and C. Cameron on August 30, 1978","H. Hobbs, D. Olson and C. Cameron","August 30, 1978",Y,N
LOTW-3016025-92,,,,"H. Hobbs, D. Olson and C. Cameron on August 31, 1978","H. Hobbs, D. Olson and C. Cameron","August 31, 1978",N,N
LOTW-3016026-93,,,,"T. Malterer, H. Hobbs and C. Cameron on August 29, 1978","T. Malterer, H. Hobbs and C. Cameron","August 29, 1978",N,N
LOTW-3016026-94,,,,"T. Malterer, H. Hobbs and C. Cameron on August 29, 1978","T. Malterer, H. Hobbs and C. Cameron","August 29, 1978",N,N
LOTW-3016026-95,,,,"H. Hobbs, D. Olson and C. Cameron on August 29, 1978","H. Hobbs, D. Olson and C. Cameron","August 29, 1978",Y,N
LOTW-3016026-96,,,,"H. Hobbs, T. Malterer and C. Cameron on August 29, 1978","H. Hobbs, T. Malterer and C. Cameron","August 29, 1978",N,N
LOTW-3016026-97,,,,"H. Hobbs, T. Malterer and C. Cameron on August 29, 1978","H. Hobbs, T. Malterer and C. Cameron","August 29, 1978",Y,N
LOTW-3016027-98,,,,"H. Hobbs, D. Olson and C. Cameron on August 30, 1978","H. Hobbs, D. Olson and C. Cameron","August 30, 1978",N,N
LOTW-3016027-99,,,,"H. Hobbs, D. Olson and C. Cameron on August 30, 1978","H. Hobbs, D. Olson and C. Cameron","August 30, 1978",Y,N
LOTW-3016028-112,,,,"B. Leuelling and B. Balen on September 7, 1978",B. Leuelling and B. Balen,"September 7, 1978",Y,N
LOTW-3016029-113,,,,"Described on September 7, 1978",Described,"September 7, 1978",N,N
LOTW-3016029-282,,,,,,,N,N
LOTW-3016030-114,,,,"B. Leuelling and B. Balen on September 7, 1978",B. Leuelling and B. Balen,"September 7, 1978",Y,N
LOTW-3016030-115,,,,"D. Olson and D. Mellem on September 7, 1978",D. Olson and D. Mellem,"September 7, 1978",N,N
LOTW-3016030-116,,,,"D. Olson and D. Mellem on September 7, 1978",D. Olson and D. Mellem,"September 7, 1978",N,N
LOTW-3016030-117,,,,"D. Olson and D. Mellem on September 7, 1978",D. Olson and D. Mellem,"September 7, 1978",N,N
LOTW-3016031-118,,,,"B. Leuelling and B. Balen on September 7, 1978",B. Leuelling and B. Balen,"September 7, 1978",Y,N
LOTW-3016031-119,,,,"D. Olson and D. Mellem on September 7, 1978",D. Olson and D. Mellem,"September 7, 1978",N,N
LOTW-3016031-120,,,,"B. Leuelling and B. Balen on September 7, 1978",B. Leuelling and B. Balen,"September 7, 1978",Y,N
LOTW-3016031-121,,,,"D. Olson and D. Mellem on September 7, 1978",D. Olson and D. Mellem,"September 7, 1978",N,N
LOTW-3016031-122,,,,"D. Olson and D. Mellem on September 7, 1978",D. Olson and D. Mellem,"September 7, 1978",N,N
LOTW-3016031-123,,,,"B. Leuelling and B. Balen on September, 7, 1978",B. Leuelling and B. Balen,"September, 7, 1978",Y,N
LOTW-3016031-124,,,,"D. Olson and D. Mellem on September 7, 1978",D. Olson and D. Mellem,"September 7, 1978",N,N
LOTW-3016031-125,,,,"B. Leuelling and B. Balen on September 7, 1978",B. Leuelling and B. Balen,"September 7, 1978",Y,N
LOTW-3016031-126,,,,"D. Olson and D. Mellem on September 7, 1978",D. Olson and D. Mellem,"September 7, 1978",N,N
LOTW-3016032-127,,,,"B. Leuelling and B. Balen on September 7, 1978",B. Leuelling and B. Balen,"September 7, 1978",Y,N
LOTW-3016032-128,,,,"D. Olson and D. Mellem on September 7, 1978",D. Olson and D. Mellem,"September 7, 1978",N,N
LOTW-3016032-129,,,,"B. Leuelling and B. Balen on September 7, 1978",B. Leuelling and B. Balen,"September 7, 1978",Y,N
LOTW-3016032-130,,,,"D. Olson and D. Mellem on September 7, 1978",D. Olson and D. Mellem,"September 7, 1978",N,N
LOTW-3016033-131,,,,"D. Olson and D. Mellem on September 7, 1978",D. Olson and D. Mellem,"September 7, 1978",N,N
LOTW-3016033-132,,,,"D. Olson and D. Mellem on September 7, 1978",D. Olson and D. Mellem,"September 7, 1978",N,N
LOTW-3016034-100,,,,"H. Hobbs, T. Malterer and C. Cameron on August 9, 1978","H. Hobbs, T. Malterer and C. Cameron","August 9, 1978",N,N
LOTW-3016034-101,,,,"H. Hobbs, T. Malterer and C. Cameron on August 29, 1978","H. Hobbs, T. Malterer and C. Cameron","August 29, 1978",Y,N
LOTW-3016034-102,,,,"H. Hobbs, T. Malterer and C. Cameron on August 29, 1978","H. Hobbs, T. Malterer and C. Cameron","August 29, 1978",N,N
LOTW-3016034-103,,,,"H. Hobbs, T. Malterer and C. Cameron on August 29, 1978","H. Hobbs, T. Malterer and C. Cameron","August 29, 1978",Y,N
LOTW-3016035-104,,,,"H. Hobbs, T. Malterer and C. Cameron on August 29, 1978","H. Hobbs, T. Malterer and C. Cameron","August 29, 1978",N,N
LOTW-3016035-105,,,,"T. Malterer, H. Hobbs and C. Cameron on August 29, 1978","T. Malterer, H. Hobbs and C. Cameron","August 29, 1978",Y,N
LOTW-3016035-106,,,,"T. Malterer, C. Cameron and H. Hobbs on August 29, 1978","T. Malterer, C. Cameron and H. Hobbs","August 29, 1978",Y,N
LOTW-3016035-284,,,,"T. Malterer, H. Hobbs and C. Cameron on August 29, 1978","T. Malterer, H. Hobbs and C. Cameron","August 29, 1978",N,N
LOTW-3016036-107,,,,"H. Hobbs, D. Olson and C. Cameron on August 30, 1978","H. Hobbs, D. Olson and C. Cameron","August 30, 1978",N,N
LOTW-3016036-108,,,,"D. Olson, H. Hobbs and C. Cameron on August 30, 1978","D. Olson, H. Hobbs and C. Cameron","August 30, 1978",Y,N
LOTW-3016036-109,,,,"H. Hobbs, D. Olson and C. Cameron on August 30, 1978","H. Hobbs, D. Olson and C. Cameron","August 30, 1978",N,N
LOTW-3016036-110,,,,"H. Hobbs, D. Olson and C. Cameron on August 30, 1978","H. Hobbs, D. Olson and C. Cameron","August 30, 1978",Y,N
LOTW-3016036-111,,,,"H. Hobbs, D. Olson and C. Cameron on August 31, 1978","H. Hobbs, D. Olson and C. Cameron","August 31, 1978",N,N
LOTW-3115719-417,,,,"D. Riihiluoma and S. Nelson on November 25, 1980",D. Riihiluoma and S. Nelson,"November 25, 1980",N,N
LOTW-3115725-313-A,,,,"L. Severson and H. Mooers on November 19, 1980",L. Severson and H. Mooers,"November 19, 1980",N,N
LOTW-3115726-408,,,,"S. Nelson and D. Riihiluoma on November 25, 1980",S. Nelson and D. Riihiluoma,"November 25, 1980",N,N
LOTW-3115727-409,,,,"D. Riihiluoma and S. Nelson on November 26, 1980",D. Riihiluoma and S. Nelson,"November 26, 1980",N,N
LOTW-3115730-416,,,,"D. Riihiluoma and S. Nelson on November 25, 1980",D. Riihiluoma and S. Nelson,"November 25, 1980",N,N
LOTW-3115736-313,,,,"H. Mooers and L. Severson on November 19, 1980",H. Mooers and L. Severson,"November 19, 1980",N,N
LOTW-3115812-133,,,,"B. Leuelling and D. Mooers on September 1, 1978",B. Leuelling and D. Mooers,"September 1, 1978",Y,N
LOTW-3115812-134,,,,"B. Leuelling, D. Mellem and B. Balen on September 5, 1978","B. Leuelling, D. Mellem and B. Balen","September 5, 1978",Y,N
LOTW-3115812-136,,,,"B. Leuelling and D. Mellem on September 1, 1978",B. Leuelling and D. Mellem,"September 1, 1978",Y,N
LOTW-3115812-137,,,,"B. Leuelling, D. Mooers and B. Balen on September 5, 1978","B. Leuelling, D. Mooers and B. Balen","September 5, 1978",Y,N
LOTW-3115812-138,,,,"B. Leuelling, D. Mooers and B. Balen on September 5, 1978","B. Leuelling, D. Mooers and B. Balen","September 5, 1978",Y,N
LOTW-3115813-135,,,,"B. Leuelling and D. Mellem on September 1, 1978",B. Leuelling and D. Mellem,"September 1, 1978",Y,N
LOTW-3115827-410,,,,"D. Riihilouma and S. Nelson on November 26, 1980",D. Riihilouma and S. Nelson,"November 26, 1980",N,N
LOTW-3115901-141,,,,"B. Leuelling and K. Haynor on October 5, 1978",B. Leuelling and K. Haynor,"October 5, 1978",Y,N
LOTW-3115901-142,,,,"D. Mellem and K. Haynor on October 5, 1978",D. Mellem and K. Haynor,"October 5, 1978",N,N
LOTW-3115901-143,,,,"D. Mellem and K. Haynor on October 5, 1978",D. Mellem and K. Haynor,"October 5, 1978",N,N
LOTW-3115902-144,,,,"D. Mellem and K. Haynor on October 4, 1978",D. Mellem and K. Haynor,"October 4, 1978",N,N
LOTW-3115902-145,,,,"D. Mellem and K. Haynor on October 4, 1978",D. Mellem and K. Haynor,"October 4, 1978",Y,N
LOTW-3115902-146,,,,"D. Mellem and K. Haynor on October 5, 1978",D. Mellem and K. Haynor,"October 5, 1978",N,N
LOTW-3115902-147,,,,"D. Mellem and K. Haynor on October 5, 1978",D. Mellem and K. Haynor,"October 5, 1978",N,N
LOTW-3115902-148,,,,"D. Mellem and K. Haynor on October 4, 1978",D. Mellem and K. Haynor,"October 4, 1978",Y,N
LOTW-3115902-149,,,,"D. Mellem and K. Haynor on October 4, 1978",D. Mellem and K. Haynor,"October 4, 1978",N,N
LOTW-3115910-150,,,,"D. Mellem and K. Haynor on October 11, 1978",D. Mellem and K. Haynor,"October 11, 1978",N,N
LOTW-3115910-151,,,,"D. Mellem and K. Haynor on October 11, 1978",D. Mellem and K. Haynor,"October 11, 1978",Y,N
LOTW-3115911-152,,,,"D. Mellem and K. Haynor on October 4, 1978",D. Mellem and K. Haynor,"October 4, 1978",N,N
LOTW-3115911-153,,,,"D. Mellem and K. Haynor on October 4, 1978",D. Mellem and K. Haynor,"October 4, 1978",Y,N
LOTW-3115912-154,,,,"D. Mellem and K. Haynor on October 5, 1978",D. Mellem and K. Haynor,"October 5, 1978",N,N
LOTW-3115912-155,,,,"B. Leuelling and K. Haynor on October 5, 1978",B. Leuelling and K. Haynor,"October 5, 1978",Y,N
LOTW-3115913-156,,,,"D. Mellem and K. Haynor on October 31, 1978",D. Mellem and K. Haynor,"October 31, 1978",N,N
LOTW-3115913-157,,,,"D. Mellem and T. Malterer on October 31, 1978",D. Mellem and T. Malterer,"October 31, 1978",Y,N
LOTW-3115913-158,,,,"D. Mellem and K. Haynor on October 31, 1978",D. Mellem and K. Haynor,"October 31, 1978",N,N
LOTW-3115913-159,,,,"D. Mellem and T. Malterer on October 31, 1978",D. Mellem and T. Malterer,"October 31, 1978",Y,N
LOTW-3115915-160,,,,"D. Mellem and K. Haynor on October 11, 1978",D. Mellem and K. Haynor,"October 11, 1978",N,N
LOTW-3115915-161,,,,"D. Mellem and K. Haynor on October 11, 1978",D. Mellem and K. Haynor,"October 11, 1978",N,N
LOTW-3115915-162,,,,"D. Mellem and K. Haynor on October 11, 1978",D. Mellem and K. Haynor,"October 11, 1978",N,N
LOTW-3115915-163,,,,"D. Mellem and K. Haynor on October 11, 1978",D. Mellem and K. Haynor,"October 11, 1978",N,N
LOTW-3115915-164,,,,"D. Mellem and K. Haynor on November 11, 1978",D. Mellem and K. Haynor,"November 11, 1978",Y,N
LOTW-3115915-515,,,,"D. Mellem and T. Malterer on October 11, 1978",D. Mellem and T. Malterer,"October 11, 1978",Y,N
LOTW-3115916-517,,,,"D. Mellem and H. Kaynor on October 11, 1978",D. Mellem and H. Kaynor,"October 11, 1978",Y,N
LOTW-3115916-518,,,,"B. Leuelling and K. Haynor on November 2, 1978",B. Leuelling and K. Haynor,"November 2, 1978",Y,N
LOTW-3115916-519,,,,"D. Mellem and H. Kaynor on October 11, 1978",D. Mellem and H. Kaynor,"October 11, 1978",Y,N
LOTW-3115917-520,,,,"B. Leuelling and K. Haynor on October 18, 1978",B. Leuelling and K. Haynor,"October 18, 1978",Y,N
LOTW-3115917-521,,,,"B. Leuelling and K. Haynor on October 18, 1978",B. Leuelling and K. Haynor,"October 18, 1978",Y,N
LOTW-3115921-516,,,,"D. Mellem and K. Haynor on October 11, 1978",D. Mellem and K. Haynor,"October 11, 1978",Y,N
LOTW-3115921-522,,,,"B. Leuelling and K. Haynor on October 12, 1978",B. Leuelling and K. Haynor,"October 12, 1978",Y,N
LOTW-3115922-165,,,,"B. Leuelling and D. Haynor on October 5, 1978",B. Leuelling and D. Haynor,"October 5, 1978",Y,N
LOTW-3115922-166,,,,"B. Leuelling and K. Haynor on October 12, 1978",B. Leuelling and K. Haynor,"October 12, 1978",Y,N
LOTW-3115922-167,,,,"D. Mellem and K. Haynor on October 11, 1978",D. Mellem and K. Haynor,"October 11, 1978",N,N
LOTW-3115922-168,,,,"D. Mellem and K. Haynor on October 12, 1978",D. Mellem and K. Haynor,"October 12, 1978",N,N
LOTW-3115923-169,,,,"B. Leulling and K. Haynor on October 12, 1978",B. Leulling and K. Haynor,"October 12, 1978",Y,N
LOTW-3115923-170,,,,"B. Leuelling and K. Haynor on October 12, 1978",B. Leuelling and K. Haynor,"October 12, 1978",N,N
LOTW-3115923-171,,,,"B. Leuelling and K. Haynor on October 12, 1978",B. Leuelling and K. Haynor,"October 12, 1978",N,N
LOTW-3115924-172,,,,"B. Leuelling and K. Haynor on October 12, 1978",B. Leuelling and K. Haynor,"October 12, 1978",Y,N
LOTW-3115924-173,,,,"B. Leuelling and K. Haynor on October 12, 1978",B. Leuelling and K. Haynor,"October 12, 1978",N,N
LOTW-3115924-174,,,,"B. Leuelling and K. Haynor on October 12, 1978",B. Leuelling and K. Haynor,"October 12, 1978",Y,N
LOTW-3115924-175,,,,"B. Leuelling and K. Haynor on October 12, 1978",B. Leuelling and K. Haynor,"October 12, 1978",N,N
LOTW-3115925-177,,,,"B. Leuelling and K. Haynor on October 18, 1978",B. Leuelling and K. Haynor,"October 18, 1978",N,N
LOTW-3115925-180,,,,"B. Leuelling and K. Haynor on October 18, 1978",B. Leuelling and K. Haynor,"October 18, 1978",Y,N
LOTW-3115926-176,,,,"B. Leuelling and K. Haynor on October 18, 1978",B. Leuelling and K. Haynor,"October 18, 1978",Y,N
LOTW-3115926-178,,,,"B. Leuelling and K. Haynor on October 18, 1978",B. Leuelling and K. Haynor,"October 18, 1978",N,N
LOTW-3115926-179,,,,"B. Leuelling and K. Haynor on October 18, 1978",B. Leuelling and K. Haynor,"October 18, 1978",N,N
LOTW-3115926-181,,,,"B. Leuelling and K. Haynor on October 18, 1978",B. Leuelling and K. Haynor,"October 18, 1978",Y,N
LOTW-3115926-182,,,,"B. Leuelling and K. Haynor on October 18, 1978",B. Leuelling and K. Haynor,"October 18, 1978",Y,N
LOTW-3115934-139,,,,"B. Leuelling and K. Haynor on October 18, 1978",B. Leuelling and K. Haynor,"October 18, 1978",N,N
LOTW-3115934-140,,,,"D. Mellem and T. Malterer on October 31, 1978",D. Mellem and T. Malterer,"October 31, 1978",Y,N
LOTW-3116013-183,,,,"D. Olson and B. Balen on August 29, 1978",D. Olson and B. Balen,"August 29, 1978",N,N
LOTW-3116013-184,,,,"D. Olson and B. Balen on September 3, 1978",D. Olson and B. Balen,"September 3, 1978",N,N
LOTW-3116013-185,,,,"D. Olson and B. Balen on September 3, 1978",D. Olson and B. Balen,"September 3, 1978",N,N
LOTW-3116013-186,,,,"D. Olson and B. Balen on August 28, 1978",D. Olson and B. Balen,"August 28, 1978",Y,N
LOTW-3116013-187,,,,"D. Olson and B. Balen on August 29, 1978",D. Olson and B. Balen,"August 29, 1978",Y,N
LOTW-3116013-188,,,,"C. Cameron, D. Mellem and K. Haynor on September 11, 1978","C. Cameron, D. Mellem and K. Haynor","September 11, 1978",Y,N
LOTW-3116013-189,,,,"D. Olson and B. Balen on August 29, 1978",D. Olson and B. Balen,"August 29, 1978",N,N
LOTW-3116013-841,,,,"T. Malterer and D. Haverkost on March 10, 1981",T. Malterer and D. Haverkost,"March 10, 1981",N,N
LOTW-3116013-842,,,,"T. Malterer and D. Riihiluoma on March 10, 1981",T. Malterer and D. Riihiluoma,"March 10, 1981",N,N
LOTW-3116013-843,Frost 18 inches deep,,,"T. Malterer and D. Riihilouma on March 10, 1981",T. Malterer and D. Riihilouma,"March 10, 1981",N,N
LOTW-3116013-844,Frost 30cm deep,,,"T. Malterer and D. Riihiluoma on March 10, 1981",T. Malterer and D. Riihiluoma,"March 10, 1981",N,N
LOTW-3116013-845,,,,"T. Malterer and D. Riihiluoma on March 10, 1981",T. Malterer and D. Riihiluoma,"March 10, 1981",N,N
LOTW-3116016-190,,,,"D. Olson and B. Balen on August 29, 1978",D. Olson and B. Balen,"August 29, 1978",Y,N
LOTW-3116016-280,,,,"D. Olson and B. Balen on December 7, 1978",D. Olson and B. Balen,"December 7, 1978",N,N
LOTW-3116017-191,,,,"D. Mellem and D. Olson on August 29, 1978",D. Mellem and D. Olson,"August 29, 1978",Y,N
LOTW-3116017-192,,,,"B. Balen and D. Olson on August 29, 1978",B. Balen and D. Olson,"August 29, 1978",Y,N
LOTW-3116017-279,,,,"D. Olson and B. Balen on August 29, 1978",D. Olson and B. Balen,"August 29, 1978",N,N
LOTW-3116017-281,,,,"D. Mellem and K. Haynor on August 29, 1978",D. Mellem and K. Haynor,"August 29, 1978",N,N
LOTW-3116023-193,,,,"D. Mellem and K. Haynor on October 10, 1978",D. Mellem and K. Haynor,"October 10, 1978",N,N
LOTW-3116023-194,,,,"D. Mellem and K. Haynor on October  4, 1978",D. Mellem and K. Haynor,"October  4, 1978",N,N
LOTW-3116023-195,,,,"D. Mellem and K. Haynor on October 4, 1978",D. Mellem and K. Haynor,"October 4, 1978",N,N
LOTW-3116023-196,,,,"D. Mellem and K. Haynor on October 4, 1978",D. Mellem and K. Haynor,"October 4, 1978",Y,N
LOTW-3116023-855,Visible sphagnum in 145-175cm is composed mostly of sphagnum stems,0-25cm peat moisture wetter than normal,,"D. Olson and D. Riihiluoma on June 12, 1985",D. Olson and D. Riihiluoma,"June 12, 1985",N,N
LOTW-3116024-197,,,,"D. Mellem and K. Haynor on October 3, 1978",D. Mellem and K. Haynor,"October 3, 1978",Y,N
LOTW-3116024-198,,,,"D. Mellem and K. Haynor on October 3, 1978",D. Mellem and K. Haynor,"October 3, 1978",N,N
LOTW-3116024-199,,,,"D. Mellem and K. Haynor on October 3, 1978",D. Mellem and K. Haynor,"October 3, 1978",Y,N
LOTW-3116024-849,,,,"D. Olson and D. Riihiluoma on June 9, 1985",D. Olson and D. Riihiluoma,"June 9, 1985",N,N
LOTW-3116024-856,,,,"D. Olson and D. Riihiluoma on June 12, 1985",D. Olson and D. Riihiluoma,"June 12, 1985",N,N
LOTW-3116024-857,,,,"D. Olson and D. Riihiluoma on June 12, 1985",D. Olson and D. Riihiluoma,"June 12, 1985",N,N
LOTW-3116024-858,"Btu analysis performed by Lerch Brothers, Inc.",,,"D. Olson and D. Riihiluoma on June 12, 1985",D. Olson and D. Riihiluoma,"June 12, 1985",Y,Y
LOTW-3116024-A1200+-0,Hit bottom or log just below 300cm,,,"S. Nelson and D. Olson on July 16, 1985",S. Nelson and D. Olson,"July 16, 1985",N,N
LOTW-3116024-A1200+1100,,0-61cm peat moisture wetter than normal,,"S. Nelson and R. Johnson on July 17, 1985",S. Nelson and R. Johnson,"July 17, 1985",N,N
LOTW-3116024-A1200+1200,,,,"S. Nelson and R. Johnson on July 17, 1985",S. Nelson and R. Johnson,"July 17, 1985",N,N
LOTW-3116024-A1200+800,"Btu analysis performed by Lerch Brothers, Inc.; 70-110cm sample is a composite of 70-85cm and 100-110cm depths",,,"S. Nelson and R. Johnson on July 17, 1985",S. Nelson and R. Johnson,"July 17, 1985",Y,Y
LOTW-3116024-A1600+-0,Visible sphagnum in 170-205cm is composed mostly of sphagnum stems,,,"S. Nelson and D. Olson on July 16, 1985",S. Nelson and D. Olson,"July 16, 1985",N,N
LOTW-3116024-A1600+1000,Visible sphagnum in 150-220cm is composed mostly of sphagnum stems,,,"S. Nelson and R. Johnson on July 17, 1985",S. Nelson and R. Johnson,"July 17, 1985",N,N
LOTW-3116024-A1600+1200,,0-45cm peat moisture wetter than normal,,"S. Nelson and R. Johnson on July 17, 1985",S. Nelson and R. Johnson,"July 17, 1985",N,N
LOTW-3116024-A1600+1400,,,,"S. Nelson and R. Johnson on July 17, 1985",S. Nelson and R. Johnson,"July 17, 1985",Y,N
LOTW-3116024-A1600+1600,,,,"S. Nelson and R. Johnson on July 17, 1985",S. Nelson and R. Johnson,"July 17, 1985",N,N
LOTW-3116024-A1600+800,"Btu analysis performed by Lerch Brothers, Inc.",,,"S. Nelson and R. Johnson on July 17, 1985",S. Nelson and R. Johnson,"July 17, 1985",Y,Y
LOTW-3116024-A400+400,,,,"S. Nelson and R. Johnson on July 16, 1985",S. Nelson and R. Johnson,"July 16, 1985",N,N
LOTW-3116024-A400+700,,,,"D. Riihiluoma, D. Olson, and M. Oberhelman on July 16, 1985","D. Riihiluoma, D. Olson, and M. Oberhelman","July 16, 1985",N,N
LOTW-3116024-A400+800,,0-25cm peat moisture wetter than normal,,"D. Riihiluoma, D. Olson, and M. Oberhelman on July 16, 1985","D. Riihiluoma, D. Olson, and M. Oberhelman","July 16, 1985",N,N
LOTW-3116024-A800+-0,"Visible sphagnum in 110-116cm, and 134-150cm is composed mostly of sphagnum stems",,,"S. Nelson and D. Olson on July 16, 1985",S. Nelson and D. Olson,"July 16, 1985",Y,N
LOTW-3116024-A800+1000,,,,"S. Nelson, M. Oberhelman, and R. Johnson on July 18, 1985","S. Nelson, M. Oberhelman, and R. Johnson","July 18, 1985",N,N
LOTW-3116024-A800+400,Visible sphagnum in 27-53cm and 115-135cm is composed mostly of sphagnum stems,,,"S. Nelson, M. Oberhelman, and R. Johnson on July 18, 1985","S. Nelson, M. Oberhelman, and R. Johnson","July 18, 1985",N,N
LOTW-3116024-A800+800,"Btu analysis performed by Lerch Brothers, Inc.",,,"S. Nelson, M. Oberhelman, and R. Johnson on July 18, 1985","S. Nelson, M. Oberhelman, and R. Johnson","July 18, 1985",Y,Y
LOTW-3116025-200,,,,"D. Mellem and K. Haynor on October 3, 1978",D. Mellem and K. Haynor,"October 3, 1978",N,N
LOTW-3116025-201,,,,"D. Mellem and K. Haynor on October 3, 1978",D. Mellem and K. Haynor,"October 3, 1978",N,N
LOTW-3116025-202,,,,"D. Mellem and K. Haynor on October 3, 1978",D. Mellem and K. Haynor,"October 3, 1978",Y,N
LOTW-3116025-203,,,,"D. Mellem and K. Haynor on October 3, 1978",D. Mellem and K. Haynor,"October 3, 1978",N,N
LOTW-3116025-204,,,,"D. Mellem and K. Haynor on October 3, 1978",D. Mellem and K. Haynor,"October 3, 1978",N,N
LOTW-3116025-205,,,,"D. Mooers and K. Haynor on October 3, 1978",D. Mooers and K. Haynor,"October 3, 1978",Y,N
LOTW-3116025-859,,,,"D. Olson and D. Riihiluoma on June 12, 1985",D. Olson and D. Riihiluoma,"June 12, 1985",N,N
LOTW-3116025-A2000+440,,,,"D. Olson and D. Riihiluoma on July 18, 1985",D. Olson and D. Riihiluoma,"July 18, 1985",N,N
LOTW-3116025-A2400+1200,,,,"D. Olson and D. Riihiluoma on July 18, 1985",D. Olson and D. Riihiluoma,"July 18, 1985",Y,N
LOTW-3116025-A2400+1600,,,,"D. Olson and D. Riihiluoma on July 18, 1985",D. Olson and D. Riihiluoma,"July 18, 1985",N,N
LOTW-3116025-A2400+800,,,,"D. Olson and D. Riihiluoma on July 18, 1985",D. Olson and D. Riihiluoma,"July 18, 1985",Y,N
LOTW-3116026-206,,,,"D. Mellem and K. Haynor on October 4, 1978",D. Mellem and K. Haynor,"October 4, 1978",Y,N
LOTW-3116026-207,,,,"D. Mellem and K. Haynor on October 4, 1978",D. Mellem and K. Haynor,"October 4, 1978",N,N
LOTW-3116026-208,,,,"D. Mellem and K. Haynor on October 4, 1978",D. Mellem and K. Haynor,"October 4, 1978",Y,N
LOTW-3116026-209,,,,"D. Mellem and K. Haynor on October 4, 1978",D. Mellem and K. Haynor,"October 4, 1978",N,N
LOTW-3116026-210,,,,"D. Mellem and K. Haynor on October 4, 1978",D. Mellem and K. Haynor,"October 4, 1978",N,N
LOTW-3116026-211,,,,"D. Mellem and K. Haynor on October 4, 1978",D. Mellem and K. Haynor,"October 4, 1978",N,N
LOTW-3116035-212,,,,"D. Mellem and K. Haynor on October 4, 1978",D. Mellem and K. Haynor,"October 4, 1978",N,N
LOTW-3116035-213,,,,"D. Mellem and K. Haynor on October 4, 1978",D. Mellem and K. Haynor,"October 4, 1978",Y,N
LOTW-3116035-214,,,,"D. Mellem and K. Haynor on October 4, 1978",D. Mellem and K. Haynor,"October 4, 1978",N,N
LOTW-3116035-215,,,,"D. Mellem and K. Haynor on October 4, 1978",D. Mellem and K. Haynor,"October 4, 1978",N,N
LOTW-3116036-216,,,,"D. Mellem and K. Haynor on October 4, 1978",D. Mellem and K. Haynor,"October 4, 1978",N,N
LOTW-3116036-217,,,,"D. Mellem and K. Haynor on September 11, 1978",D. Mellem and K. Haynor,"September 11, 1978",N,N
LOTW-3116036-218,,,,"D. Mellem and K. Haynor on October 4, 1978",D. Mellem and K. Haynor,"October 4, 1978",N,N
LOTW-3116036-219,,,,"D. Mellem and K. Haynor on October 4, 1978",D. Mellem and K. Haynor,"October 4, 1978",Y,N
LOTW-3116036-220,,,,"D. Mellem and K. Haynor on October 4, 1978",D. Mellem and K. Haynor,"October 4, 1978",N,N
LOTW-3116036-221,,,,"D. Mellem and K. Haynor on September 11, 1978",D. Mellem and K. Haynor,"September 11, 1978",N,N
LOTW-3215701-413,,,,"S. Nelson and D. Riihiluoma on November 26, 1980",S. Nelson and D. Riihiluoma,"November 26, 1980",N,N
LOTW-3215704-302,,,,"H. Mooers, N. Aaseng, L. Severson and S. Nelson on November 18, 1980","H. Mooers, N. Aaseng, L. Severson and S. Nelson","November 18, 1980",Y,N
LOTW-3215704-303,,,,"H. Mooers, N. Aaseng, L. Severson and S. Nelson on November 18, 1980","H. Mooers, N. Aaseng, L. Severson and S. Nelson","November 18, 1980",N,N
LOTW-3215704-304,,,,"H. Mooers, N. Aaseng, L. Severson and S. Nelson on November 18, 1980","H. Mooers, N. Aaseng, L. Severson and S. Nelson","November 18, 1980",N,N
LOTW-3215704-320,,,,"S. Nelson and N. Aaseng on November 19, 1980",S. Nelson and N. Aaseng,"November 19, 1980",N,N
LOTW-3215704-321,,,,"S. Nelson and N. Aaseng on November 19, 1980",S. Nelson and N. Aaseng,"November 19, 1980",N,N
LOTW-3215704-421,,,,"H. Mooers and L. Severson on December 1, 1980",H. Mooers and L. Severson,"December 1, 1980",N,N
LOTW-3215707-424,,,,"H. Mooers and L. Severson on December 3, 1980",H. Mooers and L. Severson,"December 3, 1980",N,N
LOTW-3215709-300,,,,"H. Mooers, N. Aaseng, L. Severson and S. Nelson on November 18, 1980","H. Mooers, N. Aaseng, L. Severson and S. Nelson","November 18, 1980",N,N
LOTW-3215709-301,,,,"H. Mooers, N. Aaseng, L. Severson and S. Nelson on November 18, 1980","H. Mooers, N. Aaseng, L. Severson and S. Nelson","November 18, 1980",N,N
LOTW-3215709-854,,,,"D. Olson and D. Riihiluoma on June 11, 1985",D. Olson and D. Riihiluoma,"June 11, 1985",N,N
LOTW-3215711-414,,,,"D. Riihiluoma and S. Nelson on November 26, 1980",D. Riihiluoma and S. Nelson,"November 26, 1980",N,N
LOTW-3215732-358,,,,"H. Mooers and S. Nelson on November 21, 1980",H. Mooers and S. Nelson,"November 21, 1980",Y,N
LOTW-3215732-420,,,,"H. Mooers and L. Severson on December 3, 1980",H. Mooers and L. Severson,"December 3, 1980",N,N
LOTW-3215734-415,,,,"S. Nelson and D. Riihiluoma on November 26, 1980",S. Nelson and D. Riihiluoma,"November 26, 1980",N,N
LOTW-3215804-795,,,,"H. Mooers on March 18, 1882",H. Mooers,"March 18, 1882",N,N
LOTW-3215822-412,,,,"S. Nelson and D. Riihiluoma on November 26, 1980",S. Nelson and D. Riihiluoma,"November 26, 1980",N,N
LOTW-3215825-411,,,,"S. Nelson and D. Riihiluoma on November 26, 1980",S. Nelson and D. Riihiluoma,"November 26, 1980",N,N
LOTW-3215833-315,,,,"S. Nelson and N. Aaseng on November 19, 1980",S. Nelson and N. Aaseng,"November 19, 1980",N,N
LOTW-3215833-316,,,,"S. Nelson and N. Aaseng on November 19, 1980",S. Nelson and N. Aaseng,"November 19, 1980",N,N
LOTW-3215833-317,,,,"S. Nelson and N. Aaseng on November 19, 1980",S. Nelson and N. Aaseng,"November 19, 1980",N,N
LOTW-3215833-318,,,,"S. Nelson and N. Aaseng on November 19, 1980",S. Nelson and N. Aaseng,"November 19, 1980",N,N
LOTW-3215833-319,,,,"S. Nelson and N. Aaseng on November 19, 1980",S. Nelson and N. Aaseng,"November 19, 1980",N,N
LOTW-3215833-422,,,,"H. Mooers and L. Severson on December 3, 1980",H. Mooers and L. Severson,"December 3, 1980",N,N
LOTW-3215901-796,,,,"H. Mooers on March 18, 1982",H. Mooers,"March 18, 1982",N,N
LOTW-3215902-797,,,,"H. Mooers on March 18, 1982",H. Mooers,"March 18, 1982",N,N
LOTW-3215903-559,,,,"D. Mellem and B. Balen on October 24, 1978",D. Mellem and B. Balen,"October 24, 1978",N,N
LOTW-3215903-560,,,,"D. Mellem and B. Balen on November 24, 1978",D. Mellem and B. Balen,"November 24, 1978",N,N
LOTW-3215903-798,,,,"H. Mooers on March 18, 1982",H. Mooers,"March 18, 1982",N,N
LOTW-3215904-459,,,,"H. Mooers and S. Nelson on December 8, 1980",H. Mooers and S. Nelson,"December 8, 1980",N,N
LOTW-3215910-561,,,,"D. Mellem and B. Balen on October 24, 1978",D. Mellem and B. Balen,"October 24, 1978",N,N
LOTW-3215910-562,,,,"D. Mellem and B. Balen on October 24, 1978",D. Mellem and B. Balen,"October 24, 1978",N,N
LOTW-3215910-563,,,,"D. Mellem and B. Balen on October 24, 1978",D. Mellem and B. Balen,"October 24, 1978",N,N
LOTW-3215920-799,,,,"H. Mooers on March 18, 1982",H. Mooers,"March 18, 1982",N,N
LOTW-3215922-564,Boulders at surface,,,"D. Mellem and B. Balen on October 24, 1978",D. Mellem and B. Balen,"October 24, 1978",N,N
LOTW-3215922-565,Boulders at surface,,,"D. Mellem and B. Balen on October 24, 1978",D. Mellem and B. Balen,"October 24, 1978",N,N
LOTW-3215927-566,Boulders at surface,,,"D. Mellem and B. Balen on October 24, 1978",D. Mellem and B. Balen,"October 24, 1978",N,N
LOTW-3215932-460,,,,"S. Nelson and H. Mooers on December 8, 1980",S. Nelson and H. Mooers,"December 8, 1980",N,N
LOTW-3215933-567,,,,"D. Mellem and B. Balen on October 19, 1978",D. Mellem and B. Balen,"October 19, 1978",N,N
LOTW-3215933-568,,,,"D. Mellem and B. Balen on October 19, 1978",D. Mellem and B. Balen,"October 19, 1978",N,N
LOTW-3215933-569,,,,"D. Mellem and B. Balen on October 19, 1978",D. Mellem and B. Balen,"October 19, 1978",N,N
LOTW-3215934-749,,,,"D. Mellem and B. Balen on October 19, 1978",D. Mellem and B. Balen,"October 19, 1978",N,N
LOTW-3215935-750,,,,"D. Mellem and B. Balen on October 19, 1978",D. Mellem and B. Balen,"October 19, 1978",N,N
LOTW-3215935-751,,,,"D. Mellem and B. Balen on October 19, 1978",D. Mellem and B. Balen,"October 19, 1978",N,N
LOTW-3216006-540,,,,"D. Mellem and B. Balen on October 25, 1978",D. Mellem and B. Balen,"October 25, 1978",N,N
LOTW-3216009-543,,,,"D. Mellem and B. Balen on October 25, 1978",D. Mellem and B. Balen,"October 25, 1978",N,N
LOTW-3216023-457,,,,"H. Mooers and S. Nelson on December 9, 1980",H. Mooers and S. Nelson,"December 9, 1980",N,N
LOTW-3216026-458,,,,"H. Mooers and S. Nelson on December 8, 1980",H. Mooers and S. Nelson,"December 8, 1980",N,N
LOTW-3216027-276,,,,,,,N,N
LOTW-3216027-277,,,,,,,N,N
LOTW-3216027-278,,,,,,,N,N
LOTW-3216027-535,,,,"D. Mellem and B. Balen on October 16, 1978",D. Mellem and B. Balen,"October 16, 1978",N,N
LOTW-3216027-536,,,,"D. Mellem and B. Balen on October 16, 1978",D. Mellem and B. Balen,"October 16, 1978",N,N
LOTW-3216027-537,,,,"D. Mellem and B. Balen on October 16, 1978",D. Mellem and B. Balen,"October 16, 1978",N,N
LOTW-3216034-538,,,,"D. Mellem and B. Balen on October 16, 1978",D. Mellem and B. Balen,"October 16, 1978",N,N
LOTW-3216034-539,,,,"D. Mellem and B. Balen on October 16, 1978",D. Mellem and B. Balen,"October 16, 1978",N,N
LOTW-3216102-740,,,,"T. Malterer and C. Cameron on August 6, 1977",T. Malterer and C. Cameron,"August 6, 1977",N,N
LOTW-3216105-575,,,,"T. Malterer and C. Cameron on August 2, 1977",T. Malterer and C. Cameron,"August 2, 1977",N,N
LOTW-3216105-576,,,,"T. Malterer and C. Cameron on August 2, 1977",T. Malterer and C. Cameron,"August 2, 1977",N,N
LOTW-3216105-577,,,,"T. Malterer and C. Cameron on August 2, 1977",T. Malterer and C. Cameron,"August 2, 1977",N,N
LOTW-3216105-578,,,,"T. Malterer and C. Cameron on August 2, 1977",T. Malterer and C. Cameron,"August 2, 1977",N,N
LOTW-3216105-579,,,,"T. Malterer and C. Cameron on August 2, 1977",T. Malterer and C. Cameron,"August 2, 1977",N,N
LOTW-3216105-580,,,,"T. Malterer and C. Cameron on August 2, 1977",T. Malterer and C. Cameron,"August 2, 1977",N,N
LOTW-3216106-581,,,,"T. Malterer and C. Cameron on August 2, 1977",T. Malterer and C. Cameron,"August 2, 1977",N,N
LOTW-3216106-582,,,,"T. Malterer and C. Cameron on August 2, 1977",T. Malterer and C. Cameron,"August 2, 1977",N,N
LOTW-3216106-607,,,,"T. Malterer and C. Cameron on August 4, 1977",T. Malterer and C. Cameron,"August 4, 1977",N,N
LOTW-3216106-608,,,,"T. Malterer and C. Cameron on August 5, 1977",T. Malterer and C. Cameron,"August 5, 1977",N,N
LOTW-3216106-609,,,,"T. Malterer and C. Cameron on August 5, 1977",T. Malterer and C. Cameron,"August 5, 1977",N,N
LOTW-3216106-610,,,,"T. Malterer and C. Cameron on August 5, 1977",T. Malterer and C. Cameron,"August 5, 1977",N,N
LOTW-3216106-611,,,,"T. Malterer and C. Cameron on August 5, 1977",T. Malterer and C. Cameron,"August 5, 1977",N,N
LOTW-3216107-583,,,,"T. Malterer and C. Cameron on August 2, 1977",T. Malterer and C. Cameron,"August 2, 1977",N,N
LOTW-3216107-584,,,,"T. Malterer and C. Cameron on August 2, 1977",T. Malterer and C. Cameron,"August 2, 1977",N,N
LOTW-3216107-585,,,,"T. Malterer and C. Cameron on August 2, 1977",T. Malterer and C. Cameron,"August 2, 1977",N,N
LOTW-3216107-586,,,,"T. Malterer and C. Cameron on August 2, 1977",T. Malterer and C. Cameron,"August 2, 1977",N,N
LOTW-3216107-587,,,,"T. Malterer and C. Cameron on August 2, 1977",T. Malterer and C. Cameron,"August 2, 1977",N,N
LOTW-3216107-613,,,,"T. Malterer and C. Cameron on August 5, 1977",T. Malterer and C. Cameron,"August 5, 1977",N,N
LOTW-3216107-851,,,,"D. Olson and D. Riihiluoma on June 11, 1985",D. Olson and D. Riihiluoma,"June 11, 1985",N,N
LOTW-3216107-853,,,,"D. Olson and D. Riihiluoma on June 10, 1985",D. Olson and D. Riihiluoma,"June 10, 1985",N,N
LOTW-3216108-612,,,,"T. Malterer and C. Cameron on August 5, 1977",T. Malterer and C. Cameron,"August 5, 1977",N,N
LOTW-3216108-614,,,,"T. Malterer and C. Cameron on August 5, 1977",T. Malterer and C. Cameron,"August 5, 1977",N,N
LOTW-3216108-615,,,,"T. Malterer and C. Cameron on August 5, 1977",T. Malterer and C. Cameron,"August 5, 1977",N,N
LOTW-3216108-616,,,,"T. Malterer and C. Cameron on August 5, 1977",T. Malterer and C. Cameron,"August 5, 1977",N,N
LOTW-3216108-617,,,,"T. Malterer and C. Cameron on August 5, 1977",T. Malterer and C. Cameron,"August 5, 1977",N,N
LOTW-3216108-621,,,,"T. Malterer and C. Cameron on August 5, 1977",T. Malterer and C. Cameron,"August 5, 1977",N,N
LOTW-3216108-622,,,,"T. Malterer and C. Cameron on August 5, 1977",T. Malterer and C. Cameron,"August 5, 1977",N,N
LOTW-3216108-623,,,,"T. Malterer and C. Cameron on August 5, 1977",T. Malterer and C. Cameron,"August 5, 1977",N,N
LOTW-3216111-741,,,,"T. Malterer and C. Cameron on August 6, 1977",T. Malterer and C. Cameron,"August 6, 1977",N,N
LOTW-3216111-742,,,,"T. Malterer and C. Cameron on August 6, 1977",T. Malterer and C. Cameron,"August 6, 1977",N,N
LOTW-3216111-743,,,,"T. Malterer and C. Cameron on August 6, 1977",T. Malterer and C. Cameron,"August 6, 1977",N,N
LOTW-3216111-744,,,,"T. Malterer and C. Cameron on August 6, 1977",T. Malterer and C. Cameron,"August 6, 1977",N,N
LOTW-3216116-618,,,,"T. Malterer and C. Cameron on August 5, 1977",T. Malterer and C. Cameron,"August 5, 1977",N,N
LOTW-3216116-619,,,,"T. Malterer and C. Cameron on August 5, 1977",T. Malterer and C. Cameron,"August 5, 1977",N,N
LOTW-3216116-620,,,,"T. Malterer and C. Cameron on August 5, 1977",T. Malterer and C. Cameron,"August 5, 1977",N,N
LOTW-3216118-588,,,,"T. Malterer and C. Cameron on August 2, 1977",T. Malterer and C. Cameron,"August 2, 1977",N,N
LOTW-3216118-852,,,,"D. Olson and D. Riihiluoma on June 10, 1985",D. Olson and D. Riihiluoma,"June 10, 1985",N,N
LOTW-3216223-735,,,,"D. Olson and C. Cameron on August 11, 1977",D. Olson and C. Cameron,"August 11, 1977",N,N
LOTW-3216223-736,,,,"D. Olson and C. Cameron on August 11, 1977",D. Olson and C. Cameron,"August 11, 1977",N,N
LOTW-3216223-738,,,,"D. Olson and C. Cameron on August 11, 1977",D. Olson and C. Cameron,"August 11, 1977",N,N
LOTW-3216223-739,,,,"D. Olson and C. Cameron on August 11, 1977",D. Olson and C. Cameron,"August 11, 1977",N,N
LOTW-3216224-737,,,,"D. Olson and C. Cameron on August 11, 1977",D. Olson and C. Cameron,"August 11, 1977",N,N
LOTW-3216226-731,,,,"D. Olson and C. Cameron on August 11, 1977",D. Olson and C. Cameron,"August 11, 1977",N,N
LOTW-3216226-732,,,,"D. Olson and C. Cameron on August 11, 1977",D. Olson and C. Cameron,"August 11, 1977",N,N
LOTW-3216226-733,,,,"D. Olson and C. Cameron on August 11, 1977",D. Olson and C. Cameron,"August 11, 1977",N,N
LOTW-3216226-734,,,,"D. Olson and C. Cameron on August 11, 1977",D. Olson and C. Cameron,"August 11, 1977",N,N
LOTW-3216231-596,,,,"T. Malterer and C. Cameron on August 3, 1977",T. Malterer and C. Cameron,"August 3, 1977",N,N
LOTW-3216231-597,,,,"T. Malterer and C. Cameron on August 3, 1977",T. Malterer and C. Cameron,"August 3, 1977",N,N
LOTW-3216231-598,,,,"T. Malterer and C. Cameron on August 3, 1977",T. Malterer and C. Cameron,"August 3, 1977",N,N
LOTW-3216232-570,,,,"T. Malterer and C. Cameron on August 2, 1977",T. Malterer and C. Cameron,"August 2, 1977",N,N
LOTW-3216232-571,,,,"T. Malterer and C. Cameron on August 2, 1977",T. Malterer and C. Cameron,"August 2, 1977",N,N
LOTW-3216232-572,,,,"T. Malterer and C. Cameron on August 2, 1977",T. Malterer and C. Cameron,"August 2, 1977",N,N
LOTW-3216232-573,,,,"T. Malterer and C. Cameron on August 2, 1977",T. Malterer and C. Cameron,"August 2, 1977",N,N
LOTW-3216232-574,,,,"T. Malterer and C. Cameron on August 2, 1977",T. Malterer and C. Cameron,"August 2, 1977",N,N
LOTW-3216235-728,,,,"D. Olson and C. Cameron on August 11, 1977",D. Olson and C. Cameron,"August 11, 1977",N,N
LOTW-3216236-729,,,,"D. Olson and C. Cameron on August 11, 1977",D. Olson and C. Cameron,"August 11, 1977",N,N
LOTW-3216236-730,,,,"D. Olson and C. Cameron on August 11, 1977",D. Olson and C. Cameron,"August 11, 1977",N,N
LOTW-3315701-423,,,,"H. Mooers and L. Severson on December 3, 1980",H. Mooers and L. Severson,"December 3, 1980",N,N
LOTW-3315703-772,,,,"D. Riihiluoma and H. Mooers on March 17, 1982",D. Riihiluoma and H. Mooers,"March 17, 1982",N,N
LOTW-3315706-456,,,,"H. Mooers and L. Severson on December 4, 1980",H. Mooers and L. Severson,"December 4, 1980",N,N
LOTW-3315708-407,,,,"D. Riihiluoma and S. Nelson on November 26, 1980",D. Riihiluoma and S. Nelson,"November 26, 1980",N,N
LOTW-3315710-426,,,,"H. Mooers and L. Severson on December 3, 1980",H. Mooers and L. Severson,"December 3, 1980",N,N
LOTW-3315712-425,,,,"H. Mooers and L. Severson on December 3, 1980",H. Mooers and L. Severson,"December 3, 1980",Y,N
LOTW-3315712-427,,,,"H. Mooers and L. Severson on December 3, 1980",H. Mooers and L. Severson,"December 3, 1980",N,N
LOTW-3315716-498,,,,"H. Mooers and S. Nelson on December 9, 1980",H. Mooers and S. Nelson,"December 9, 1980",N,N
LOTW-3315716-499,,,,"H. Mooers and S. Nelson on December 9, 1980",H. Mooers and S. Nelson,"December 9, 1980",N,N
LOTW-3315716-500,,,,"H. Mooers and S. Nelson on December 9, 1980",H. Mooers and S. Nelson,"December 9, 1980",N,N
LOTW-3315725-418,,,,"H. Mooers and L. Severson on December 1, 1980",H. Mooers and L. Severson,"December 1, 1980",N,N
LOTW-3315725-419,,,,"H. Mooers and L. Severson on December 1, 1980",H. Mooers and L. Severson,"December 1, 1980",N,N
LOTW-3315725-428,,,,"H. Mooers and L. Severson on December 1, 1980",H. Mooers and L. Severson,"December 1, 1980",N,N
LOTW-3315904-462,,,,"H. Mooers and D. Riihiluoma on March 12, 1981",H. Mooers and D. Riihiluoma,"March 12, 1981",Y,Y
LOTW-3315908-794,,,,"D. Riihilouma and H. Mooers on March 18, 1982",D. Riihilouma and H. Mooers,"March 18, 1982",N,N
LOTW-3315911-461,,,,"S. Nelson and H. Mooers on December 8, 1980",S. Nelson and H. Mooers,"December 8, 1980",N,N
LOTW-3315913-800,,,,"H. Mooers on March 18, 1982",H. Mooers,"March 18, 1982",N,N
LOTW-3316001-541,,,,"D. Mellem and B. Leuelling on October 25, 1978",D. Mellem and B. Leuelling,"October 25, 1978",N,N
LOTW-3316007-548,,,,"D. Mellem and B. Leuelling on October 25, 1978",D. Mellem and B. Leuelling,"October 25, 1978",N,N
LOTW-3316008-547,,,,"D. Mellem and B. Leuelling on October 25, 1978",D. Mellem and B. Leuelling,"October 25, 1978",N,N
LOTW-3316010-546,,,,"D. Mellem and B. Leuelling on October 25, 1978",D. Mellem and B. Leuelling,"October 25, 1978",N,N
LOTW-3316012-542,,,,"D. Mellem and B. Leuelling on October 25, 1978",D. Mellem and B. Leuelling,"October 25, 1978",N,N
LOTW-3316032-463,,,,"S. Nelson and H. Mooers on December 8, 1980",S. Nelson and H. Mooers,"December 8, 1980",N,N
LOTW-3316032-464,,,,"S. Nelson and H. Mooers on December 8, 1980",S. Nelson and H. Mooers,"December 8, 1980",N,N
LOTW-3316102-624,,,,"T. Malterer and C. Cameron on August 5, 1977",T. Malterer and C. Cameron,"August 5, 1977",N,N
LOTW-3316102-625,,,,"T. Malterer and C. Cameron on August 5, 1977",T. Malterer and C. Cameron,"August 5, 1977",N,N
LOTW-3316102-626,,,,"T. Malterer and C. Cameron on August 5, 1977",T. Malterer and C. Cameron,"August 5, 1977",N,N
LOTW-3316102-627,,,,"T. Malterer and C. Cameron on August 5, 1977",T. Malterer and C. Cameron,"August 5, 1977",N,N
LOTW-3316102-628,,,,"T. Malterer and C. Cameron on August 5, 1977",T. Malterer and C. Cameron,"August 5, 1977",N,N
LOTW-3316102-632,,,,"T. Malterer and C. Cameron on August 5, 1977",T. Malterer and C. Cameron,"August 5, 1977",N,N
LOTW-3316102-633,,,,"T. Malterer and C. Cameron on August 5, 1977",T. Malterer and C. Cameron,"August 5, 1977",N,N
LOTW-3316103-523,,,,"H. Mooers and D. Riihiluoma on March 18, 1981",H. Mooers and D. Riihiluoma,"March 18, 1981",N,N
LOTW-3316103-668,,,,"T. Malterer and C. Cameron on August 5, 1977",T. Malterer and C. Cameron,"August 5, 1977",N,N
LOTW-3316103-669,,,,"T. Malterer and C. Cameron on August 5, 1977",T. Malterer and C. Cameron,"August 5, 1977",N,N
LOTW-3316111-629,,,,"T. Malterer and C. Cameron on August 5, 1977",T. Malterer and C. Cameron,"August 5, 1977",N,N
LOTW-3316111-630,,,,"T. Malterer and C. Cameron on August 5, 1977",T. Malterer and C. Cameron,"August 5, 1977",N,N
LOTW-3316111-631,,,,"T. Malterer and C. Cameron on August 5, 1977",T. Malterer and C. Cameron,"August 5, 1977",N,N
LOTW-3316112-850,,,,"D. Olson and D. Riihiluoma on June 11, 1985",D. Olson and D. Riihiluoma,"June 11, 1985",N,N
LOTW-3316128-544,,,,"D. Mellem and B. Leuelling on October 25, 1978",D. Mellem and B. Leuelling,"October 25, 1978",N,N
LOTW-3316128-545,,,,"D. Mellem and B. Leuelling on October 25, 1978",D. Mellem and B. Leuelling,"October 25, 1978",N,N
LOTW-3316203-727,,,,"T. Malterer and C. Cameron on August 13, 1977",T. Malterer and C. Cameron,"August 13, 1977",N,N
LOTW-3316204-725,,,,"T. Malterer and C. Cameron on August 13, 1977",T. Malterer and C. Cameron,"August 13, 1977",N,N
LOTW-3316204-726,,,,"T. Malterer and C. Cameron on August 13, 1977",T. Malterer and C. Cameron,"August 13, 1977",N,N
LOTW-3316206-722,,,,"T. Malterer and C. Cameron on August 12, 1977",T. Malterer and C. Cameron,"August 12, 1977",N,N
LOTW-3316206-724,,,,"T. Malterer and C. Cameron on August 12, 1977",T. Malterer and C. Cameron,"August 12, 1977",N,N
LOTW-3316207-636,,,,"D. Mellem and C. Cameron on August 12, 1977",D. Mellem and C. Cameron,"August 12, 1977",N,N
LOTW-3316207-637,,,,"D. Mellem and C. Cameron on August 12, 1977",D. Mellem and C. Cameron,"August 12, 1977",N,N
LOTW-3316207-638,,,,"D. Mellem and C. Cameron on August 12, 1977",D. Mellem and C. Cameron,"August 12, 1977",N,N
LOTW-3316207-639,,,,"D. Mellem and C. Cameron on August 12, 1977",D. Mellem and C. Cameron,"August 12, 1977",N,N
LOTW-3316219-660,,,,"T. Malterer and C. Cameron on August 8, 1977",T. Malterer and C. Cameron,"August 8, 1977",N,N
LOTW-3316219-661,,,,"T. Malterer and C. Cameron on August 8, 1977",T. Malterer and C. Cameron,"August 8, 1977",N,N
LOTW-3316220-657,,,,"T. Malterer and C. Cameron on August 8, 1977",T. Malterer and C. Cameron,"August 8, 1977",N,N
LOTW-3316220-662,,,,"T. Malterer and C. Cameron on August 8, 1977",T. Malterer and C. Cameron,"August 8, 1977",N,N
LOTW-3316220-663,,,,"T. Malterer and C. Cameron on August 8, 1977",T. Malterer and C. Cameron,"August 8, 1977",N,N
LOTW-3316220-664,,,,"T. Malterer and C. Cameron on August 8, 1977",T. Malterer and C. Cameron,"August 8, 1977",N,N
LOTW-3316220-665,,,,"T. Malterer and C. Cameron on August 8, 1977",T. Malterer and C. Cameron,"August 8, 1977",N,N
LOTW-3316220-666,,,,"T. Malterer and C. Cameron on August 8, 1977",T. Malterer and C. Cameron,"August 8, 1977",N,N
LOTW-3316220-667,,,,"T. Malterer and C. Cameron on August 8, 1977",T. Malterer and C. Cameron,"August 8, 1977",N,N
LOTW-3316225-592,,,,"T. Malterer and C. Cameron on August 3, 1977",T. Malterer and C. Cameron,"August 3, 1977",N,N
LOTW-3316225-593,,,,"T. Malterer and C. Cameron on August 3, 1977",T. Malterer and C. Cameron,"August 3, 1977",N,N
LOTW-3316225-594,,,,"T. Malterer and C. Cameron on August 3, 1977",T. Malterer and C. Cameron,"August 3, 1977",N,N
LOTW-3316225-595,,,,"T. Malterer and C. Cameron on August 3, 1977",T. Malterer and C. Cameron,"August 3, 1977",N,N
LOTW-3316226-589,,,,"T. Malterer and C. Cameron on August 3, 1977",T. Malterer and C. Cameron,"August 3, 1977",N,N
LOTW-3316226-590,,,,"T. Malterer and C. Cameron on August 3, 1977",T. Malterer and C. Cameron,"August 3, 1977",N,N
LOTW-3316226-591,,,,"T. Malterer and C. Cameron on August 3, 1977",T. Malterer and C. Cameron,"August 3, 1977",N,N
LOTW-3316226-599,,,,"T. Malterer and C. Cameron on August 3, 1977",T. Malterer and C. Cameron,"August 3, 1977",N,N
LOTW-3316226-600,,,,"T. Malterer and C. Cameron on August 3, 1977",T. Malterer and C. Cameron,"August 3, 1977",N,N
LOTW-3316226-601,,,,"T. Malterer and C. Cameron on August 3, 1977",T. Malterer and C. Cameron,"August 3, 1977",N,N
LOTW-3316226-602,,,,"T. Malterer and C. Cameron on August 4, 1977",T. Malterer and C. Cameron,"August 4, 1977",N,N
LOTW-3316230-654,,,,"T. Malterer and C. Cameron on August 8, 1977",T. Malterer and C. Cameron,"August 8, 1977",N,N
LOTW-3316230-655,,,,"T. Malterer and C. Cameron on August 8, 1977",T. Malterer and C. Cameron,"August 8, 1977",N,N
LOTW-3316230-656,,,,"T. Malterer and C. Cameron on August 8, 1977",T. Malterer and C. Cameron,"August 8, 1977",N,N
LOTW-3316230-658,,,,"T. Malterer and C. Cameron on August 8, 1977",T. Malterer and C. Cameron,"August 8, 1977",N,N
LOTW-3316230-659,,,,"T. Malterer and C. Cameron on August 8, 1977",T. Malterer and C. Cameron,"August 8, 1977",N,N
LOTW-3316236-603,,,,"T. Malterer and C. Cameron on August 4, 1977",T. Malterer and C. Cameron,"August 4, 1977",N,N
LOTW-3316236-604,,,,"T. Malterer and C. Cameron on August 4, 1977",T. Malterer and C. Cameron,"August 4, 1977",N,N
LOTW-3316236-605,,,,"T. Malterer and C. Cameron on August 4, 1977",T. Malterer and C. Cameron,"August 4, 1977",N,N
LOTW-3316236-606,,,,"T. Malterer and C. Cameron on August 4, 1977",T. Malterer and C. Cameron,"August 4, 1977",N,N
LOTW-3316331-723,,,,"T. Malterer and C. Cameron on August 12, 1977",T. Malterer and C. Cameron,"August 12, 1977",N,N
LOTW-3415704-455,,,,"H. Mooers and L. Severson on December 4, 1980",H. Mooers and L. Severson,"December 4, 1980",N,N
LOTW-3415706-450,,,,"H. Mooers and L. Severson on December 4, 1980",H. Mooers and L. Severson,"December 4, 1980",Y,N
LOTW-3415709-846,,,,"T. Malterer and D. Riihiluoma on March 11, 1981",T. Malterer and D. Riihiluoma,"March 11, 1981",N,N
LOTW-3415709-847,,,,"T. Malterer and D. Riihiluoma on March 11, 1981",T. Malterer and D. Riihiluoma,"March 11, 1981",N,N
LOTW-3415709-848,,,,"T. Malterer and D. Riihiluoma on March 11, 1981",T. Malterer and D. Riihiluoma,"March 11, 1981",N,N
LOTW-3415710-404,,,,"D. Riihiluoma and S. Nelson on November 26, 1980",D. Riihiluoma and S. Nelson,"November 26, 1980",N,N
LOTW-3415713-406,,,,"D. Riihiluoma and S. Nelson on November 26, 1980",D. Riihiluoma and S. Nelson,"November 26, 1980",N,N
LOTW-3415714-405,,,,"S. Nelson and D. Riihiluoma on November 25, 1980",S. Nelson and D. Riihiluoma,"November 25, 1980",N,N
LOTW-3415715-403,,,,"S. Nelson and D. Riihiluoma on November 26, 1980",S. Nelson and D. Riihiluoma,"November 26, 1980",N,N
LOTW-3415719-448,,,,"H. Mooers and L. Severson on December 4, 1980",H. Mooers and L. Severson,"December 4, 1980",N,N
LOTW-3415818-793,,,,"D. Riihiluoma and H. Mooers on March 18, 1982",D. Riihiluoma and H. Mooers,"March 18, 1982",N,N
LOTW-3415830-454,,,,"H. Mooers and L. Severson on December 4, 1980",H. Mooers and L. Severson,"December 4, 1980",N,N
LOTW-3415918-508,,,,"S. Nelson and H. Mooers on December 10, 1980",S. Nelson and H. Mooers,"December 10, 1980",Y,N
LOTW-3415920-509,,,,"S. Nelson and H. Mooers on December 10, 1980",S. Nelson and H. Mooers,"December 10, 1980",N,N
LOTW-3416007-802,,,,"H. Mooers on March 18, 1982",H. Mooers,"March 18, 1982",N,N
LOTW-3416016-467,,,,"H. Mooers and S. Nelson on December 8, 1980",H. Mooers and S. Nelson,"December 8, 1980",N,N
LOTW-3416017-801,,,,"H. Mooers on March 18, 1982",H. Mooers,"March 18, 1982",N,N
LOTW-3416018-468,,,,"H. Mooers and S. Nelson on December 8, 1980",H. Mooers and S. Nelson,"December 8, 1980",Y,N
LOTW-3416024-551,,,,"D. Mellem and B. Leuelling on October 25, 1978",D. Mellem and B. Leuelling,"October 25, 1978",N,N
LOTW-3416025-552,,,,"D. Mellem and B. Leuelling on October 25, 1978",D. Mellem and B. Leuelling,"October 25, 1978",N,N
LOTW-3416030-514,,,,"S. Nelson and H. Mooers on December 10, 1980",S. Nelson and H. Mooers,"December 10, 1980",Y,N
LOTW-3416036-553,,,,"D. Mellem and B. Leuelling on October 25, 1978",D. Mellem and B. Leuelling,"October 25, 1978",N,N
LOTW-3416107-670,,,,"T. Malterer and C. Cameron on August 17, 1977",T. Malterer and C. Cameron,"August 17, 1977",N,N
LOTW-3416107-671,,,,"T. Malterer and C. Cameron on August 17, 1977",T. Malterer and C. Cameron,"August 17, 1977",N,N
LOTW-3416107-672,,,,"T. Malterer and C. Cameron on August 17, 1977",T. Malterer and C. Cameron,"August 17, 1977",N,N
LOTW-3416107-673,,,,"T. Malterer and C. Cameron on August 17, 1977",T. Malterer and C. Cameron,"August 17, 1977",N,N
LOTW-3416108-674,,,,"T. Malterer and C. Cameron on August 17, 1977",T. Malterer and C. Cameron,"August 17, 1977",N,N
LOTW-3416108-675,,,,"T. Malterer and C. Cameron on August 17, 1977",T. Malterer and C. Cameron,"August 17, 1977",N,N
LOTW-3416108-676,,,,"T. Malterer and C. Cameron on August 17, 1977",T. Malterer and C. Cameron,"August 17, 1977",N,N
LOTW-3416115-686,,,,"T. Malterer and C. Cameron on August 17, 1977",T. Malterer and C. Cameron,"August 17, 1977",N,N
LOTW-3416115-698,,,,"H. Hobbs and C. Cameron on August 13, 1977",H. Hobbs and C. Cameron,"August 13, 1977",N,N
LOTW-3416116-680,,,,"T. Malterer and C. Cameron on August 17, 1977",T. Malterer and C. Cameron,"August 17, 1977",N,N
LOTW-3416116-681,,,,"T. Malterer and C. Cameron on August 17, 1977",T. Malterer and C. Cameron,"August 17, 1977",N,N
LOTW-3416116-682,,,,"T. Malterer and C. Cameron on August 17, 1977",T. Malterer and C. Cameron,"August 17, 1977",N,N
LOTW-3416116-683,,,,"T. Malterer and C. Cameron on August 17, 1977",T. Malterer and C. Cameron,"August 17, 1977",N,N
LOTW-3416116-684,,,,"T. Malterer and C. Cameron on August 17, 1977",T. Malterer and C. Cameron,"August 17, 1977",N,N
LOTW-3416116-685,,,,"T. Malterer and C. Cameron on August 17, 1977",T. Malterer and C. Cameron,"August 17, 1977",N,N
LOTW-3416117-677,,,,"T. Malterer and C. Cameron on August 17, 1977",T. Malterer and C. Cameron,"August 17, 1977",N,N
LOTW-3416117-678,,,,"T. Malterer and C. Cameron on August 17, 1977",T. Malterer and C. Cameron,"August 17, 1977",N,N
LOTW-3416117-679,,,,"T. Malterer and C. Cameron on August 17, 1977",T. Malterer and C. Cameron,"August 17, 1977",N,N
LOTW-3416122-687,,,,"T. Malterer and C. Cameron on August 17, 1977",T. Malterer and C. Cameron,"August 17, 1977",N,N
LOTW-3416122-688,,,,"T. Malterer and C. Cameron on August 17, 1977",T. Malterer and C. Cameron,"August 17, 1977",N,N
LOTW-3416122-689,,,,"T. Malterer and C. Cameron on August 17, 1977",T. Malterer and C. Cameron,"August 17, 1977",N,N
LOTW-3416122-690,,,,"T. Malterer on August 17, 1977",T. Malterer,"August 17, 1977",N,N
LOTW-3416122-691,,,,"T. Malterer and C. Cameron on August 17, 1977",T. Malterer and C. Cameron,"August 17, 1977",N,N
LOTW-3416123-554,,,,"T. Malterer and C. Cameron on August 17, 1977",T. Malterer and C. Cameron,"August 17, 1977",N,N
LOTW-3416123-555,,,,"T. Malterer and C. Cameron on August 17, 1977",T. Malterer and C. Cameron,"August 17, 1977",N,N
LOTW-3416123-556,,,,"T. Malterer and C. Cameron on August 17, 1977",T. Malterer and C. Cameron,"August 17, 1977",N,N
LOTW-3416123-557,,,,"T. Malterer and C. Cameron on August 17, 1977",T. Malterer and C. Cameron,"August 17, 1977",N,N
LOTW-3416123-558,,,,"T. Malterer and C. Cameron on August 17, 1977",T. Malterer and C. Cameron,"August 17, 1977",N,N
LOTW-3416125-549,,,,"D. Mellem and B. Leuelling on October 25, 1978",D. Mellem and B. Leuelling,"October 25, 1978",N,N
LOTW-3416133-745,,,,"H. Mooers and D. Riihiluoma on September 24, 1980",H. Mooers and D. Riihiluoma,"September 24, 1980",N,N
LOTW-3416133-746,,,,"H. Mooers and D. Riihiluoma on September 24, 1980",H. Mooers and D. Riihiluoma,"September 24, 1980",N,N
LOTW-3416133-747,,,,"H. Mooers and D. Riihiluoma on September 24, 1980",H. Mooers and D. Riihiluoma,"September 24, 1980",N,N
LOTW-3416133-748,,,,"H. Mooers and D. Riihiluoma on September 24, 1980",H. Mooers and D. Riihiluoma,"September 24, 1980",N,N
LOTW-3416136-550,,,,"D. Mellem and B. Leuelling on October 25, 1978",D. Mellem and B. Leuelling,"October 25, 1978",N,N
LOTW-3416202-720,,,,"T. Malterer and C. Cameron on August 13, 1977",T. Malterer and C. Cameron,"August 13, 1977",N,N
LOTW-3416203-465,,,,"H. Mooers and S. Nelson on December 8, 1980",H. Mooers and S. Nelson,"December 8, 1980",Y,Y
LOTW-3416203-704,,,,"T. Malterer and C. Cameron on August 13, 1977",T. Malterer and C. Cameron,"August 13, 1977",N,N
LOTW-3416203-705,,,,"T. Malterer and C. Cameron on August 13, 1977",T. Malterer and C. Cameron,"August 13, 1977",N,N
LOTW-3416203-706,,,,"T. Malterer and C. Cameron on August 13, 1977",T. Malterer and C. Cameron,"August 13, 1977",N,N
LOTW-3416204-703,,,,"T. Malterer and C. Cameron on August 13, 1977",T. Malterer and C. Cameron,"August 13, 1977",N,N
LOTW-3416215-693,,,,"T. Malterer and C. Cameron on August 13, 1977",T. Malterer and C. Cameron,"August 13, 1977",N,N
LOTW-3416215-694,,,,"T. Malterer and C. Cameron on August 13, 1977",T. Malterer and C. Cameron,"August 13, 1977",N,N
LOTW-3416219-695,,,,"T. Malterer and C. Cameron on August 13, 1977",T. Malterer and C. Cameron,"August 13, 1977",N,N
LOTW-3416222-692,,,,"T. Malterer and C. Cameron on August 13, 1977",T. Malterer and C. Cameron,"August 13, 1977",N,N
LOTW-3416223-634,,,,"D. Mellem and C. Cameron on August 13, 1977",D. Mellem and C. Cameron,"August 13, 1977",N,N
LOTW-3416223-635,,,,"D. Mellem and C. Cameron on August 13, 1977",D. Mellem and C. Cameron,"August 13, 1977",N,N
LOTW-3416225-640,,,,"T. Malterer and C. Cameron on August 8, 1977",T. Malterer and C. Cameron,"August 8, 1977",N,N
LOTW-3416225-641,Any previous peat at this site has been burned off.,,,"T. Malterer and C. Cameron on August 8, 1977",T. Malterer and C. Cameron,"August 8, 1977",N,N
LOTW-3416225-642,,,,"T. Malterer and C. Cameron on August 8, 1977",T. Malterer and C. Cameron,"August 8, 1977",N,N
LOTW-3416225-643,,,,"T. Malterer and C. Cameron on August 8, 1977",T. Malterer and C. Cameron,"August 8, 1977",N,N
LOTW-3416225-644,,,,"T. Malterer and C. Cameron on August 8, 1977",T. Malterer and C. Cameron,"August 8, 1977",N,N
LOTW-3416225-645,,,,"T. Malterer and C. Cameron on August 8, 1977",T. Malterer and C. Cameron,"August 8, 1977",N,N
LOTW-3416225-646,,,,"T. Malterer and C. Cameron on August 8, 1977",T. Malterer and C. Cameron,"August 8, 1977",N,N
LOTW-3416225-647,,,,"T. Malterer and C. Cameron on August 8, 1977",T. Malterer and C. Cameron,"August 8, 1977",N,N
LOTW-3416225-648,,,,"T. Malterer and C. Cameron on August 8, 1977",T. Malterer and C. Cameron,"August 8, 1977",N,N
LOTW-3416225-649,,,,"T. Malterer and C. Cameron on August 8, 1977",T. Malterer and C. Cameron,"August 8, 1977",N,N
LOTW-3416225-650,,,,"T. Malterer and C. Cameron on August 8, 1977",T. Malterer and C. Cameron,"August 8, 1977",N,N
LOTW-3416225-651,,,,"T. Malterer and C. Cameron on August 8, 1977",T. Malterer and C. Cameron,"August 8, 1977",N,N
LOTW-3416225-652,,,,"T. Malterer and C. Cameron on August 8, 1977",T. Malterer and C. Cameron,"August 8, 1977",N,N
LOTW-3416225-653,,,,"T. Malterer and C. Cameron on August 8, 1977",T. Malterer and C. Cameron,"August 8, 1977",N,N
LOTW-3416226-466,,,,"H. Mooers and S. Nelson on December 8, 1980",H. Mooers and S. Nelson,"December 8, 1980",N,N
LOTW-3416232-697,,,,"T. Malterer and C. Cameron on August 13, 1977",T. Malterer and C. Cameron,"August 13, 1977",N,N
LOTW-3416303-702,,,,"T. Malterer and C. Cameron on August 13, 1977",T. Malterer and C. Cameron,"August 13, 1977",N,N
LOTW-3416309-701,,,,"T. Malterer and C. Cameron on August 13, 1977",T. Malterer and C. Cameron,"August 13, 1977",N,N
LOTW-3416318-700,,,,"T. Malterer and C. Cameron on August 13, 1977",T. Malterer and C. Cameron,"August 13, 1977",N,N
LOTW-3416319-699,,,,"T. Malterer and C. Cameron on August 13, 1977",T. Malterer and C. Cameron,"August 13, 1977",N,N
LOTW-3416323-709,,,,"H. Hobbs and C. Cameron on August 15, 1977",H. Hobbs and C. Cameron,"August 15, 1977",N,N
LOTW-3416323-710,,,,"H. Hobbs and C. Cameron on August 15, 1977",H. Hobbs and C. Cameron,"August 15, 1977",N,N
LOTW-3416323-711,,,,"H. Hobbs and C. Cameron on August 15, 1977",H. Hobbs and C. Cameron,"August 15, 1977",N,N
LOTW-3416325-713,,,,"H. Hobbs and C. Cameron on August 15, 1977",H. Hobbs and C. Cameron,"August 15, 1977",N,N
LOTW-3416325-714,,,,"H. Hobbs and C. Cameron on August 15, 1977",H. Hobbs and C. Cameron,"August 15, 1977",N,N
LOTW-3416325-715,,,,"H. Hobbs and C. Cameron on August 15, 1977",H. Hobbs and C. Cameron,"August 15, 1977",N,N
LOTW-3416326-712,,,,"H. Hobbs and C. Cameron on August 15, 1977",H. Hobbs and C. Cameron,"August 15, 1977",N,N
LOTW-3416326-716,,,,"H. Hobbs and C. Cameron on August 15, 1977",H. Hobbs and C. Cameron,"August 15, 1977",N,N
LOTW-3416326-717,,,,"H. Hobbs and C. Cameron on August 15, 1977",H. Hobbs and C. Cameron,"August 15, 1977",N,N
LOTW-3416326-718,,,,"H. Hobbs and C. Cameron on August 15, 1977",H. Hobbs and C. Cameron,"August 15, 1977",N,N
LOTW-3416326-719,,,,"H. Hobbs and C. Cameron on August 15, 1977è",H. Hobbs and C. Cameron,"August 15, 1977è",N,N
LOTW-3416327-707,,,,"H. Hobbs and C. Cameron on August 15, 1977",H. Hobbs and C. Cameron,"August 15, 1977",N,N
LOTW-3416335-721,,,,"T. Malterer and C. Cameron on August 13, 1977",T. Malterer and C. Cameron,"August 13, 1977",N,N
LOTW-3416435-708,,,,"T. Malterer and C. Cameron on August 13, 1977",T. Malterer and C. Cameron,"August 13, 1977",N,N
LOTW-3515703-771,,,,"D. Riihiluoma and H. Mooers on March 17, 1982",D. Riihiluoma and H. Mooers,"March 17, 1982",N,N
LOTW-3515705-440,,,,"H. Mooers and L. Severson on December 4, 1980",H. Mooers and L. Severson,"December 4, 1980",N,N
LOTW-3515709-441,,,,"H. Mooers and L. Severson on December 4, 1980",H. Mooers and L. Severson,"December 4, 1980",N,N
LOTW-3515712-449,,,,"H. Mooers and L. Severson on December 4, 1980",H. Mooers and L. Severson,"December 4, 1980",N,N
LOTW-3515714-770,,,,"D. Riihiluoma and H. Mooers on March 17, 1982",D. Riihiluoma and H. Mooers,"March 17, 1982",N,N
LOTW-3515722-446,,,,"H. Mooers and L. Severson on December 4, 1980",H. Mooers and L. Severson,"December 4, 1980",N,N
LOTW-3515725-447,,,,"H. Mooers and L. Severson on December 4, 1980",H. Mooers and L. Severson,"December 4, 1980",Y,N
LOTW-3515726-769,,,,"D. Riihiluoma and H. Mooers on March 17, 1982",D. Riihiluoma and H. Mooers,"March 17, 1982",N,N
LOTW-3515728-442,,,,"H. Mooers and L. Severson on December 4, 1980",H. Mooers and L. Severson,"December 4, 1980",N,N
LOTW-3515732-443,,,,"H. Mooers and L. Severson on December 4, 1980",H. Mooers and L. Severson,"December 4, 1980",N,N
LOTW-3515804-782,,,,"D. Riihiluoma and H. Mooers on March 17, 1982",D. Riihiluoma and H. Mooers,"March 17, 1982",N,N
LOTW-3515804-783,,,,"H. Mooers and D. Riihiluoma on March 18, 1982",H. Mooers and D. Riihiluoma,"March 18, 1982",N,N
LOTW-3515804-784,,,,"D. Riihiluoma and H. Mooers on March 18, 1982",D. Riihiluoma and H. Mooers,"March 18, 1982",N,N
LOTW-3515806-484,,,,"H. Mooers and S. Nelson on December 9, 1980",H. Mooers and S. Nelson,"December 9, 1980",N,N
LOTW-3515806-786,,,,"D. Riihiluoma and H. Mooers on March 18, 1982",D. Riihiluoma and H. Mooers,"March 18, 1982",N,N
LOTW-3515806-792,120-360cm has snails but it looks like peat; area appears to be an old beaver pond,,,"D. Riihiluoma and H. Mooers on March 18, 1982",D. Riihiluoma and H. Mooers,"March 18, 1982",N,N
LOTW-3515807-781,,,,"D. Riihiluoma and H. Mooers on March 17, 1982",D. Riihiluoma and H. Mooers,"March 17, 1982",N,N
LOTW-3515808-483,,,,"H. Mooers and S. Nelson on December 9, 1980",H. Mooers and S. Nelson,"December 9, 1980",N,N
LOTW-3515809-480,,,,"H. Mooers and S. Nelson  on December 9, 1980",H. Mooers and S. Nelson,"December 9, 1980",N,N
LOTW-3515809-481,,,,"H. Mooers and S. Nelson on December 9, 1980",H. Mooers and S. Nelson,"December 9, 1980",Y,N
LOTW-3515813-510,,,,"S. Nelson and H. Mooers on December 10, 1980",S. Nelson and H. Mooers,"December 10, 1980",N,N
LOTW-3515816-451,,,,"H. Mooers and L. Severson on December 4, 1980",H. Mooers and L. Severson,"December 4, 1980",N,N
LOTW-3515817-482,,,,"H. Mooers and S. Nelson on December 9, 1980",H. Mooers and S. Nelson,"December 9, 1980",N,N
LOTW-3515823-452,,,,"H. Mooers and L. Severson on December 4, 1980",H. Mooers and L. Severson,"December 4, 1980",N,N
LOTW-3515825-453,,,,"H. Mooers and L. Severson on December 4, 1980",H. Mooers and L. Severson,"December 4, 1980",N,N
LOTW-3515911-479,,,,"H. Mooers and S. Nelson on December 9, 1980",H. Mooers and S. Nelson,"December 9, 1980",N,N
LOTW-3515911-513,,,,"S. Nelson and H. Mooers on December 10, 1980",S. Nelson and H. Mooers,"December 10, 1980",N,N
LOTW-3515913-512,,,,"S. Nelson and H. Mooers on December 10, 1980",S. Nelson and H. Mooers,"December 10, 1980",N,N
LOTW-3515914-511,,,,"S. Nelson and H. Mooers on December 10, 1980",S. Nelson and H. Mooers,"December 10, 1980",N,N
LOTW-3515931-787,,,,"D. Riihiluoma and H. Mooers on March 17, 1982",D. Riihiluoma and H. Mooers,"March 17, 1982",N,N
LOTW-3515931-788,,,,"D. Riihiluoma and H. Mooers on March 18, 1982",D. Riihiluoma and H. Mooers,"March 18, 1982",N,N
LOTW-3515932-785,,,,"D. Riihiluoma and H. Mooers on March 18, 1982",D. Riihiluoma and H. Mooers,"March 18, 1982",N,N
LOTW-3516001-469,,,,"H. Mooers and S. Nelson on December 8, 1980",H. Mooers and S. Nelson,"December 8, 1980",N,N
LOTW-3516004-765,,,,"D. Riihiluoma and H. Mooers on March 15, 1982",D. Riihiluoma and H. Mooers,"March 15, 1982",N,N
LOTW-3516005-474,,,,"H. Mooers and S. Nelson on December 8, 1980",H. Mooers and S. Nelson,"December 8, 1980",Y,N
LOTW-3516007-475,,,,"H. Mooers and S. Nelson on December 8, 1980",H. Mooers and S. Nelson,"December 8, 1980",N,N
LOTW-3516010-472,,,,"H. Mooers and S. Nelson on December 8, 1980",H. Mooers and S. Nelson,"December 8, 1980",N,N
LOTW-3516010-804,,,,"H. Mooers on March 18, 1982",H. Mooers,"March 18, 1982",N,N
LOTW-3516011-471,,,,"H. Mooers and S. Nelson on December 8, 1980",H. Mooers and S. Nelson,"December 8, 1980",N,N
LOTW-3516013-470,,,,"H. Mooers and S. Nelson on December 8, 1980",H. Mooers and S. Nelson,"December 8, 1980",N,N
LOTW-3516013-803,,,,"H. Mooers on March 18, 1982",H. Mooers,"March 18, 1982",N,N
LOTW-3516022-805,,,,"H. Mooers on March 18, 1982",H. Mooers,"March 18, 1982",N,N
LOTW-3516028-507,,,,"S. Nelson and H. Mooers on December 10, 1983",S. Nelson and H. Mooers,"December 10, 1983",N,N
LOTW-3615903-492,,,,"S. Nelson and H. Mooers on December 9, 1980",S. Nelson and H. Mooers,"December 9, 1980",N,N
LOTW-3615903-493,,,,"S. Nelson and H. Mooers on December 9, 1980",S. Nelson and H. Mooers,"December 9, 1980",N,N
LOTW-3615905-494,,,,"S. Nelson and H. Mooers on December 9, 1980",S. Nelson and H. Mooers,"December 9, 1980",N,N
LOTW-3615925-789,,,,"D. Riihiluoma and H. Mooers on March 18, 1982",D. Riihiluoma and H. Mooers,"March 18, 1982",N,N
LOTW-3615926-790,,,,"D. Riihiluoma and H. Mooers on March 18, 1982",D. Riihiluoma and H. Mooers,"March 18, 1982",N,N
LOTW-3615927-775,,,,"D. Riihiluoma and H. Mooers on March 17, 1982",D. Riihiluoma and H. Mooers,"March 17, 1982",N,N
LOTW-3615928-774,,,,"D. Riihiluoma and H. Mooers on March 17, 1982",D. Riihiluoma and H. Mooers,"March 17, 1982",N,N
LOTW-3615932-490,,,,"H. Mooers and S. Nelson on December 9, 1980",H. Mooers and S. Nelson,"December 9, 1980",N,N
LOTW-3615933-489,,,,"H. Mooers and S. Nelson on December 9, 1980",H. Mooers and S. Nelson,"December 9, 1980",N,N
LOTW-3615934-487,,,,"H. Mooers and S. Nelson on December 9, 1980",H. Mooers and S. Nelson,"December 9, 1980",N,N
LOTW-3615934-776,,,,"D. Riihiluoma and H. Mooers on March 17, 1982",D. Riihiluoma and H. Mooers,"March 17, 1982",N,N
LOTW-3615934-777,,,,"D. Riihiluoma and H. Mooers on March 17, 1982",D. Riihiluoma and H. Mooers,"March 17, 1982",N,N
LOTW-3615935-791,,,,"D. Riihiluoma and H. Mooers on March 18, 1982",D. Riihiluoma and H. Mooers,"March 18, 1982",N,N
LOTW-3615936-486,,,,"S. Nelson and H. Mooers on December 9, 1980",S. Nelson and H. Mooers,"December 9, 1980",N,N
LOTW-3616001-763,,,,"D. Riihiluoma and H. Mooers on March 15, 1982",D. Riihiluoma and H. Mooers,"March 15, 1982",N,N
LOTW-3616003-503,,,,"S. Nelson and H. Mooers on December 10, 1980",S. Nelson and H. Mooers,"December 10, 1980",N,N
LOTW-3616009-497,,,,"H. Mooers and S. Nelson on December 9, 1980",H. Mooers and S. Nelson,"December 9, 1980",N,N
LOTW-3616010-504,,,,"S. Nelson and H. Mooers on December 10, 1980",S. Nelson and H. Mooers,"December 10, 1980",N,N
LOTW-3616011-476,,,,"H. Mooers and S. Nelson on December 8, 1980",H. Mooers and S. Nelson,"December 8, 1980",N,N
LOTW-3616014-506,,,,"S. Nelson and H. Mooers on December 10, 1980",S. Nelson and H. Mooers,"December 10, 1980",N,N
LOTW-3616015-505,,,,"S. Nelson and H. Mooers on December 10, 1980",S. Nelson and H. Mooers,"December 10, 1980",N,N
LOTW-3616017-496,,,,"S. Nelson and H. Mooers on December 9, 1980",S. Nelson and H. Mooers,"December 9, 1980",N,N
LOTW-3616027-761,,,,"D. Riihiluoma and H. Mooers on March 15, 1982",D. Riihiluoma and H. Mooers,"March 15, 1982",N,N
LOTW-3616033-495,,,,"S. Nelson and H. Mooers on December 9, 1980",S. Nelson and H. Mooers,"December 9, 1980",N,N
LOTW-3616033-762,,,,"D. Riihiluoma and H. Mooers on March 15, 1982",D. Riihiluoma and H. Mooers,"March 15, 1982",N,N
LOTW-3616035-477,,,,"H. Mooers and S. Nelson on December 8, 1980",H. Mooers and S. Nelson,"December 8, 1980",N,N
LOTW-3616036-478,,,,"H. Mooers and S. Nelson on December 8, 1980",H. Mooers and S. Nelson,"December 8, 1980",N,N
MARS-3915515-18,,,,"C. Buttleman and D. Riihiluoma on August 1, 1983",C. Buttleman and D. Riihiluoma,"August 1, 1983",N,N
MARS-3915515-19,,,,"D. Riihiluoma and C. Buttleman on August 1, 1983",D. Riihiluoma and C. Buttleman,"August 1, 1983",N,N
MARS-3915515-20,,,,"C. Buttleman and D. Riihiluoma on August 1, 1983",C. Buttleman and D. Riihiluoma,"August 1, 1983",N,N
MARS-3915516-21,,,,"D. Riihiluoma and C. Buttleman on August 1, 1983",D. Riihiluoma and C. Buttleman,"August 1, 1983",N,N
MARS-3915518-22,,,,"D. Riihiluoma and C. Buttleman on August 2, 1983",D. Riihiluoma and C. Buttleman,"August 2, 1983",N,N
MARS-3915518-23,,,,"C. Buttleman and D. Riihiluoma on August 2, 1983",C. Buttleman and D. Riihiluoma,"August 2, 1983",N,N
MARS-4015619-62,,,,"S. Nelson Russell, P. Geiselman on October 18, 1994","S. Nelson Russell, P. Geiselman","October 18, 1994",N,N
MARS-4015619-63,,,,"S. Nelson Russell, P. Geiselman on October 18, 1994","S. Nelson Russell, P. Geiselman","October 18, 1994",N,N
MARS-4015619-64,,,,"S. Nelson Russell, P. Geiselman on October 18, 1994","S. Nelson Russell, P. Geiselman","October 18, 1994",N,N
MARS-4015619-65,,,,"S. Nelson Russell, P. Geiselman on October 18, 1994","S. Nelson Russell, P. Geiselman","October 18, 1994",N,N
MARS-4015620-56,,,,"S. Nelson Russell, P. Geiselman on October 18, 1994","S. Nelson Russell, P. Geiselman","October 18, 1994",N,N
MARS-4015620-57,,,,"S. Nelson Russell, P. Geiselman on October 18, 1994","S. Nelson Russell, P. Geiselman","October 18, 1994",N,N
MARS-4015620-58,,,,"S. Nelson Russell, P. Geiselman on October 18, 1994","S. Nelson Russell, P. Geiselman","October 18, 1994",N,N
MARS-4015620-59,,,,"S. Nelson Russell, P. Geiselman on October 18, 1994","S. Nelson Russell, P. Geiselman","October 18, 1994",N,N
MARS-4015620-60,,,,"S. Nelson Russell, P. Geiselman on October 18, 1994","S. Nelson Russell, P. Geiselman","October 18, 1994",N,N
MARS-4015620-61,,,,"S. Nelson Russell, P. Geiselman on October 18, 1994","S. Nelson Russell, P. Geiselman","October 18, 1994",N,N
MARS-4215528-33,,Peat dryer than normal,,"S. Nelson, C. Buttleman, and J. Jordan on April 1, 1992","S. Nelson, C. Buttleman, and J. Jordan","April 1, 1992",N,N
MARS-4215528-34,,Peat dryer than normal,,"S. Nelson, C. Buttleman, and J. Jordan on April 1, 1992","S. Nelson, C. Buttleman, and J. Jordan","April 1, 1992",N,N
MARS-4215528-35,,Peat dryer than normal,,"S. Nelson, J. Jordan, and C. Buttleman on April 1, 1992","S. Nelson, J. Jordan, and C. Buttleman","April 1, 1992",N,N
MARS-4215528-36,,Peat dryer than normal,,"S. Nelson, C. Buttleman, and J. Jordan on April 1, 1992","S. Nelson, C. Buttleman, and J. Jordan","April 1, 1992",N,N
MARS-4215528-37,,Peat dryer than normal,,"S. Nelson, C. Buttleman, and J. Jordan on April 1, 1992","S. Nelson, C. Buttleman, and J. Jordan","April 1, 1992",N,N
MARS-4215528-38,,Peat dryer than normal,,"S. Nelson, C. Buttleman, and J. Jordan on April 1, 1992","S. Nelson, C. Buttleman, and J. Jordan","April 1, 1992",N,N
MARS-4415406-11,,,,"S. Nelson and D. Riihiluoma on March 16, 1983",S. Nelson and D. Riihiluoma,"March 16, 1983",N,N
MARS-4415406-12,,,,"S. Nelson and D. Riihiluoma on March 16, 1983",S. Nelson and D. Riihiluoma,"March 16, 1983",N,N
MARS-4415406-17,,,,"S. Nelson and D. Riihiluoma on March 16, 1983",S. Nelson and D. Riihiluoma,"March 16, 1983",N,N
MARS-4415408-13,,,,"S. Nelson and D. Riihiluoma on March 16, 1983",S. Nelson and D. Riihiluoma,"March 16, 1983",N,N
MARS-4415408-14,,,,"S. Nelson and D. Riihiluoma on March 16, 1983",S. Nelson and D. Riihiluoma,"March 16, 1983",N,N
MARS-4415408-15,,,,"S. Nelson and D. Riihiluoma on March 16, 1983",S. Nelson and D. Riihiluoma,"March 16, 1983",N,N
MARS-4415408-16,,,,"S. Nelson and D. Riihiluoma on March 16, 1983",S. Nelson and D. Riihiluoma,"March 16, 1983",N,N
MARS-4415532-10,,,,"S. Nelson and D. Riihiluoma on March 16, 1983",S. Nelson and D. Riihiluoma,"March 16, 1983",N,N
MARS-4415701-85,,,,"S. Nelson Russell and P. Gieselman on June 28, 1995",S. Nelson Russell and P. Gieselman,"June 28, 1995",N,N
MARS-4415701-86,,,,"S. Nelson Russell and P. Gieselman on June 28, 1995",S. Nelson Russell and P. Gieselman,"June 28, 1995",N,N
MARS-4415701-87,,,,"S. Nelson Russell and P. Gieselman on June 28, 1995",S. Nelson Russell and P. Gieselman,"June 28, 1995",N,N
MARS-4415701-88,,,,"S. Nelson Russell and P. Gieselman on June 28, 1995",S. Nelson Russell and P. Gieselman,"June 28, 1995",N,N
MARS-4415701-89,,,,"S. Nelson Russell and P. Gieselman on June 28, 1995",S. Nelson Russell and P. Gieselman,"June 28, 1995",N,N
MARS-4415701-90,,,,"S. Nelson Russell and P. Gieselman on June 28, 1995",S. Nelson Russell and P. Gieselman,"June 28, 1995",N,N
MARS-4415702-39,,,,"S. Nelson Russell, C. Buttleman, J. Jordan on September 20, 1994","S. Nelson Russell, C. Buttleman, J. Jordan","September 20, 1994",N,N
MARS-4415702-40,,,,"S. Nelson Russell, C. Buttleman, J. Jordan on Sept. 20, 1994","S. Nelson Russell, C. Buttleman, J. Jordan","Sept. 20, 1994",N,N
MARS-4415702-41,,,,"S. Nelson Russell, C. Buttleman, J. Jordan on Sept. 20, 1994","S. Nelson Russell, C. Buttleman, J. Jordan","Sept. 20, 1994",N,N
MARS-4415710-24,,Peat very dry,,"S. Nelson, J. Jordan, and C. Buttleman on March 31, 1992","S. Nelson, J. Jordan, and C. Buttleman","March 31, 1992",N,N
MARS-4415710-25,,Peat very dry,,"S. Nelson, J. Jordan, and C. Buttleman on March 31, 1992","S. Nelson, J. Jordan, and C. Buttleman","March 31, 1992",N,N
MARS-4415710-26,Sample from 60-110cm was so dry we could not get the sampler through--we had to use the auger.  So the sample depth breakpoint between S6 and C6 is our best estimate.,60-110cm peat completely dry; 110-145cm peat very dry,,"S. Nelson, J. Jordan, and C. Buttleman on March 31, 1992","S. Nelson, J. Jordan, and C. Buttleman","March 31, 1992",N,N
MARS-4415710-27,,Peat very dry,,"S. Nelson, J. Jordan, and C. Buttleman on March 31, 1992","S. Nelson, J. Jordan, and C. Buttleman","March 31, 1992",N,N
MARS-4415710-28,,Peat very dry,,"S. Nelson, J. Jordan, and C. Buttleman on March 31, 1992","S. Nelson, J. Jordan, and C. Buttleman","March 31, 1992",N,N
MARS-4415710-29,,Peat very dry,,"S. Nelson, J. Jordan, and C. Buttleman on March 31, 1992","S. Nelson, J. Jordan, and C. Buttleman","March 31, 1992",N,N
MARS-4415710-30,,Peat very dry,,"S. Nelson, C. Buttleman, and J. Jordan on March 31, 1992","S. Nelson, C. Buttleman, and J. Jordan","March 31, 1992",N,N
MARS-4415710-31,,Peat very dry,,"S. Nelson, C. Buttleman, and J. Jordan on March 31, 1992","S. Nelson, C. Buttleman, and J. Jordan","March 31, 1992",N,N
MARS-4415710-32,,Peat very dry,,"S. Nelson, C. Buttleman, and J. Jordan on March 31, 1992","S. Nelson, C. Buttleman, and J. Jordan","March 31, 1992",N,N
MARS-4415710-76,,Peat drier than normal,,"S. Nelson Russell, C. Buttleman, and P. Gieselman on June 27, 1995","S. Nelson Russell, C. Buttleman, and P. Gieselman","June 27, 1995",N,N
MARS-4415710-77,,Peat drier than normal,,"S. Nelson Russell, C. Buttleman, and P. Gieselman on June 27, 1995","S. Nelson Russell, C. Buttleman, and P. Gieselman","June 27, 1995",N,N
MARS-4415710-78,,Peat drier than normal,,"S. Nelson Russell, C. Buttleman, and P. Gieselman on June 27, 1995","S. Nelson Russell, C. Buttleman, and P. Gieselman","June 27, 1995",N,N
MARS-4415710-79,,Peat drier than normal,,"S. Nelson Russell, C. Buttleman, and P. Gieselman on June 27, 1995","S. Nelson Russell, C. Buttleman, and P. Gieselman","June 27, 1995",N,N
MARS-4415710-80,,Peat drier than normal,,"S. Nelson Russell, C. Buttleman, and P. Gieselman on June 27, 1995","S. Nelson Russell, C. Buttleman, and P. Gieselman","June 27, 1995",N,N
MARS-4415710-81,,Peat drier than normal,,"S. Nelson Russell, C. Buttleman, and P. Gieselman on June 27, 1995","S. Nelson Russell, C. Buttleman, and P. Gieselman","June 27, 1995",N,N
MARS-4415710-82,,Peat very dry,,"S. Nelson Russell, C. Buttleman, and P. Gieselman on June 27, 1995","S. Nelson Russell, C. Buttleman, and P. Gieselman","June 27, 1995",N,N
MARS-4415710-83,,Peat drier than normal,,"S. Nelson Russell, C. Buttleman, and P. Gieselman on June 27, 1995","S. Nelson Russell, C. Buttleman, and P. Gieselman","June 27, 1995",N,N
MARS-4415710-84,,,,"S. Nelson Russell, C. Buttleman, and P. Gieselman on June 27, 1995","S. Nelson Russell, C. Buttleman, and P. Gieselman","June 27, 1995",N,N
MARS-4415711-46,,,,"S. Nelson Russell, Pat Geiselman on October 17, 1994","S. Nelson Russell, Pat Geiselman","October 17, 1994",N,N
MARS-4415711-66,,,,"S. Nelson Russell, P. Geiselman on October 19, 1994","S. Nelson Russell, P. Geiselman","October 19, 1994",N,N
MARS-4415711-67,,,,"S. Nelson Russell, P. Geiselman on October 19, 1994","S. Nelson Russell, P. Geiselman","October 19, 1994",N,N
MARS-4415711-91,,Peat drier than normal,,"S. Nelson Russell and P. Gieselman on June 28, 1995",S. Nelson Russell and P. Gieselman,"June 28, 1995",N,N
MARS-4415711-92,,,,"S. Nelson Russell and P. Gieselman on June 28, 1995",S. Nelson Russell and P. Gieselman,"June 28, 1995",N,N
MARS-4415711-93,,,,"S. Nelson Russell and P. Gieselman on June 28, 1995",S. Nelson Russell and P. Gieselman,"June 28, 1995",N,N
MARS-4415711-94,,,,"S. Nelson Russell, C. Buttleman, and P. Gieselman on June 28, 1995","S. Nelson Russell, C. Buttleman, and P. Gieselman","June 28, 1995",N,N
MARS-4415711-95,,,,"S. Nelson Russell, C. Buttleman, and P. Gieselman on June 28, 1995","S. Nelson Russell, C. Buttleman, and P. Gieselman","June 28, 1995",N,N
MARS-4415711-96,,,,"S. Nelson Russell, C. Buttleman, and P. Gieselman on June 28, 1995","S. Nelson Russell, C. Buttleman, and P. Gieselman","June 28, 1995",N,N
MARS-4415711-97,,,,"S. Nelson Russell, C. Buttleman, and P. Gieselman on June 28, 1995","S. Nelson Russell, C. Buttleman, and P. Gieselman","June 28, 1995",N,N
MARS-4415711-98,,,,"S. Nelson Russell, C. Buttleman, and P. Gieselman on June 28, 1995","S. Nelson Russell, C. Buttleman, and P. Gieselman","June 28, 1995",N,N
MARS-4415712-42,,,,"S. Nelson Russell, C. Buttleman, J. Jordan on Sept. 20, 1994","S. Nelson Russell, C. Buttleman, J. Jordan","Sept. 20, 1994",N,N
MARS-4415712-43,,,,"S. Nelson Russell, P. Geiselman on October 17, 1994","S. Nelson Russell, P. Geiselman","October 17, 1994",N,N
MARS-4415712-44,,,,"S. Nelson Russell, P. Geiselman on October 17, 1994","S. Nelson Russell, P. Geiselman","October 17, 1994",N,N
MARS-4415712-45,,,,"S. Nelson Russell, P. Geiselman on October 17, 1994","S. Nelson Russell, P. Geiselman","October 17, 1994",N,N
MARS-4415712-47,,,,"S. Nelson Russell, P. Geiselman on October 17, 1994","S. Nelson Russell, P. Geiselman","October 17, 1994",N,N
MARS-4415712-48,,,,"S. Nelson Russell, P. Geiselman on October 17, 1994","S. Nelson Russell, P. Geiselman","October 17, 1994",N,N
MARS-4415712-49,,,,"S. Nelson Russell, P. Geiselman on October 17, 1994","S. Nelson Russell, P. Geiselman","October 17, 1994",N,N
MARS-4415712-50,,,,"S. Nelson Russell, P. Geiselman on October 17, 1994","S. Nelson Russell, P. Geiselman","October 17, 1994",N,N
MARS-4415712-51,,,,"S. Nelson Russell, P. Geiselman on October 17, 1994","S. Nelson Russell, P. Geiselman","October 17, 1994",N,N
MARS-4415712-52,,,,"S. Nelson Russell, P. Geiselman on October 17, 1994","S. Nelson Russell, P. Geiselman","October 17, 1994",N,N
MARS-4415712-53,,,,"S. Nelson Russell, P. Geiselman on October 17, 1994","S. Nelson Russell, P. Geiselman","October 17, 1994",N,N
MARS-4415712-54,,,,"S. Nelson Russell, P. Geiselman on October 17, 1994","S. Nelson Russell, P. Geiselman","October 17, 1994",N,N
MARS-4415712-55,,,,"S. Nelson Russell, P. Geiselman on October 17, 1994","S. Nelson Russell, P. Geiselman","October 17, 1994",N,N
MARS-4415715-68,,Peat very dry,,"S. Nelson Russell, C. Buttleman, and P. Gieselman on June 27, 1995","S. Nelson Russell, C. Buttleman, and P. Gieselman","June 27, 1995",N,N
MARS-4415715-69,,Peat drier than normal,,"S. Nelson Russell, C. Buttleman, and P. Gieselman on June 27, 1995","S. Nelson Russell, C. Buttleman, and P. Gieselman","June 27, 1995",N,N
MARS-4415715-70,,,,"S. Nelson Russell, C. Buttleman, and P. Gieselman on June 27, 1995","S. Nelson Russell, C. Buttleman, and P. Gieselman","June 27, 1995",N,N
MARS-4415715-71,,,,"S. Nelson Russell, C. Buttleman, and P. Gieselman on June 27, 1995","S. Nelson Russell, C. Buttleman, and P. Gieselman","June 27, 1995",N,N
MARS-4415715-72,,,,"S. Nelson Russell, C. Buttleman, and P. Gieselman on June 27, 1995","S. Nelson Russell, C. Buttleman, and P. Gieselman","June 27, 1995",N,N
MARS-4415715-73,,,,"S. Nelson Russell, C. Buttleman, and P. Gieselman on June 27, 1995","S. Nelson Russell, C. Buttleman, and P. Gieselman","June 27, 1995",N,N
MARS-4415715-74,,,,"S. Nelson Russell, C. Buttleman, and P. Gieselman on June 27, 1995","S. Nelson Russell, C. Buttleman, and P. Gieselman","June 27, 1995",N,N
MARS-4415715-75,,,,"S. Nelson Russell, C. Buttleman, and P. Gieselman on June 27, 1995","S. Nelson Russell, C. Buttleman, and P. Gieselman","June 27, 1995",N,N
MARS-4415814-5,,,,"D. Riihiluoma and S. Nelson on March 17, 1983",D. Riihiluoma and S. Nelson,"March 17, 1983",N,N
MARS-4415814-6,,,,"D. Riihiluoma and S. Nelson on March 17, 1983",D. Riihiluoma and S. Nelson,"March 17, 1983",N,N
MARS-4415814-7,,,,"D. Riihiluoma and S. Nelson on March 17, 1983",D. Riihiluoma and S. Nelson,"March 17, 1983",N,N
MARS-4415814-8,,,,"D. Riihiluoma and S. Nelson on March 17, 1983",D. Riihiluoma and S. Nelson,"March 17, 1983",N,N
MARS-4415815-3,,,,"D. Riihiluoma and S. Nelson on March 17, 1983",D. Riihiluoma and S. Nelson,"March 17, 1983",N,N
MARS-4415816-2,,,,"S. Nelson and D. Riihiluoma on March 17, 1983",S. Nelson and D. Riihiluoma,"March 17, 1983",N,N
MARS-4415818-9,,,,"D. Riihiluoma and S. Nelson on March 18, 1983",D. Riihiluoma and S. Nelson,"March 18, 1983",N,N
MARS-4415822-1,,,,"D. Riihiluoma and S. Nelson on March 17, 1983",D. Riihiluoma and S. Nelson,"March 17, 1983",N,N
MARS-4415822-4,,,,"D. Riihiluoma and S. Nelson on March 17, 1983",D. Riihiluoma and S. Nelson,"March 17, 1983",N,N
MILL-2504236-2,Hit several stumps,,,"D. Riihiluoma and S. Nelson on June 14, 1984",D. Riihiluoma and S. Nelson,"June 14, 1984",N,N
MILL-2504236-3,Hit several stumps,,,"D. Riihiluoma and S. Nelson on June 14, 1984",D. Riihiluoma and S. Nelson,"June 14, 1984",N,N
MILL-2504236-4,Hit several stumps,,,"D. Riihiluoma and S. Nelson on June 14, 1984",D. Riihiluoma and S. Nelson,"June 14, 1984",N,N
MILL-2504236-5,,,,"D. Riihiluoma and S. Nelson on June 14, 1984",D. Riihiluoma and S. Nelson,"June 14, 1984",N,N
MILL-2504325-1,,,,"G. Gabanski and S. Nelson on July 2, 1980",G. Gabanski and S. Nelson,"July 2, 1980",N,N
MILL-2604233-6,,,,"D. Riihiluoma and S. Nelson on June 14, 1984",D. Riihiluoma and S. Nelson,"June 14, 1984",N,N
MILL-2604233-7,,,,"D. Riihiluoma and S. Nelson on June 14, 1984",D. Riihiluoma and S. Nelson,"June 14, 1984",N,N
MILL-2604233-8,,,,"D. Riihiluoma and S. Nelson on June 14, 1984",D. Riihiluoma and S. Nelson,"June 14, 1984",N,N
PINE-1704530-A+2100+250,Elevation site only,,,"E. Berglund on July 23, 1987",E. Berglund,"July 23, 1987",N,N
PINE-1704530-A+2100+300,DNR performed Btu and sulfur analysis,,,"M. Oberhelman and P. Geiselman on June 16, 1987",M. Oberhelman and P. Geiselman,"June 16, 1987",Y,Y
PINE-1704530-A+2100+400,No limnic,,,"P. Geiselman and D. Riihiluoma on June 4, 1987",P. Geiselman and D. Riihiluoma,"June 4, 1987",N,N
PINE-1704530-A+2100+450,No limnic,,,"P. Geiselman and D. Riihiluoma on June 4, 1987",P. Geiselman and D. Riihiluoma,"June 4, 1987",N,N
PINE-1704530-A+2100+500,Upland is approximately 50 meters beyond this site,,,"P. Geiselman and D. Riihiluoma on June 4, 1987",P. Geiselman and D. Riihiluoma,"June 4, 1987",N,N
PINE-1704530-A+2200+250,No limnic,,,"P. Geiselman and D. Riihiluoma on June 4, 1987",P. Geiselman and D. Riihiluoma,"June 4, 1987",N,N
PINE-1704530-A+2200+450,,,,"P. Geiselman and D. Riihiluoma on June 4, 1987",P. Geiselman and D. Riihiluoma,"June 4, 1987",N,N
PINE-1704530-A+2300+250,,,,"M. Oberhelman and P. Geiselman on June 16, 1987",M. Oberhelman and P. Geiselman,"June 16, 1987",N,N
PINE-1704530-A+2300+450,,,,"M. Oberhelman and P. Geiselman on June 16, 1987",M. Oberhelman and P. Geiselman,"June 16, 1987",N,N
PINE-1704530-A+2350+250,No limnic,,,"P. Geiselman and D. Riihiluoma on June 4, 1987",P. Geiselman and D. Riihiluoma,"June 4, 1987",N,N
PINE-1704530-A+2350+450,No limnic,,,"P. Geiselman and D. Riihiluoma on June 4, 1987",P. Geiselman and D. Riihiluoma,"June 4, 1987",N,N
PINE-1704530-A+2400+250,,,,"P. Geiselman and D. Riihiluoma on June 4, 1987",P. Geiselman and D. Riihiluoma,"June 4, 1987",N,N
PINE-1704530-A+2400+450,,,,"P. Geiselman and D. Riihiluoma on June 4, 1987",P. Geiselman and D. Riihiluoma,"June 4, 1987",N,N
PINE-1704531-A+1700+-0,,,,"P. Geiselman, D. Riihiluoma, and M. Oberhelman on June 2, 1987","P. Geiselman, D. Riihiluoma, and M. Oberhelman","June 2, 1987",N,N
PINE-1704531-A+1800+-0,No limnic,,,"M. Oberhelman and P. Geiselman on June 16, 1987",M. Oberhelman and P. Geiselman,"June 16, 1987",N,N
PINE-1704531-A+1800+100,No limnic,,,"P. Geiselman and D. Riihiluoma on June 8, 1987",P. Geiselman and D. Riihiluoma,"June 8, 1987",N,N
PINE-1704531-A+1800+200,,,,"M. Oberhelman and P. Geiselman on June 16, 1987",M. Oberhelman and P. Geiselman,"June 16, 1987",N,N
PINE-1704531-A+1800-100,No limnic,,,"P. Geiselman and D. Riihiluoma on June 8, 1987",P. Geiselman and D. Riihiluoma,"June 8, 1987",N,N
PINE-1704531-A+1800-200,,,,"M. Oberhelman and P. Geiselman on June 16, 1987",M. Oberhelman and P. Geiselman,"June 16, 1987",N,N
PINE-1704531-A+1800-300,No limnic,,,"P. Geiselman and D. Riihiluoma on June 8, 1987",P. Geiselman and D. Riihiluoma,"June 8, 1987",N,N
PINE-1704531-A+1800-400,Upland is approximately 30 meters beyond this site.,,,"P. Geiselman and D. Riihiluoma on June 8, 1987",P. Geiselman and D. Riihiluoma,"June 8, 1987",N,N
PINE-1704531-A+1900+-0,No limnic,,,"P. Geiselman, D. Riihiluoma, and M. Oberhelman on June 2, 1987","P. Geiselman, D. Riihiluoma, and M. Oberhelman","June 2, 1987",N,N
PINE-1704531-A+1900-300,,,,"M. Oberhelman and P. Geiselman on June 16, 1987",M. Oberhelman and P. Geiselman,"June 16, 1987",N,N
PINE-1704531-A+1950+-0,No limnic,,,"M. Oberhelman and P. Geiselman on June 29, 1987",M. Oberhelman and P. Geiselman,"June 29, 1987",N,N
PINE-1704531-A+2000+-0,At A+2015+-0 there appears to be an island (ground surface appears to rise and vegetation changes).,,,"P. Geiselman, D. Riihiluoma, and M. Oberhelman on June 2, 1987","P. Geiselman, D. Riihiluoma, and M. Oberhelman","June 2, 1987",N,N
PINE-1704531-A+2000-300,No limnic,,,"P. Geiselman and D. Riihiluoma on June 8, 1987",P. Geiselman and D. Riihiluoma,"June 8, 1987",N,N
PINE-1704531-A+2100+-0,,,,"P. Geiselman, D. Riihiluoma, and M. Oberhelman on June 2, 1987","P. Geiselman, D. Riihiluoma, and M. Oberhelman","June 2, 1987",N,N
PINE-1704531-A+2100+100,No limnic,,,"P. Geiselman and D. Riihiluoma on June 4, 1987",P. Geiselman and D. Riihiluoma,"June 4, 1987",N,N
PINE-1704531-A+2100+200,No limnic,,,"P. Geiselman and D. Riihiluoma on June 4, 1987",P. Geiselman and D. Riihiluoma,"June 4, 1987",N,N
PINE-1704531-r:A+1835+140,,,,"M. Oberhelman and P. Geiselman on June 29, 1987",M. Oberhelman and P. Geiselman,"June 29, 1987",N,N
PINE-1704531-s:A+1910+165,,,,"M. Oberhelman and P. Geiselman on June 29, 1987",M. Oberhelman and P. Geiselman,"June 29, 1987",N,N
PINE-1704531-t:A+1925-75,,,,"M. Oberhelman and P. Geiselman on June 29, 1987",M. Oberhelman and P. Geiselman,"June 29, 1987",N,N
PINE-1704531-u:A+1945-135,,,,"M. Oberhelman and P. Geiselman on June 29, 1987",M. Oberhelman and P. Geiselman,"June 29, 1987",N,N
PINE-1704531-v:A+1970+170,,,,"M. Oberhelman and P. Geiselman on June 29, 1987",M. Oberhelman and P. Geiselman,"June 29, 1987",N,N
PINE-1704531-w:A+2005-185,,,,"M. Oberhelman and P. Geiselman on June 29, 1987",M. Oberhelman and P. Geiselman,"June 29, 1987",N,N
PINE-1704531-x:A+2015+160,,,,"M. Oberhelman and P. Geiselman on June 29, 1987",M. Oberhelman and P. Geiselman,"June 29, 1987",N,N
PINE-1704531-y:A+2055+160,,,,"M. Oberhelman and P. Geiselman on June 29, 1987",M. Oberhelman and P. Geiselman,"June 29, 1987",N,N
PINE-1704531-z:A+2075-210,,,,"M. Oberhelman and P. Geiselman on June 29, 1987",M. Oberhelman and P. Geiselman,"June 29, 1987",N,N
PINE-1804115-4,,,,"D. Mellem and A. Pascale on April 10, 1979",D. Mellem and A. Pascale,"April 10, 1979",N,N
PINE-1804535-15,Hit stump at 90cm,,,"P. Geiselman and M. Oberhelman on May 12, 1987",P. Geiselman and M. Oberhelman,"May 12, 1987",Y,N
PINE-1804535-16,Hit many stumps around 50cm,,,"P. Geiselman and M. Oberhelman on May 12, 1987",P. Geiselman and M. Oberhelman,"May 12, 1987",N,N
PINE-1804536-12,Hit stump at 15 and 50cm,,,"P. Geiselman and M. Oberhelman on April 28, 1987",P. Geiselman and M. Oberhelman,"April 28, 1987",Y,N
PINE-1804536-13,"Hit stumps at 100 and 150cm; when resampled, seen a lot more sphagnum; 0-80cm peat very irregular in decomposition; DNR performed Btu and sulfur analysis",,,"P. Geiselman and M. Oberhelman on April 28, 1987",P. Geiselman and M. Oberhelman,"April 28, 1987",Y,Y
PINE-1804536-14,,,,"P. Geiselman and M. Oberhelman on April 28, 1987",P. Geiselman and M. Oberhelman,"April 28, 1987",Y,N
PINE-1804536-17,Hit stumps at 50-80cm; could have stump problem if mining site; site on edge of open area.,,,"P. Geiselman and M. Oberhelman on May 12, 1987",P. Geiselman and M. Oberhelman,"May 12, 1987",Y,N
PINE-1804536-18,Site near small island,,,"M. Oberhelman and P. Geiselman on May 12, 1987",M. Oberhelman and P. Geiselman,"May 12, 1987",N,N
PINE-1804536-19,DNR performed BTU and sulfur analysis,,,"P. Geiselman and M. Oberhelman on May 12, 1987",P. Geiselman and M. Oberhelman,"May 12, 1987",Y,Y
PINE-1804536-20,,,,"P. Geiselman and M. Oberhelman on May 12, 1987",P. Geiselman and M. Oberhelman,"May 12, 1987",N,N
PINE-1804536-a:A+570-100,,,,"P. Geiselman and D. Riihiluoma on July 7, 1987",P. Geiselman and D. Riihiluoma,"July 7, 1987",N,N
PINE-1804536-A+100+-0,Elevation site only,,,"E. Berglund and P. Geiselman on July 15, 1987",E. Berglund and P. Geiselman,"July 15, 1987",N,N
PINE-1804536-A+1000+-0,No limnic,,,"P. Geiselman, M. Oberhelman, and D. Riihiluoma on June 2, 1987","P. Geiselman, M. Oberhelman, and D. Riihiluoma","June 2, 1987",N,N
PINE-1804536-A+1100+-0,No limnic,,,"P. Geiselman, D. Riihiluoma, and M. Oberhelman on June 2, 1987","P. Geiselman, D. Riihiluoma, and M. Oberhelman","June 2, 1987",N,N
PINE-1804536-A+1200+-0,No limnic,,,"M. Oberhelman and P. Geiselman on June 17, 1987",M. Oberhelman and P. Geiselman,"June 17, 1987",N,N
PINE-1804536-A+1200+100,No limnic,,,"P. Geiselman and D. Riihiluoma on June 9, 1987",P. Geiselman and D. Riihiluoma,"June 9, 1987",N,N
PINE-1804536-A+1200+200,Hit stump at 60cm,,,"M. Oberhelman and P. Geiselman on June 17, 1987",M. Oberhelman and P. Geiselman,"June 17, 1987",N,N
PINE-1804536-A+1200+250,No limnic,,,"P. Geiselman and D. Riihiluoma on June 9, 1987",P. Geiselman and D. Riihiluoma,"June 9, 1987",N,N
PINE-1804536-A+1200+280,Survey line not cut between A+1200+250 and A+1200+280; upland is approximately 20 meters beyond site A+1200+280; no limnic,,,"P. Geiselman and D. Riihiluoma on June 9, 1987",P. Geiselman and D. Riihiluoma,"June 9, 1987",N,N
PINE-1804536-A+1200-100,No limnic,,,"P. Geiselman and D. Riihiluoma on June 9, 1987",P. Geiselman and D. Riihiluoma,"June 9, 1987",N,N
PINE-1804536-A+1200-200,Woody peat,,,"M. Oberhelman and P. Geiselman on June 17, 1987",M. Oberhelman and P. Geiselman,"June 17, 1987",N,N
PINE-1804536-A+1300+-0,No limnic,,,"P. Geiselman, D. Riihiluoma, and M. Oberhelman on June 2, 1987","P. Geiselman, D. Riihiluoma, and M. Oberhelman","June 2, 1987",N,N
PINE-1804536-A+1400+-0,No limnic,,,"P. Geiselman, D. Riihiluoma, and M. Oberhelman on June 2, 1987","P. Geiselman, D. Riihiluoma, and M. Oberhelman","June 2, 1987",N,N
PINE-1804536-A+150+-0,Hit stump at 50cm,,,"P. Geiselman and M. Oberhelman on June 29, 1987",P. Geiselman and M. Oberhelman,"June 29, 1987",N,N
PINE-1804536-A+150+100,,,,"P. Geiselman and M. Oberhelman on June 29, 1987",P. Geiselman and M. Oberhelman,"June 29, 1987",N,N
PINE-1804536-A+150+200,"Upland about 100 meters beyond this site; depth site only, no limnic",,,"P. Geiselman and D. Riihiluoma on June 24, 1987",P. Geiselman and D. Riihiluoma,"June 24, 1987",N,N
PINE-1804536-A+150+325,Upland about 20 meters beyond this site; no limnic,,,"P. Geiselman and D. Riihiluoma on July 7, 1987",P. Geiselman and D. Riihiluoma,"July 7, 1987",N,N
PINE-1804536-A+1500+-0,Hit stumps at 50cm and 70cm; DNR performed Btu and sulfur analysis,,,"M. Oberhelman and P. Geiselman on June 16, 1987",M. Oberhelman and P. Geiselman,"June 16, 1987",Y,Y
PINE-1804536-A+1500+100,No limnic,,,"P. Geiselman and D. Riihiluoma on June 9, 1987",P. Geiselman and D. Riihiluoma,"June 9, 1987",N,N
PINE-1804536-A+1500+200,No limnic,,,"P. Geiselman and D. Riihiluoma on June 9, 1987",P. Geiselman and D. Riihiluoma,"June 9, 1987",N,N
PINE-1804536-A+1500+300,Hit a stump at 60cm,,,"M. Oberhelman and P. Geiselman on June 17, 1987",M. Oberhelman and P. Geiselman,"June 17, 1987",N,N
PINE-1804536-A+1500+350,Survey line not cut between A+1500+300 and A+1500+350; no limnic,,,"P. Geiselman and D. Riihiluoma on June 9, 1987",P. Geiselman and D. Riihiluoma,"June 9, 1987",N,N
PINE-1804536-A+1500+370,Survey line is not cut between A+1500+300 and A+1500+370; upland is approximately 30 meters beyond Site A+1500+370; no limnic,,,"P. Geiselman and D. Riihiluoma on June 9, 1987",P. Geiselman and D. Riihiluoma,"June 9, 1987",N,N
PINE-1804536-A+1500-100,,,,"P. Geiselman and D. Riihiluoma on June 8, 1987",P. Geiselman and D. Riihiluoma,"June 8, 1987",N,N
PINE-1804536-A+1500-200,,,,"M. Oberhelman and P. Geiselman on June 16, 1987",M. Oberhelman and P. Geiselman,"June 16, 1987",N,N
PINE-1804536-A+1500-300,No limnic,,,"P. Geiselman and D. Riihiluoma on June 8, 1987",P. Geiselman and D. Riihiluoma,"June 8, 1987",N,N
PINE-1804536-A+1500-325,Upland is approximately 30 meters beyond this site.,,,"P. Geiselman and D. Riihiluoma on June 8, 1987",P. Geiselman and D. Riihiluoma,"June 8, 1987",N,N
PINE-1804536-A+150-100,,,,"P. Geiselman and M. Oberhelman on June 29, 1987",P. Geiselman and M. Oberhelman,"June 29, 1987",N,N
PINE-1804536-A+150-200,0-50cm with some sphagnum but it is decomposed; no limnic,,,"P. Geiselman and D. Riihiluoma on June 24, 1987",P. Geiselman and D. Riihiluoma,"June 24, 1987",N,N
PINE-1804536-A+1555+-0,No limnic,,,"M. Oberhelman and P. Geiselman on June 29, 1987",M. Oberhelman and P. Geiselman,"June 29, 1987",N,N
PINE-1804536-A+1600+-0,No limnic,,,"P. Geiselman, D. Riihiluoma, and M. Oberhelman on June 2, 1987","P. Geiselman, D. Riihiluoma, and M. Oberhelman","June 2, 1987",N,N
PINE-1804536-A+1800+300,,,,"P. Geiselman and D. Riihiluoma on June 8, 1987",P. Geiselman and D. Riihiluoma,"June 8, 1987",N,N
PINE-1804536-A+200+-0,Elevation site only,,,"E. Berglund and P. Geiselman on July 15, 1987",E. Berglund and P. Geiselman,"July 15, 1987",N,N
PINE-1804536-A+300+-0,Hit stumps at 50cm and 130cm,,,"M. Oberhelman and P. Geiselman on June 17, 1987",M. Oberhelman and P. Geiselman,"June 17, 1987",N,N
PINE-1804536-A+300+100,Hit stump at 100cm; no limnic; DNR performed Btu and sulfur analysis,,,"P. Geiselman and M. Oberhelman on July 1, 1987",P. Geiselman and M. Oberhelman,"July 1, 1987",Y,Y
PINE-1804536-A+300+200,,,,"P. Geiselman and D. Riihiluoma on June 24, 1987",P. Geiselman and D. Riihiluoma,"June 24, 1987",N,N
PINE-1804536-A+300+300,"Hit stumps at 50, 110, and 140cm",,,"P. Geiselman and M. Oberhelman on June 29, 1987",P. Geiselman and M. Oberhelman,"June 29, 1987",N,N
PINE-1804536-A+300+365,Upland approximately 20 meters beyond this site; no limnic,,,"P. Geiselman and D. Riihiluoma on June 24, 1987",P. Geiselman and D. Riihiluoma,"June 24, 1987",N,N
PINE-1804536-A+300-100,,,,"P. Geiselman and D. Riihiluoma on June 24, 1987",P. Geiselman and D. Riihiluoma,"June 24, 1987",N,N
PINE-1804536-A+300-200,No limnic,,,"P. Geiselman and M. Oberhelman on June 29, 1987",P. Geiselman and M. Oberhelman,"June 29, 1987",N,N
PINE-1804536-A+300-280,Upland about 100-150 meters beyond this site,,,"P. Geiselman and D. Riihiluoma on June 24, 1987",P. Geiselman and D. Riihiluoma,"June 24, 1987",N,N
PINE-1804536-A+400+-0,Elevation site only,,,"E. Berglund and P. Geiselman on July 15, 1987",E. Berglund and P. Geiselman,"July 15, 1987",N,N
PINE-1804536-A+500+-0,No limnic,,,"P. Geiselman, D. Riihiluoma, and M. Oberhelman on June 2, 1987","P. Geiselman, D. Riihiluoma, and M. Oberhelman","June 2, 1987",N,N
PINE-1804536-A+600+-0,,,,"M. Oberhelman and P. Geiselman on June 17, 1987",M. Oberhelman and P. Geiselman,"June 17, 1987",N,N
PINE-1804536-A+600+100,No limnic,,,"P. Geiselman and D. Riihiluoma on June 23, 1987",P. Geiselman and D. Riihiluoma,"June 23, 1987",N,N
PINE-1804536-A+600+200,Hit stumps at 50cm and 60cm,,,"P. Geiselman and M. Oberhelman on June 29, 1987",P. Geiselman and M. Oberhelman,"June 29, 1987",N,N
PINE-1804536-A+600+300,,,,"P. Geiselman and D. Riihiluoma on June 23, 1987",P. Geiselman and D. Riihiluoma,"June 23, 1987",N,N
PINE-1804536-A+600+400,Upland about 50 meters beyond this site; no limnic,,,"P. Geiselman and M. Oberhelman on June 29, 1987",P. Geiselman and M. Oberhelman,"June 29, 1987",N,N
PINE-1804536-A+600-100,No limnic,,,"P. Geiselman and D. Riihiluoma on June 23, 1987",P. Geiselman and D. Riihiluoma,"June 23, 1987",N,N
PINE-1804536-A+600-200,No limnic,,,"P. Geiselman and M. Oberhelman on June 29, 1987",P. Geiselman and M. Oberhelman,"June 29, 1987",N,N
PINE-1804536-A+600-300,No limnic,,,"P. Geiselman and D. Riihiluoma on June 23, 1987",P. Geiselman and D. Riihiluoma,"June 23, 1987",N,N
PINE-1804536-A+600-350,Upland approximately 50 meters beyond this site; no limnic,,,"P. Geiselman and D. Riihiluoma on June 23, 1987",P. Geiselman and D. Riihiluoma,"June 23, 1987",N,N
PINE-1804536-A+700+-0,Site 50 meters north of island; no limnic,,,"P. Geiselman, D. Riihiluoma, and M. Oberhelman on June 2, 1987","P. Geiselman, D. Riihiluoma, and M. Oberhelman","June 2, 1987",N,N
PINE-1804536-A+800+-0,No limnic,,,"P. Geiselman, D. Riihiluoma, and M. Oberhelman on June 2, 1987","P. Geiselman, D. Riihiluoma, and M. Oberhelman","June 2, 1987",N,N
PINE-1804536-A+900+-0,Hit stumps at 75cm and 100cm; DNR performed Btu and sulfur analysis,,,"M. Oberhelman and P. Geiselman on June 17, 1987",M. Oberhelman and P. Geiselman,"June 17, 1987",Y,Y
PINE-1804536-A+900+100,No limnic,,,"P. Geiselman and D. Riihiluoma on June 22, 1987",P. Geiselman and D. Riihiluoma,"June 22, 1987",N,N
PINE-1804536-A+900+200,Hit a stump at 100cm; no limnic,,,"M. Oberhelman and P. Geiselman on June 29, 1987",M. Oberhelman and P. Geiselman,"June 29, 1987",N,N
PINE-1804536-A+900+250,Upland is approximately 20 meters beyond this site; no limnic,,,"P. Geiselman and D. Riihiluoma on June 22, 1987",P. Geiselman and D. Riihiluoma,"June 22, 1987",N,N
PINE-1804536-A+900-100,No limnic,,,"P. Geiselman and D. Riihiluoma on June 22, 1987",P. Geiselman and D. Riihiluoma,"June 22, 1987",N,N
PINE-1804536-A+900-175,No limnic,,,"P. Geiselman and D. Riihiluoma on July 7, 1987",P. Geiselman and D. Riihiluoma,"July 7, 1987",N,N
PINE-1804536-A+900-200,Hit stumps at 50cm and 75cm,,,"M. Oberhelman and P. Geiselman on June 29, 1987",M. Oberhelman and P. Geiselman,"June 29, 1987",N,N
PINE-1804536-A+900-25,No limnic,,,"P. Geiselman and D. Riihiluoma on July 7, 1987",P. Geiselman and D. Riihiluoma,"July 7, 1987",N,N
PINE-1804536-A+900-300,No limnic,,,"P. Geiselman and D. Riihiluoma on June 22, 1987",P. Geiselman and D. Riihiluoma,"June 22, 1987",N,N
PINE-1804536-A+900-360,No limnic,,,"P. Geiselman and D. Riihiluoma on June 22, 1987",P. Geiselman and D. Riihiluoma,"June 22, 1987",N,N
PINE-1804536-A+900-400,Upland is approximately 10 meters beyond this site; no limnic,,,"P. Geiselman and D. Riihiluoma on June 22, 1987",P. Geiselman and D. Riihiluoma,"June 22, 1987",N,N
PINE-1804536-A+900-50,No limnic,,,"P. Geiselman and D. Riihiluoma on July 7, 1987",P. Geiselman and D. Riihiluoma,"July 7, 1987",N,N
PINE-1804536-A0+-0,The depth where limnic stops and silt starts is unknown.,,,"P. Geiselman and M. Oberhelman on June 29, 1987",P. Geiselman and M. Oberhelman,"June 29, 1987",N,N
PINE-1804536-A0-100,Depth site only,,,"P. Geiselman and D. Riihiluoma on June 25, 1987",P. Geiselman and D. Riihiluoma,"June 25, 1987",N,N
PINE-1804536-A0-200,,100-160cm peat moisture is wetter than normal,,"P. Geiselman and M. Oberhelman on June 29, 1987",P. Geiselman and M. Oberhelman,"June 29, 1987",N,N
PINE-1804536-A0-300,"Depth site only, no samples taken",,,"P. Geiselman and D. Riihiluoma on June 25, 1987",P. Geiselman and D. Riihiluoma,"June 25, 1987",N,N
PINE-1804536-A0-350,Upland is approximately 30 meters beyond this site,,,"P. Geiselman and D. Riihiluoma on June 25, 1987",P. Geiselman and D. Riihiluoma,"June 25, 1987",N,N
PINE-1804536-b:A+625-85,,,,"M. Oberhelman and P. Geiselman on June 29, 1987",M. Oberhelman and P. Geiselman,"June 29, 1987",N,N
PINE-1804536-B0+100,"Site not checked for limnic, depth site only",,,"P. Geiselman, D. Riihiluoma, and M. Oberhelman on June 2, 1987","P. Geiselman, D. Riihiluoma, and M. Oberhelman","June 2, 1987",N,N
PINE-1804536-B0+200,"Site not checked for limnic, depth site only",,,"P. Geiselman, D. Riihiluoma, and M. Oberhelman on June 2, 1987","P. Geiselman, D. Riihiluoma, and M. Oberhelman","June 2, 1987",N,N
PINE-1804536-B0+300,"Site not checked for limnic, depth site only",,,"P. Geiselman, D. Riihiluoma, and M. Oberhelman on June 2, 1987","P. Geiselman, D. Riihiluoma, and M. Oberhelman","June 2, 1987",N,N
PINE-1804536-B0+400,"Site not checked for limnic, depth site only",,,"P. Geiselman, D. Riihiluoma, and M. Oberhelman on June 2, 1987","P. Geiselman, D. Riihiluoma, and M. Oberhelman","June 2, 1987",N,N
PINE-1804536-c:A+655-150,,,,"M. Oberhelman and P. Geiselman on June 29, 1987",M. Oberhelman and P. Geiselman,"June 29, 1987",N,N
PINE-1804536-d:A+685-35,,,,"M. Oberhelman and P. Geiselman on June 29, 1987",M. Oberhelman and P. Geiselman,"June 29, 1987",N,N
PINE-1804536-e:A+735-15,,,,"M. Oberhelman and P. Geiselman on June 29, 1987",M. Oberhelman and P. Geiselman,"June 29, 1987",N,N
PINE-1804536-f:A+745-145,,,,"M. Oberhelman and P. Geiselman on June 29, 1987",M. Oberhelman and P. Geiselman,"June 29, 1987",N,N
PINE-1804536-g:A+760-120,,,,"M. Oberhelman and P. Geiselman on June 29, 1987",M. Oberhelman and P. Geiselman,"June 29, 1987",N,N
PINE-1804536-h:A+815-25,,,,"M. Oberhelman and P. Geiselman on June 29, 1987",M. Oberhelman and P. Geiselman,"June 29, 1987",N,N
PINE-1804536-i:A+925-175,,,,"P. Geiselman and D. Riihiluoma on July 7, 1987",P. Geiselman and D. Riihiluoma,"July 7, 1987",N,N
PINE-1804536-j:A+930-50,,,,"P. Geiselman and D. Riihiluoma on July 7, 1987",P. Geiselman and D. Riihiluoma,"July 7, 1987",N,N
PINE-1804536-k:A+950-100,,,,"P. Geiselman and D. Riihiluoma on July 7, 1987",P. Geiselman and D. Riihiluoma,"July 7, 1987",N,N
PINE-1804536-l:A+975-100,,,,"P. Geiselman and D. Riihiluoma on July 7, 1987",P. Geiselman and D. Riihiluoma,"July 7, 1987",N,N
PINE-1804536-m:A+1510-35,,,,"M. Oberhelman and P. Geiselman on June 29, 1987",M. Oberhelman and P. Geiselman,"June 29, 1987",N,N
PINE-1804536-n:A+1520+30,,,,"M. Oberhelman and P. Geiselman on June 29, 1987",M. Oberhelman and P. Geiselman,"June 29, 1987",N,N
PINE-1804536-o:A+1525-55,,,,"M. Oberhelman and P. Geiselman on June 29, 1987",M. Oberhelman and P. Geiselman,"June 29, 1987",N,N
PINE-1804536-p:A+1555-50,,,,"M. Oberhelman and P. Geiselman on June 29, 1987",M. Oberhelman and P. Geiselman,"June 29, 1987",N,N
PINE-1804536-q:A+1575+30,,,,"M. Oberhelman and P. Geiselman on June 29, 1987",M. Oberhelman and P. Geiselman,"June 29, 1987",N,N
PINE-2003922-10,By chance we noticed a boulder 40cm deep 2ft from our site,0-110cm peat moisture dryer than normal,,"M. Oberhelman and D. Olson on October 16, 1986",M. Oberhelman and D. Olson,"October 16, 1986",Y,N
PINE-2003922-11,,0-40cm peat moisture dryer than normal,,"M. Oberhelman and D. Olson on October 16, 1986",M. Oberhelman and D. Olson,"October 16, 1986",N,N
PINE-2004015-6,,,,"M. Oberhelman and D. Olson on October 15, 1986",M. Oberhelman and D. Olson,"October 15, 1986",N,N
PINE-2004016-5,,,,"M. Oberhelman and D. Olson on October 15, 1986",M. Oberhelman and D. Olson,"October 15, 1986",Y,N
PINE-2004016-7,,,,"M. Oberhelman and D. Olson on October 15, 1986",M. Oberhelman and D. Olson,"October 15, 1986",N,N
PINE-2004021-8,,,,"M. Oberhelman and D. Olson on October 15, 1986",M. Oberhelman and D. Olson,"October 15, 1986",N,N
PINE-2004021-9,,,,"M. Oberhelman and D. Olson on October 16, 1986",M. Oberhelman and D. Olson,"October 16, 1986",N,N
PINE-2104329-1,,,,"D. Mellem and A. Pascale on April 9, 1979",D. Mellem and A. Pascale,"April 9, 1979",N,N
PINE-2204004-2,,,,"D. Mellem and A. Pascale on April 9, 1979",D. Mellem and A. Pascale,"April 9, 1979",N,N
PINE-2204018-3,,,,"D. Mellem and A. Pascale on April 9, 1979",D. Mellem and A. Pascale,"April 9, 1979",N,N
ROSE-3516132-29,,,,"D. Riihiluoma and H. Mooers on March 15, 1982",D. Riihiluoma and H. Mooers,"March 15, 1982",N,N
ROSE-3516133-26,,,,"H. Mooers and S. Nelson on December 8, 1980",H. Mooers and S. Nelson,"December 8, 1980",N,N
ROSE-3616133-27,,,,"H. Mooers anl S. Nelson on December 10, 1980",H. Mooers anl S. Nelson,"December 10, 1980",N,N
ROSE-3616134-28,,,,"H. Mooers and S. Nelson on December 10, 1980",H. Mooers and S. Nelson,"December 10, 1980",N,N
ROSE-3716321-1,,,,"H. Mooers and D. Riihiluoma on September 25, 1980",H. Mooers and D. Riihiluoma,"September 25, 1980",N,N
ROSE-3716321-10,,,,"H. Mooers and D. Riihiluoma on September 25, 1980",H. Mooers and D. Riihiluoma,"September 25, 1980",N,N
ROSE-3716321-11,,,,"H. Mooers and D. Riihiluoma on September 25, 1980",H. Mooers and D. Riihiluoma,"September 25, 1980",N,N
ROSE-3716321-12,,,,"H. Mooers and D. Riihiluoma on September 25, 1980",H. Mooers and D. Riihiluoma,"September 25, 1980",N,N
ROSE-3716321-13,,,,"H. Mooers and D. Riihiluoma on September 25, 1980",H. Mooers and D. Riihiluoma,"September 25, 1980",N,N
ROSE-3716321-2,,,,"H. Mooers and D. Riihiluoma on September 25, 1980",H. Mooers and D. Riihiluoma,"September 25, 1980",N,N
ROSE-3716321-3,,,,"H. Mooers and D. Riihiluoma on September 25, 1980",H. Mooers and D. Riihiluoma,"September 25, 1980",N,N
ROSE-3716321-37,,0-15cm peat moisture dryer than normal,,"S. Nelson and C. Buttleman on September 27, 198",S. Nelson and C. Buttleman,"September 27, 198",N,N
ROSE-3716321-38,,,,"C. Buttleman and S. Nelson on September 27, 1983",C. Buttleman and S. Nelson,"September 27, 1983",N,N
ROSE-3716321-39,,Peat moisture dryer than normal,,"S. Nelson and C. Buttleman on September 27, 1983",S. Nelson and C. Buttleman,"September 27, 1983",N,N
ROSE-3716321-4,,,,"H. Mooers and D. Riihiluoma on September 25, 1980",H. Mooers and D. Riihiluoma,"September 25, 1980",N,N
ROSE-3716321-40,,,,"C. Buttleman and S. Nelson on September 27, 1983",C. Buttleman and S. Nelson,"September 27, 1983",N,N
ROSE-3716321-41,,Peat moisture dryer than normal,,"C. Buttleman and S. Nelson on September 27, 1983",C. Buttleman and S. Nelson,"September 27, 1983",N,N
ROSE-3716321-42,,,,"S. Nelson and C. Buttleman on September 27, 1983",S. Nelson and C. Buttleman,"September 27, 1983",N,N
ROSE-3716321-5,,,,"H. Mooers and D. Riihiluoma on September 25, 1980",H. Mooers and D. Riihiluoma,"September 25, 1980",N,N
ROSE-3716321-6,,,,"H. Mooers and D. Riihiluoma on September 25, 1980",H. Mooers and D. Riihiluoma,"September 25, 1980",N,N
ROSE-3716321-7,,,,"H. Mooers and D. Riihiluoma on September 25, 1980",H. Mooers and D. Riihiluoma,"September 25, 1980",N,N
ROSE-3716321-8,,,,"H. Mooers and D. Riihiluoma on September 25, 1980",H. Mooers and D. Riihiluoma,"September 25, 1980",N,N
ROSE-3716321-9,,,,"H. Mooers and D. Riihiluoma on September 25, 1980",H. Mooers and D. Riihiluoma,"September 25, 1980",N,N
ROSE-3816322-50,,,,"D. Riihiluoma and C. Buttleman on June 29, 1983",D. Riihiluoma and C. Buttleman,"June 29, 1983",N,N
ROSE-3816322-51,,,,"D. Riihiluoma and C. Buttleman on June 29, 1983",D. Riihiluoma and C. Buttleman,"June 29, 1983",N,N
ROSE-3816322-52,,,,"D. Riihiluoma and C. Buttleman on June 29, 1983",D. Riihiluoma and C. Buttleman,"June 29, 1983",N,N
ROSE-3816322-53,,,,"D. Riihiluoma and C. Buttleman on June 29, 1983",D. Riihiluoma and C. Buttleman,"June 29, 1983",N,N
ROSE-3816322-54,,,,"D. Riihiluoma and C. Buttleman on June 29, 1983",D. Riihiluoma and C. Buttleman,"June 29, 1983",N,N
ROSE-3816322-55,,,,"D. Riihiluoma and C. Buttleman on June 29, 1983",D. Riihiluoma and C. Buttleman,"June 29, 1983",N,N
ROSE-3816322-56,,,,"D. Riihiluoma and C. Buttleman on June 29, 1983",D. Riihiluoma and C. Buttleman,"June 29, 1983",N,N
ROSE-3816322-57,,,,"D. Riihiluoma and C. Buttleman on June 29, 1983",D. Riihiluoma and C. Buttleman,"June 29, 1983",N,N
ROSE-3816322-58,,,,"D. Riihiluoma and C. Buttleman on June 29, 1983",D. Riihiluoma and C. Buttleman,"June 29, 1983",N,N
ROSE-3816322-59,,,,"D. Riihiluoma and C. Buttleman on June 29, 1983",D. Riihiluoma and C. Buttleman,"June 29, 1983",N,N
ROSE-3816322-60,,,,"D. Riihiluoma and C. Buttleman on June 29, 1983",D. Riihiluoma and C. Buttleman,"June 29, 1983",N,N
ROSE-3816322-61,,,,"D. Riihiluoma and C. Buttleman on June 29, 1983",D. Riihiluoma and C. Buttleman,"June 29, 1983",N,N
ROSE-3816322-62,,,,"D. Riihiluoma and C. Buttleman on June 29, 1983",D. Riihiluoma and C. Buttleman,"June 29, 1983",N,N
ROSE-3816322-63,,,,"D. Riihiluoma and C. Buttleman on June 29, 1983",D. Riihiluoma and C. Buttleman,"June 29, 1983",N,N
ROSE-3816322-64,,,,"D. Riihiluoma and C. Buttleman on June 29, 1983",D. Riihiluoma and C. Buttleman,"June 29, 1983",N,N
ROSE-3916303-16,,,,"H. Mooers and D. Riihiluoma on March 16, 1982",H. Mooers and D. Riihiluoma,"March 16, 1982",N,N
ROSE-3916303-17,,,,"H. Mooers and D. Riihiluoma on March 16, 1982",H. Mooers and D. Riihiluoma,"March 16, 1982",N,N
ROSE-3916314-22,,,,"B. Leuelling and K. Hayner on October 31, 1978",B. Leuelling and K. Hayner,"October 31, 1978",Y,N
ROSE-3916314-23,,,,"T. Malterer on August 30, 1978",T. Malterer,"August 30, 1978",N,N
ROSE-3916314-24,,,,"T. Malterer on August 30, 1978",T. Malterer,"August 30, 1978",N,N
ROSE-3916314-25,,,,"B. Leuelling, T. Malterer, and D. Mellem on August 30, 1978","B. Leuelling, T. Malterer, and D. Mellem","August 30, 1978",Y,N
ROSE-3916315-21,,,,"B. Leuelling and K. Hayner on October 31, 1978",B. Leuelling and K. Hayner,"October 31, 1978",Y,N
ROSE-3916316-20,,,,"B. Leuelling and K. Hayner on October 31, 1978",B. Leuelling and K. Hayner,"October 31, 1978",Y,N
ROSE-3916316-26,,,,"B. Leuelling and K. Hayner on October 31, 1978",B. Leuelling and K. Hayner,"October 31, 1978",Y,N
ROSE-3916317-18,,,,"B. Leuelling, T. Malterer, and D. Mellem on August 30, 1978","B. Leuelling, T. Malterer, and D. Mellem","August 30, 1978",Y,N
ROSE-3916317-19,,,,"B. Leuelling, T. Malterer, and D. Mellem on August 30, 1978","B. Leuelling, T. Malterer, and D. Mellem","August 30, 1978",N,N
ROSE-3916433-15,,,,"H. Mooers and D. Riihiluoma on March 16, 1982",H. Mooers and D. Riihiluoma,"March 16, 1982",N,N
ROSE-3916434-14,,,,"H. Mooers and D. Riihiluoma on March 16, 1982",H. Mooers and D. Riihiluoma,"March 16, 1982",N,N
ROSE-4116324-65,,,,"D. Riihiluoma and C. Buttleman on June 29, 1983",D. Riihiluoma and C. Buttleman,"June 29, 1983",N,N
ROSE-4116324-66,,,,"D. Riihiluoma and C. Buttleman on June 29, 1983",D. Riihiluoma and C. Buttleman,"June 29, 1983",N,N
ROSE-4116324-67,,,,"D. Riihiluoma and C. Buttleman on June 29, 1983",D. Riihiluoma and C. Buttleman,"June 29, 1983",N,N
ROSE-4116324-68,,,,"D. Riihiluoma and C. Buttleman on June 29, 1983",D. Riihiluoma and C. Buttleman,"June 29, 1983",N,N
ROSE-4116324-69,,,,"D.  Riihiluoma and C. Buttleman on June 29, 1983",D.  Riihiluoma and C. Buttleman,"June 29, 1983",N,N
ROSE-4116324-70,,,,"D. Riihiluoma and C. Buttleman on June 29, 1983",D. Riihiluoma and C. Buttleman,"June 29, 1983",N,N
ROSE-4416221-47,Occasional boulders at surface,,,"D. Riihiluoma and C. Buttleman on June 28, 1983",D. Riihiluoma and C. Buttleman,"June 28, 1983",N,N
ROSE-4416221-48,Boulders at surface,,,"D. Riihiluoma and C. Buttleman on June 28, 1983",D. Riihiluoma and C. Buttleman,"June 28, 1983",N,N
ROSE-4416221-49,,,,"D. Riihiluom and C. Buttleman on June 28, 1983",D. Riihiluom and C. Buttleman,"June 28, 1983",N,N
ROSE-4416229-43,,,,"D. Riihiluoma and C. Buttleman on June 28, 1983",D. Riihiluoma and C. Buttleman,"June 28, 1983",N,N
ROSE-4416229-44,,,,"D. Riihiluoma and C. Buttleman on June 28, 1983",D. Riihiluoma and C. Buttleman,"June 28, 1983",N,N
ROSE-4416229-45,,,,"D. Riihiluoma and C. Buttleman on June 28, 1983",D. Riihiluoma and C. Buttleman,"June 28, 1983",N,N
ROSE-4416229-46,,,,"D. Riihiluoma and C. Buttleman on June 28, 1983",D. Riihiluoma and C. Buttleman,"June 28, 1983",N,N
STLO-1205605-65,,,,"L. Severson and H. Mooers on June 22, 1982",L. Severson and H. Mooers,"June 22, 1982",N,N
STLO-1205708-70,,,,"H. Mooers and L. Severson on June 22, 1980",H. Mooers and L. Severson,"June 22, 1980",N,N
STLO-1205714-59,,,,"L. Severson and H. Mooers on June 21, 1982",L. Severson and H. Mooers,"June 21, 1982",N,N
STLO-1205716-60,,,,"H. Mooers and L. Severson on June 21, 1982",H. Mooers and L. Severson,"June 21, 1982",N,N
STLO-1205720-69,,,,"L. Severson and H. Mooers on June 22, 1982",L. Severson and H. Mooers,"June 22, 1982",N,N
STLO-1205812-56,,,,"L. Severson and H. Mooers on June 18, 1982",L. Severson and H. Mooers,"June 18, 1982",N,N
STLO-1205819-61,,0-240cm peat very watery,,"L. Severson and H. Mooers on June 21, 1982",L. Severson and H. Mooers,"June 21, 1982",N,N
STLO-1205924-50,,,,"L. Severson and H. Mooers on June 18, 1982",L. Severson and H. Mooers,"June 18, 1982",N,N
STLO-1206030-317,"Hit many roots, logs and branches in peat profile",,,"T. Malterer and D. Haverkost on July 9, 1980",T. Malterer and D. Haverkost,"July 9, 1980",N,N
STLO-1305501-64,,,,"L. Severson and H. Mooers on June 22, 1982",L. Severson and H. Mooers,"June 22, 1982",N,N
STLO-1305511-63,,,,"L. Severson and H. Mooers on June 22, 1982",L. Severson and H. Mooers,"June 22, 1982",N,N
STLO-1305634-62,,,,"L. Severson and H. Mooers on June 22, 1982",L. Severson and H. Mooers,"June 22, 1982",N,N
STLO-1305726-68,,,,"L. Severson and H. Mooers on June 22, 1982",L. Severson and H. Mooers,"June 22, 1982",N,N
STLO-1305730-67,,,,"H. Mooers and L. Severson on June 22, 1982",H. Mooers and L. Severson,"June 22, 1982",N,N
STLO-1305736-66,,,,"L. Severson and H. Mooers on June 22, 1982",L. Severson and H. Mooers,"June 22, 1982",N,N
STLO-1306025-315,"Hit many roots, logs and branches in peat profile",,,"T. Malterer and D. Riihiluoma on July 9, 1980",T. Malterer and D. Riihiluoma,"July 9, 1980",N,N
STLO-1306025-316,,,,"T. Malterer and D. Riihiluoma on July 9, 1980",T. Malterer and D. Riihiluoma,"July 9, 1980",N,N
STLO-1306036-314,"Hit many roots, logs and branches in peat profile",,,"T. Malterer and D. Riihiluoma on July 9, 1980",T. Malterer and D. Riihiluoma,"July 9, 1980",N,N
STLO-1306036-318,,,,"T. Malterer and D. Riihiluoma on July 9, 1980",T. Malterer and D. Riihiluoma,"July 9, 1980",N,N
STLO-1306036-319,,,,"T. Malterer and D. Riihiluoma on July 9, 1980",T. Malterer and D. Riihiluoma,"July 9, 1980",N,N
STLO-1306036-320,,,,"T. Malterer and D. Riihiluoma on July 9, 1980",T. Malterer and D. Riihiluoma,"July 9, 1980",N,N
STLO-1306036-A0+-0,,,,"S. Nelson and D. Olson on August 20, 1985",S. Nelson and D. Olson,"August 20, 1985",N,N
STLO-1306036-A0-100,"Hit logs at 75, 100, 120, 150cm",0-25cm peat wetter than normal,,"S. Nelson and M. Oberhelman on October 15, 1985",S. Nelson and M. Oberhelman,"October 15, 1985",N,N
STLO-1306036-A-1200-200,Hit logs at 20 and 40cm,,,"S. Nelson and D. Riihiluoma on October 17, 1985",S. Nelson and D. Riihiluoma,"October 17, 1985",N,N
STLO-1306036-A-1200-400,Hit logs at 52 and 90cm,,,"S. Nelson and D. Riihiluoma on October 17, 1985",S. Nelson and D. Riihiluoma,"October 17, 1985",N,N
STLO-1306036-A-1200-50,"Hit logs at 20, 30, 90cm",,,"S. Nelson and D. Riihiluoma on October 17, 1985",S. Nelson and D. Riihiluoma,"October 17, 1985",N,N
STLO-1306036-A-400-100,Hit logs at 170cm,,,"S. Nelson and D. Riihiluoma on October 21, 1985",S. Nelson and D. Riihiluoma,"October 21, 1985",N,N
STLO-1306036-A-400-250,"Hit logs at 60, 120, 170, 200cm",,,"S. Nelson and D. Riihiluoma on October 21, 1985",S. Nelson and D. Riihiluoma,"October 21, 1985",N,N
STLO-1306036-A-400-400,"Hit logs at 50, 110, 200cm",,,"S. Nelson and D. Riihiluoma on October 21, 1985",S. Nelson and D. Riihiluoma,"October 21, 1985",N,N
STLO-1306036-A-760-200,,,,"M. Oberhelman and R. Johnson on October 21, 1985",M. Oberhelman and R. Johnson,"October 21, 1985",N,N
STLO-1306036-A-760-400,Hit logs at 70cm,,,"M. Oberhelman and R. Johnson on October 21, 1985",M. Oberhelman and R. Johnson,"October 21, 1985",N,N
STLO-1306036-A-760-50,Hit logs at 75 and 250cm,,,"M. Oberhelman and R. Johnson on October 21, 1985",M. Oberhelman and R. Johnson,"October 21, 1985",N,N
STLO-1306036-A-760-550,Hit logs at 60 and 80cm,,,"M. Oberhelman and R. Johnson on October 21, 1985",M. Oberhelman and R. Johnson,"October 21, 1985",N,N
STLO-1505704-629,,,,"M. Oberhelman and S. Nelson on April 17, 1985",M. Oberhelman and S. Nelson,"April 17, 1985",N,N
STLO-1505705-630,,,,"S. Nelson and M. Oberhelman on April 17, 1985",S. Nelson and M. Oberhelman,"April 17, 1985",N,N
STLO-1505705-631,,,,"S. Nelson and M. Oberhelman on April 17, 1985",S. Nelson and M. Oberhelman,"April 17, 1985",N,N
STLO-1505705-632,,,,"S. Nelson and M. Oberhelman on April 17, 1985",S. Nelson and M. Oberhelman,"April 17, 1985",N,N
STLO-1505829-633,,,,"M. Oberhelman and S. Nelson on April 18, 1985",M. Oberhelman and S. Nelson,"April 18, 1985",N,N
STLO-1505829-634,,,,"S. Nelson and M. Oberhelman on April 18, 1985",S. Nelson and M. Oberhelman,"April 18, 1985",N,N
STLO-1505831-638,,,,"D. Riihiluoma and M. Oberhelman on April 25, 1985",D. Riihiluoma and M. Oberhelman,"April 25, 1985",N,N
STLO-1505832-635,,0-65cm peat wetter than normal,,"S. Nelson and M. Oberhelman on April 18, 1985",S. Nelson and M. Oberhelman,"April 18, 1985",N,N
STLO-1505832-636,,,,"S. Nelson and M. Oberhelman on April 18, 1985",S. Nelson and M. Oberhelman,"April 18, 1985",N,N
STLO-1505832-637,,,,"S. Nelson and M. Oberhelman on April 18, 1985",S. Nelson and M. Oberhelman,"April 18, 1985",Y,N
STLO-1505832-639,,,,"D. Riihiluoma and M. Oberhelman on April 25, 1985",D. Riihiluoma and M. Oberhelman,"April 25, 1985",N,N
STLO-1505832-640,,,,"D. Riihiluoma and M. Oberhelman on April 25, 1985",D. Riihiluoma and M. Oberhelman,"April 25, 1985",N,N
STLO-1505832-641,,,,"D. Riihiluoma and M. Oberhelman on April 25, 1985",D. Riihiluoma and M. Oberhelman,"April 25, 1985",Y,N
STLO-1505832-642,,,,"M. Oberhelman and D. Riihiluoma on April 30, 1985",M. Oberhelman and D. Riihiluoma,"April 30, 1985",N,N
STLO-1505832-643,,,,"D. Riihiluoma and M. Oberhelman on April 30, 1985",D. Riihiluoma and M. Oberhelman,"April 30, 1985",N,N
STLO-1505832-644,"Hit logs around 40cm, 90cm, 190cm",,,"D. Riihiluoma and M. Oberhelman on April 30, 1985",D. Riihiluoma and M. Oberhelman,"April 30, 1985",N,N
STLO-1505832-647,,,,"D. Riihiluoma and M. Oberhelman on April 30, 1985",D. Riihiluoma and M. Oberhelman,"April 30, 1985",N,N
STLO-1505833-645,,,,"D. Riihiluoma and M. Oberhelman on April 30, 1985",D. Riihiluoma and M. Oberhelman,"April 30, 1985",N,N
STLO-1505833-646,,,,"D. Riihiluoma and M. Oberhelman on April 30, 1985",D. Riihiluoma and M. Oberhelman,"April 30, 1985",N,N
STLO-1605404-504,,,,"D. Riihiluoma on April 26, 1984",D. Riihiluoma,"April 26, 1984",N,N
STLO-1605404-505,,,,"D. Riihiluoma on April 26, 1984",D. Riihiluoma,"April 26, 1984",N,N
STLO-1605404-506,,,,"D. Riihiluoma on April 26, 1984",D. Riihiluoma,"April 26, 1984",N,N
STLO-1605404-507,,,,"D. Riihiluoma on April 26, 1984",D. Riihiluoma,"April 26, 1984",N,N
STLO-1605404-508,,,,"D. Riihiluoma on April 26, 1984",D. Riihiluoma,"April 26, 1984",N,N
STLO-1605404-509,,,,"D. Riihiluoma on April 26, 1984",D. Riihiluoma,"April 26, 1984",N,N
STLO-1605404-510,,,,"D. Riihiluoma on April 26, 1984",D. Riihiluoma,"April 26, 1984",N,N
STLO-1605404-511,,,,"D. Riihiluoma on April 26, 1984",D. Riihiluoma,"April 26, 1984",N,N
STLO-1605404-512,,,,"D. Riihiluoma on April 26, 1984",D. Riihiluoma,"April 26, 1984",N,N
STLO-1605404-513,,,,"D. Riihiluoma on April 26, 1984",D. Riihiluoma,"April 26, 1984",N,N
STLO-1605404-514,,,,"D. Riihiluoma on April 26, 1984",D. Riihiluoma,"April 26, 1984",N,N
STLO-1605404-515,,,,"D. Riihiluoma on April 26, 1984",D. Riihiluoma,"April 26, 1984",N,N
STLO-1605404-516,,,,"D. Riihiluoma on April 26, 1984",D. Riihiluoma,"April 26, 1984",N,N
STLO-1605404-517,,,,"D. Riihiluoma on April 26, 1984",D. Riihiluoma,"April 26, 1984",N,N
STLO-1605617-461,,,,"H. Mooers on June 11, 1982",H. Mooers,"June 11, 1982",N,N
STLO-1605631-465,,,Central Lakes & Peat Products Bog,"H. Mooers on June 11, 1982",H. Mooers,"June 11, 1982",N,N
STLO-1605707-454,,,Ely Lake Bog,"D. Riihiluoma and H. Mooers on June 11, 1982",D. Riihiluoma and H. Mooers,"June 11, 1982",N,N
STLO-1605810-1,,,,"T. Malterer and D. Riihiluoma on April 2, 1981",T. Malterer and D. Riihiluoma,"April 2, 1981",N,N
STLO-1605810-2,,,,"T. Malterer and D. Riihiluoma on April 2, 1981",T. Malterer and D. Riihiluoma,"April 2, 1981",N,N
STLO-1605810-5,,,,"T. Malterer and D. Riihiluoma on April 2, 1981",T. Malterer and D. Riihiluoma,"April 2, 1981",N,N
STLO-1605810-6,,,,"T. Malterer and D. Riihiluoma on April 2, 1981",T. Malterer and D. Riihiluoma,"April 2, 1981",N,N
STLO-1605811-4,,,,"T. Malterer and D. Riihiluoma on April 2, 1981",T. Malterer and D. Riihiluoma,"April 2, 1981",N,N
STLO-1605815-3,,,,"T. Malterer and D. Riihiluoma on April 2, 1981",T. Malterer and D. Riihiluoma,"April 2, 1981",N,N
STLO-1606105-215,,,,"D. Riihiluoma and H. Mooers on February 24, 1982",D. Riihiluoma and H. Mooers,"February 24, 1982",N,N
STLO-1606105-79,,,,"H. Mooers on September 16, 1981",H. Mooers,"September 16, 1981",N,N
STLO-1606106-80,,,,"L. Severson and H. Mooers on September 16, 1981",L. Severson and H. Mooers,"September 16, 1981",N,N
STLO-1606219-75,,,Lost Lake Bog,"L. Severson and H. Mooers on September 16, 1981",L. Severson and H. Mooers,"September 16, 1981",N,N
STLO-1606220-73,,,Lost Lake Bog,"H. Mooers and L. Severson on September 16, 1981",H. Mooers and L. Severson,"September 16, 1981",N,N
STLO-1606220-74,,,Lost Lake Bog,"H. Mooers and L. Severson on September 16, 1981",H. Mooers and L. Severson,"September 16, 1981",Y,N
STLO-1606231-78,,,Lost Lake Bog,"L. Severson and H. Mooers on September 16, 1981",L. Severson and H. Mooers,"September 16, 1981",N,N
STLO-1705015-1,,,,"D. Mellem and B. Balen on May 18, 1978",D. Mellem and B. Balen,"May 18, 1978",Y,N
STLO-1705031-2,,,,"D. Olson and E. Tome on October 24, 1978",D. Olson and E. Tome,"October 24, 1978",N,N
STLO-1705101-11,,,,"D. Mellem and B. Balen on May 16, 1978",D. Mellem and B. Balen,"May 16, 1978",Y,N
STLO-1705123-12,,,,"D. Olson and E. Tome on October 24, 1978",D. Olson and E. Tome,"October 24, 1978",N,N
STLO-1705124-13,,,,"D. Mellem and B. Balen on May 16, 1978",D. Mellem and B. Balen,"May 16, 1978",Y,N
STLO-1705124-14,,,,"D. Olson and E. Tome on October 24, 1978",D. Olson and E. Tome,"October 24, 1978",N,N
STLO-1705124-15,,,,"D. Mellem and B. Balen on May 16, 1978",D. Mellem and B. Balen,"May 16, 1978",Y,N
STLO-1705211-79,,,,"D. Mellem and B. Balen on May 15, 1978",D. Mellem and B. Balen,"May 15, 1978",Y,N
STLO-1705217-80,,,,"D. Olson and E. Tome on October 23, 1978",D. Olson and E. Tome,"October 23, 1978",N,N
STLO-1705217-81,,,,"D. Olson and E. Tome on October 23, 1978",D. Olson and E. Tome,"October 23, 1978",N,N
STLO-1705217-82,,,,"D. Olson and E. Tome on October 23, 1978",D. Olson and E. Tome,"October 23, 1978",N,N
STLO-1705226-83,,,,"D. Mellem and B. Balen on May 15, 1978",D. Mellem and B. Balen,"May 15, 1978",Y,N
STLO-1705301-147,,,,"D. Olson and E. Tome on October 18, 1978",D. Olson and E. Tome,"October 18, 1978",N,N
STLO-1705303-148,,,,"D. Olson and E. Tome on October 18, 1978",D. Olson and E. Tome,"October 18, 1978",N,N
STLO-1705310-149,,,,"D. Olson and E. Tome on October 18, 1978",D. Olson and E. Tome,"October 18, 1978",N,N
STLO-1705310-150,,,,"D. Olson and E. Tome on October 18, 1978",D. Olson and E. Tome,"October 18, 1978",N,N
STLO-1705314-151,,,,"D. Olson and E. Tome on October 18, 1978",D. Olson and E. Tome,"October 18, 1978",N,N
STLO-1705319-152,,,Canyon Bog,"T. Malterer and D. Mellem on May 11, 1978",T. Malterer and D. Mellem,"May 11, 1978",Y,N
STLO-1705321-153,,,Canyon Bog,"D. Mellem and B. Balen on May 15, 1978",D. Mellem and B. Balen,"May 15, 1978",Y,N
STLO-1705322-154,,,Canyon Bog,"D. Olson and E. Tome on October 24, 1978",D. Olson and E. Tome,"October 24, 1978",N,N
STLO-1705332-499,,,Canyon Bog,"D. Haverkost and J. Dahl on February 1, 1980",D. Haverkost and J. Dahl,"February 1, 1980",N,N
STLO-1705332-500,,,Canyon Bog,"D. Haverkost and J. Dahl on February 1, 1980",D. Haverkost and J. Dahl,"February 1, 1980",N,N
STLO-1705332-501,,,Canyon Bog,"D. Haverkost and J. Dahl on February 1, 1980",D. Haverkost and J. Dahl,"February 1, 1980",N,N
STLO-1705427-193,,,,"D. Olson and E. Tome on October 18, 1978",D. Olson and E. Tome,"October 18, 1978",N,N
STLO-1705435-194,,,,"D. Olson and E. Tome on October 24, 1978",D. Olson and E. Tome,"October 24, 1978",N,N
STLO-1705435-195,,,,"D. Mellem and B. Balen on May 17, 1978",D. Mellem and B. Balen,"May 17, 1978",Y,N
STLO-1705501-706,,,Central Lakes Bog,"S. Nelson and P. Geiselman on May 27, 1987",S. Nelson and P. Geiselman,"May 27, 1987",N,N
STLO-1705501-707,Hit stumps at 125 and 155cm,,Central Lakes Bog,"S. Nelson and P. Geiselman on May 27, 1987",S. Nelson and P. Geiselman,"May 27, 1987",N,N
STLO-1705501-708,Hit stump at 150cm,,Central Lakes Bog,"S. Nelson and P. Geiselman on May 27, 1987",S. Nelson and P. Geiselman,"May 27, 1987",N,N
STLO-1705501-709,Hit stumps at 50 and 110cm,,Central Lakes Bog,"S. Nelson and P. Geiselman on May 27, 1987",S. Nelson and P. Geiselman,"May 27, 1987",N,N
STLO-1705501-710,,,Central Lakes Bog,"S. Nelson and P. Geiselman on May 27, 1987",S. Nelson and P. Geiselman,"May 27, 1987",N,N
STLO-1705501-711,,,Central Lakes Bog,"S. Nelson and P. Geiselman on May 27, 1987",S. Nelson and P. Geiselman,"May 27, 1987",N,N
STLO-1705501-712,Hit stump at 150cm,,Central Lakes Bog,"S. Nelson and P. Geiselman on May 27, 1987",S. Nelson and P. Geiselman,"May 27, 1987",N,N
STLO-1705501-716,Non-horticultural quality 0-150cm; generally H4+ material w/many long carex strands.,,Central Lakes Bog,"S. Nelson and H. Jamsa on June 4, 1987",S. Nelson and H. Jamsa,"June 4, 1987",N,N
STLO-1705502-713,Hit stump at 70cm,,Central Lakes Bog,"S. Nelson and P. Geiselman on May 27, 1987",S. Nelson and P. Geiselman,"May 27, 1987",N,N
STLO-1705502-715,Non-horticultural quality 0-150cm; generally H4+ and H5 w/many long carex strands.,,Central Lakes Bog,"S. Nelson and H. Jamsa on June 4, 1987",S. Nelson and H. Jamsa,"June 4, 1987",N,N
STLO-1705514-253,,,,"D. Olson and E. Tome on October 17, 1978",D. Olson and E. Tome,"October 17, 1978",N,N
STLO-1705517-370,,Peat generally wetter than normal,Fens Bog Area,"S. Nelson and D. Riihiluoma on March 10, 1983",S. Nelson and D. Riihiluoma,"March 10, 1983",Y,N
STLO-1705518-363,,,Fens Bog Area,"D. Riihiluoma and S. Nelson on March 2, 1983",D. Riihiluoma and S. Nelson,"March 2, 1983",N,N
STLO-1705518-364,,,Fens Bog Area,"D. Riihiluoma and S. Nelson on March 2, 1983",D. Riihiluoma and S. Nelson,"March 2, 1983",Y,N
STLO-1705519-390,Proximate analysis provided by Rasjo Torv AB; BTU value for combined 70-115cm and 160-205cm sample,,Fens Bog Area,"C. Buttleman and D. Riihiluoma on July 6, 1983",C. Buttleman and D. Riihiluoma,"July 6, 1983",Y,Y
STLO-1705519-391,Proximate analysis provided by Rasjo Torv AB; BTU value for combined 70-115cm and 130-175cm sample,,Fens Bog Area,"D. Riihiluoma and C. Buttleman on July 6, 1983",D. Riihiluoma and C. Buttleman,"July 6, 1983",Y,Y
STLO-1705519-392,Proximate analysis provided by Rasjo Torv AB; BTU value for combined 100-145cm and 160-205cm sample,,Fens Bog Area,"C. Buttleman and D. Riihiluoma on July 6, 1983",C. Buttleman and D. Riihiluoma,"July 6, 1983",Y,Y
STLO-1705520-371,,,Fens Bog Area,"S. Nelson and D. Riihiluoma on March 10, 1983",S. Nelson and D. Riihiluoma,"March 10, 1983",Y,N
STLO-1705522-254,,,,"D. Olson and E. Tome on October 18, 1978",D. Olson and E. Tome,"October 18, 1978",N,N
STLO-1705527-255,,,,"D. Olson and E. Tome on October 18, 1978",D. Olson and E. Tome,"October 18, 1978",N,N
STLO-1705528-372,,,Fens Bog Area,"S. Nelson and D. Riihiluoma on March 10, 1983",S. Nelson and D. Riihiluoma,"March 10, 1983",Y,N
STLO-1705530-386,Proximate analysis provided by Rasjo Torv AB,,Fens Bog Area,"D. Riihiluoma and S. Nelson on June 7, 1983",D. Riihiluoma and S. Nelson,"June 7, 1983",N,Y
STLO-1705530-387,Proximate analysis provided by Rasjo Torv AB,,Fens Bog Area,"D. Riihiluoma and S. Nelson on June 7, 1983",D. Riihiluoma and S. Nelson,"June 7, 1983",N,Y
STLO-1705530-388,Proximate analysis provided by Rasjo Torv AB,,Fens Bog Area,"D. Riihiluoma and S. Nelson on June 7, 1983",D. Riihiluoma and S. Nelson,"June 7, 1983",N,Y
STLO-1705530-389,"Proximate analysis provided by Rasjo Torv AB; BTU value for combined 65-110cm, 105-150cm, and 136-181cm samples",,Fens Bog Area,"D. Riihiluoma and C. Buttleman on July 6, 1983",D. Riihiluoma and C. Buttleman,"July 6, 1983",Y,Y
STLO-1705531-369,,,Fens Bog Area,"S. Nelson and D. Riihiluoma on March 9, 1983",S. Nelson and D. Riihiluoma,"March 9, 1983",Y,N
STLO-1705531-383,Proximate analysis provided by Rasjo Torv AB,,Fens Bog Area,"S. Nelson and D. Riihiluoma on June 3, 1983",S. Nelson and D. Riihiluoma,"June 3, 1983",N,Y
STLO-1705531-384,Proximate analysis provided by Rasjo Torv AB,,Fens Bog Area,"S. Nelson and D. Riihiluoma on June 3, 1983",S. Nelson and D. Riihiluoma,"June 3, 1983",N,Y
STLO-1705531-385,Proximate analysis provided by Rasjo Torv AB,,Fens Bog Area,"S. Nelson and D. Riihiluoma on June 3, 1983",S. Nelson and D. Riihiluoma,"June 3, 1983",N,Y
STLO-1705531-395,Proximate analysis provided by Rasjo Torv AB,,Fens Bog Area,"D. Riihiluoma and C. Buttleman on July 11, 1983",D. Riihiluoma and C. Buttleman,"July 11, 1983",Y,Y
STLO-1705531-503,,,Fens Bog Area,"S. Nelson, D. Riihiluoma, and D. Olson on March 21, 1984","S. Nelson, D. Riihiluoma, and D. Olson","March 21, 1984",N,N
STLO-1705601-460,,,,"H. Mooers on June 11, 1982",H. Mooers,"June 11, 1982",N,N
STLO-1705608-493,,0-20cm peat wetter than normal,West Central Lakes Bog,"T. Varila and C. Buttleman on August 22, 1983",T. Varila and C. Buttleman,"August 22, 1983",N,N
STLO-1705617-451,,,West Central Lakes Bog,"D. Riihiluoma and H. Mooers on June 10, 1982",D. Riihiluoma and H. Mooers,"June 10, 1982",N,N
STLO-1705617-453,,,West Central Lakes Bog,"H. Mooers and D. Riihiluoma on June 10, 1982",H. Mooers and D. Riihiluoma,"June 10, 1982",N,N
STLO-1705617-492,,0-30cm peat wetter than normal,West Central Lakes Bog,"T. Varila and C. Buttleman on August 22, 1983",T. Varila and C. Buttleman,"August 22, 1983",N,N
STLO-1705619-449,,,West Central Lakes Bog,"D. Riihiluoma and H. Mooers on June 10, 1982",D. Riihiluoma and H. Mooers,"June 10, 1982",N,N
STLO-1705619-450,,,West Central Lakes Bog,"D. Riihiluoma and H. Mooers on June 10, 1982",D. Riihiluoma and H. Mooers,"June 10, 1982",N,N
STLO-1705619-489,,,West Central Lakes Bog,"E. Raikamo, S. Nelson, D. Riihiluoma, and D. Olson on August 22, 1983","E. Raikamo, S. Nelson, D. Riihiluoma, and D. Olson","August 22, 1983",N,N
STLO-1705619-494,,0-20cm peat extremely wet; 20-30cm & 100-150cm peat wetter than normal; 150-180cm peat dryer than normal,West Central Lakes Bog,"T. Varila and C. Buttleman on August 22, 1983",T. Varila and C. Buttleman,"August 22, 1983",N,N
STLO-1705620-448,,,West Central Lakes Bog,"D. Riihiluoma and H. Mooers on June 10, 1982",D. Riihiluoma and H. Mooers,"June 10, 1982",N,N
STLO-1705620-452,,,West Central Lakes Bog,"D. Riihiluoma and H. Mooers on June 10, 1982",D. Riihiluoma and H. Mooers,"June 10, 1982",N,N
STLO-1705620-490,,0-30cm peat extremely wet; 30-50cm peat wetter than normal,West Central Lakes Bog,"T. Varila and C. Buttleman on August 22, 1983",T. Varila and C. Buttleman,"August 22, 1983",N,N
STLO-1705620-491,,0-30cm peat wetter than normal,West Central Lakes Bog,"T. Varila and C. Buttleman on August 22, 1983",T. Varila and C. Buttleman,"August 22, 1983",N,N
STLO-1705623-462,,,West Central Lakes Bog,"H. Mooers on June 11, 1982",H. Mooers,"June 11, 1982",N,N
STLO-1705629-447,,,West Central Lakes Bog,"D. Riihiluoma and H. Mooers on June 10, 1982",D. Riihiluoma and H. Mooers,"June 10, 1982",N,N
STLO-1705629-468,,,West Central Lakes Bog,"S. Nelson and D. Riihiluoma on August 11, 1983",S. Nelson and D. Riihiluoma,"August 11, 1983",Y,N
STLO-1705629-486,"Not good for sod peat--will not hold together, also is too wet (low bulk density of peat).",0-50cm peat wetter than normal,West Central Lakes Bog,"E. Raikamo, S. Nelson, D. Riihiluoma, and D. Olson on August 22, 1983","E. Raikamo, S. Nelson, D. Riihiluoma, and D. Olson","August 22, 1983",N,N
STLO-1705629-487,0-60cm bad drainage; 60-100cm sod peat,,West Central Lakes Bog,"E. Raikamo, S. Nelson, D. Riihiluoma, and D. Olson on August 22, 1983","E. Raikamo, S. Nelson, D. Riihiluoma, and D. Olson","August 22, 1983",N,N
STLO-1705630-446,,,West Central Lakes Bog,"D. Riihiluoma and H. Mooers on June 10, 1982",D. Riihiluoma and H. Mooers,"June 10, 1982",N,N
STLO-1705630-466,,,West Central Lakes Bog,"D. Riihiluoma and S. Nelson on August 11, 1983",D. Riihiluoma and S. Nelson,"August 11, 1983",Y,N
STLO-1705630-467,0-152cm mainly sphagnum moss but with alot of relatively undecomposed sedge type stems.,,West Central Lakes Bog,"S. Nelson and D. Riihiluoma on August 11, 1983",S. Nelson and D. Riihiluoma,"August 11, 1983",Y,N
STLO-1705630-488,,,West Central Lakes Bog,"S. Nelson, D. Riihiluoma, and D. Olson on August 22, 1983","S. Nelson, D. Riihiluoma, and D. Olson","August 22, 1983",N,N
STLO-1705635-1A,,,Central Lakes Bog & Peat Products Bog,"T. Malterer and D. Riihiluoma on July 10, 1980",T. Malterer and D. Riihiluoma,"July 10, 1980",N,N
STLO-1705635-2A,,,Central Lakes Bog & Peat Products Bog,"T. Malterer and D. Riihiluoma on July 10, 1980",T. Malterer and D. Riihiluoma,"July 10, 1980",N,N
STLO-1705635-463,,,Central Lakes Bog & Peat Products Bog,"H. Mooers on June 11, 1982",H. Mooers,"June 11, 1982",N,N
STLO-1705635-464,,,Central Lakes Bog & Peat Products Bog,"H. Mooers on June 11, 1982",H. Mooers,"June 11, 1982",N,N
STLO-1705635-714,"Non-horticultural quality, many long carex strands.",,Central Lakes Bog,"S. Nelson and H. Jamsa on June 4, 1987",S. Nelson and H. Jamsa,"June 4, 1987",N,N
STLO-1705636-717,"Poor horticultural quality, many varing layers, many long carex strands; 100-150cm with many layers of H4+ material",,Central Lakes Bog,"S. Nelson and H. Jamsa on June 4, 1987",S. Nelson and H. Jamsa,"June 4, 1987",N,N
STLO-1705636-718,"Poor horticultural quality, alot of long carex strands--profile is better quality than site 717.",,Central Lakes Bog,"S. Nelson and H. Jamsa on June 4, 1987",S. Nelson and H. Jamsa,"June 4, 1987",N,N
STLO-1705636-719,"Poor horticultural quality, alot of long carex strands.",,Central Lakes Bog,"S. Nelson and H. Jamsa on June 4, 1987",S. Nelson and H. Jamsa,"June 4, 1987",N,N
STLO-1705636-720,Fair to poor horticultural quality 0-70cm; excellent horticultural quality 70-160cm.,,Central Lakes Bog,"S. Nelson and H. Jamsa on June 4, 1987",S. Nelson and H. Jamsa,"June 4, 1987",N,N
STLO-1705701-455,,,Ely Lake Bog,"D. Riihiluoma and H. Mooers on June 11, 1982",D. Riihiluoma and H. Mooers,"June 11, 1982",N,N
STLO-1705711-458,,,Ely Lake Bog,"H. Mooers and D. Riihiluoma on June 11, 1982",H. Mooers and D. Riihiluoma,"June 11, 1982",N,N
STLO-1705712-457,,,Ely Lake Bog,"D. Riihiluoma and H. Mooers on June 11, 1982",D. Riihiluoma and H. Mooers,"June 11, 1982",N,N
STLO-1705713-456,,,Ely Lake Bog,"D. Riihiluoma and H. Mooers on June 11, 1982",D. Riihiluoma and H. Mooers,"June 11, 1982",N,N
STLO-1705721-459,,,,"D. Riihiluoma and H. Mooers on June 11, 1982",D. Riihiluoma and H. Mooers,"June 11, 1982",N,N
STLO-1706104-212,,,Lost Lake Bog,"D. Riihiluoma and H. Mooers on February 18, 1982",D. Riihiluoma and H. Mooers,"February 18, 1982",N,N
STLO-1706207-83,,,,"L. Severson and H. Mooers on September 16, 1981",L. Severson and H. Mooers,"September 16, 1981",N,N
STLO-1706208-82,,,,"L. Severson and H. Mooers on September 16, 1981",L. Severson and H. Mooers,"September 16, 1981",N,N
STLO-1706216-81,,,,"L. Severson and H. Mooers on September 16, 1981",L. Severson and H. Mooers,"September 16, 1981",N,N
STLO-1706223-76,,,Lost Lake Bog,"H. Mooers and L. Severson on September 16, 1981",H. Mooers and L. Severson,"September 16, 1981",N,N
STLO-1706230-91,,,Lost Lake Bog,"L. Severson and H. Mooers on September 17, 1981",L. Severson and H. Mooers,"September 17, 1981",N,N
STLO-1706232-89,,,Lost Lake Bog,"H. Mooers and L. Severson on September 17, 1981",H. Mooers and L. Severson,"September 17, 1981",N,N
STLO-1706232-90,,,Lost Lake Bog,"H. Mooers and L. Severson on September 17, 1981",H. Mooers and L. Severson,"September 17, 1981",N,N
STLO-1706233-210,,,Lost Lake Bog,"H. Mooers and D. Riihiluoma on February 18, 1981",H. Mooers and D. Riihiluoma,"February 18, 1981",N,N
STLO-1706233-211,,,Lost Lake Bog,"H. Mooers and D. Riihiluoma on February 18, 1981",H. Mooers and D. Riihiluoma,"February 18, 1981",N,N
STLO-1706233-88,,,Lost Lake Bog,"H. Mooers and L. Severson on September 17, 1981",H. Mooers and L. Severson,"September 17, 1981",N,N
STLO-1706235-214,,,Lost Lake Bog,"H. Mooers and D. Riihiluoma on February 18, 1982",H. Mooers and D. Riihiluoma,"February 18, 1982",N,N
STLO-1706236-77,,,Lost Lake Bog,"H. Mooers and L. Severson on September 16, 1981",H. Mooers and L. Severson,"September 16, 1981",Y,N
STLO-1805001-3,,,,"D. Mellem and B. Balen on May 18, 1978",D. Mellem and B. Balen,"May 18, 1978",Y,N
STLO-1805033-4,,,,"D. Olson and E. Tome on October 17, 1978",D. Olson and E. Tome,"October 17, 1978",N,N
STLO-1805036-5,,,,"D. Mellem and B. Balen on May 18, 1978",D. Mellem and B. Balen,"May 18, 1978",N,N
STLO-1805104-15A,Profile described using the Munsell Soil Color Chart;  pH analysis done in the field,,Arlberg Bog,"B. Waukenabo on July 15, 1977",B. Waukenabo,"July 15, 1977",Y,N
STLO-1805104-B+1000+1000,Elevation site only,,,"E. Berglund and P. Haverkost in October, 1986",E. Berglund and P. Haverkost,"October, 1986",N,N
STLO-1805104-B+1000+1400,Elevation site only,,,"E. Berglund and P. Haverkost in October, 1986",E. Berglund and P. Haverkost,"October, 1986",N,N
STLO-1805104-B+300+1000,"Mixed qualities, generally fair.",,,"M. Oberhelman and D. Riihiluoma on September 15, 1986",M. Oberhelman and D. Riihiluoma,"September 15, 1986",N,N
STLO-1805104-B+300+1200,"Mixed qualities; excellent quality from 50-116cm, fair to non-horticultural quality below 116cm.",,,"M. Oberhelman and D. Beckwith on September 23, 1986",M. Oberhelman and D. Beckwith,"September 23, 1986",N,N
STLO-1805104-B+300+1400,"Mixed qualities with long carex strands; fair quality 0-100cm, non-horticultural to fair qualities below 100cm.",0-30cm peat very wet,,"M. Oberhelman and D. Riihiluoma on September 22, 1986",M. Oberhelman and D. Riihiluoma,"September 22, 1986",N,N
STLO-1805104-B+300+1600,Mixed horticultural qualities.,,,"M. Oberhelman and D. Beckwith on September 30, 1986",M. Oberhelman and D. Beckwith,"September 30, 1986",N,N
STLO-1805104-B+300+800,Non-horticultural quality,,,"D. Riihiluoma and D. Beckwith on October 1, 1986",D. Riihiluoma and D. Beckwith,"October 1, 1986",N,N
STLO-1805104-B+400+1000,0-80cm mixed qualities; 80-140cm excellent but with long carex strands.,0-50cm peat very wet,,"D. Riihiluoma and M. Oberhelman on September 15, 1986",D. Riihiluoma and M. Oberhelman,"September 15, 1986",N,N
STLO-1805104-B+400+1200,Generally fair to marginal quality except for light sphagnum 0-50cm.,,,"M. Oberhelman and D. Beckwith on September 23, 1986",M. Oberhelman and D. Beckwith,"September 23, 1986",N,N
STLO-1805104-B+400+1400,Fair to marginal quality with long carex strands.,,,"M. Oberhelman and D. Riihiluoma on September 22, 1986",M. Oberhelman and D. Riihiluoma,"September 22, 1986",N,N
STLO-1805104-B+400+1600,Mixed horticultural qualities; some layers with long carex strands.,,,"M. Oberhelman and D. Beckwith on September 30, 1986",M. Oberhelman and D. Beckwith,"September 30, 1986",N,N
STLO-1805104-B+500+1000,Marginal to fair mixed qualities; hit stumps at 80cm,0-10 cm peat very wet,,"D. Riihiluoma and M. Oberhelman on September 15, 1986",D. Riihiluoma and M. Oberhelman,"September 15, 1986",N,N
STLO-1805104-B+500+1200,Mixed qualities with long carex strands.,,,"M. Oberhelman and D. Beckwith on September 23, 1986",M. Oberhelman and D. Beckwith,"September 23, 1986",N,N
STLO-1805104-B+500+1400,Mixed qualities with long carex strands.,0-15cm peat wetter than normal,,"M. Oberhelman and D. Riihiluoma on September 22, 1986",M. Oberhelman and D. Riihiluoma,"September 22, 1986",N,N
STLO-1805104-B+500+1600,Mixed horticultural qualities.,,,"M. Oberhelman and D. Beckwith on September 30, 1986",M. Oberhelman and D. Beckwith,"September 30, 1986",N,N
STLO-1805104-B+600+1000,Fair to non-horticultural qualities with some long carex strands.,,,"D. Riihiluoma and M. Oberhelman on September 15, 1986",D. Riihiluoma and M. Oberhelman,"September 15, 1986",N,N
STLO-1805104-B+600+1200,Generally marginal to non-horticultural qualities.,,,"M. Oberhelman and D. Beckwith on September 23, 1986",M. Oberhelman and D. Beckwith,"September 23, 1986",N,N
STLO-1805104-B+600+1400,Very mixed qualities.,,,"M. Oberhelman and D. Riihiluoma on September 22, 1986",M. Oberhelman and D. Riihiluoma,"September 22, 1986",Y,N
STLO-1805104-B+600+1600,Mixed horticultural qualities; generally non-horticultural to poor quality with some layers of light sphagnum.,,,"M. Oberhelman and D. Beckwith on September 30, 1986",M. Oberhelman and D. Beckwith,"September 30, 1986",N,N
STLO-1805104-B+700+1000,Marginal to non-horticultural quality; hit stump at 40cm,0-15cm peat very wet,,"M. Oberhelman and D. Riihiluoma on September 15, 1986",M. Oberhelman and D. Riihiluoma,"September 15, 1986",N,N
STLO-1805104-B+700+1400,Mixed qualities; generally non-horticultural to fair qualities.,,,"M. Oberhelman and D. Riihiluoma on September 22, 1986",M. Oberhelman and D. Riihiluoma,"September 22, 1986",N,N
STLO-1805104-B+700+1600,Generally marginal to non-horticultural quality.,,,"M. Oberhelman and D. Beckwith on September 30, 1986",M. Oberhelman and D. Beckwith,"September 30, 1986",N,N
STLO-1805104-B+800+1000,Elevation site only,,,"E. Berglund and P. Haverkost in October, 1986",E. Berglund and P. Haverkost,"October, 1986",N,N
STLO-1805104-B+800+1400,Elevation site only,,,"E. Berglund and P. Haverkost in October, 1986",E. Berglund and P. Haverkost,"October, 1986",N,N
STLO-1805104-B+800+1600,Marginal to non-horticultural quality.,,,"M. Oberhelman and D. Beckwith on September 30, 1986",M. Oberhelman and D. Beckwith,"September 30, 1986",N,N
STLO-1805104-B+900+1400,Non-horticultural peat.,,,"M. Oberhelman and D. Riihiluoma on September 22, 1986",M. Oberhelman and D. Riihiluoma,"September 22, 1986",N,N
STLO-1805105-16,,,Arlberg Bog,"D. Olson and D. Mellem on February 28, 1978",D. Olson and D. Mellem,"February 28, 1978",Y,N
STLO-1805105-17,,,Arlberg Bog,"D. Olson and D. Mellem on February 28, 1978",D. Olson and D. Mellem,"February 28, 1978",Y,N
STLO-1805105-18,,,Arlberg Bog,"D. Olson and D. Mellum on February 28, 1978",D. Olson and D. Mellum,"February 28, 1978",Y,N
STLO-1805105-19,,,Arlberg Bog,"D. Mellem, D. Olson, and T. Malterer on March 7, 1978","D. Mellem, D. Olson, and T. Malterer","March 7, 1978",Y,N
STLO-1805105-a,Depth site around mineral island,,,"P. Geisleman and D. Riihiluoma on June 18, 1987",P. Geisleman and D. Riihiluoma,"June 18, 1987",N,N
STLO-1805105-b,Depth site around mineral island; 110m from east edge of island,,,"P. Geisleman and D. Riihiluoma on June 18, 1987",P. Geisleman and D. Riihiluoma,"June 18, 1987",N,N
STLO-1805105-B+-0+1000,Mixture of fair quality with zones of H3 sphagnum; does not appear to be Sphagnum fuscum.,0-25cm peat very wet,,"D. Riihiluoma and M. Oberhelman on September 15, 1986",D. Riihiluoma and M. Oberhelman,"September 15, 1986",N,N
STLO-1805105-B+-0+1100,Mixed qualities 0-40cm; excellent horticultural quality 40-200+cm; very clean.,,,"S. Nelson and P. Haverkost on October 15, 1986",S. Nelson and P. Haverkost,"October 15, 1986",N,N
STLO-1805105-B+-0+1200,Generally excellent quality sphagnum to 220cm except between 28-47cm; fair quality 220-250cm.  Site on edge of forested bog and open area.,,,"S. Nelson and D. Riihiluoma on September 23, 1986",S. Nelson and D. Riihiluoma,"September 23, 1986",N,N
STLO-1805105-B+-0+1300,Fair quality horticultural sphagnum 0-73cm; excellent quality 81-190cm but with few long carex strands.,,,"S. Nelson and P. Haverkost on October 15, 1986",S. Nelson and P. Haverkost,"October 15, 1986",N,N
STLO-1805105-B+-0+1400,Excellent quality horticultural sphagnum except for minor dark sphagnum layers.,,,"S. Nelson and M. Oberhelman on September 16, 1986",S. Nelson and M. Oberhelman,"September 16, 1986",N,N
STLO-1805105-B+-0+1500,Excellent quality horticultural sphagnum 0-115cm; mixed fair and excellent qualities 115-195cm.,,,"S. Nelson and P. Haverkost on October 15, 1986",S. Nelson and P. Haverkost,"October 15, 1986",N,N
STLO-1805105-B+-0+1600,Mixed horticultural qualities with non-horticultural layers and long carex strands.,,,"M. Oberhelman and D. Beckwith on September 30, 1986",M. Oberhelman and D. Beckwith,"September 30, 1986",N,N
STLO-1805105-B+-0+600,Non-horticultural quality,,,"S. Nelson and P. Haverkost on October 15, 1986",S. Nelson and P. Haverkost,"October 15, 1986",N,N
STLO-1805105-B+-0+700,Non-horticultural quality,,,"S. Nelson and P. Haverkost on October 15, 1986",S. Nelson and P. Haverkost,"October 15, 1986",N,N
STLO-1805105-B+-0+800,Generally fair to marginal quality horticultural sphagnum; mixed quality layers with some long carex strands.,,,"D. Riihiluoma and D. Beckwith on October 1, 1986",D. Riihiluoma and D. Beckwith,"October 1, 1986",N,N
STLO-1805105-B+-0+900,Mixed qualities 0-38cm; excellent quality horticultural sphagnum 38-200+cm; between 31-110cm were a few long carex strands.,,,"S. Nelson and P. Haverkost on October 15, 1986",S. Nelson and P. Haverkost,"October 15, 1986",N,N
STLO-1805105-B+100+1000,Generally excellent and fair qualities.,,,"M. Oberhelman and D. Riihiluoma on September 15, 1986",M. Oberhelman and D. Riihiluoma,"September 15, 1986",N,N
STLO-1805105-B+100+1200,Mixed qualities; generally fair with long carex strands.,,,"M. Oberhelman and D. Beckwith on September 23, 1986",M. Oberhelman and D. Beckwith,"September 23, 1986",N,N
STLO-1805105-B+100+1400,"Hit stumps at 20, 50, 170, and 200cm Mixed qualities; generally excellent quality from 52-155cm.",,,"M. Oberhelman and D. Riihiluoma on September 22, 1986",M. Oberhelman and D. Riihiluoma,"September 22, 1986",N,N
STLO-1805105-B+100+1600,Fair to marginal quality horticultural sphagnum; a lot of long carex strands.,,,"S. Nelson and D. Beckwith on October 20, 1986",S. Nelson and D. Beckwith,"October 20, 1986",N,N
STLO-1805105-B+100+800,"Fair quality horticultural sphagnum 0-160cm, mixed quality layers with some long carex strands.",,,"D. Riihiluoma and D. Beckwith on October 1, 1986",D. Riihiluoma and D. Beckwith,"October 1, 1986",N,N
STLO-1805105-B+200+1000,Generally fair quality; mixed qualities with some long carex strands.,,,"M. Oberhelman and D. Riihiluoma on September 15, 1986",M. Oberhelman and D. Riihiluoma,"September 15, 1986",N,N
STLO-1805105-B+200+1200,Mixed qualities with long carex strands.,,,"M. Oberhelman and D. Beckwith on September 23, 1986",M. Oberhelman and D. Beckwith,"September 23, 1986",Y,N
STLO-1805105-B+200+1400,Generally excellent quality from 0-105cm; fair quality from 105-215cm.,,,"M. Oberhelman and D. Riihiluoma on September 22, 1986",M. Oberhelman and D. Riihiluoma,"September 22, 1986",N,N
STLO-1805105-B+200+1600,Fair to marginal horticultural quality with a lot of long carex strands.,,,"M. Oberhelman and D. Beckwith on September 30, 1986",M. Oberhelman and D. Beckwith,"September 30, 1986",N,N
STLO-1805105-B+200+800,"Non-horticultural quality 0-50cm, mixed quality layers 50-180cm; generally fair quality but with some long carex strands.",,,"D. Riihiluoma and D. Beckwith on October 1, 1986",D. Riihiluoma and D. Beckwith,"October 1, 1986",N,N
STLO-1805105-B-100+1000,Fair to marginal horticultural quality; unclean with long carex strands.,,,"D. Riihiluoma and D. Beckwith on September 29, 1986",D. Riihiluoma and D. Beckwith,"September 29, 1986",Y,N
STLO-1805105-B-100+1200,"Generally fair to marginal quality horticultural sphagnum; no excellent quality horticultural sphagnum, mostly unclean.",,,"S. Nelson and D. Riihiluoma on September 23, 1986",S. Nelson and D. Riihiluoma,"September 23, 1986",N,N
STLO-1805105-B-100+1400,Generally excellent quality sphagnum 0-115cm with minor dark sphagnum; 115-330cm unclean light sphagnum.,,,"S. Nelson and M. Oberhelman on September 16, 1986",S. Nelson and M. Oberhelman,"September 16, 1986",Y,N
STLO-1805105-B-100+1600,Fair horticultural quality with long carex strands.,,,"M. Oberhelman and D. Beckwith on October 7, 1986",M. Oberhelman and D. Beckwith,"October 7, 1986",N,N
STLO-1805105-B-100+800,Generally marginal quality horticultural sphagnum 0-180cm; qualities very mixed and also with long carex strands.,,,"S. Nelson and P. Haverkost on October 15, 1986",S. Nelson and P. Haverkost,"October 15, 1986",N,N
STLO-1805105-B-1000+1000,Elevation site only,,,"E. Berglund and P. Haverkost in October, 1986",E. Berglund and P. Haverkost,"October, 1986",N,N
STLO-1805105-B-1000+1200,,,,"P. Haverkost and M. Oberhelman on October 21, 1986",P. Haverkost and M. Oberhelman,"October 21, 1986",N,N
STLO-1805105-B-1000+1400,Mixed horticultural qualities with many non-horticultural layers.,,,"M. Oberhelman and D. Riihiluoma on September 17, 1986",M. Oberhelman and D. Riihiluoma,"September 17, 1986",N,N
STLO-1805105-B-1000+1600,Generally fair quality horticultural sphagnum.,,,"P. Haverkost and M. Oberhelman on October 21, 1986",P. Haverkost and M. Oberhelman,"October 21, 1986",Y,N
STLO-1805105-B-1100+1600,"Generally fair quality horticultural sphagnum, some layers with long carex strands.",,,"P. Haverkost and M. Oberhelman on October 21, 1986",P. Haverkost and M. Oberhelman,"October 21, 1986",N,N
STLO-1805105-B-1200+1600,"Fair to marginal quality horticultural sphagnum, some layers with long carex strands.",,,"P. Haverkost and M. Oberhelman on October 21, 1986",P. Haverkost and M. Oberhelman,"October 21, 1986",N,N
STLO-1805105-B-1300+1600,Generally marginal to fair quality horticultural sphagnum.,,,"P. Haverkost and M. Oberhelman on October 21, 1986",P. Haverkost and M. Oberhelman,"October 21, 1986",N,N
STLO-1805105-B-200+1000,Generally fair quality horticultural sphagnum with long carex strands. Soft textured sphagnum species.,,,"M. Oberhelman and D. Riihiluoma on October 20, 1986",M. Oberhelman and D. Riihiluoma,"October 20, 1986",N,N
STLO-1805105-B-200+1200,Generally excellent quality horticultural sphagnum 0-238cm. Site approximately 50m into forested area from the open area.,,,"S. Nelson and D. Riihiluoma on September 23, 1986",S. Nelson and D. Riihiluoma,"September 23, 1986",N,N
STLO-1805105-B-200+1400,Excellent quality horticultural sphagnum 0-245cm with very minor dark sphagnum bands.,,,"S. Nelson and M. Oberhelman on September 16, 1986",S. Nelson and M. Oberhelman,"September 16, 1986",N,N
STLO-1805105-B-200+1600,Generally a mixture of fair and excellent horticultural qualities. Edge of forested area.,,,"M. Oberhelman and D. Beckwith on October 7, 1986",M. Oberhelman and D. Beckwith,"October 7, 1986",N,N
STLO-1805105-B-200+800,Non-horticultural quality below 33cm.,,,"D. Riihiluoma and D. Beckwith on October 1, 1986",D. Riihiluoma and D. Beckwith,"October 1, 1986",N,N
STLO-1805105-B-300+1000,"Fair to excellent quality 36-240cm, with some long carex strands.",,,"D. Riihiluoma and D. Beckwith on September 29, 1986",D. Riihiluoma and D. Beckwith,"September 29, 1986",N,N
STLO-1805105-B-300+1200,Generally excellent quality horticultural sphagnum 0-200cm; between 70-180cm quite pure light sphagnum; fair quality 200-240cm.,,,"S. Nelson and D. Riihiluoma on September 23, 1986",S. Nelson and D. Riihiluoma,"September 23, 1986",N,N
STLO-1805105-B-300+1400,Excellent quality horticultural sphagnum 0-150cm; generally fair quality 150-300cm.  Site near edge of open area to the SW.,,,"S. Nelson and M. Oberhelman on September 16, 1986",S. Nelson and M. Oberhelman,"September 16, 1986",N,N
STLO-1805105-B-300+1600,Generally fair horticultural quality with some layers of excellent quality sphagnum.  Edge of forested area.,,,"M. Oberhelman and D. Beckwith on October 7, 1986",M. Oberhelman and D. Beckwith,"October 7, 1986",N,N
STLO-1805105-B-400+1000,Mixed qualities of horticultural sphagnum with long carex strands.,,,"M. Oberhelman and D. Riihiluoma on October 20, 1986",M. Oberhelman and D. Riihiluoma,"October 20, 1986",N,N
STLO-1805105-B-400+1200,Excellent quality horticultural sphagnum 0-220cm; very clean light sphagnum.,,,"S. Nelson and D. Riihiluoma on September 23, 1986",S. Nelson and D. Riihiluoma,"September 23, 1986",N,N
STLO-1805105-B-400+1400,Excellent quality horticultural sphagnum 0-200cm; generally fair quality 200-300cm.,,,"S. Nelson and M. Oberhelman on September 16, 1986",S. Nelson and M. Oberhelman,"September 16, 1986",N,N
STLO-1805105-B-400+1600,Mixed horticultural qualities with long carex strands.,,,"M. Oberhelman and D. Beckwith on October 7, 1986",M. Oberhelman and D. Beckwith,"October 7, 1986",N,N
STLO-1805105-B-500+1000,0-100cm generally excellent quality horticultural sphagnum; generally fair quality below 100cm.,,,"D. Riihiluoma and M. Oberhelman on October 20, 1986",D. Riihiluoma and M. Oberhelman,"October 20, 1986",N,N
STLO-1805105-B-500+1200,"Very clean, excellent quality horticultural sphagnum 0-195cm; below 195cm generally poorer quality dark sphagnum.",,,"S. Nelson and D. Riihiluoma on September 23, 1986",S. Nelson and D. Riihiluoma,"September 23, 1986",Y,N
STLO-1805105-B-500+1400,"In general not high quality horticultural sphagnum, mixed layers of excellent and fair qualities; light sphagnum is not clean, has long carex strands.",,,"S. Nelson and M. Oberhelman on September 16, 1986",S. Nelson and M. Oberhelman,"September 16, 1986",N,N
STLO-1805105-B-500+1600,Generally fair horticultural quality with minor layers of excellent quality sphagnum.,,,"M. Oberhelman and D. Beckwith on October 7, 1986",M. Oberhelman and D. Beckwith,"October 7, 1986",N,N
STLO-1805105-B-600+1000,Fair quality horticultural sphagnum 10-216cm; unclean with some long carex strands.,,,"D. Riihiluoma and D. Beckwith on September 29, 1986",D. Riihiluoma and D. Beckwith,"September 29, 1986",N,N
STLO-1805105-B-600+1200,Generally excellent quality from 12-190cm.,,,"S. Nelson and M. Oberhelman on September 24, 1986",S. Nelson and M. Oberhelman,"September 24, 1986",N,N
STLO-1805105-B-600+1400,Excellent quality from 30-135cm; fair quality to 180cm.,,,"M. Oberhelman and D. Riihiluoma on September 17, 1986",M. Oberhelman and D. Riihiluoma,"September 17, 1986",N,N
STLO-1805105-B-600+1600,Mixed excellent and fair qualities of sphagnum with long carex strands 170-220cm non-horticultural quality.,,,"M. Oberhelman and D. Beckwith on October 7, 1986",M. Oberhelman and D. Beckwith,"October 7, 1986",N,N
STLO-1805105-B-700+1000,Very mixed qualities throughout profile; generally fair quality.,,,"D. Riihiluoma and D. Beckwith on September 29, 1986",D. Riihiluoma and D. Beckwith,"September 29, 1986",Y,N
STLO-1805105-B-700+1200,Generally excellent quality from 60-190cm with some long carex strands.,,,"S. Nelson and M. Oberhelman on September 24, 1986",S. Nelson and M. Oberhelman,"September 24, 1986",N,N
STLO-1805105-B-700+1400,Generally excellent horticultural quality from 50-170cm.,,,"M. Oberhelman and D. Riihiluoma on September 17, 1986",M. Oberhelman and D. Riihiluoma,"September 17, 1986",N,N
STLO-1805105-B-700+1600,Mixed horticultural qualities of sphagnum.,,,"M. Oberhelman and D. Beckwith on October 7, 1986",M. Oberhelman and D. Beckwith,"October 7, 1986",N,N
STLO-1805105-B-800+1000,"Mixed qualities in profile, generally fair quality.",,,"S. Nelson and M. Oberhelman on September 24, 1986",S. Nelson and M. Oberhelman,"September 24, 1986",N,N
STLO-1805105-B-800+1200,Mixed qualities; generally marginal quality except 90-125cm is unclean light sphagnum.,,,"S. Nelson and M. Oberhelman on September 24, 1986",S. Nelson and M. Oberhelman,"September 24, 1986",N,N
STLO-1805105-B-800+1400,Generally excellent horticultural quality 30-105cm; fair to marginal quality below 105cm with some long carex strands in profile.,,,"M. Oberhelman and D. Riihiluoma on September 17, 1986",M. Oberhelman and D. Riihiluoma,"September 17, 1986",N,N
STLO-1805105-B-800+1600,Generally fair quality horticultural sphagnum.,,,"M. Oberhelman and D. Beckwith on October 7, 1986",M. Oberhelman and D. Beckwith,"October 7, 1986",N,N
STLO-1805105-B-900+1000,Generally fair quality with long carex strands; 20-50cm non-horticultural quality.,,,"S. Nelson and M. Oberhelman on September 24, 1986",S. Nelson and M. Oberhelman,"September 24, 1986",N,N
STLO-1805105-B-900+1200,0-90cm fair and excellent qualities mixed; 90-170cm fair to non-horticultural qualities mixed.,,,"P. Haverkost and M. Oberhelman on October 21, 1986",P. Haverkost and M. Oberhelman,"October 21, 1986",N,N
STLO-1805105-B-900+1400,Mixed horticultural qualities; generally marginal quality.,,,"M. Oberhelman and D. Riihiluoma on September 17, 1986",M. Oberhelman and D. Riihiluoma,"September 17, 1986",N,N
STLO-1805105-B-900+1600,Generally fair quality horticultural sphagnum with long carex strands.,,,"P. Haverkost and M. Oberhelman on October 21, 1986",P. Haverkost and M. Oberhelman,"October 21, 1986",N,N
STLO-1805105-c,Depth site around mineral island,,,"P. Geisleman and D. Riihiluoma on June 18, 1987",P. Geisleman and D. Riihiluoma,"June 18, 1987",N,N
STLO-1805105-d,Depth site around mineral island,,,"P. Geisleman and D. Riihiluoma on June 18, 1987",P. Geisleman and D. Riihiluoma,"June 18, 1987",N,N
STLO-1805105-e,Depth site around mineral island; 60m from east edge of island,,,"P. Geisleman and D. Riihiluoma on June 18, 1987",P. Geisleman and D. Riihiluoma,"June 18, 1987",N,N
STLO-1805105-f,Depth site around mineral island,,,"P. Geisleman and D. Riihiluoma on June 18, 1987",P. Geisleman and D. Riihiluoma,"June 18, 1987",N,N
STLO-1805105-g,Depth site around mineral island,,,"P. Geisleman and D. Riihiluoma on June 18, 1987",P. Geisleman and D. Riihiluoma,"June 18, 1987",N,N
STLO-1805105-h,Depth site around mineral island,,,"P. Geisleman and D. Riihiluoma on June 18, 1987",P. Geisleman and D. Riihiluoma,"June 18, 1987",N,N
STLO-1805105-i,Depth site around mineral island,,,"P. Geisleman and D. Riihiluoma on June 18, 1987",P. Geisleman and D. Riihiluoma,"June 18, 1987",N,N
STLO-1805107-19A,Profile described using the Munsell Soil Color Chart; pH analysis done in field,,Arlberg Bog,"D. Olson on July 13, 1977",D. Olson,"July 13, 1977",Y,N
STLO-1805107-19B,Profile described using the Munsell Soil Color Chart; pH analysis done in the field,,Arlberg bog,"H. Hobbs on July 14, 1977",H. Hobbs,"July 14, 1977",Y,N
STLO-1805107-19C,Profile described using the Munsell Soil Color Chart; pH analysis done in the field,,Arlberg Bog,"B. Waukenabo on July 15, 1977",B. Waukenabo,"July 15, 1977",Y,N
STLO-1805107-20,,,Arlberg Bog,"D. Mellem on March 9, 1978",D. Mellem,"March 9, 1978",Y,N
STLO-1805117-21,,,,"D. Olson and E. Tome on October 17, 1978",D. Olson and E. Tome,"October 17, 1978",N,N
STLO-1805124-22,,,,"D. Mellem and B. Balen on May 16, 1978",D. Mellem and B. Balen,"May 16, 1978",Y,N
STLO-1805124-23,,,,"D. Mellem and B. Balen on May 16, 1978",D. Mellem and B. Balen,"May 16, 1978",Y,N
STLO-1805127-24,,,,"D. Mellem and B. Balen on May 18, 1978",D. Mellem and B. Balen,"May 18, 1978",N,N
STLO-1805131-25,,,,"D. Olson and E. Tome on October 17, 1978",D. Olson and E. Tome,"October 17, 1978",N,N
STLO-1805201-502,,,Canyon Bog,"D. Haverkost and J. Dahl on February 1, 1980",D. Haverkost and J. Dahl,"February 1, 1980",N,N
STLO-1805205-84,,,Meadowlands East Bog,"D. Olson and E. Tome on October 23, 1978",D. Olson and E. Tome,"October 23, 1978",N,N
STLO-1805205-85,,,Meadowlands East Bog,"D. Olson and E. Tome on October 23, 1978",D. Olson and E. Tome,"October 23, 1978",N,N
STLO-1805218-88,Proximate and ultimate analyses performed by Lerch Brothers Inc.,,Arlberg Bog,"D. Olson and T. Malterer on March 8, 1978",D. Olson and T. Malterer,"March 8, 1978",Y,Y
STLO-1805219-86,,,,"D. Olson and E. Tome on October 23, 1978",D. Olson and E. Tome,"October 23, 1978",N,N
STLO-1805231-87,,,Arlberg Bog,"T. Malterer on February 23, 1978",T. Malterer,"February 23, 1978",Y,N
STLO-1805231-89,,,Arlberg Bog,"D. Olson and T. Malterer on March 8, 1978",D. Olson and T. Malterer,"March 8, 1978",Y,N
STLO-1805231-90,,,Arlberg Bog,"D. Olson and T. Malterer on March 8, 1978",D. Olson and T. Malterer,"March 8, 1978",Y,N
STLO-1805232-91,,,Arlberg Bog,"D. Mellum and D. Olson on March 7, 1978",D. Mellum and D. Olson,"March 7, 1978",Y,N
STLO-1805232-92,,,Arlberg Bog,"D. Olson and T. Malterer on March 8, 1978",D. Olson and T. Malterer,"March 8, 1978",Y,N
STLO-1805232-93,,,Arlberg Bog,"D. Mellum on March 7, 1978",D. Mellum,"March 7, 1978",Y,N
STLO-1805232-94,,,Arlberg Bog,"D. Olson and D. Mellum on March 6, 1978",D. Olson and D. Mellum,"March 6, 1978",Y,N
STLO-1805232-95,,,Arlberg Bog,"T. Malterer and J. Atkins on March 1, 1978",T. Malterer and J. Atkins,"March 1, 1978",Y,N
STLO-1805232-B+-0+1700,"Fair horticultural quality by amount of sphagnum in peat, but because it has so many long carex strands and is predominantly non-fuscum sphagnum species it leans toward fair to marginal horticultural quality.",,,"S. Nelson and P. Haverkost on October 15, 1986",S. Nelson and P. Haverkost,"October 15, 1986",Y,N
STLO-1805232-B+-0+1800,Excellent to fair horticultural quality peat.,,,"M. Oberhelman and D. Beckwith on October 13, 1986",M. Oberhelman and D. Beckwith,"October 13, 1986",N,N
STLO-1805232-B+-0+1900,"Fair to excellent horticultural quality 0-110cm, fair quality 110-240cm; much of the profile is unclean.",,,"S. Nelson and D. Beckwith on October 20, 1986",S. Nelson and D. Beckwith,"October 20, 1986",N,N
STLO-1805232-B+-0+2000,Fair to excellent quality horticultural sphagnum 0-236cm; below 150cm some long carex strands.,,,"D. Riihiluoma and D. Beckwith on October 9, 1986",D. Riihiluoma and D. Beckwith,"October 9, 1986",Y,N
STLO-1805232-B+-0+2100,"Excellent to fair quality horticultural sphagnum 0-109cm, not sure of the sphagnum species; generally fair quality 109-250cm.",,,"S. Nelson and D. Beckwith on October 20, 1986",S. Nelson and D. Beckwith,"October 20, 1986",N,N
STLO-1805232-B+-0+2200,Generally fair quality horticultural sphagnum 0-212cm with some long carex strands; marginal quality 212-238cm.,,,"D. Riihiluoma and D. Beckwith on October 14, 1986",D. Riihiluoma and D. Beckwith,"October 14, 1986",N,N
STLO-1805232-B+-0+2300,"Generally non-horticultural quality down to 60cm; fair quality 60-193cm but has a lot of long carex strands throughout profile, generally unclean.",,,"S. Nelson and D. Beckwith on October 20, 1986",S. Nelson and D. Beckwith,"October 20, 1986",N,N
STLO-1805232-B+-0+2400,Non-horticultural quality.,,,"S. Nelson and D. Beckwith on October 20, 1986",S. Nelson and D. Beckwith,"October 20, 1986",N,N
STLO-1805232-B+100+1800,Mixed horticultural qualities.,,,"D. Riihiluoma and D. Beckwith on October 21, 1986",D. Riihiluoma and D. Beckwith,"October 21, 1986",N,N
STLO-1805232-B+100+2000,Fair horticultural quality.,,,"D. Riihiluoma and D. Beckwith on October 9, 1986",D. Riihiluoma and D. Beckwith,"October 9, 1986",N,N
STLO-1805232-B+100+2200,Generally marginal quality horticultural sphagnum 0-223cm with long carex strands.,0-20cm peat wetter than normal,,"D. Riihiluoma and D. Beckwith on October 14, 1986",D. Riihiluoma and D. Beckwith,"October 14, 1986",N,N
STLO-1805232-B+200+1800,Generally fair horticultural quality with some layers of excellent quality sphagnum.,,,"D. Riihiluoma and D. Beckwith on October 21, 1986",D. Riihiluoma and D. Beckwith,"October 21, 1986",N,N
STLO-1805232-B+200+2000,Mixed horticultural qualities with some long carex strands.,,,"D. Riihiluoma and D. Beckwith on October 9, 1986",D. Riihiluoma and D. Beckwith,"October 9, 1986",N,N
STLO-1805232-B+200+2200,Elevation site only,,,"E. Berglund and P. Haverkost in October, 1986",E. Berglund and P. Haverkost,"October, 1986",N,N
STLO-1805232-B-100+1800,Generally excellent to fair quality sphagnum.,,,"M. Oberhelman and D. Beckwith on October 13, 1986",M. Oberhelman and D. Beckwith,"October 13, 1986",N,N
STLO-1805232-B-100+2000,Excellent quality horticultural peat 0-207cm with minor dark sphagnum bands.,,,"S. Nelson and D. Beckwith on October 8, 1986",S. Nelson and D. Beckwith,"October 8, 1986",N,N
STLO-1805232-B-100+2200,Fair to excellent horticultural quality 0-233cm; marginal quality 233-255cm.,,,"D. Riihiluoma and D. Beckwith on October 14, 1986",D. Riihiluoma and D. Beckwith,"October 14, 1986",N,N
STLO-1805232-B-1000+1800,Generally marginal to fair horticultural quality; the fair quality has long carex strands.,,,"S. Nelson and P. Haverkost on October 9, 1986",S. Nelson and P. Haverkost,"October 9, 1986",N,N
STLO-1805232-B-1000+2200,Elevation site only,,,"E. Berglund and P. Haverkost in October, 1986",E. Berglund and P. Haverkost,"October, 1986",N,N
STLO-1805232-B-1100+1800,Fair to marginal horticultural quality with long carex strands.,,,"D. Riihiluoma and D. Beckwith on October 22, 1986",D. Riihiluoma and D. Beckwith,"October 22, 1986",N,N
STLO-1805232-B-1200+1800,Fair to marginal horticultural quality 0-123cm; below 123cm non-horticultural peat.,,,"D. Riihiluoma and D. Beckwith on October 22, 1986",D. Riihiluoma and D. Beckwith,"October 22, 1986",N,N
STLO-1805232-B-200+1800,Generally excellent quality horticultural sphagnum.,,,"M. Oberhelman and D. Beckwith on October 13, 1986",M. Oberhelman and D. Beckwith,"October 13, 1986",Y,N
STLO-1805232-B-200+2000,Generally excellent quality horticulturl sphagnum from 0-180cm with minor dark sphagnum bands.,,,"S. Nelson and D. Beckwith on October 8, 1986",S. Nelson and D. Beckwith,"October 8, 1986",N,N
STLO-1805232-B-200+2200,Fair to excellent quality horticultural sphagnum 0-128cm with some long carex strands; marginal quality horticultural sphagnum from 128-218cm.,,,"D. Riihiluoma and D. Beckwith on October 15, 1986",D. Riihiluoma and D. Beckwith,"October 15, 1986",N,N
STLO-1805232-B-300+1800,Excellent to fair quality sphagnum.,,,"M. Oberhelman and D. Beckwith on October 13, 1986",M. Oberhelman and D. Beckwith,"October 13, 1986",N,N
STLO-1805232-B-300+2000,"Generally fair horticultural quality, but with long carex strands.",,,"S. Nelson and D. Beckwith on October 8, 1986",S. Nelson and D. Beckwith,"October 8, 1986",N,N
STLO-1805232-B-300+2200,Fair quality horticultural sphagnum 0-140cm with some long carex strands.,,,"D. Riihiluoma and D. Beckwith on October 15, 1986",D. Riihiluoma and D. Beckwith,"October 15, 1986",N,N
STLO-1805232-B-400+1800,"Mixed horticultural qualities, non-horticultural to excellent qualities mixed.",,,"D. Riihiluoma and D. Beckwith on October 21, 1986",D. Riihiluoma and D. Beckwith,"October 21, 1986",N,N
STLO-1805232-B-400+2000,Fair quality horticultural sphagnum 0-224cm but with some long carex strands.,,,"S. Nelson and D. Beckwith on October 8, 1986",S. Nelson and D. Beckwith,"October 8, 1986",N,N
STLO-1805232-B-400+2200,Very mixed qualities 0-168cm with some long carex strands.,,,"D. Riihiluoma and D. Beckwith on October 15, 1986",D. Riihiluoma and D. Beckwith,"October 15, 1986",N,N
STLO-1805232-B-500+1800,Mixed horticultural qualities with long carex strands.,,,"D. Riihiluoma and D. Beckwith on October 21, 1986",D. Riihiluoma and D. Beckwith,"October 21, 1986",N,N
STLO-1805232-B-500+2000,"Fair to marginal quality horticultural sphagnum; not clean, long carex strands.",,,"S. Nelson and P. Haverkost on October 9, 1986",S. Nelson and P. Haverkost,"October 9, 1986",N,N
STLO-1805232-B-500+2200,"Generally marginal quality horticultural sphagnum 0-117cm, has thick layers of non-horticultural peat mixed in.",,,"D. Riihiluoma and D. Beckwith on October 15, 1986",D. Riihiluoma and D. Beckwith,"October 15, 1986",N,N
STLO-1805232-B-600+1800,Marginal quality horticultural sphagnum.,,,"S. Nelson and P. Haverkost on October 9, 1986",S. Nelson and P. Haverkost,"October 9, 1986",N,N
STLO-1805232-B-600+2000,Marginal quality horticultural sphagnum 0-157cm.,,,"S. Nelson and P. Haverkost on October 9, 1986",S. Nelson and P. Haverkost,"October 9, 1986",N,N
STLO-1805232-B-600+2200,Elevation site only,,,"E. Berglund and P. Haverkost in October, 1986",E. Berglund and P. Haverkost,"October, 1986",N,N
STLO-1805232-B-700+1800,Marginal and non-horticultural qualities mixed.,,,"S. Nelson and P. Haverkost on October 9, 1986",S. Nelson and P. Haverkost,"October 9, 1986",N,N
STLO-1805232-B-700+2000,Marginal quality horticultural sphagnum 0-165cm.,,,"S. Nelson and P. Haverkost on October 9, 1986",S. Nelson and P. Haverkost,"October 9, 1986",N,N
STLO-1805232-B-800+1800,Marginal to non-horticultural quality.,,,"S. Nelson and P. Haverkost on October 9, 1986",S. Nelson and P. Haverkost,"October 9, 1986",N,N
STLO-1805232-B-800+2200,Elevation site only,,,"E. Berglund and P. Haverkost in October, 1986",E. Berglund and P. Haverkost,"October, 1986",N,N
STLO-1805232-B-900+1800,Marginal to non-horticultural quality.,,,"S. Nelson and P. Haverkost on October 9, 1986",S. Nelson and P. Haverkost,"October 9, 1986",N,N
STLO-1805233-96,,,Arlberg Bog,"T. Malterer and J. Atkins on March 1, 1978",T. Malterer and J. Atkins,"March 1, 1978",Y,N
STLO-1805233-97,,,Arlberg Bog,"T. Malterer and J. Atkins on March 1, 1978",T. Malterer and J. Atkins,"March 1, 1978",Y,N
STLO-1805233-98,,,Arlberg Bog,"T. Malterer and J. Atkins on March 1, 1978",T. Malterer and J. Atkins,"March 1, 1978",Y,N
STLO-1805233-B+300+1800,Mixed horticultural qualities; generally excellent to fair quality with long carex strands.,0-20cm peat very wet,,"D. Riihiluoma and D. Beckwith on October 21, 1986",D. Riihiluoma and D. Beckwith,"October 21, 1986",N,N
STLO-1805233-B+300+2000,Excellent quality horticultural sphagnum to 91cm; fair to marginal qua 91-174cm.,,,"D. Riihiluoma and D. Beckwith on October 9, 1986",D. Riihiluoma and D. Beckwith,"October 9, 1986",N,N
STLO-1805233-B+300+2200,Generally non-horticultural quality.,,,"D. Riihiluoma and D. Beckwith on October 14, 1986",D. Riihiluoma and D. Beckwith,"October 14, 1986",N,N
STLO-1805233-B+400+1800,Mixed horticultural qualities; excellent to fair quality with long carex strands.,,,"D. Riihiluoma and D. Beckwith on October 21, 1986",D. Riihiluoma and D. Beckwith,"October 21, 1986",N,N
STLO-1805233-B+400+2000,Mixed horticultural qualities from fair to non-horticultural.,,,"D. Riihiluoma and D. Beckwith on October 9, 1986",D. Riihiluoma and D. Beckwith,"October 9, 1986",N,N
STLO-1805233-B+400+2200,Elevation site only,,,"E. Berglund and P. Haverkost in October, 1986",E. Berglund and P. Haverkost,"October, 1986",N,N
STLO-1805233-B+500+2000,Marginal to non-horticultural quality.,0-20cm peat wetter than normal,,"D. Riihiluoma and D. Beckwith on October 9, 1986",D. Riihiluoma and D. Beckwith,"October 9, 1986",N,N
STLO-1805234-100,,,Arlberg Bog,"D. Olson and D. Mellum on March 1, 1978",D. Olson and D. Mellum,"March 1, 1978",Y,N
STLO-1805234-101,,,Arlberg Bog,"D. Olson and D. Mellum on March 1, 1978",D. Olson and D. Mellum,"March 1, 1978",Y,N
STLO-1805234-99,,,Arlberg Bog,"D. Olson and D. Mellum on March 1, 1978",D. Olson and D. Mellum,"March 1, 1978",Y,N
STLO-1805301-155,,,,"T. Malterer and D. Mellum on May 11, 1978",T. Malterer and D. Mellum,"May 11, 1978",Y,N
STLO-1805311-156,,,,"T. Malterer and D. Mellum on May 11, 1978",T. Malterer and D. Mellum,"May 11, 1978",Y,N
STLO-1805311-157,,,,"T. Malterer and D. Mellum on May 11, 1978",T. Malterer and D. Mellum,"May 11, 1978",Y,N
STLO-1805312-158,,,,"T. Malterer and D. Mellum on May 11, 1978",T. Malterer and D. Mellum,"May 11, 1978",Y,N
STLO-1805316-159,,,Meadowlands East Bog,"D. Malterer and K. Hayner on November 14, 1978",D. Malterer and K. Hayner,"November 14, 1978",Y,N
STLO-1805317-160,,,Meadowlands East Bog,"D. Mellum and K. Hayner on November 14, 1978",D. Mellum and K. Hayner,"November 14, 1978",Y,N
STLO-1805317-161,,,Meadowlands East Bog,"D. Mellum and K. Hayner on November 14, 1978",D. Mellum and K. Hayner,"November 14, 1978",Y,N
STLO-1805320-162,,,Meadowlands East Bog,"D. Mellum and K. Hayner on November 14, 1978",D. Mellum and K. Hayner,"November 14, 1978",Y,N
STLO-1805320-163,Proximate and ultimate analysis performed by Lerch Brothers Inc.,,Meadowlands East Bog,"D. Mellum and D. Olson on May 10, 1978",D. Mellum and D. Olson,"May 10, 1978",Y,Y
STLO-1805320-164,,,Meadowlands East Bog,"D. Mellum and D. Olson on May 10, 1978",D. Mellum and D. Olson,"May 10, 1978",Y,N
STLO-1805320-165,,,Meadowlands East Bog,"D. Mellum and D. Olson on May 10, 1978",D. Mellum and D. Olson,"May 10, 1978",Y,N
STLO-1805320-166,,,Meadowlands East Bog,"D. Mellum and D. Olson on May 14, 1978",D. Mellum and D. Olson,"May 14, 1978",Y,N
STLO-1805321-167,,,Meadowlands East Bog,"D. Malterer and K. Hayner on November 14, 1978",D. Malterer and K. Hayner,"November 14, 1978",Y,N
STLO-1805321-482,0-200cm not good for sod peat; 200-280cm the best peat type for sod peat.,0-200 peat wetter than normal; 250-280cm peat dryer than normal,Meadowlands East Bog,"S. Nelson on August 23, 1983",S. Nelson,"August 23, 1983",N,N
STLO-1805322-168,,,Meadowlands East Bog,"T. Malterer and D. Mellum on May 11, 1978",T. Malterer and D. Mellum,"May 11, 1978",Y,N
STLO-1805323-169,,,,"T. Malterer and D. Mellum on May 11, 1978",T. Malterer and D. Mellum,"May 11, 1978",Y,N
STLO-1805323-170,,,,"D. Olson and E. Tome on October 24, 1978",D. Olson and E. Tome,"October 24, 1978",N,N
STLO-1805326-171,,,,"D. Mellum and B. Balan on May 17, 1978",D. Mellum and B. Balan,"May 17, 1978",Y,N
STLO-1805326-172,,,,"D. Mellum and B. Balan on May 17, 1978",D. Mellum and B. Balan,"May 17, 1978",Y,N
STLO-1805331-617,,,Meadowlands East Bog,"D. Riihiluoma and M. Oberhelman on August 16, 1984",D. Riihiluoma and M. Oberhelman,"August 16, 1984",Y,Y
STLO-1805332-173,,,Meadowlands East Bog,"D. Olson and E. Tome on October 23, 1978",D. Olson and E. Tome,"October 23, 1978",N,N
STLO-1805401-196,,,Fens Bog Area,"T. Malterer and D. Mellum on May 11, 1978",T. Malterer and D. Mellum,"May 11, 1978",Y,N
STLO-1805401-483,,,Fens Bog Area,"S. Nelson and D. Riihiluoma on December 6, 1983",S. Nelson and D. Riihiluoma,"December 6, 1983",N,N
STLO-1805404-197,,,Toivola East Bog,"D. Mellum and on April 26, 1978",D. Mellum and,"April 26, 1978",Y,N
STLO-1805405-198,,,Toivola East Bog,"D. Mellum and on April 26, 1978",D. Mellum and,"April 26, 1978",N,N
STLO-1805405-199,,,Toivola East Bog,"D. Mellum and D. Olson on May 2, 1978",D. Mellum and D. Olson,"May 2, 1978",N,N
STLO-1805405-200,,,Toivola East Bog,"D. Mellum and D. Olson on May 2, 1978",D. Mellum and D. Olson,"May 2, 1978",Y,N
STLO-1805405-201,,,Toivola East Bog,"D. Mellum and on April 24, 1978",D. Mellum and,"April 24, 1978",N,N
STLO-1805405-202,,,Toivola East Bog,"D. Mellum and on April 24, 1978",D. Mellum and,"April 24, 1978",Y,N
STLO-1805405-203,,,Toivola East Bog,"D. Mellum and on April 24, 1978",D. Mellum and,"April 24, 1978",N,N
STLO-1805407-204,,,Toivola East Bog,"D. Mellum and D. Olson on May 2, 1978",D. Mellum and D. Olson,"May 2, 1978",Y,N
STLO-1805408-205,,,Toivola East Bog,"D. Mellum and D. Olson on May 2, 1978",D. Mellum and D. Olson,"May 2, 1978",N,N
STLO-1805408-206,,,Toivola East Bog,"D. Mellum and D. Olson on May 2, 1978",D. Mellum and D. Olson,"May 2, 1978",Y,N
STLO-1805408-207,,,Toivola East Bog,"D. Olson and E. Tome on October 18, 1978",D. Olson and E. Tome,"October 18, 1978",N,N
STLO-1805408-208,,,Toivola East Bog,"D. Mellum and D. Olson on May 2, 1978",D. Mellum and D. Olson,"May 2, 1978",N,N
STLO-1805411-209,,,Fens Bog Area,"D. Olson and E. Tome on October 18, 1978",D. Olson and E. Tome,"October 18, 1978",N,N
STLO-1805426-212,,,,"D. Olson and E. Tome on October 18, 1978",D. Olson and E. Tome,"October 18, 1978",N,N
STLO-1805435-213,,,Cotton Bog,"D. Mellum and B. Balan on May 17, 1978",D. Mellum and B. Balan,"May 17, 1978",Y,N
STLO-1805435-214,,,Cotton Bog,In 1978,,1978,N,N
STLO-1805502-409,,,Fens Bog Area,"C. Buttleman and D. Riihiluoma on July 19, 1983",C. Buttleman and D. Riihiluoma,"July 19, 1983",Y,N
STLO-1805503-256,,,Fens Bog Area,"T. Malterer and D. Mellem on December 19, 1978",T. Malterer and D. Mellem,"December 19, 1978",Y,N
STLO-1805503-257,,,Fens Bog Area,"T. Malterer and D. Mellum on December 19, 1978",T. Malterer and D. Mellum,"December 19, 1978",Y,N
STLO-1805503-258,,,Fens Bog Area,"T. Malterer and D. Mellum on December 19, 1978",T. Malterer and D. Mellum,"December 19, 1978",Y,N
STLO-1805503-259,,,Fens Bog Area,"T. Malterer and D. Mellum on December 19, 1978",T. Malterer and D. Mellum,"December 19, 1978",Y,N
STLO-1805503-260,,,Fens Bog Area,"T. Malterer and D. Mellem on December 19,1978",T. Malterer and D. Mellem,"December 19,1978",Y,N
STLO-1805503-410,,,Fens Bog Area,"D. Riihiluoma and C. Buttleman on July 19, 1983",D. Riihiluoma and C. Buttleman,"July 19, 1983",Y,N
STLO-1805503-411,,,Fens Bog Area,"C. Buttleman and D. Riihiluoma on July 19, 1983",C. Buttleman and D. Riihiluoma,"July 19, 1983",Y,N
STLO-1805504-412,,,Fens Bog Area,"D. Riihiluoma and C. Buttleman on July 19, 1983",D. Riihiluoma and C. Buttleman,"July 19, 1983",Y,N
STLO-1805506-261,,,,"D. Olson and E. Tome on October 8, 1978",D. Olson and E. Tome,"October 8, 1978",N,N
STLO-1805509-413,,,Fens Bog Area,"C. Buttleman and D. Riihiluoma on July 19, 1983",C. Buttleman and D. Riihiluoma,"July 19, 1983",Y,N
STLO-1805509-414,,,Fens Bog Area,"C. Buttleman and D. Riihiluoma on July 19, 1983",C. Buttleman and D. Riihiluoma,"July 19, 1983",Y,N
STLO-1805509-416,,,Fens Bog Area,"C. Buttleman and D. Riihiluoma on July 20, 1983",C. Buttleman and D. Riihiluoma,"July 20, 1983",Y,N
STLO-1805510-262,,,Fens Bog Area,"T. Malterer and D. Mellum on December 19,1978",T. Malterer and D. Mellum,"December 19,1978",Y,N
STLO-1805510-263,,,Fens Bog Area,"T. Malterer and D. Mellum on December 19,1978",T. Malterer and D. Mellum,"December 19,1978",Y,N
STLO-1805510-264,,,Fens Bog Area,T. Malterer and D. Mellem on December 19. 1978,T. Malterer and D. Mellem,December 19. 1978,Y,N
STLO-1805510-265,,,Fens Bog Area,"T. Malterer and D. Mellum on December 19, 1978",T. Malterer and D. Mellum,"December 19, 1978",Y,N
STLO-1805510-266,,,Fens Bog Area,"T. Malterer and D. Mellum on December 19, 1978",T. Malterer and D. Mellum,"December 19, 1978",Y,N
STLO-1805510-406,,,Fens Bog Area,"C. Buttleman and D. Riihiluoma on July 14, 1983",C. Buttleman and D. Riihiluoma,"July 14, 1983",Y,N
STLO-1805510-408,,,Fens Bog Area,"D. Riihiluoma and C. Buttleman on July 14,1983",D. Riihiluoma and C. Buttleman,"July 14,1983",Y,N
STLO-1805513-365,,,Fens Bog Area,"D. Riihiluoma and S. Nelson on March 2, 1983",D. Riihiluoma and S. Nelson,"March 2, 1983",N,N
STLO-1805514-403,,,Fens Bog Area,"C. Buttleman and D. Riihiluoma on July 13, 1983",C. Buttleman and D. Riihiluoma,"July 13, 1983",Y,N
STLO-1805514-404,,,Fens Bog Area,"C. Buttleman and D. Riihiluoma on July 13, 1983",C. Buttleman and D. Riihiluoma,"July 13, 1983",Y,N
STLO-1805515-407,,,Fens Bog Area,"C. Buttleman and D. Riihiluoma on July 14, 1983",C. Buttleman and D. Riihiluoma,"July 14, 1983",Y,N
STLO-1805516-415,,,Fens Bog Area,"D. Riihiluoma and C. Buttleman on July 20, 1983",D. Riihiluoma and C. Buttleman,"July 20, 1983",Y,N
STLO-1805516-417,,,Fens Bog Area,"D. Riihiluoma and C. Buttleman on July 20,1983",D. Riihiluoma and C. Buttleman,"July 20,1983",Y,N
STLO-1805516-478,,,,"C. Buttleman and D. Riihiluoma on September 22, 1983",C. Buttleman and D. Riihiluoma,"September 22, 1983",N,N
STLO-1805516-479,,,,"C. Buttleman and D. Riihiluoma on September 22, 1983",C. Buttleman and D. Riihiluoma,"September 22, 1983",N,N
STLO-1805516-480,,,,"C. Buttleman and D. Riihiluoma on September 22, 1983",C. Buttleman and D. Riihiluoma,"September 22, 1983",N,N
STLO-1805516-481,,,,"C. Buttleman and D. Riihiluoma on September 22, 1983",C. Buttleman and D. Riihiluoma,"September 22, 1983",N,N
STLO-1805516-523,Site approximately 5 ft. south of first IGT sample site; approximately 125 ft east of Co. Rd. 788.  Sand found in peat down to 100cm+.,,Fens Bog Area,"S. Nelson, D. Riihiluoma, and M. Oberhelman on July 23, 1984","S. Nelson, D. Riihiluoma, and M. Oberhelman","July 23, 1984",Y,Y
STLO-1805517-419,,,Fens Bog Area,"C. Buttleman and D. Riihiluoma on July 20, 1983",C. Buttleman and D. Riihiluoma,"July 20, 1983",Y,N
STLO-1805520-418,,,Fens Bog Area,"C. Buttleman and D. Riihiluoma on July 20, 1983",C. Buttleman and D. Riihiluoma,"July 20, 1983",Y,N
STLO-1805522-405,,,Fens Bog Area,"C. Buttleman and D. Riihiluoma on July 14, 1983",C. Buttleman and D. Riihiluoma,"July 14, 1983",Y,N
STLO-1805523-401,,,Fens Bog Area,"C. Buttleman and D. Riihiluoma on July 13, 1983",C. Buttleman and D. Riihiluoma,"July 13, 1983",Y,N
STLO-1805525-368,,,Fens Bog Area,"S. Nelson and D. Riihiluoma on March 9, 1983",S. Nelson and D. Riihiluoma,"March 9, 1983",Y,N
STLO-1805526-1,35 ft. north of this site bottom (sand) at 95cm,,,"D. Riihiluoma, C. Buttleman, and J. Jordan on August 27, 1985","D. Riihiluoma, C. Buttleman, and J. Jordan","August 27, 1985",N,N
STLO-1805526-2,,,,"D. Riihiluoma, C. Buttleman, and J. Jordan on August 27, 1985","D. Riihiluoma, C. Buttleman, and J. Jordan","August 27, 1985",N,N
STLO-1805526-3,,,,"D. Riihiluoma, C. Buttleman, and J. Jordan on August 27, 1985","D. Riihiluoma, C. Buttleman, and J. Jordan","August 27, 1985",N,N
STLO-1805526-4,,,,"D. Riihiluoma, C. Buttleman, and J. Jordan on August 27, 1985","D. Riihiluoma, C. Buttleman, and J. Jordan","August 27, 1985",N,N
STLO-1805526-400,,,Fens Bog Area,"C. Buttleman and D. Riihiluoma on July 13, 1983",C. Buttleman and D. Riihiluoma,"July 13, 1983",Y,N
STLO-1805526-402,,,Fens Bog Area,"D. Riihiluoma and C. Buttleman on July 13, 1983",D. Riihiluoma and C. Buttleman,"July 13, 1983",Y,N
STLO-1805526-621,,0-11cm peat moisture dryer than normal,Fens Bog Area,"S. Nelson and M. Oberhelman on September 5, 1984",S. Nelson and M. Oberhelman,"September 5, 1984",Y,N
STLO-1805526-628,,,,"M. Oberhelman and D. Riihiluoma on September 18, 1984",M. Oberhelman and D. Riihiluoma,"September 18, 1984",N,N
STLO-1805527-5,,,,"D. Riihiluoma, C. Buttleman, and J. Jordan on August 27, 1985","D. Riihiluoma, C. Buttleman, and J. Jordan","August 27, 1985",N,N
STLO-1805535-396,,,Fens Bog Area,"D. Riihiluoma and C. Buttleman on July 12, 1983",D. Riihiluoma and C. Buttleman,"July 12, 1983",Y,N
STLO-1805535-397,,,Fens Bog Area,"D. Riihiluoma and C. Buttleman on July 12, 1983",D. Riihiluoma and C. Buttleman,"July 12, 1983",Y,N
STLO-1805535-398,,,Fens Bog Area,"D. Riihiluoma and C. Buttleman on July 12, 1983",D. Riihiluoma and C. Buttleman,"July 12, 1983",Y,N
STLO-1805535-399,,,Fens Bog Area,"C. Buttleman and D. Riihiluoma on July 12, 1983",C. Buttleman and D. Riihiluoma,"July 12, 1983",Y,N
STLO-1805535-6,,,,"D. Riihiluoma, C. Buttleman, and J. Jordan on August 27, 1985","D. Riihiluoma, C. Buttleman, and J. Jordan","August 27, 1985",N,N
STLO-1805536-366,,,Fens Bog Area,"S. Nelson and D. Riihiluoma on March 9, 1983",S. Nelson and D. Riihiluoma,"March 9, 1983",Y,N
STLO-1805536-367,,,Fens Bog Area,"S. Nelson and D. Riihiluoma on March 9, 1983",S. Nelson and D. Riihiluoma,"March 9, 1983",Y,N
STLO-1805536-393,"Proximate analysis provided by Rasjo Torv AB; BTU value for combined 55-100cm, 115-160cm and 205-250cm samples",,Fens Bog Area,"D. Riihiluoma and C. Buttleman on July 11, 1983",D. Riihiluoma and C. Buttleman,"July 11, 1983",Y,Y
STLO-1805536-394,Proximate analysis provided by Rasjo Torv AB; first BTU value for combined 60-105cm and 115-164cm sample,,Fens Bog Area,"C. Buttleman and D. Riihiluoma on July 11, 1983",C. Buttleman and D. Riihiluoma,"July 11, 1983",Y,Y
STLO-1805536-484,,,Fens Bog Area,"D. Riihiluoma, S. Nelson, and B. Johnson on December 6, 1983","D. Riihiluoma, S. Nelson, and B. Johnson","December 6, 1983",N,N
STLO-1805536-485,,,Fens Bog Area,"S. Nelson and B. Johnson on December 7, 1983",S. Nelson and B. Johnson,"December 7, 1983",N,N
STLO-1805536-622,,,,"M. Oberhelman and D. Riihiluoma on September 17, 1984",M. Oberhelman and D. Riihiluoma,"September 17, 1984",Y,N
STLO-1805536-623,,,,"M. Oberhelman and D. Riihiluoma on September 17, 1984",M. Oberhelman and D. Riihiluoma,"September 17, 1984",Y,N
STLO-1805536-624,,,,"M. Oberhelman and D. Riihiluoma on September 17, 1984",M. Oberhelman and D. Riihiluoma,"September 17, 1984",Y,N
STLO-1805536-625,,,,"M. Oberhelman and D. Riihiluoma on September 17, 1984",M. Oberhelman and D. Riihiluoma,"September 17, 1984",Y,N
STLO-1805536-626,,,,"M. Oberhelman and D. Riihiluoma on September 17, 1984",M. Oberhelman and D. Riihiluoma,"September 17, 1984",Y,N
STLO-1805536-627,,,,"M. Oberhelman and D. Riihiluoma on September 17, 1984",M. Oberhelman and D. Riihiluoma,"September 17, 1984",Y,N
STLO-1805536-A800+-0,Site in forest on edge of production field; 0-40cm sample is a sod collected just after it was extruded on the production field-second harvest.,,Fens Bog Area,"S. Nelson, D. Riihiluoma, and M. Oberhelman on July 23, 1984","S. Nelson, D. Riihiluoma, and M. Oberhelman","July 23, 1984",N,Y
STLO-1805606-437,,,"Sec 31, T57N, R18W - Sec 6, T56N, R18N","D. Riihiluoma and H. Mooers on June 10, 1982",D. Riihiluoma and H. Mooers,"June 10, 1982",N,N
STLO-1805611-443,,,,"R. Riihiluoma, H. Mooers, and L. Anderson on June 10, 1982","R. Riihiluoma, H. Mooers, and L. Anderson","June 10, 1982",N,N
STLO-1805615-444,,,,"D. Riihiluoma and H. Mooers on June 10, 1982",D. Riihiluoma and H. Mooers,"June 10, 1982",N,N
STLO-1805635-445,,,Fens Bog Area,"D. Riihiluoma and H. Mooers on June 10, 1982",D. Riihiluoma and H. Mooers,"June 10, 1982",N,N
STLO-1805702-7,,,,"D. Mellum and D. Haverkost on August 29, 1980",D. Mellum and D. Haverkost,"August 29, 1980",N,N
STLO-1805702-8,,,,"D. Haverkost and D. Mellum on August 29, 1980",D. Haverkost and D. Mellum,"August 29, 1980",N,N
STLO-1805724-5,,,,"D. Haverkost and D. Mellum on August 29, 1980",D. Haverkost and D. Mellum,"August 29, 1980",N,N
STLO-1805724-6,,,,"D. Haverkost and D. Mellum on August 29, 1980",D. Haverkost and D. Mellum,"August 29, 1980",N,N
STLO-1805731-436,,,,"D. Riihiluoma and H. Mooers on June 10, 1982",D. Riihiluoma and H. Mooers,"June 10, 1982",N,N
STLO-1805731-438,,,"Sec 31, T57N, R18W - Sec 6, T56N, R18W","D. Riihiluoma and H. Mooers on June 10, 1982",D. Riihiluoma and H. Mooers,"June 10, 1982",N,N
STLO-1805826-1,,,,"T. Malterer and D. Riihiluoma on July 10, 1980",T. Malterer and D. Riihiluoma,"July 10, 1980",N,N
STLO-1805826-10,,,,"D. Mellum on August 29, 1980",D. Mellum,"August 29, 1980",N,N
STLO-1805826-11,,,,"D. Mellum on August 29, 1980",D. Mellum,"August 29, 1980",N,N
STLO-1805826-2,,,,"T. Malterer and D. Riihiluoma on July 10, 1980",T. Malterer and D. Riihiluoma,"July 10, 1980",N,N
STLO-1805826-3,,,,"T. Malterer and D. Riihiluoma on July 10, 1980",T. Malterer and D. Riihiluoma,"July 10, 1980",N,N
STLO-1805826-4,,,,"T. Malterer and D. Riihiluoma on July 10, 1980",T. Malterer and D. Riihiluoma,"July 10, 1980",N,N
STLO-1805826-495,,,,"D. Riihiluoma and H. Mooers on July 27, 1982",D. Riihiluoma and H. Mooers,"July 27, 1982",N,N
STLO-1805826-496,,,,"D. Riihiluoma and H. Mooers on July 27, 1982",D. Riihiluoma and H. Mooers,"July 27, 1982",N,N
STLO-1805826-497,,,,"D. Riihiluoma and H. Mooers on July 27, 1982",D. Riihiluoma and H. Mooers,"July 27, 1982",N,N
STLO-1805826-498,,,,"D. Riihiluoma and H. Mooers on July 27, 1982",D. Riihiluoma and H. Mooers,"July 27, 1982",N,N
STLO-1805826-9,,,,"D. Mellum on August 29, 1980",D. Mellum,"August 29, 1980",N,N
STLO-1806202-85,,,Cook Bog,"H. Moores and L. Severson on September 15, 1981",H. Moores and L. Severson,"September 15, 1981",N,N
STLO-1806203-100,,,Cook Bog,"L. Severson and H. Malterer on September 17, 1981",L. Severson and H. Malterer,"September 17, 1981",N,N
STLO-1806204-101,,,Cook Bog,"H. Mooers and L. Severson on September 17, 1981",H. Mooers and L. Severson,"September 17, 1981",N,N
STLO-1806207-189,,,Cook Bog,"H. Moores or D. Riihiluoma on January 27, 1988",H. Moores or D. Riihiluoma,"January 27, 1988",N,N
STLO-1806210-86,,,Cook Bog,"L. Severson and H. Moores on September 16, 1981",L. Severson and H. Moores,"September 16, 1981",N,N
STLO-1806211-207,,,Cook Bog,"D. Riihiluoma and H. Moores on February 17, 1982",D. Riihiluoma and H. Moores,"February 17, 1982",N,N
STLO-1806211-208,,,Cook Bog,"H. Moores and D. Riihiluoma on February 17, 1982",H. Moores and D. Riihiluoma,"February 17, 1982",N,N
STLO-1806211-209,,,Cook Bog,"D. Riihiluoma and H. Moores on February 17, 1982",D. Riihiluoma and H. Moores,"February 17, 1982",Y,N
STLO-1806212-84,,,Cook Bog,"H. Moores and L. Severson on September 16, 1981",H. Moores and L. Severson,"September 16, 1981",N,N
STLO-1806225-92,,,Cook SE Bog,"H. Moores and L. Severson on September 17, 1981",H. Moores and L. Severson,"September 17, 1981",N,N
STLO-1806226-93,,,Cook SE Bog,"L. Severson and H. Moores on September 17, 1981",L. Severson and H. Moores,"September 17, 1981",N,N
STLO-1806226-94,,,,"L. Severson and H. Moores on September 17, 1981",L. Severson and H. Moores,"September 17, 1981",Y,Y
STLO-1806227-95,,,Cook SE Bog,"H. Moores and L. Severson on September 17, 1981",H. Moores and L. Severson,"September 17, 1981",N,N
STLO-1806228-96,,,Cook SE Bog,"L. Severson and H. Moores on September 17, 1981",L. Severson and H. Moores,"September 17, 1981",N,N
STLO-1806229-97,,,Cook SE Bog,"H. Moores and L. Severson on September 17, 1981",H. Moores and L. Severson,"September 17, 1981",Y,Y
STLO-1806332-190,,,,"H. Moores and D. Riihiluoma on January 27, 1982",H. Moores and D. Riihiluoma,"January 27, 1982",N,N
STLO-1806333-191,,,,"H. Moores and D. Riihiluoma on January 27, 1982",H. Moores and D. Riihiluoma,"January 27, 1982",N,N
STLO-1905025-6,,,,"D. Olson and E. Tome on October 17, 1978",D. Olson and E. Tome,"October 17, 1978",N,N
STLO-1905031-202,,,,"H. Mooers on June 17, 1981",H. Mooers,"June 17, 1981",N,N
STLO-1905101-25A,,,Arlberg Bog,"R. Fox on July 27, 1977",R. Fox,"July 27, 1977",N,N
STLO-1905101-25B,,,Arlberg Bog,"R. Fox on July 27, 1977",R. Fox,"July 27, 1977",N,N
STLO-1905101-25C,pH done in field,,Arlberg Bog,"R. Fox on July 27, 1977",R. Fox,"July 27, 1977",N,N
STLO-1905101-25D,,,Arlberg Bog,"R. Fox on July 27, 1977",R. Fox,"July 27, 1977",N,N
STLO-1905102-25E,Munsell color chart used to describe part of profile.  pH done in field,,Arlberg Bog,"F. Fox on July 26, 2977",F. Fox,"July 26, 2977",N,N
STLO-1905102-25F,Munsell color chart used to described profile,,Arlberg Bog,"H. Hobbs on July 13, 1977",H. Hobbs,"July 13, 1977",N,N
STLO-1905102-25G,pH done in field,,Arlberg Bog,"R. Fox on July 26, 1977",R. Fox,"July 26, 1977",N,N
STLO-1905102-26,,,Arlberg Bog,"D. Olson and T. Malterer on February 22, 1978",D. Olson and T. Malterer,"February 22, 1978",Y,N
STLO-1905102-27,,,Arlberg Bog,"D. Olson and T. Malterer on February 21, 1978",D. Olson and T. Malterer,"February 21, 1978",Y,N
STLO-1905102-28A,,,Arlberg Bog,"R. Fox on July 26, 1977",R. Fox,"July 26, 1977",N,N
STLO-1905102-29,,,Arlberg bog,"D. Mellum on February 21, 1978",D. Mellum,"February 21, 1978",Y,N
STLO-1905102-29A,,,Arlberg Bog,"R. Fox on July 26, 1977",R. Fox,"July 26, 1977",N,N
STLO-1905102-30,,,Arlberg Bog,"D. Mellum on February 21, 1978",D. Mellum,"February 21, 1978",Y,N
STLO-1905102-31,"Proximate and ultimate analyses performed by Lerch Brothers, Inc.",,Arlberg Bog,"T. Malterer on February 15, 1978",T. Malterer,"February 15, 1978",Y,Y
STLO-1905102-A+400+-0,Elevation site only,,Arlberg Bog,"E. Berglund and P. Haverkost in August, 1986",E. Berglund and P. Haverkost,"August, 1986",N,N
STLO-1905102-A+800+-0,Elevation site only,,Arlberg Bog,"E. Berglund and P. Haverkost in August, 1986",E. Berglund and P. Haverkost,"August, 1986",N,N
STLO-1905102-A+800+778,Elevation site only,,Arlberg Bog,"E. Berglund and P. Haverkost in August, 1986",E. Berglund and P. Haverkost,"August, 1986",N,N
STLO-1905102-A0+-0,Elevation site only,,Arlberg Bog,"E. Berglund and P. Haverkost in August, 1986",E. Berglund and P. Haverkost,"August, 1986",N,N
STLO-1905102-A0+100,Hit stumps at 240cm,,Arlberg Bog,"S. Nelson and M. Oberhelman on October 22, 1985",S. Nelson and M. Oberhelman,"October 22, 1985",N,N
STLO-1905102-A0+200,"Hit stumps at 10cm, 30cm, 150cm, 260cm",,Arlberg Bog,"S. Nelson and M. Oberhelman on October 22, 1985",S. Nelson and M. Oberhelman,"October 22, 1985",N,N
STLO-1905102-A0+300,Hit stump at 20cm,,Arlberg Bog,"S. Nelson and M. Oberhelman on October 22, 1985",S. Nelson and M. Oberhelman,"October 22, 1985",Y,N
STLO-1905102-A0+400,,,Arlberg Bog,"S. Nelson and M. Oberhelman on October 22, 1985",S. Nelson and M. Oberhelman,"October 22, 1985",N,N
STLO-1905102-A0+500,Hit stump at 35cm,,Arlberg Bog,"S. Nelson and M. Oberhelman on October 22, 1985",S. Nelson and M. Oberhelman,"October 22, 1985",Y,N
STLO-1905102-A0+600,,,Arlberg Bog,"D. Riihiluoma and M. Oberhelman on July 10, 1985",D. Riihiluoma and M. Oberhelman,"July 10, 1985",N,N
STLO-1905102-A0+700,"Hit stumps at 45cm, 70cm, 140cm, 155cm",,Arlberg Bog,"S. Nelson and M. Oberhelman on October 22, 1985",S. Nelson and M. Oberhelman,"October 22, 1985",N,N
STLO-1905102-A0+765,Elevation site only,,Arlberg Bog,"E. Berglund and P. Haverkost in August, 1986",E. Berglund and P. Haverkost,"August, 1986",N,N
STLO-1905102-A0+800,"Hit stumps at 30cm, 50cm",,Arlberg Bog,"S. Nelson and M. Oberhelman on October 22, 1985",S. Nelson and M. Oberhelman,"October 22, 1985",N,N
STLO-1905102-A0+880,,,Arlberg Bog,"D. Riihiluoma and M. Oberhelman on June 18, 1985",D. Riihiluoma and M. Oberhelman,"June 18, 1985",N,N
STLO-1905102-A0+930,,,Arlberg Bog,"D. Riihiluoma and M. Oberhelman on July 9, 1985",D. Riihiluoma and M. Oberhelman,"July 9, 1985",N,N
STLO-1905102-A1100+600,,,Arlberg Bog,"D. Riihiluoma and M. Oberhelman on July 10, 1985",D. Riihiluoma and M. Oberhelman,"July 10, 1985",N,N
STLO-1905102-A1100+890,,,Arlberg Bog,"D. Riihiluoma and M. Oberhelman on July 9, 1985",D. Riihiluoma and M. Oberhelman,"July 9, 1985",N,N
STLO-1905102-A400+100,Hit stumps at 95cm; profile not checked for limnic,,Arlberg Bog,"M. Oberhelman and D. Riihiluoma on September 18, 1985",M. Oberhelman and D. Riihiluoma,"September 18, 1985",Y,N
STLO-1905102-A400+200,,,Arlberg Bog,"D. Riihiluoma, M. Oberhelman, and D. Olson on September 18, 1985","D. Riihiluoma, M. Oberhelman, and D. Olson","September 18, 1985",N,N
STLO-1905102-A400+300,"A second profile observed at this site showed light sphagnum at 0-20cm, 40-50cm, and 60-90cm; the rest similar to above, except 150-175cm more sphagnum was visible, less Dg; 50-60cm and 93-100cm with yellow stem sphagnum.",,Arlberg Bog,"D. Riihiluoma and M. Oberhelman on September 18, 1985",D. Riihiluoma and M. Oberhelman,"September 18, 1985",Y,N
STLO-1905102-A400+400,Hit stumps at 180cm; A second profile observed at this site showed mostly dark sphagnum peat with light sphagnum at 70-90cm,,Arlberg Bog,"D. Riihiluoma and M. Oberhelman on September 19, 1985",D. Riihiluoma and M. Oberhelman,"September 19, 1985",N,N
STLO-1905102-A400+500,Hit stumps at 50cm; A second profile observed at this site showed mostly dark sphagnum peat with light sphagnum H3/H4 S5 at 60-75cm,,Arlberg Bog,"D. Riihiluoma and M. Oberhelman on September 19, 1985",D. Riihiluoma and M. Oberhelman,"September 19, 1985",Y,N
STLO-1905102-A400+600,Site 60m east of small mineral island; A second profile observed at th site showed mostly dark sphagnum with light sphagnum H3 S5 at 60-75cm,,Arlberg Bog,"D. Riihiluoma and M. Oberhelman on June 10, 1985",D. Riihiluoma and M. Oberhelman,"June 10, 1985",N,N
STLO-1905102-A400+910,,,Arlberg Bog,"D. Riihiluoma and M. Oberhelman on July 9, 1985",D. Riihiluoma and M. Oberhelman,"July 9, 1985",N,N
STLO-1905102-A800+100,Hit stumps at 60cm and 210cm; A second profile observed at this site showed mostly dark sphagnum peat; even less S was observed than is indicated in the above description,,Arlberg Bog,"M. Oberhelman and R. Johnson on October 28, 1985",M. Oberhelman and R. Johnson,"October 28, 1985",Y,N
STLO-1905102-A800+200,Hit stumps at 260cm,,Arlberg Bog,"R. Johnson and M. Oberhelman on October 28, 1985",R. Johnson and M. Oberhelman,"October 28, 1985",N,N
STLO-1905102-A800+300,,,Arlberg Bog,"R. Johnson and M. Oberhelman on October 28, 1985",R. Johnson and M. Oberhelman,"October 28, 1985",N,N
STLO-1905102-A800+400,,,Arlberg Bog,"R. Johnson and M. Oberhelman on October 28, 1985",R. Johnson and M. Oberhelman,"October 28, 1985",N,N
STLO-1905102-A800+500,"Hit many stumps between 40 and 70cm, & at 190cm.  A second profile observed at this site showed dark sphagnum peat & some non-horticultural peat; the carex observed in upper part of profile consists mainly of large long strands, not the smaller rootlets.",,Arlberg Bog,"R. Johnson and M. Oberhelman on October 28, 1985",R. Johnson and M. Oberhelman,"October 28, 1985",Y,N
STLO-1905102-A800+600,"Hit stumps at 40cm, 50cm, 145cm. A second profile observed at this site was overall mostly dark sphagnum peat, but more light sphagnum between 50-110cm than indicated above; carex in upper part of profile consists mainly of long strands, not rootlets.",,Arlberg Bog,"R. Johnson and M. Oberhelman on October 28, 1985",R. Johnson and M. Oberhelman,"October 28, 1985",N,N
STLO-1905102-A800+700,Hit stumps at 40cm and 125cm.  A second profile observed at this site showed mostly dark sphagnum throughout profile,,Arlberg Bog,"R. Johnson and M. Oberhelman on October 28, 1985",R. Johnson and M. Oberhelman,"October 28, 1985",N,N
STLO-1905102-A800+800,Hit stumps at 100cm.  A second profile observed at this site showed mostly dark sphagnum; light sphagnum H2/H3 C1S5 observed at 50-75cm; the carex observed in upper part of profile consists mainly of large long strands not the smaller rootlets.,,Arlberg Bog,"R. Johnson and M. Oberhelman on October 28, 1985",R. Johnson and M. Oberhelman,"October 28, 1985",N,N
STLO-1905102-A800+900,,,Arlberg Bog,"D. Riihiluoma and M. Oberhelman on July 9, 1985",D. Riihiluoma and M. Oberhelman,"July 9, 1985",N,N
STLO-1905103-28,,,Arlberg Bog,"D. Mellum and T. Malterer on December 12, 1978",D. Mellum and T. Malterer,"December 12, 1978",Y,N
STLO-1905103-31A,,,Arlberg Bog,"R. Fox on July 26, 1977",R. Fox,"July 26, 1977",N,N
STLO-1905103-34A,Munsell Color chart used to describe profile,,Arlberg Bog,"R. Fox on January 7, 1977",R. Fox,"January 7, 1977",N,N
STLO-1905103-648,Hit stumps at 110cm and 450cm,,Arlberg Bog,"D. Riihiluoma and M. Oberhelman on June 17, 1985",D. Riihiluoma and M. Oberhelman,"June 17, 1985",N,N
STLO-1905103-649,Hit stumps at 50cm,,Arlberg Bog,"D. Riihiluoma and M. Oberhelman on June 17, 1985",D. Riihiluoma and M. Oberhelman,"June 17, 1985",N,N
STLO-1905103-650,Hit stumps at 50cm,,Arlberg Bog,"D. Riihiluoma and M. Oberhelman on June 17, 1985",D. Riihiluoma and M. Oberhelman,"June 17, 1985",N,N
STLO-1905103-651,Hit stumps at 50cm,,Arlberg Bog,"D. Riihiluoma and M. Oberhelman on June 17, 1985è",D. Riihiluoma and M. Oberhelman,"June 17, 1985è",N,N
STLO-1905103-652,Hit stumps at 250cm,,Arlberg Bog,"D. Riihiluoma and M. Oberhelman on June 18, 1985",D. Riihiluoma and M. Oberhelman,"June 18, 1985",N,N
STLO-1905103-653,,,Arlberg Bog,"D. Riihiluoma and M. Oberhelman on June 18, 1985",D. Riihiluoma and M. Oberhelman,"June 18, 1985",N,N
STLO-1905103-654,Hit stumps at 90cm,,Arlberg Bog,"D. Riihiluoma and M. Oberhelman on June 18, 1985",D. Riihiluoma and M. Oberhelman,"June 18, 1985",N,N
STLO-1905103-A-1200+-0,Elevation site only,,Arlberg Bog,"E. Berglund and P. Haverkost in August, 1986",E. Berglund and P. Haverkost,"August, 1986",N,N
STLO-1905103-A-1200+100,,,Arlberg Bog,"D. Riihiluoma and M. Oberhelman on January 9, 1986",D. Riihiluoma and M. Oberhelman,"January 9, 1986",N,N
STLO-1905103-A-1200+200,,,Arlberg Bog,"S. Nelson and J. Jordan on January 9, 1986",S. Nelson and J. Jordan,"January 9, 1986",N,N
STLO-1905103-A-1200+300,Hit stumps at 110cm,,Arlberg Bog,"S. Nelson and J. Jordan on January 9, 1986",S. Nelson and J. Jordan,"January 9, 1986",N,N
STLO-1905103-A-1200+400,Small mineral island not too far west of this site,,Arlberg Bog,"S. Nelson and J. Jordan on January 9, 1986",S. Nelson and J. Jordan,"January 9, 1986",N,N
STLO-1905103-A-1200+500,Hit stumps at 70cm,28-46cm peat wetter than normal,Arlberg Bog,"S. Nelson and J. Jordan on January 9, 1986",S. Nelson and J. Jordan,"January 9, 1986",N,N
STLO-1905103-A-1200+600,,18-40cm peat wetter than normal,Arlberg Bog,"S. Nelson and J. Jordan on January 9, 1986",S. Nelson and J. Jordan,"January 9, 1986",N,N
STLO-1905103-A-400+-0,Elevation site only,,Arlberg Bog,"E. Berglund and P. Haverkost in August, 1986",E. Berglund and P. Haverkost,"August, 1986",N,N
STLO-1905103-A-400+100,Hit stumps at 40cm and 100cm,,Arlberg Bog,"M. Oberhelman, D. Olson, and D. Riihiluoma on September 17, 1985","M. Oberhelman, D. Olson, and D. Riihiluoma","September 17, 1985",N,N
STLO-1905103-A-400+200,Hit stumps at 25cm and 100cm,,Arlberg Bog,"M. Oberhelman, D. Riihiluoma, and D. Olson on September 17, 1985","M. Oberhelman, D. Riihiluoma, and D. Olson","September 17, 1985",N,N
STLO-1905103-A-400+300,Hit stumps at 200cm.  A second profile observed at this site showed more light sphagnum:  70-145cm H2 S6; 145-170cm H3 S6; 170-190cm H3/H4 S6; 200-270cm H2/H3 S6 w/no yellow stem S visible; 305-320cm more sphagnum visible than described above.,,Arlberg Bog,"D. Riihiluoma, D. Olson, and M. Oberhelman on September 17, 1985","D. Riihiluoma, D. Olson, and M. Oberhelman","September 17, 1985",Y,N
STLO-1905103-A-400+400,"Hit many stumps at 50cm, 100cm, 300cm",,Arlberg Bog,"D. Riihiluoma, D. Olson, and M. Oberhelman on September 18, 1985","D. Riihiluoma, D. Olson, and M. Oberhelman","September 18, 1985",N,N
STLO-1905103-A-400+500,Hit stumps at 35cm,,Arlberg Bog,"D. Riihiluoma, M. Oberhelman, and D. Olson on September 18, 1985","D. Riihiluoma, M. Oberhelman, and D. Olson","September 18, 1985",Y,N
STLO-1905103-A-400+600,Hit stumps at 130cm,,Arlberg Bog,"D. Riihiluoma, M. Oberhelman, and D. Olson on September 18, 1985","D. Riihiluoma, M. Oberhelman, and D. Olson","September 18, 1985",N,N
STLO-1905103-A-400+700,"A second profile observed at this site showed more sphagnum visible at 105-190cm and also some small H3 S bands observed, than shown in the above profile description.  Profile not checked for limnic.",,Arlberg Bog,"D. Riihiluoma, M. Oberhelman, and D. Olson on September 18, 1985","D. Riihiluoma, M. Oberhelman, and D. Olson","September 18, 1985",Y,N
STLO-1905103-A-400+768,Elevation site only,,Arlberg Bog,"E. Berglund and P. Haverkost in August, 1986",E. Berglund and P. Haverkost,"August, 1986",N,N
STLO-1905103-A-400+800,,,Arlberg Bog,"M. Oberhelman, D. Riihiluoma, and D. Olson on September 18, 1985","M. Oberhelman, D. Riihiluoma, and D. Olson","September 18, 1985",N,N
STLO-1905103-A-800+-0,Elevation site only,,Arlberg Bog,"E. Berglund and P. Haverkost in August, 1986",E. Berglund and P. Haverkost,"August, 1986",N,N
STLO-1905103-A-800+100,"Hit stumps at 25cm, 100cm, 140cm",,Arlberg Bog,"D. Riihiluoma and M. Oberhelman on October 8, 1985",D. Riihiluoma and M. Oberhelman,"October 8, 1985",Y,N
STLO-1905103-A-800+200,"Hit stumps at 25cm, 50cm, 150cm, 200cm",,Arlberg Bog,"D. Riihiluoma and M. Oberhelman on October 8, 1985",D. Riihiluoma and M. Oberhelman,"October 8, 1985",N,N
STLO-1905103-A-800+300,,,Arlberg Bog,"D. Riihiluoma and M. Oberhelman on October 8, 1985",D. Riihiluoma and M. Oberhelman,"October 8, 1985",N,N
STLO-1905103-A-800+400,,,Arlberg Bog,"D. Riihiluoma and M. Oberhelman on October 8, 1985",D. Riihiluoma and M. Oberhelman,"October 8, 1985",N,N
STLO-1905103-A-800+500,Hit stumps throughout profile,,Arlberg Bog,"D. Riihiluoma and M. Oberhelman on October 8, 1985",D. Riihiluoma and M. Oberhelman,"October 8, 1985",N,N
STLO-1905103-A-800+600,"Hit many stumps at 25cm, 50cm, 100cm",,Arlberg Bog,"D. Riihiluoma and M. Oberhelman on October 8, 1985",D. Riihiluoma and M. Oberhelman,"October 8, 1985",Y,N
STLO-1905103-A-800+700,"Hit stumps at 20cm, 130cm, 170cm",,Arlberg Bog,"D. Riihiluoma and M. Oberhelman on October 8, 1985",D. Riihiluoma and M. Oberhelman,"October 8, 1985",N,N
STLO-1905103-A-800+766,Elevation site only,,Arlberg Bog,"E. Berglund and P. Haverkost in August, 1986",E. Berglund and P. Haverkost,"August, 1986",N,N
STLO-1905103-A-800+800,,,Arlberg Bog,"D. Riihiluoma and M. Oberhelman on October 8, 1985",D. Riihiluoma and M. Oberhelman,"October 8, 1985",N,N
STLO-1905106-31B,,,Floodwood East Bog,"H. Hobbs on August 10, 1977",H. Hobbs,"August 10, 1977",N,N
STLO-1905106-31C,,,Floodwood East Bog,"H. Hobbs on August 9, 1977",H. Hobbs,"August 9, 1977",N,N
STLO-1905106-31D,,,Floodwood East Bog,"H. Hobbs on August 9, 1977",H. Hobbs,"August 9, 1977",N,N
STLO-1905106-31E,,,Floodwood East Bog,"H. Hobbs on August 9, 1977",H. Hobbs,"August 9, 1977",N,N
STLO-1905106-31F,,,Floodwood East Bog,"H. Hobbs on August 9,1977",H. Hobbs,"August 9,1977",N,N
STLO-1905106-31G,,,Floodwood East Bog,"H. Hobbs on August 9, 1977",H. Hobbs,"August 9, 1977",N,N
STLO-1905106-31H,,,Floodwood East Bog,"H. Hobbs on August 10, 1977",H. Hobbs,"August 10, 1977",N,N
STLO-1905106-31I,,,Floodwood East Bog,"H. Hobbs on August 10, 1977",H. Hobbs,"August 10, 1977",N,N
STLO-1905107-31J,,,Floodwood East Bog,"R. Fox on July 13, 1977",R. Fox,"July 13, 1977",N,N
STLO-1905107-31K,,,Floodwood East Bog,"H. Hobbs on August 22, 1977",H. Hobbs,"August 22, 1977",N,N
STLO-1905109-660,,,Arlberg Bog,"D. Riihiluoma and M. Oberhelman on August 7, 1985",D. Riihiluoma and M. Oberhelman,"August 7, 1985",N,N
STLO-1905110-32,Proximate and ultimate samples collected near this site at a later date,,Arlberg Bog,"B. Leuelling and D. Mellum on December 3, 1978",B. Leuelling and D. Mellum,"December 3, 1978",Y,Y
STLO-1905110-33,,,Arlberg Bog,"D. Mellum and T. Malterer on February 9, 1978",D. Mellum and T. Malterer,"February 9, 1978",Y,N
STLO-1905110-34,,,Arlberg Bog,"T. Malterer on February 10, 1978",T. Malterer,"February 10, 1978",Y,N
STLO-1905110-34B,Munsell Color Chart used to describe profile,,Arlberg Bog,"B. Weber on July 13, 1977",B. Weber,"July 13, 1977",N,N
STLO-1905110-35,,,Arlberg Bog,"T. Malterer on February 15, 1978",T. Malterer,"February 15, 1978",Y,N
STLO-1905110-36,,,Arlberg Bog,"D. Mellum and T. Malterer on February 9, 1978",D. Mellum and T. Malterer,"February 9, 1978",Y,N
STLO-1905110-38,Proximate and ultimate samples collected near this site at a later date,,Arlberg Bog,"B. Leuelling and D. Mellum on December 14, 1978",B. Leuelling and D. Mellum,"December 14, 1978",Y,Y
STLO-1905110-659,Hit stumps at 50cm,,Arlberg Bog,"D. Riihiluoma and M. Oberhelman on August 7, 1985",D. Riihiluoma and M. Oberhelman,"August 7, 1985",N,N
STLO-1905110-A-1200-100,,,Arlberg Bog,"D. Riihiluoma and M. Oberhelman on January 9, 1986",D. Riihiluoma and M. Oberhelman,"January 9, 1986",N,N
STLO-1905110-A-1200-200,,,Arlberg Bog,"D. Riihiluoma and M. Oberhelman on January 9, 1986",D. Riihiluoma and M. Oberhelman,"January 9, 1986",N,N
STLO-1905110-A-1200-300,Hit stumps at 50cm,,Arlberg Bog,"D. Riihiluoma and M. Oberhelman on January 9, 1986",D. Riihiluoma and M. Oberhelman,"January 9, 1986",N,N
STLO-1905110-A-1200-400,,,Arlberg Bog,"D. Riihiluoma and M. Oberhelman on January 9, 1986",D. Riihiluoma and M. Oberhelman,"January 9, 1986",N,N
STLO-1905110-A-1200-500,,,Arlberg Bog,"D. Riihiluoma and M. Oberhelman on January 9, 1986",D. Riihiluoma and M. Oberhelman,"January 9, 1986",N,N
STLO-1905110-A-1200-600,,,Arlberg Bog,"D. Riihiluoma and M. Oberhelman on January 9, 1986",D. Riihiluoma and M. Oberhelman,"January 9, 1986",N,N
STLO-1905110-A-400-100,"Hit stumps at 40cm, 100cm, 200cm.  A second profile observed at this site showed 50-150cm S6 H2; 230-260cm at least C1 visible",,Arlberg Bog,"D. Riihiluoma and M. Oberhelman on September 17, 1985",D. Riihiluoma and M. Oberhelman,"September 17, 1985",Y,N
STLO-1905110-A-400-200,,,Arlberg Bog,"D. Riihiluoma and M. Oberhelman on September 17, 1985",D. Riihiluoma and M. Oberhelman,"September 17, 1985",N,N
STLO-1905110-A-400-300,"Hit stumps at 25cm, 75cm, 200cm.  A second profile observed at this site showed a thinner layer of H5 at approx. 27cm; at 185-200cm observed C1S3-4.",,Arlberg Bog,"D. Riihiluoma, M. Oberhelman, and D. Olson on September 17, 1985","D. Riihiluoma, M. Oberhelman, and D. Olson","September 17, 1985",Y,N
STLO-1905110-A-400-400,,,Arlberg Bog,"D. Riihiluoma, D. Olson, and M. Oberhelman on September 17, 1985","D. Riihiluoma, D. Olson, and M. Oberhelman","September 17, 1985",N,N
STLO-1905110-A-400-500,"Stumps 80cm & 110cm. When samples were collected at this site, much variation from the above description was observed: 17-33cm more sphagnum, less decomposed; 33-50cm S1C2Dg3 H4/H5+; 50-70cm & 80-90cm Dg3-2S3 H4; 70-80cm S6 H3; 115-210cm C1S2-3Dg3-2 H4.",,Arlberg Bog,"D. Riihiluoma, M. Oberhelman, and D. Olson on July 17, 1985","D. Riihiluoma, M. Oberhelman, and D. Olson","July 17, 1985",Y,N
STLO-1905110-A-400-600,Hit stumps at 50-100cm,,Arlberg Bog,"D. Olson, D. Riihiluoma, and M. Oberhelman on September 17, 1985","D. Olson, D. Riihiluoma, and M. Oberhelman","September 17, 1985",N,N
STLO-1905110-A-400-700,,,Arlberg Bog,"D. Riihiluoma, M. Oberhelman, and D. Olson on September 17, 1985","D. Riihiluoma, M. Oberhelman, and D. Olson","September 17, 1985",N,N
STLO-1905110-A-400-840,,,Arlberg Bog,"D. Olson, D. Riihiluoma, and M. Oberhelman on September 17, 1985","D. Olson, D. Riihiluoma, and M. Oberhelman","September 17, 1985",N,N
STLO-1905110-A-400-945,,,Arlberg Bog,"D. Riihiluoma, M. Oberhelman, and D. Olson on September 17, 1985","D. Riihiluoma, M. Oberhelman, and D. Olson","September 17, 1985",N,N
STLO-1905110-A-800-100,"Hit stumps at 75cm, 130cm, 170cm",,Arlberg Bog,"D. Riihiluoma and M. Oberhelman on October 14, 1985",D. Riihiluoma and M. Oberhelman,"October 14, 1985",N,N
STLO-1905110-A-800-200,"Hit stumps at 140cm; when collecting samples at this site, a lot of yellow stem sphagnum was observed in the profile",,Arlberg Bog,"D. Riihiluoma and M. Oberhelman on October 14, 1985",D. Riihiluoma and M. Oberhelman,"October 14, 1985",Y,N
STLO-1905110-A-800-300,Hit stumps at 50cm,,Arlberg Bog,"D. Riihiluoma and M. Oberhelman on October 14, 1985",D. Riihiluoma and M. Oberhelman,"October 14, 1985",N,N
STLO-1905110-A-800-400,"Hit stumps at 75cm, 125cm, 175cm",,Arlberg Bog,"D. Riihiluoma and M. Oberhelman on October 14, 1985",D. Riihiluoma and M. Oberhelman,"October 14, 1985",Y,N
STLO-1905110-A-800-500,,,Arlberg Bog,"D. Riihiluoma and M. Oberhelman on October 14, 1985",D. Riihiluoma and M. Oberhelman,"October 14, 1985",N,N
STLO-1905110-A-800-600,Hit stumps at 50cm and 100cm,,Arlberg Bog,"D. Riihiluoma and M. Oberhelman on October 14, 1985",D. Riihiluoma and M. Oberhelman,"October 14, 1985",N,N
STLO-1905110-A-800-700,Hit stumps at 40cm and 60cm,,Arlberg Bog,"D. Riihiluoma and M. Oberhelman on October 14, 1985",D. Riihiluoma and M. Oberhelman,"October 14, 1985",N,N
STLO-1905110-A-800-800,Hit stumps at 140cm,,Arlberg Bog,"D. Riihiluoma and M. Oberhelman on October 14, 1985",D. Riihiluoma and M. Oberhelman,"October 14, 1985",N,N
STLO-1905111-37,Proximate and ultimate samples collected near this site at a later date,,Arlberg Bog,"B. Leuelling and D. Mellum on December 15, 1978",B. Leuelling and D. Mellum,"December 15, 1978",Y,Y
STLO-1905111-A0-100,"Hit stumps at 50cm, 100cm, 200cm, 300cm",,Arlberg Bog,"D. Riihiluoma and R. Johnson on October 22, 1985",D. Riihiluoma and R. Johnson,"October 22, 1985",N,N
STLO-1905111-A0-200,Hit stumps at 200cm and 320cm,,Arlberg Bog,"D. Riihiluoma and R. Johnson on October 22, 1985",D. Riihiluoma and R. Johnson,"October 22, 1985",Y,N
STLO-1905111-A0-300,,,Arlberg Bog,"D. Riihiluoma and R. Johnson on October 22, 1985",D. Riihiluoma and R. Johnson,"October 22, 1985",N,N
STLO-1905111-A0-400,Hit stumps at 100cm,,Arlberg Bog,"D. Riihiluoma and R. Johnson on October 22, 1985",D. Riihiluoma and R. Johnson,"October 22, 1985",N,N
STLO-1905111-A0-500,,,Arlberg Bog,"D. Riihiluoma and R. Johnson on October 22, 1985",D. Riihiluoma and R. Johnson,"October 22, 1985",Y,N
STLO-1905111-A0-600,Hit stumps at 240cm and 250cm,,Arlberg Bog,"M. Oberhelman and S. Nelson on October 24, 1985",M. Oberhelman and S. Nelson,"October 24, 1985",N,N
STLO-1905111-A0-700,Hit stumps at 40cm,,Arlberg Bog,"M. Oberhelman and S. Nelson on October 24, 1985",M. Oberhelman and S. Nelson,"October 24, 1985",N,N
STLO-1905111-A1000-100,,,Arlberg Bog,"S. Nelson and A. Weir on January 10, 1986",S. Nelson and A. Weir,"January 10, 1986",N,N
STLO-1905111-A1000-200,,,Arlberg Bog,"D. Riihiluoma and M. Oberhelman on January 10, 1986",D. Riihiluoma and M. Oberhelman,"January 10, 1986",N,N
STLO-1905111-A1000-320,,,Arlberg Bog,"S. Nelson and A. Weir on January 10, 1986",S. Nelson and A. Weir,"January 10, 1986",N,N
STLO-1905111-A1000-400,,150-200cm peat wetter than normal,Arlberg Bog,"S. Nelson and A. Weir on January 10, 1986",S. Nelson and A. Weir,"January 10, 1986",N,N
STLO-1905111-A1000-500,,,Arlberg Bog,"S. Nelson and A. Weir on January 10, 1986",S. Nelson and A. Weir,"January 10, 1986",N,N
STLO-1905111-A1000-600,,,Arlberg Bog,"M. Oberhelman and D. Riihiluoma on January 10, 1986",M. Oberhelman and D. Riihiluoma,"January 10, 1986",N,N
STLO-1905111-A1000-700,,,Arlberg Bog,"D. Riihiluoma and M. Oberhelman on January 10, 1986",D. Riihiluoma and M. Oberhelman,"January 10, 1986",N,N
STLO-1905111-A400-100,Hit stumps at 40cm and 220cm,,Arlberg Bog,"D. Riihiluoma and M. Oberhelman on September 19, 1985",D. Riihiluoma and M. Oberhelman,"September 19, 1985",N,N
STLO-1905111-A400-200,A second profile observed at this site showed this variation from the above description:  60-135cm S6 H3; 135-150cm (C)Dg1S5 H4.  Profile not checked for limnic.,,Arlberg Bog,"D. Riihiluoma and M. Oberhelman on September 19, 1985",D. Riihiluoma and M. Oberhelman,"September 19, 1985",Y,N
STLO-1905111-A400-300,,,Arlberg Bog,"D. Riihiluoma and M. Oberhelman on October 7, 1985",D. Riihiluoma and M. Oberhelman,"October 7, 1985",N,N
STLO-1905111-A400-400,Hit stumps at 90cm and 200cm,,Arlberg Bog,"D. Riihiluoma and M. Oberhelman on October 7, 1985",D. Riihiluoma and M. Oberhelman,"October 7, 1985",N,N
STLO-1905111-A400-500,,,Arlberg Bog,"D. Riihiluoma and M. Oberhelman on October 7, 1985",D. Riihiluoma and M. Oberhelman,"October 7, 1985",Y,N
STLO-1905111-A400-600,Hit stumps at 140cm,,Arlberg Bog,"D. Riihiluoma and M. Oberhelman on October 7, 1985",D. Riihiluoma and M. Oberhelman,"October 7, 1985",N,N
STLO-1905111-A400-700,,,Arlberg Bog,"D. Riihiluoma and M. Oberhelman on October 7, 1985",D. Riihiluoma and M. Oberhelman,"October 7, 1985",N,N
STLO-1905111-A400-800,,,Arlberg Bog,"D. Riihiluoma and M. Oberhelman on October 7, 1985",D. Riihiluoma and M. Oberhelman,"October 7, 1985",Y,N
STLO-1905111-A400-900,,,Arlberg Bog,"D. Riihiluoma and M. Oberhelman on January 2, 1986",D. Riihiluoma and M. Oberhelman,"January 2, 1986",N,N
STLO-1905111-A743-100,"Hit stumps at 130cm, 180cm, 195cm",,Arlberg Bog,"D. Riihiluoma and M. Oberhelman on August 20, 1985",D. Riihiluoma and M. Oberhelman,"August 20, 1985",N,N
STLO-1905111-A743-200,Hit stumps at 180cm,,Arlberg Bog,"D. Riihiluoma and M. Oberhelman on January 2, 1986",D. Riihiluoma and M. Oberhelman,"January 2, 1986",N,N
STLO-1905111-A743-300,,,Arlberg Bog,"S. Nelson and D. Riihiluoma on November 6, 1985",S. Nelson and D. Riihiluoma,"November 6, 1985",Y,N
STLO-1905111-A743-400,Hit stumps at 90cm and 160cm,,Arlberg Bog,"D. Riihiluoma and M. Oberhelman on August 20, 1985",D. Riihiluoma and M. Oberhelman,"August 20, 1985",N,N
STLO-1905111-A743-500,Hit stumps at 70cm and 260cm; 235-260cm non-horticultural carex remains are making the peat very stiff,,Arlberg Bog,"S. Nelson and D. Riihiluoma on November 6, 1985",S. Nelson and D. Riihiluoma,"November 6, 1985",Y,N
STLO-1905111-A743-600,Hit stumps at 160cm,,Arlberg Bog,"D. Riihiluoma and M. Oberhelman on January 2, 1986",D. Riihiluoma and M. Oberhelman,"January 2, 1986",N,N
STLO-1905111-A743-700,"A second profile observed at this site showed 0-20cm S5 H3; 20-48cm less S visible & more Dg, H4 w/bands of H5; 48-115cm S6 H3; 115-120cm H5; 120-150cm H3/H4 S4; 195-210cm S6 H3",,Arlberg Bog,"D. Riihiluoma and M. Oberhelman on August 20, 1985",D. Riihiluoma and M. Oberhelman,"August 20, 1985",Y,N
STLO-1905111-A743-800,Hit stumps at 50cm,,Arlberg Bog,"D. Riihiluoma and M. Oberhelman on August 20, 1985",D. Riihiluoma and M. Oberhelman,"August 20, 1985",N,N
STLO-1905111-A743-900,91-200cm non-horticultural sedge peat,,Arlberg Bog,"D. Riihiluoma and M. Oberhelman on January 2, 1986",D. Riihiluoma and M. Oberhelman,"January 2, 1986",N,N
STLO-1905112-38A,,,Arlberg Bog,"R. Fox on July 15, 1977",R. Fox,"July 15, 1977",N,N
STLO-1905112-38B,,,Arlberg Bog,"R. Fox on July 14, 1977",R. Fox,"July 14, 1977",N,N
STLO-1905115-39,,,Arlberg Bog,"D. Mellum and J. Atkins on February 13, 1978",D. Mellum and J. Atkins,"February 13, 1978",Y,N
STLO-1905115-40,,,Arlberg Bog,"D. Mellum and J. Atkins on February 13, 1977",D. Mellum and J. Atkins,"February 13, 1977",Y,N
STLO-1905115-657,80m E of ditch; hit stumps at 100cm and 150cm,,Arlberg Bog,"D. Riihiluoma and M. Oberhelman on August 7, 1985",D. Riihiluoma and M. Oberhelman,"August 7, 1985",N,N
STLO-1905115-658,,,Arlberg Bog,"D. Riihiluoma and M. Oberhelman on August 7, 1985",D. Riihiluoma and M. Oberhelman,"August 7, 1985",N,N
STLO-1905116-41,,,Arlberg Bog,"D. Mellum and T. Malterer on February 14, 1978",D. Mellum and T. Malterer,"February 14, 1978",Y,N
STLO-1905116-42,,,Arlberg Bog,"D. Olson and S. Nelson on February 14, 1978",D. Olson and S. Nelson,"February 14, 1978",Y,N
STLO-1905116-43,,,Arlberg Bog,"D. Olson and J. Atkins on February 14, 1978",D. Olson and J. Atkins,"February 14, 1978",Y,N
STLO-1905116-44,,,Arlberg Bog,"D. Mellum and T. Malterer on February 14, 1978",D. Mellum and T. Malterer,"February 14, 1978",Y,N
STLO-1905117-45,,,Arlberg Bog,"D. Mellum and T. Malterer on February 14, 1978",D. Mellum and T. Malterer,"February 14, 1978",Y,N
STLO-1905117-46,,,Arlberg Bog,"D. Mellum and T. Malterer on February 14, 1978",D. Mellum and T. Malterer,"February 14, 1978",N,N
STLO-1905117-47,,,Arlberg Bog,"D. Mellum and K. Hayner on February 14, 1978",D. Mellum and K. Hayner,"February 14, 1978",N,N
STLO-1905220-102,,,,"D. Olson and E. Tome on October 23, 1978",D. Olson and E. Tome,"October 23, 1978",N,N
STLO-1905221-103,,,,"D. Olson and E. Tome on October 23, 1978",D. Olson and E. Tome,"October 23, 1978",N,N
STLO-1905228-104,,,,"D. Olson and E. Tome on October 23, 1978",D. Olson and E. Tome,"October 23, 1978",N,N
STLO-1905235-105,,,Arlberg Bog,"D. Olson and T. Malterer on February 22, 1978",D. Olson and T. Malterer,"February 22, 1978",Y,N
STLO-1905235-106,,,Arlberg Bog,"D. Mellum and J. Atkins on February 22, 1978",D. Mellum and J. Atkins,"February 22, 1978",Y,N
STLO-1905235-106A,,,Arlberg Bog,"D. Mellum on February 22, 1978",D. Mellum,"February 22, 1978",Y,N
STLO-1905235-107,,,Arlberg Bog,"D. Mellum on February 22, 1978",D. Mellum,"February 22, 1978",Y,N
STLO-1905235-108,,,Arlberg Bog,"D. Olson and T. Malterer on February 21, 1978",D. Olson and T. Malterer,"February 21, 1978",Y,N
STLO-1905235-109,,,Arlberg Bog,"T. Malterer on February 23, 1978",T. Malterer,"February 23, 1978",Y,N
STLO-1905236-110,,,Arlberg Bog,"D. Olson and T. Malterer on February 22, 1978",D. Olson and T. Malterer,"February 22, 1978",Y,N
STLO-1905236-111,,,Arlberg Bog,"D. Olson and D. Mellum on February 23, 1978",D. Olson and D. Mellum,"February 23, 1978",Y,N
STLO-1905236-112,,,Arlberg Bog,"D. Olson and D. Mellum on February 23, 1978",D. Olson and D. Mellum,"February 23, 1978",Y,N
STLO-1905236-113,,,Arlberg Bog,"T. Malterer on February 23, 1978",T. Malterer,"February 23, 1978",Y,N
STLO-1905402-13,Non-horticultural quality,,Toivola East Bog,"S. Nelson and H. Jamsa on June 24, 1987",S. Nelson and H. Jamsa,"June 24, 1987",N,N
STLO-1905402-14,Poor to non-horticultural quality 0-100cm,,Toivola East Bog,"S. Nelson and H. Jamsa on June 24, 1987",S. Nelson and H. Jamsa,"June 24, 1987",N,N
STLO-1905402-15,Non-horticultural quality 0-150cm,,Toivola East Bog,"S. Nelson and H. Jamsa on June 24, 1987",S. Nelson and H. Jamsa,"June 24, 1987",N,N
STLO-1905402-16,"Good horticultural quality 0-125cm, very clean",,Toivola East Bog,"S. Nelson and H. Jamsa on June 24, 1987",S. Nelson and H. Jamsa,"June 24, 1987",N,N
STLO-1905402-17,Poor to non-horticultural quality,,Toivola East Bog,"S. Nelson and H. Jamsa on June 24, 1987",S. Nelson and H. Jamsa,"June 24, 1987",N,N
STLO-1905402-18,Close to good horticultural quality 40-160cm. Hit stump at 90cm and 120 cm,,Toivola East Bog,"S. Nelson and H. Jamsa on June 24, 1987",S. Nelson and H. Jamsa,"June 24, 1987",N,N
STLO-1905402-19,"Non-horticultural quality, many long carex strands; first 60cm has some fibric sphagnum.",,Toivola East Bog,"S. Nelson and H. Jamsa on June 24, 1987",S. Nelson and H. Jamsa,"June 24, 1987",N,N
STLO-1905402-20,"Non-horticultural quality 0-120cm; many long carex strands, mostly H4+ and H5 peat.",,Toivola East Bog,"S. Nelson and H. Jamsa on June 24, 1987",S. Nelson and H. Jamsa,"June 24, 1987",N,N
STLO-1905402-21,"Non-horticultural quality 0-150cm, mostly H4+.",,Toivola East Bog,"S. Nelson and H. Jamsa on June 24, 1987",S. Nelson and H. Jamsa,"June 24, 1987",N,N
STLO-1905402-22,"Non-horticultural quality 0-100cm; poor quality 100-150cm, mostly H4 S3-4.",,Toivola East Bog,"S. Nelson and H. Jamsa on June 24, 1987",S. Nelson and H. Jamsa,"June 24, 1987",N,N
STLO-1905402-23,OK horticultural quality 0-90cm; poor horticultural quality 90-150cm.,,Toivola East Bog,"S. Nelson and H. Jamsa on June 24, 1987",S. Nelson and H. Jamsa,"June 24, 1987",N,N
STLO-1905402-24,"Generally good quality 0-170cm, some mixes.",,Toivola East Bog,"S. Nelson and H. Jamsa on June 24, 1987",S. Nelson and H. Jamsa,"June 24, 1987",N,N
STLO-1905402-25,"Poor horticultural quality, alot of mixes, also alot of long carex strands.",,Toivola East Bog,"S. Nelson and H. Jamsa on June 24, 1987",S. Nelson and H. Jamsa,"June 24, 1987",N,N
STLO-1905402-352,,,Toivola East Bog,"S. Nelson and B. Heikel on November 2, 1982",S. Nelson and B. Heikel,"November 2, 1982",N,N
STLO-1905402-353,,,Toivola East Bog,"S.Nelson and B. Heikel on November 2, 1982",S.Nelson and B. Heikel,"November 2, 1982",N,N
STLO-1905402-354,,,Toivola East Bog,"S. Nelson and B. Heikel on November 2, 1982",S. Nelson and B. Heikel,"November 2, 1982",N,N
STLO-1905402-355,,,Toivola East Bog,"S. Nelson and B. Heikel on November 9, 1982",S. Nelson and B. Heikel,"November 9, 1982",N,N
STLO-1905402-356,,,Toivola East Bog,"S. Nelson and B.Heikel on November 9, 1982",S. Nelson and B.Heikel,"November 9, 1982",N,N
STLO-1905402-357,,,Toivola East Bog,"B. Heikel on November 16, 1982",B. Heikel,"November 16, 1982",N,N
STLO-1905402-358,,,Toivola East Bog,"B. Heikel on November 16, 1982",B. Heikel,"November 16, 1982",N,N
STLO-1905402-A,Non-horticultural quality; hit stump at 130cm,,East Toivola,"S. Nelson, H. Jamsa, and B. Heikel on December 9, 1987","S. Nelson, H. Jamsa, and B. Heikel","December 9, 1987",N,N
STLO-1905402-B,Non-horticultural quality; a lot of long carex strands,,East Toivola,"S. Nelson, H. Jamsa, and B. Heikel on December 9, 1987","S. Nelson, H. Jamsa, and B. Heikel","December 9, 1987",N,N
STLO-1905402-C,Below 62cm OK horticultural quality,,East Toivola,"S. Nelson, H. Jamsa, and B. Heikel on December 9, 1987","S. Nelson, H. Jamsa, and B. Heikel","December 9, 1987",N,N
STLO-1905402-D,85-200cm fair horticultural quality,,East Toivola,"S. Nelson, H. Jamsa, and B. Heikel on December 9, 1987","S. Nelson, H. Jamsa, and B. Heikel","December 9, 1987",N,N
STLO-1905402-E,"0-130cm non-horticultural quality, 130-150cm fair quality, 150-200cm good horticultural quality",,East Toivola,"S. Nelson, H. Jamsa, and B. Heikel on December 9, 1987","S. Nelson, H. Jamsa, and B. Heikel","December 9, 1987",N,N
STLO-1905402-F,Below 125cm OK horticultural quality,,East Toivola,"S. Nelson, H. Jamsa, and B. Heikel on December 9, 1987","S. Nelson, H. Jamsa, and B. Heikel","December 9, 1987",N,N
STLO-1905402-G,Good horticultural quality below 25cm,,East Toivola,"S. Nelson, H. Jamsa, and B. Heikel on December 9, 1987","S. Nelson, H. Jamsa, and B. Heikel","December 9, 1987",N,N
STLO-1905402-H,Below 65cm OK horticultural quality,,East Toivola,"S. Nelson, H. Jamsa, and B. Heikel on December 9, 1987","S. Nelson, H. Jamsa, and B. Heikel","December 9, 1987",N,N
STLO-1905402-I,Borderline fair horticultural quality,,East Toivola,"S. Nelson, H. Jamsa, and B. Heikel on December 9, 1987","S. Nelson, H. Jamsa, and B. Heikel","December 9, 1987",N,N
STLO-1905402-J,Hit stump at 180cm,,East Toivola,"S. Nelson, H. Jamsa, and B. Heikel on December 9, 1987","S. Nelson, H. Jamsa, and B. Heikel","December 9, 1987",N,N
STLO-1905402-K,Non-horticultural quality,,East Toivola,"S. Nelson, H. Jamsa, and B. Heikel on December 9, 1987","S. Nelson, H. Jamsa, and B. Heikel","December 9, 1987",N,N
STLO-1905402-L,"35-165cm good horticultural quality, very clean profile; hit stump at 180cm",,East Toivola,"S. Nelson, H. Jamsa, and B. Heikel on December 9, 1987","S. Nelson, H. Jamsa, and B. Heikel","December 9, 1987",N,N
STLO-1905403-215,,,Toivola East Bog,"D. Olson and D. Mellum on March 15, 1978",D. Olson and D. Mellum,"March 15, 1978",Y,N
STLO-1905403-216,,,Toivola East Bog,"D. Olson and D. Mellum on March 15, 1978",D. Olson and D. Mellum,"March 15, 1978",Y,N
STLO-1905403-360,,,Toivola East Bog,"B. Heikel on November 18, 1982",B. Heikel,"November 18, 1982",N,N
STLO-1905403-361,,,Toivola East Bog,"B. Heikel on November 18, 1982",B. Heikel,"November 18, 1982",N,N
STLO-1905405-217,,,,"T. Malterer and D. Mellum on April 19, 1978",T. Malterer and D. Mellum,"April 19, 1978",Y,N
STLO-1905410-218,,,Toivola East Bog,"D. Olson and D. Mellum on March 15, 1978",D. Olson and D. Mellum,"March 15, 1978",Y,N
STLO-1905410-219,,,Toivola East Bog,"D. Olson and D. Mellum on March 16, 1978",D. Olson and D. Mellum,"March 16, 1978",Y,N
STLO-1905411-350,,,Toivola East Bog,"S. Nelson and B. Heikel on November 2, 1982",S. Nelson and B. Heikel,"November 2, 1982",N,N
STLO-1905411-351,,,Toivola East Bog,"S. Nelson and B. Heikel on November 2, 1982",S. Nelson and B. Heikel,"November 2, 1982",N,N
STLO-1905411-359,,,Toivola East Bog,"B. Heikel on November 18, 1982",B. Heikel,"November 18, 1982",N,N
STLO-1905415-220,,,Toivola East Bog,"T. Malterer on March 16, 1978",T. Malterer,"March 16, 1978",Y,N
STLO-1905415-221,Proximate and ultimate analyses performed by Lerch Brothers Inc.,,Toivola East Bog,"D. Olson and D. Mellum on March 17, 1978",D. Olson and D. Mellum,"March 17, 1978",Y,Y
STLO-1905415-222,,,Toivola East Bog,"D. Olson and D. Mellum on March 16, 1978",D. Olson and D. Mellum,"March 16, 1978",Y,N
STLO-1905422-223,,,Toivola East Bog,"D. Olson and D. Mellum on March 16, 1978",D. Olson and D. Mellum,"March 16, 1978",Y,N
STLO-1905424-469,,,Toivola East Bog,"S. Nelson, D. Riihiluoma, and C. Buttleman on September 7, 1983","S. Nelson, D. Riihiluoma, and C. Buttleman","September 7, 1983",Y,N
STLO-1905424-474,,,Toivola East Bog,"S. Nelson, D. Riihiluoma, and C. Buttleman on September 14, 1983","S. Nelson, D. Riihiluoma, and C. Buttleman","September 14, 1983",Y,Y
STLO-1905424-475,,,Toivola East Bog,"S. Nelson, C. Buttleman, and D. Riihiluoma on September 14, 1983","S. Nelson, C. Buttleman, and D. Riihiluoma","September 14, 1983",Y,N
STLO-1905424-476,,,Toivola East Bog,"S. Nelson, T. Varila, D. Riihiluoma, and D. Olson on August 23, 1983","S. Nelson, T. Varila, D. Riihiluoma, and D. Olson","August 23, 1983",N,N
STLO-1905425-470,,,Toivola East Bog,"S. Nelson, C. Buttleman, and D. Riihiluoma on September 13, 1983","S. Nelson, C. Buttleman, and D. Riihiluoma","September 13, 1983",Y,N
STLO-1905425-471,,,Toivola East Bog,"S. Nelson, D. Riihiluoma, and C. Buttleman on September 18, 1983","S. Nelson, D. Riihiluoma, and C. Buttleman","September 18, 1983",Y,N
STLO-1905425-472,,,Toivola East Bog,"S. Nelson, D. Riihiluoma, and C. Buttleman on September 14, 1983","S. Nelson, D. Riihiluoma, and C. Buttleman","September 14, 1983",Y,N
STLO-1905425-473,,,Toivola East Bog,"S. Nelson, D. Riihiluoma, and C. Buttleman on September 14, 1983","S. Nelson, D. Riihiluoma, and C. Buttleman","September 14, 1983",Y,Y
STLO-1905425-477,,,Toivola East Bog,"S. Nelson, D. Riihiluoma, and D. Olson on August 23, 1983","S. Nelson, D. Riihiluoma, and D. Olson","August 23, 1983",N,N
STLO-1905427-224,,,Toivola East Bog,"D. Olson and D. Mellum on March 19, 1978",D. Olson and D. Mellum,"March 19, 1978",Y,N
STLO-1905427-225,,,Toivola East Bog,,,,Y,N
STLO-1905427-226,,,Toivola East Bog,"D. Olson and D. Mellum on March 17, 1978",D. Olson and D. Mellum,"March 17, 1978",Y,N
STLO-1905430-1,Non-horticultural quality,,Toivola Area,S. Nelson and H. Jamsa,S. Nelson and H. Jamsa,,N,N
STLO-1905430-10,Non-horticultural quality; hit stump at 140cm,,Toivola Area,"S. Nelson and H. Jamsa on April 28, 1987",S. Nelson and H. Jamsa,"April 28, 1987",N,N
STLO-1905430-11,Poor horticultural quality,,Toivola Area,"S. Nelson and H. Jamsa on April 28, 1987",S. Nelson and H. Jamsa,"April 28, 1987",N,N
STLO-1905430-12,"Non-horticultural quality 0-60cm; 60-130cm horticultural quality is OK, but profile as a whole does not have enough good quality material.",,Toivola Area,"S. Nelson and H. Jamsa on April 28, 1987",S. Nelson and H. Jamsa,"April 28, 1987",N,N
STLO-1905430-13,Non-horticultural quality,,Toivola Area,"S. Nelson and H. Jamsa on June 16, 1987",S. Nelson and H. Jamsa,"June 16, 1987",N,N
STLO-1905430-14,Poor horticultural quality,,Toivola Area,"S. Nelson and H. Jamsa on June 16, 1987",S. Nelson and H. Jamsa,"June 16, 1987",N,N
STLO-1905430-15,Fair to poor quality 0-75cm; 75-190cm good horticultural quality. Hit several stumps in profile.,,Toivola Area,"S. Nelson and H. Jamsa on June 16, 1987",S. Nelson and H. Jamsa,"June 16, 1987",N,N
STLO-1905430-16,"Good horticultural quality, very clean.",,Toivola Area,"S. Nelson and H. Jamsa on June 16, 1987",S. Nelson and H. Jamsa,"June 16, 1987",N,N
STLO-1905430-17,"OK horticultural quality--top 60cm didn't look the best, below 60cm good quality.  Hit stump at 185cm",,Toivola Area,"S. Nelson and H. Jamsa on June 16, 1987",S. Nelson and H. Jamsa,"June 16, 1987",N,N
STLO-1905430-18,Poor horticultural quality,,Toivola Area,"S. Nelson and H. Jamsa on June 16, 1987",S. Nelson and H. Jamsa,"June 16, 1987",N,N
STLO-1905430-19,"Excellent quality 0-65cm; quality OK 70-140cm, but some Sphagnum cuspidatum and not all clean; poor quality below 140cm.  Hit some stumps in profile.",,Toivola Area,"S. Nelson and H. Jamsa on June 16, 1987",S. Nelson and H. Jamsa,"June 16, 1987",N,N
STLO-1905430-2,Non-horticultural quality,,Toivola Area,"S. Nelson and H. Jamsa on April 28, 1987",S. Nelson and H. Jamsa,"April 28, 1987",N,N
STLO-1905430-20,"Below 37cm, excellent horticultural quality.",,Toivola Area,"S. Nelson and H. Jamsa on June 16, 1987",S. Nelson and H. Jamsa,"June 16, 1987",N,N
STLO-1905430-21,"Overall generally poor quality horticultural peat, most with mixed qualities.",,Toivola Area,"S. Nelson and H. Jamsa on June 16, 1987",S. Nelson and H. Jamsa,"June 16, 1987",N,N
STLO-1905430-227,,,,"D. Mellum and T. Malterer on March 22, 1978",D. Mellum and T. Malterer,"March 22, 1978",Y,N
STLO-1905430-228,,,,"D. Olson and D. Mellum on March 21, 1978",D. Olson and D. Mellum,"March 21, 1978",Y,N
STLO-1905430-229,,,,"D. Olson and D. Mellum on March 21, 1978",D. Olson and D. Mellum,"March 21, 1978",Y,N
STLO-1905430-230,,,,"D. Mellum on March 22, 1978",D. Mellum,"March 22, 1978",Y,N
STLO-1905430-3,"Site OK for horticultural use; hit stumps at 50, 135cm",,Toivola Area,"S. Nelson and H. Jamsa on April 28, 1987",S. Nelson and H. Jamsa,"April 28, 1987",N,N
STLO-1905430-4,Site OK for horticultural use; hit several stumps in profile,,Toivola Area,"S. Nelson and H. Jamsa on April 28, 1987",S. Nelson and H. Jamsa,"April 28, 1987",N,N
STLO-1905430-5,"Site OK for horticultural use; resampled first 50cm; 0-20cm H3 S5, 20-50cm H4 (ErN)Dg3S3.  Hit stumps 90cm, 180cm",,Toivola Area,"S. Nelson and H. Jamsa on April 28, 1987",S. Nelson and H. Jamsa,"April 28, 1987",N,N
STLO-1905430-6,Non-horticultural quality.,,Toivola Area,"S. Nelson and H. Jamsa on April 28, 1987",S. Nelson and H. Jamsa,"April 28, 1987",N,N
STLO-1905430-7,Non-horticultural quality 0-93cm,,Toivola Area,"S. Nelson and H. Jamsa on April 28, 1987",S. Nelson and H. Jamsa,"April 28, 1987",N,N
STLO-1905430-8,Non-horticultural quality 0-60cm; mixed qualities below,,Toivola Area,"S. Nelson and H. Jamsa on April 28, 1987",S. Nelson and H. Jamsa,"April 28, 1987",N,N
STLO-1905430-9,Non-horticultural quality 0-50cm; below 50cm horticultural quality is OK.  Hit stump at 180cm.,,Toivola Area,"S. Nelson and H. Jamsa on April 28, 1987",S. Nelson and H. Jamsa,"April 28, 1987",N,N
STLO-1905430-A+200+1000,65-160cm good horticultural quality,,Toivola South Bog,"S. Nelson and M. Oberhelman on August 19, 1987",S. Nelson and M. Oberhelman,"August 19, 1987",N,N
STLO-1905430-A+200+1200,"50-200cm good horticultural quality, very clean; hit stump at 50cm",,Toivola South Bog,"S. Nelson and M. Oberhelman on August 19, 1987",S. Nelson and M. Oberhelman,"August 19, 1987",N,N
STLO-1905430-A+200+1400,67-140cm fair horticultural quality but with long carex strands; hit stump at 100cm,,Toivola South Bog,"S. Nelson and P. Geiselman on August 24, 1987",S. Nelson and P. Geiselman,"August 24, 1987",N,N
STLO-1905430-A+200+1600,95-130cm good horticultural quality; the rest is non-horticultural quality; hit stump at 125cm,,Toivola South Bog,"S. Nelson and P. Geiselman on August 24, 1987",S. Nelson and P. Geiselman,"August 24, 1987",N,N
STLO-1905430-A+200+1800,Non-horticultural quality,,Toivola South Bog,"S. Nelson and P. Geiselman on August 24, 1987",S. Nelson and P. Geiselman,"August 24, 1987",N,N
STLO-1905430-A+200+400,66-150cm good horticultural quality with few long carex strands; 150-200cm fair horticultural quality,,Toivola South Bog,"S. Nelson, M. Oberhelman, and B. Heikel on August 21, 1987","S. Nelson, M. Oberhelman, and B. Heikel","August 21, 1987",N,N
STLO-1905430-A+200+600,"Only between 75-140cm is good horticultural quality sphagnum, the rest is poor to non-horticultural quality.  Hit stumps at 40cm and 50cm.",,Toivola South Bog,"S. Nelson and H. Jamsa on August 14, 1987",S. Nelson and H. Jamsa,"August 14, 1987",N,N
STLO-1905430-A+200+800,0-80cm non-horticultural quality; 80-200cm OK horticultural quality,,Toivola South Bog,"S. Nelson and H. Jamsa on August 14, 1987",S. Nelson and H. Jamsa,"August 14, 1987",N,N
STLO-1905430-A+400+1000,87-173cm OK - fair horticultural quality; hit stumps at 90cm and 110cm,,Toivola South Bog,"S. Nelson and M. Oberhelman on August 19, 1987",S. Nelson and M. Oberhelman,"August 19, 1987",Y,N
STLO-1905430-A+400+1200,92-139cm good horticultural quality; 150-170cm fair quality; hit stump at 50cm,,Toivola South Bog,"S. Nelson and M. Oberhelman on August 19, 1987",S. Nelson and M. Oberhelman,"August 19, 1987",N,N
STLO-1905430-A+400+1400,76-140cm fair horticultural quality,140-190cm peat wetter than normal,Toivola South Bog,"S. Nelson and P. Geiselman on August 24, 1987",S. Nelson and P. Geiselman,"August 24, 1987",N,N
STLO-1905430-A+400+1600,Non-horticultural peat,,Toivola South Bog,"S. Nelson and P. Geiselman on August 24, 1987",S. Nelson and P. Geiselman,"August 24, 1987",N,N
STLO-1905430-A+400+1800,Non-horticultural quality,,Toivola South Bog,"S. Nelson and P. Geiselman on August 24, 1987",S. Nelson and P. Geiselman,"August 24, 1987",N,N
STLO-1905430-A+400+400,42-113cm OK horticultural quality,,Toivola South Bog,"S. Nelson, M. Oberhelman, and B. Heikel on August 21, 1987","S. Nelson, M. Oberhelman, and B. Heikel","August 21, 1987",N,N
STLO-1905430-A+400+600,Non-horticultural quality--very unclean with lots of long carex strands,,Toivola South Bog,"S. Nelson and H. Jamsa on August 14, 1987",S. Nelson and H. Jamsa,"August 14, 1987",N,N
STLO-1905430-A+400+800,100-170cm OK to fair horticultural quality; the rest is non-horticultural quality,,Toivola South Bog,"S. Nelson and H. Jamsa on August 14, 1987",S. Nelson and H. Jamsa,"August 14, 1987",N,N
STLO-1905430-A+600+1000,Non-horticultural quality,,Toivola South Bog,"S. Nelson and P. Geiselman on August 24, 1987",S. Nelson and P. Geiselman,"August 24, 1987",N,N
STLO-1905430-A+600+1200,Non-horticultural quality,,Toivola South Bog,"S. Nelson and P. Geiselman on August 24, 1987",S. Nelson and P. Geiselman,"August 24, 1987",N,N
STLO-1905430-A+600+1400,Non-horticultural quality,,Toivola South Bog,"S. Nelson and P. Geiselman on August 24, 1987",S. Nelson and P. Geiselman,"August 24, 1987",N,N
STLO-1905430-A+600+400,Non-horticultural quality,,Toivola South Bog,"P. Geiselman and M. Oberhelman on August 27, 1987",P. Geiselman and M. Oberhelman,"August 27, 1987",N,N
STLO-1905430-A+600+600,Non-horticultural quality,,Toivola South Bog,"S. Nelson and H. Jamsa on August 14, 1987",S. Nelson and H. Jamsa,"August 14, 1987",N,N
STLO-1905430-A+600+800,Non-horticultural quality,,Toivola South Bog,"S. Nelson and H. Jamsa on August 14, 1987",S. Nelson and H. Jamsa,"August 14, 1987",N,N
STLO-1905430-A0+1000,Generally OK horticultural quality 65-200cm; hit stump at 160cm,,Toivola South Bog,"S. Nelson and M. Oberhelman on August 19, 1987",S. Nelson and M. Oberhelman,"August 19, 1987",N,N
STLO-1905430-A0+1200,"54-195cm good horticultural quality, very clean",,Toivola South Bog,"M. Oberhelman and S. Nelson on August 19, 1987",M. Oberhelman and S. Nelson,"August 19, 1987",Y,N
STLO-1905430-A0+-1400,67-173cm fair to OK horticultural quality,,Toivola South Bog,"S. Nelson and P. Geiselman on August 24, 1987",S. Nelson and P. Geiselman,"August 24, 1987",N,N
STLO-1905430-A0+1600,"25-170cm good horticultural quality, very clean",,Toivola South Bog,"S. Nelson and P. Geiselman on August 24, 1987",S. Nelson and P. Geiselman,"August 24, 1987",N,N
STLO-1905430-A0+1800,"58-168cm fair to poor horticultural quality; very unclean, with lots of long carex strands",,Toivola South Bog,"S. Nelson and P. Geiselman on August 24, 1987",S. Nelson and P. Geiselman,"August 24, 1987",N,N
STLO-1905430-A0+400,76-128cm good horticultural quality; 128-193cm OK horticultural quality,,Toivola South Bog,"S. Nelson, M. Oberhelman, and B. Heikel on August 21, 1987","S. Nelson, M. Oberhelman, and B. Heikel","August 21, 1987",Y,N
STLO-1905430-A0+600,0-55cm non-horticultural quality; 55-89cm OK horticultural quality with long carex strands; 89-175cm good horticultural quality.  Hit stump at 175cm.,,Toivola South Bog,"S. Nelson and H. Jamsa on August 14, 1987",S. Nelson and H. Jamsa,"August 14, 1987",N,N
STLO-1905430-A0+-800,"65-200cm OK horticultural quality, uniform undecomposed peat but with many long carex strands",,Toivola South Bog,"S. Nelson and H. Jamsa on August 14, 1987",S. Nelson and H. Jamsa,"August 14, 1987",N,N
STLO-1905430-A-200+1000,0-46cm OK horticultural quality; 85-195cm excellent horticultural quality; hit stump at 50cm,,Toivola South Bog,"S. Nelson and M. Oberhelman on August 19, 1987",S. Nelson and M. Oberhelman,"August 19, 1987",N,N
STLO-1905430-A-200+1200,60-145cm good horticultural quality; hit stump at 50cm,,Toivola South Bog,"S. Nelson and M. Oberhelman on August 19, 1987",S. Nelson and M. Oberhelman,"August 19, 1987",N,N
STLO-1905430-A-200+1400,Non-horticultural quality,,Toivola South Bog,"S. Nelson and M. Oberhelman on August 19, 1987",S. Nelson and M. Oberhelman,"August 19, 1987",N,N
STLO-1905430-A-200+1600,Non-horticultural quality,,Toivola South Bog,"S. Nelson and M. Oberhelman on August 19, 1987",S. Nelson and M. Oberhelman,"August 19, 1987",N,N
STLO-1905430-A-200+1800,"Poor to non-horticultural quality, very mixed qualities, some long carex strands; hit stump at 150cm",,Toivola South Bog,"S. Nelson and P. Geiselman on August 24, 1987",S. Nelson and P. Geiselman,"August 24, 1987",N,N
STLO-1905430-A-200+400,100-167cm OK to fair horticultural quality,,Toivola South Bog,"S. Nelson and M. Oberhelman on August 21, 1987",S. Nelson and M. Oberhelman,"August 21, 1987",N,N
STLO-1905430-A-200+600,48-138cm OK to fair quality with long carex strands; overall poor horticultural quality,,Toivola South Bog,"S. Nelson and H. Jamsa on August 14, 1987",S. Nelson and H. Jamsa,"August 14, 1987",N,N
STLO-1905430-A-200+800,Poor to non-horticultural quality; hit stumps at 70cm,,Toivola South Bog,"S. Nelson and H. Jamsa on August 14, 1987",S. Nelson and H. Jamsa,"August 14, 1987",N,N
STLO-1905430-A-400+1000,115-168cm OK horticultural quality; hit stump at 30cm,,Toivola South Bog,"S. Nelson and M. Oberhelman on August 19, 1987",S. Nelson and M. Oberhelman,"August 19, 1987",N,N
STLO-1905430-A-400+1200,76-90cm OK horticultural quality; 90-140cm good horticultural quality; profile generally mixed qualities,,Toivola South Bog,"S. Nelson and M. Oberhelman on August 19, 1987",S. Nelson and M. Oberhelman,"August 19, 1987",N,N
STLO-1905430-A-400+1400,Non-horticultural quality,,Toivola South Bog,"S. Nelson and M. Oberhelman on August 19, 1987",S. Nelson and M. Oberhelman,"August 19, 1987",N,N
STLO-1905430-A-400+1600,Non-horticultural quality; hit stump at 60cm,,Toivola South Bog,"S. Nelson and M. Oberhelman on August 19, 1987",S. Nelson and M. Oberhelman,"August 19, 1987",N,N
STLO-1905430-A-400+400,40-60cm OK horticultural quality; 67-127cm good horticultural quality,,Toivola South Bog,"P. Geiselman and M. Oberhelman on August 27, 1987",P. Geiselman and M. Oberhelman,"August 27, 1987",N,N
STLO-1905430-A-400+600,Non-horticultural quality,,Toivola South Bog,"S. Nelson and H. Jamsa on August 14, 1987",S. Nelson and H. Jamsa,"August 14, 1987",N,N
STLO-1905430-A-400+800,"100-162cm very good horticultural quality; 0-100cm poor to non-horticultural quality, unclean",,Toivola South Bog,"S. Nelson and M. Oberhelman on August 21, 1987",S. Nelson and M. Oberhelman,"August 21, 1987",Y,N
STLO-1905430-A-500+1200,Poor to non-horticultural quality; hit stump at 140cm,,Toivola South Bog,"M. Oberhelman and S. Nelson on August 21, 1987",M. Oberhelman and S. Nelson,"August 21, 1987",N,N
STLO-1905430-A-600+1000,Non-horticultural quality; hit stump at 100cm,,Toivola South Bog,"S. Nelson and M. Oberhelman on August 21, 1987",S. Nelson and M. Oberhelman,"August 21, 1987",N,N
STLO-1905430-A-600+600,Non-horticultural quality,,Toivola South Bog,"S. Nelson and H. Jamsa on August 14, 1987",S. Nelson and H. Jamsa,"August 14, 1987",N,N
STLO-1905430-A-600+800,Non-horticultural quality; hit stump at 130cm,,Toivola South Bog,"S. Nelson and M. Oberhelman on August 21, 1987",S. Nelson and M. Oberhelman,"August 21, 1987",N,N
STLO-1905431-22,Poor to non-horticultural quality,,Toivola Area,"S. Nelson and H. Jamsa on June 16, 1987",S. Nelson and H. Jamsa,"June 16, 1987",N,N
STLO-1905431-A+200+-0,96-120cm fair quality but with some long carex strands and a lot is Sphagnum cuspidatum,,Toivola South Bog,"S. Nelson and P. Geiselman on August 24, 1987",S. Nelson and P. Geiselman,"August 24, 1987",N,N
STLO-1905431-A+200+200,Poor to non-horticultural quality,,Toivola South Bog,"S. Nelson, M. Oberhelman, and B. Heikel on August 21, 1987","S. Nelson, M. Oberhelman, and B. Heikel","August 21, 1987",N,N
STLO-1905431-A+400+-0,Non-horticultural quality,,Toivola South Bog,"S. Nelson and P. Geiselman on August 24, 1987",S. Nelson and P. Geiselman,"August 24, 1987",N,N
STLO-1905431-A+400+200,64-140cm good horticultural quality with few long carex strands; hit stump at 50cm,,Toivola South Bog,"P. Geiselman and M. Oberhelman on August 27, 1987",P. Geiselman and M. Oberhelman,"August 27, 1987",N,N
STLO-1905431-A+600+-0,Non-horticultural quality,,Toivola South Bog,"S. Nelson and P. Geiselman on August 24, 1987",S. Nelson and P. Geiselman,"August 24, 1987",N,N
STLO-1905431-A+600+200,Non-horticultural quality,,Toivola South Bog,"P. Geiselman and M. Oberhelman on August 27, 1987",P. Geiselman and M. Oberhelman,"August 27, 1987",N,N
STLO-1905431-A0+-0,50-112cm good horticultural quality; the rest is poor to non-horticultural quality,,Toivola South Bog,"S. Nelson and P. Geiselman on August 24, 1987",S. Nelson and P. Geiselman,"August 24, 1987",N,N
STLO-1905431-A0+200,64-135cm good horticultural quality with a few long carex strands,,Toivola South Bog,"S. Nelson, M. Oberhelman, and B. Heikel on August 21, 1987","S. Nelson, M. Oberhelman, and B. Heikel","August 21, 1987",N,N
STLO-1905431-A-200+200,OK horticultural quality 45-170cm,,Toivola South Bog,"M. Oberhelman, S. Nelson, and B. Heikel on August 21, 1987","M. Oberhelman, S. Nelson, and B. Heikel","August 21, 1987",N,N
STLO-1905434-231,,,Toivola East Bog,"T. Malterer on March 16, 1978",T. Malterer,"March 16, 1978",Y,N
STLO-1905434-232,,,East Toivola Bog,"T. Malterer on March 16, 1978",T. Malterer,"March 16, 1978",Y,N
STLO-1905501-518,,,,"C. Buttleman and D. Riihiluoma on September 21, 1983",C. Buttleman and D. Riihiluoma,"September 21, 1983",N,N
STLO-1905501-519,,,,"C. Buttleman and D. Riihiluoma on September 21, 1983",C. Buttleman and D. Riihiluoma,"September 21, 1983",N,N
STLO-1905501-520,,,,"D. Riihiluoma and C. Buttleman on September 21, 1983",D. Riihiluoma and C. Buttleman,"September 21, 1983",N,N
STLO-1905501-521,,,,"C. Buttleman and D. Riihiluoma on September 21, 1983",C. Buttleman and D. Riihiluoma,"September 21, 1983",N,N
STLO-1905501-522,,,,"C. Buttleman and D. Riihiluoma on September 21, 1983",C. Buttleman and D. Riihiluoma,"September 21, 1983",N,N
STLO-1905503-267,,,,"D. Mellum on April 18, 1978",D. Mellum,"April 18, 1978",Y,N
STLO-1905503-268,,,,"D. Mellum and T. Malterer on April 18, 1978",D. Mellum and T. Malterer,"April 18, 1978",Y,N
STLO-1905523-269,,,,"D. Mellum and T. Malterer on April 20, 1978",D. Mellum and T. Malterer,"April 20, 1978",Y,N
STLO-1905526-270,,,,"D. Mellum and T. Malterer on April 19, 1978",D. Mellum and T. Malterer,"April 19, 1978",Y,N
STLO-1905532-271,,,,"D. Mellum and T. Malterer on April 19, 1978",D. Mellum and T. Malterer,"April 19, 1978",Y,N
STLO-1905602-435,,,Little Swan Bog,"D. Riihiluoma and H. Mooers on June 10, 1982",D. Riihiluoma and H. Mooers,"June 10, 1982",N,N
STLO-1905607-425,,,Little Swan Bog,"D. Riihiluoma and H. Mooers on June 10, 1982",D. Riihiluoma and H. Mooers,"June 10, 1982",N,N
STLO-1905608-426,,,Little Swan Bog,"D. Riihiluoma and H. Mooers on June 10, 1982",D. Riihiluoma and H. Mooers,"June 10, 1982",N,N
STLO-1905609-427,,,Little Swan Bog,"D. Riihiluoma and H. Mooers on June 10, 1982",D. Riihiluoma and H. Mooers,"June 10, 1982",N,N
STLO-1905611-434,,,Little Swan Bog,"D. Riihiluoma and H. Mooers on June 10, 1982",D. Riihiluoma and H. Mooers,"June 10, 1982",N,N
STLO-1905614-432,,,Little Swan Bog,"D. Riihiluoma and H. Mooers on June 10, 1982",D. Riihiluoma and H. Mooers,"June 10, 1982",N,N
STLO-1905614-433,,,Little Swan Bog,"D. Riihiluoma and H. Mooers on June 10, 1982",D. Riihiluoma and H. Mooers,"June 10, 1982",N,N
STLO-1905615-431,,,Little Swan Bog,"D. Riihiluoma and H. Mooers on June 10, 1982",D. Riihiluoma and H. Mooers,"June 10, 1982",N,N
STLO-1905616-430,,,Little Swan Bog,"D. Riihiluoma and H. Mooers on June 10, 1982",D. Riihiluoma and H. Mooers,"June 10, 1982",N,N
STLO-1905618-424,,,Little Swan Bog,"D. Riihiluoma and H. Mooers on June 10, 1982",D. Riihiluoma and H. Mooers,"June 10, 1982",N,N
STLO-1905621-428,,,Little Swan Bog,"D. Riihiluoma and H. Mooers on June 10, 1982",D. Riihiluoma and H. Mooers,"June 10, 1982",N,N
STLO-1905621-429,,,Little Swan Bog,"D. Riihiluoma and H. Mooers on June 10, 1982",D. Riihiluoma and H. Mooers,"June 10, 1982",N,N
STLO-1905726-439,,,Little Swan Bog,"H. Mooers and D. Riihiluoma on June 10, 1982",H. Mooers and D. Riihiluoma,"June 10, 1982",N,N
STLO-1905727-1,,,Little Swan Bog,"D. Riihiluoma and D. Mellum on August 7, 1980",D. Riihiluoma and D. Mellum,"August 7, 1980",N,N
STLO-1905727-2,,,Little Swan Bog,"D. Riihiluoma and D. Mellum on August 7, 1980",D. Riihiluoma and D. Mellum,"August 7, 1980",N,N
STLO-1905727-3,,,Little Swan Bog,"D. Riihiluoma and D. Mellum on August 7, 1980",D. Riihiluoma and D. Mellum,"August 7, 1980",N,N
STLO-1905727-4,,,Little Swan Bog,"D. Riihiluoma and D. Mellum on August 7, 1980",D. Riihiluoma and D. Mellum,"August 7, 1980",N,N
STLO-1905727-5,,,Little Swan Bog,"D. Riihiluoma and D. Mellum on August 7, 1980",D. Riihiluoma and D. Mellum,"August 7, 1980",N,N
STLO-1905728-440,,,Little Swan Bog,"D. Riihiluoma and H. Mooers on June 10, 1982",D. Riihiluoma and H. Mooers,"June 10, 1982",N,N
STLO-1905733-441,,,Little Swan Bog,"D. Riihiluoma and H. Mooers on June 10, 1982",D. Riihiluoma and H. Mooers,"June 10, 1982",N,N
STLO-1905733-442,,,Little Swan Bog,"D. Riihiluoma and H. Mooers on June 10, 1982",D. Riihiluoma and H. Mooers,"June 10, 1982",N,N
STLO-1906003-217,,,,"H. Mooers and D. Riihiluoma on March 10, 1982",H. Mooers and D. Riihiluoma,"March 10, 1982",N,N
STLO-1906004-218,,,,"D. Riihiluoma and H. Mooers on March 10, 1982",D. Riihiluoma and H. Mooers,"March 10, 1982",N,N
STLO-1906009-219,,,,"H. Mooers and D. Riihiluoma on March 10, 1982",H. Mooers and D. Riihiluoma,"March 10, 1982",N,N
STLO-1906106-117,,,Sturgeon Bog,"H. Mooers and S. Nelson on September 18, 1981",H. Mooers and S. Nelson,"September 18, 1981",N,N
STLO-1906126-221,,,,"H. Mooers and D. Riihiluoma on March 10, 1982",H. Mooers and D. Riihiluoma,"March 10, 1982",Y,N
STLO-1906126-61,,,,"L. Severson and H. Mooers on September 15, 1981",L. Severson and H. Mooers,"September 15, 1981",N,N
STLO-1906127-62,,,,"H. Mooers and L. Severson on September 15, 1981",H. Mooers and L. Severson,"September 15, 1981",N,N
STLO-1906129-64,,,,"H. Mooers and L. Severson on September 15, 1981",H. Mooers and L. Severson,"September 15, 1981",N,N
STLO-1906132-220,,,,"H. Mooers and D. Riihiluoma on March 10, 1982",H. Mooers and D. Riihiluoma,"March 10, 1982",Y,N
STLO-1906133-59,,,,"L. Severson and H. Mooers on September 14, 1981",L. Severson and H. Mooers,"September 14, 1981",N,N
STLO-1906133-63,,,,"H. Mooers and L. Severson on September 15, 1981",H. Mooers and L. Severson,"September 15, 1981",N,N
STLO-1906134-216,,,,"D. Riihiluoma and H. Mooers on March 10, 1982",D. Riihiluoma and H. Mooers,"March 10, 1982",N,N
STLO-1906134-60,,,,"L. Severson and H. Mooers on September 15, 1981",L. Severson and H. Mooers,"September 15, 1981",N,N
STLO-1906201-102,,,,"L. Severson and H. Mooers on September 17, 1981",L. Severson and H. Mooers,"September 17, 1981",N,N
STLO-1906203-104,,,,"H. Mooers and L. Severson on September 17, 1981",H. Mooers and L. Severson,"September 17, 1981",N,N
STLO-1906205-114,,,,"H. Mooers and S. Nelson on September 18, 1981",H. Mooers and S. Nelson,"September 18, 1981",N,N
STLO-1906206-115,,,,"H. Mooers and S. Nelson on September 18, 1981",H. Mooers and S. Nelson,"September 18, 1981",N,N
STLO-1906206-187,,,,"H. Mooers and D. Riihiluoma on January 27, 1982",H. Mooers and D. Riihiluoma,"January 27, 1982",N,N
STLO-1906211-103,,,,"H. Mooers and L. Severson on September 17, 1981",H. Mooers and L. Severson,"September 17, 1981",N,N
STLO-1906224-99,,,,"L. Severson and H. Mooers on September 17, 1981",L. Severson and H. Mooers,"September 17, 1981",N,N
STLO-1906225-98,,,,"H. Mooers and L. Severson on September 17, 1981",H. Mooers and L. Severson,"September 17, 1981",N,N
STLO-1906311-106,,,,"L. Severson and H. Mooers on September 17, 1981",L. Severson and H. Mooers,"September 17, 1981",N,N
STLO-1906312-105,,,,"L. Severson and H. Mooers on September 17, 1981",L. Severson and H. Mooers,"September 17, 1981",N,N
STLO-1906316-185,,,,"H. Mooers and D. Riihiluoma on January 27, 1982",H. Mooers and D. Riihiluoma,"January 27, 1982",N,N
STLO-1906316-204,,,,"D. Riihiluoma and H. Mooers on February 17, 1982",D. Riihiluoma and H. Mooers,"February 17, 1982",N,N
STLO-1906317-111,,,,"S. Nelson and H. Mooers on September 18, 1981",S. Nelson and H. Mooers,"September 18, 1981",N,N
STLO-1906317-113,,,,"H. Mooers and S. Nelson on September 18, 1981",H. Mooers and S. Nelson,"September 18, 1981",N,N
STLO-1906317-205,,,,"H. Mooers and D. Riihiluoma on February 17, 1981",H. Mooers and D. Riihiluoma,"February 17, 1981",N,N
STLO-1906320-206,,,,"H. Mooers and D. Riihiluoma on February 17, 1982",H. Mooers and D. Riihiluoma,"February 17, 1982",N,N
STLO-1906321-112,,,,"H. Mooers and S. Nelson on September 18, 1981",H. Mooers and S. Nelson,"September 18, 1981",N,N
STLO-1906321-186,,,,"D. Riihiluoma and H. Mooers on January 27, 1982",D. Riihiluoma and H. Mooers,"January 27, 1982",N,N
STLO-2005005-7,,,,"D. Olson and E. Tome on October 17, 1978",D. Olson and E. Tome,"October 17, 1978",N,N
STLO-2005015-8,,,,"D. Olson and E. Tome on October 17, 1978",D. Olson and E. Tome,"October 17, 1978",N,N
STLO-2005031-154,,,,"L. Severson and H. Malterer on June 15, 1981",L. Severson and H. Malterer,"June 15, 1981",N,N
STLO-2005111-45A,Site about 0.2 miles from mineral soil (beach ridge),,,"H. Hobbs on July 28, 1978",H. Hobbs,"July 28, 1978",N,N
STLO-2005111-45B,Charcoal layer 1/2cm thick at 55cm,,,"H. Hobbs on October 28, 1978",H. Hobbs,"October 28, 1978",N,N
STLO-2005111-45C,Site very close to mineral soil boundary,,,"H. Hobbs on July 28, 1978",H. Hobbs,"July 28, 1978",N,N
STLO-2005118-48,,,,"D. Olson and E. Tome on October 17, 1978",D. Olson and E. Tome,"October 17, 1978",N,N
STLO-2005129-49,,,,"D. Olson and E. Tome on October 17, 1978",D. Olson and E. Tome,"October 17, 1978",N,N
STLO-2005212-616,,,,"D. Riihiluoma and M. Oberhelman on August 16, 1984",D. Riihiluoma and M. Oberhelman,"August 16, 1984",Y,Y
STLO-2005236-114,,,,"D. Olson and E. Tome on October 23, 1978",D. Olson and E. Tome,"October 23, 1978",N,N
STLO-2005303-174,,,Toivola Area & Toivola South Bog,"D. Olson on December 16, 1977",D. Olson,"December 16, 1977",Y,N
STLO-2005303-175,,,Toivola Area & Toivola South Bog,"D. Olson on December 16, 1977",D. Olson,"December 16, 1977",Y,N
STLO-2005303-176,,,Toivola Area & Toivola South Bog,"D. Olson on December 15, 1977",D. Olson,"December 15, 1977",Y,N
STLO-2005303-524,,,Toivola Area & Toivola South Bog,"S. Nelson, D. Riihiluoma, and M. Oberhelman on July 24, 1984","S. Nelson, D. Riihiluoma, and M. Oberhelman","July 24, 1984",Y,Y
STLO-2005308-613,,,Toivola Area & Toivola South Bog,"M. Oberhelman and D. Riihiluoma on August 15, 1984",M. Oberhelman and D. Riihiluoma,"August 15, 1984",Y,Y
STLO-2005308-619,,,Toivola Area & Toivola South Bog,"M. Oberhelman and D. Riihiluoma on August 15, 1984",M. Oberhelman and D. Riihiluoma,"August 15, 1984",N,N
STLO-2005309-620,,,Toivola Area & Toivola South Bog,"M. Oberhelman and D. Riihiluoma on August 15, 1984",M. Oberhelman and D. Riihiluoma,"August 15, 1984",N,N
STLO-2005310-177,,,Toivola Area & Toivola South Bog,"D. Olson on December 15, 1977",D. Olson,"December 15, 1977",Y,N
STLO-2005310-178,,,Toivola Area & Toivola South Bog,"D. Olson on December 13, 1977",D. Olson,"December 13, 1977",Y,N
STLO-2005310-179,,,Toivola Area & Toivola South Bog,"D. Olson on December 13, 1977",D. Olson,"December 13, 1977",Y,N
STLO-2005310-180,,,Toivola Area & Toivola South Bog,"D. Olson on December 13, 1977",D. Olson,"December 13, 1977",Y,N
STLO-2005315-181,,,Toivola Area & Toivola South Bog,"D. Mellum on November 15, 1977",D. Mellum,"November 15, 1977",Y,N
STLO-2005315-182,,,Toivola Area & Toivola South Bog,"D. Olson on November 1, 1977",D. Olson,"November 1, 1977",N,N
STLO-2005315-183,,,Toivola Area & Toivola South Bog,"D. Mellum on November 15, 1977",D. Mellum,"November 15, 1977",Y,N
STLO-2005315-184,,,Toivola Area & Toivola South Bog,"D. Olson on November 14, 1977",D. Olson,"November 14, 1977",Y,N
STLO-2005315-362,,,Toivola Area & Toivola South Bog,"D. Riihiluoma on February 10, 1983",D. Riihiluoma,"February 10, 1983",N,N
STLO-2005315-525,,,Toivola Area & Toivola South Bog,"S. Nelson, D. Riihiluoma, and M. Oberhelman on July 24, 1984","S. Nelson, D. Riihiluoma, and M. Oberhelman","July 24, 1984",Y,Y
STLO-2005316-185,,,Toivola Area & Toivola South Bog,"D. Olson on November 1, 1977",D. Olson,"November 1, 1977",Y,N
STLO-2005316-614,,,,"D. Riihiluoma and M. Oberhelman on August 15, 1984",D. Riihiluoma and M. Oberhelman,"August 15, 1984",Y,Y
STLO-2005318-186,,,,"D. Mellum on April 20, 1978",D. Mellum,"April 20, 1978",Y,N
STLO-2005335-721,,,,"M. Oberhelman and A. Jagunich on January 30, 2006",M. Oberhelman and A. Jagunich,"January 30, 2006",N,N
STLO-2005335-722,,,,"M. Oberhelman and A. Jagunich on January 30, 2006",M. Oberhelman and A. Jagunich,"January 30, 2006",N,N
STLO-2005335-723,,,,"M. Oberhelman and A. Jagunich on January 30, 2006",M. Oberhelman and A. Jagunich,"January 30, 2006",N,N
STLO-2005335-724,,,,"M. Oberhelman and A. Jagunich on January 30, 2006",M. Oberhelman and A. Jagunich,"January 30, 2006",N,N
STLO-2005335-780,,,,"M. Oberhelman and A. Jagunich on January 30, 2006",M. Oberhelman and A. Jagunich,"January 30, 2006",N,N
STLO-2005336-618,0-100cm hit stumps,,,"D. Riihiluoma and M. Oberhelman on August 17, 1984",D. Riihiluoma and M. Oberhelman,"August 17, 1984",Y,Y
STLO-2005336-725,,,,"M. Oberhelman and A. Jagunich on February 1, 2006",M. Oberhelman and A. Jagunich,"February 1, 2006",N,N
STLO-2005336-726,,,,"M. Oberhelman and A. Jagunich on February 1, 2006",M. Oberhelman and A. Jagunich,"February 1, 2006",N,N
STLO-2005336-727,,,,"M. Oberhelman and A. Jagunich on February 1, 2006",M. Oberhelman and A. Jagunich,"February 1, 2006",N,N
STLO-2005336-728,,,,"M. Oberhelman and A. Jagunich on February 1, 2006",M. Oberhelman and A. Jagunich,"February 1, 2006",N,N
STLO-2005336-729,,,,"M. Oberhelman and A. Jagunich on February 1, 2006",M. Oberhelman and A. Jagunich,"February 1, 2006",N,N
STLO-2005336-730,,,,"M. Oberhelman and A. Jagunich on February 1, 2006",M. Oberhelman and A. Jagunich,"February 1, 2006",N,N
STLO-2005336-731,,,,"M. Oberhelman and A. Jagunich on February 1, 2006",M. Oberhelman and A. Jagunich,"February 1, 2006",N,N
STLO-2005336-732,,,,"M. Oberhelman and A. Jagunich on March 20, 2006",M. Oberhelman and A. Jagunich,"February 1, 2006",N,N
STLO-2005336-733,,,,"M. Oberhelman and A. Jagunich on February 1, 2006",M. Oberhelman and A. Jagunich,"February 1, 2006",N,N
STLO-2005336-734,,,,"M. Oberhelman and A. Jagunich on February 9, 2006",M. Oberhelman and A. Jagunich,"February 9, 2006",N,N
STLO-2005336-735,,,,"M. Oberhelman and A. Jagunich on February 9, 2006",M. Oberhelman and A. Jagunich,"February 9, 2006",N,N
STLO-2005336-736,,,,"M. Oberhelman and A. Jagunich on February 9, 2006",M. Oberhelman and A. Jagunich,"February 9, 2006",N,N
STLO-2005336-737,,,,"M. Oberhelman and A. Jagunich on February 9, 2006",M. Oberhelman and A. Jagunich,"February 9, 2006",N,N
STLO-2005336-738,,,,"M. Oberhelman and A. Jagunich on February 9, 2006",M. Oberhelman and A. Jagunich,"February 9, 2006",N,N
STLO-2005336-739,,,,"M. Oberhelman and A. Jagunich on February 9, 2006",M. Oberhelman and A. Jagunich,"February 9, 2006",N,N
STLO-2005336-740,,,,"M. Oberhelman and A. Jagunich on February 9, 2006",M. Oberhelman and A. Jagunich,"February 9, 2006",N,N
STLO-2005336-741,,,,"M. Oberhelman and A. Jagunich on February 9, 2006",M. Oberhelman and A. Jagunich,"February 9, 2006",N,N
STLO-2005336-742,,,,"M. Oberhelman and A. Jagunich on February 9, 2006",M. Oberhelman and A. Jagunich,"February 9, 2006",N,N
STLO-2005336-743,,,,"M. Oberhelman and A. Jagunich on February 13, 2006",M. Oberhelman and A. Jagunich,"February 13, 2006",N,N
STLO-2005336-744,,,,"M. Oberhelman and A. Jagunich on February 13, 2006",M. Oberhelman and A. Jagunich,"February 13, 2006",N,N
STLO-2005336-745,,,,"M. Oberhelman and A. Jagunich on February 13, 2006",M. Oberhelman and A. Jagunich,"February 13, 2006",N,N
STLO-2005336-746,,,,"M. Oberhelman and A. Jagunich on February 13, 2006",M. Oberhelman and A. Jagunich,"February 13, 2006",N,N
STLO-2005336-747,,,,"M. Oberhelman and A. Jagunich on February 13, 2006",M. Oberhelman and A. Jagunich,"February 13, 2006",N,N
STLO-2005336-748,,,,"M. Oberhelman and A. Jagunich on February 13, 2006",M. Oberhelman and A. Jagunich,"February 13, 2006",N,N
STLO-2005336-749,,,,"M. Oberhelman and A. Jagunich on February 13, 2006",M. Oberhelman and A. Jagunich,"February 13, 2006",N,N
STLO-2005336-750,,,,"M. Oberhelman and A. Jagunich on February 13, 2006",M. Oberhelman and A. Jagunich,"February 13, 2006",N,N
STLO-2005336-751,,,,"M. Oberhelman and A. Jagunich on February 13, 2006",M. Oberhelman and A. Jagunich,"February 13, 2006",N,N
STLO-2005336-752,,,,"M. Oberhelman and A. Jagunich on February 13, 2016",M. Oberhelman and A. Jagunich,"February 13, 2016",N,N
STLO-2005336-753,,,,"M. Oberhelman and A. Jagunich on February 14, 2006",M. Oberhelman and A. Jagunich,"February 14, 2006",N,N
STLO-2005336-754,,,,"M. Oberhelman and A. Jagunich on February 14, 2006",M. Oberhelman and A. Jagunich,"February 14, 2006",N,N
STLO-2005336-755,,,,"M. Oberhelman and A. Jagunich on February 14, 2006",M. Oberhelman and A. Jagunich,"February 14, 2006",N,N
STLO-2005336-756,,,,"M. Oberhelman and A. Jagunich on February 14, 2006",M. Oberhelman and A. Jagunich,"February 14, 2006",N,N
STLO-2005336-757,,,,"M. Oberhelman and A. Jagunich on January 27, 2006",M. Oberhelman and A. Jagunich,"January 27, 2006",N,N
STLO-2005336-758,,,,"M. Oberhelman and A. Jagunich on February 14, 2006",M. Oberhelman and A. Jagunich,"February 14, 2006",N,N
STLO-2005336-759,,,,"M. Oberhelman and A. Jagunich on March 7, 2006",M. Oberhelman and A. Jagunich,"March 7, 2006",N,N
STLO-2005336-760,,,,"M. Oberhelman and A. Jagunich on March 7, 2006",M. Oberhelman and A. Jagunich,"March 7, 2006",N,N
STLO-2005336-761,,,,"M. Oberhelman and A. Jagunich on March 7, 2006",M. Oberhelman and A. Jagunich,"March 7, 2006",N,N
STLO-2005336-762,,,,"M. Oberhelman and A. Jagunich on March 7, 2006",M. Oberhelman and A. Jagunich,"March 7, 2006",N,N
STLO-2005336-763,,,,"M. Oberhelman and A. Jagunich on March 7, 2006",M. Oberhelman and A. Jagunich,"March 7, 2006",N,N
STLO-2005336-764,,,,"M. Oberhelman and A. Jagunich on March 7, 2006",M. Oberhelman and A. Jagunich,"March 7, 2006",N,N
STLO-2005336-765,,,,"M. Oberhelman and A. Jagunich on March 7, 2006",M. Oberhelman and A. Jagunich,"March 7, 2006",N,N
STLO-2005336-766,,,,"M. Oberhelman and A. Jagunich on March 7, 2006",M. Oberhelman and A. Jagunich,"March 7, 2006",N,N
STLO-2005336-767,,,,"M. Oberhelman and A. Jagunich on March 20, 2006",M. Oberhelman and A. Jagunich,"March 20, 2006",N,N
STLO-2005336-768,,,,"M. Oberhelman and A. Jagunich on January 27, 2006",M. Oberhelman and A. Jagunich,"January 27, 2006",N,N
STLO-2005336-769,,,,"M. Oberhelman and A. Jagunich on March 20, 2006",M. Oberhelman and A. Jagunich,"March 20, 2006",N,N
STLO-2005336-770,,,,"M. Oberhelman and A. Jagunich on March 20, 2006",M. Oberhelman and A. Jagunich,"March 20, 2006",N,N
STLO-2005336-771,,,,"M. Oberhelman and A. Jagunich on March 20, 2006",M. Oberhelman and A. Jagunich,"March 20, 2006",N,N
STLO-2005336-772,,,,"M. Oberhelman and A. Jagunich on March 20, 2006",M. Oberhelman and A. Jagunich,"March 20, 2006",N,N
STLO-2005336-773,,,,"M. Oberhelman and A. Jagunich on March 20, 2006",M. Oberhelman and A. Jagunich,"March 20, 2006",N,N
STLO-2005336-774,,,,"M. Oberhelman and A. Jagunich on March 20, 2006",M. Oberhelman and A. Jagunich,"March 20, 2006",N,N
STLO-2005336-775,,,,"M. Oberhelman and A. Jagunich on March 20, 2006",M. Oberhelman and A. Jagunich,"March 20, 2006",N,N
STLO-2005336-776,,,,"M. Oberhelman and A. Jagunich on March 20, 2006",M. Oberhelman and A. Jagunich,"March 20, 2006",N,N
STLO-2005336-777,,,,"M. Oberhelman and A. Jagunich on March 20, 2006",M. Oberhelman and A. Jagunich,"March 20, 2006",N,N
STLO-2005336-778,,,,"M. Oberhelman and A. Jagunich on January 27, 2006",M. Oberhelman and A. Jagunich,"January 27, 2006",N,N
STLO-2005336-779,,,,"M. Oberhelman and A. Jagunich on January 27, 2006",M. Oberhelman and A. Jagunich,"January 27, 2006",N,N
STLO-2005402-480,Site 600 ft. east of road,,,"D. Riihiluoma and C. Buttleman on September 21, 1983",D. Riihiluoma and C. Buttleman,"September 21, 1983",N,N
STLO-2005402-481,Site 900 ft. east of road,,,"D. Riihiluoma and C. Buttleman on September 21, 1983",D. Riihiluoma and C. Buttleman,"September 21, 1983",N,N
STLO-2005402-482,Site 150 ft. east of road,,,"D. Riihiluoma and C. Buttleman on September 21, 1983",D. Riihiluoma and C. Buttleman,"September 21, 1983",N,N
STLO-2005423-233,,,Toivola Area & Toivola South Bog,"D. Mellum on December 30, 1977",D. Mellum,"December 30, 1977",Y,N
STLO-2005423-234,,,Toivola Area & Toivola South Bog,"T. Malterer on January 23, 1978",T. Malterer,"January 23, 1978",Y,N
STLO-2005423-235,Proximate and ultimate analyses performed by Lerch Brothers Inc.,,Toivola Area & Toivola South Bog,"T. Malterer on January 23, 1978",T. Malterer,"January 23, 1978",Y,Y
STLO-2005423-236,,,Toivola Area & Toivola South Bog,"T. Malterer on January 23, 1978",T. Malterer,"January 23, 1978",Y,N
STLO-2005423-237,,,Toivola Area & Toivola South Bog,"T. Malterer on January 23, 1978",T. Malterer,"January 23, 1978",Y,N
STLO-2005423-238,,,Toivola Area & Toivola South Bog,"D. Mellum on March 24, 1978",D. Mellum,"March 24, 1978",Y,N
STLO-2005424-239,,,Toivola Area & Toivola South Bog,"D. Mellum on March 24, 1978",D. Mellum,"March 24, 1978",Y,N
STLO-2005424-240,,,Toivola Area & Toivola South Bog,"D. Mellum on March 24, 1978",D. Mellum,"March 24, 1978",Y,N
STLO-2005425-210,There is a drain immediately west of this site,,Toivola Area & Toivola South Bog,"D. Olson on March 23, 1978",D. Olson,"March 23, 1978",Y,N
STLO-2005425-211,,,Toivola Area & Toivola South Bog,"D. Olson on March 23, 1978",D. Olson,"March 23, 1978",Y,N
STLO-2005425-241,,,Toivola Area & Toivola South Bog,"D. Olson on March 23, 1978",D. Olson,"March 23, 1978",Y,N
STLO-2005425-242,,,Toivola Area & Toivola South Bog,"D. Olson on March 23, 1978",D. Olson,"March 23, 1978",Y,N
STLO-2005426-243,Site on edge of raised bog,,Toivola Area & Toivola South Bog,"T. Malterer on March 15, 1978",T. Malterer,"March 15, 1978",Y,N
STLO-2005426-244,Site on edge of raised bog,,Toivola Area & Toivola South Bog,"T. Malterer on March 15, 1978",T. Malterer,"March 15, 1978",Y,N
STLO-2005426-245,,,Toivola Area & Toivola South Bog,"D. Olson and D. Mellum on March 13, 1978",D. Olson and D. Mellum,"March 13, 1978",Y,N
STLO-2005434-246,,,Toivola Area & Toivola South Bog,"D. Olson and D. Mellum on March 10, 1978",D. Olson and D. Mellum,"March 10, 1978",Y,N
STLO-2005434-247,,,Toivola Area & Toivola South Bog,"D. Mellum on December 16, 1972",D. Mellum,"December 16, 1972",Y,N
STLO-2005435-248,,,Toivola Area & Toivola South Bog,"D. Olson and D. Mellum on March 13, 1978",D. Olson and D. Mellum,"March 13, 1978",Y,N
STLO-2005435-249,Proximate and ultimate analyses performed by Lerch Brothers Inc.,,Toivola Area & Toivola South Bog,"D. Olson and D. Mellum on March 10, 1978",D. Olson and D. Mellum,"March 10, 1978",Y,Y
STLO-2005502-272,Site 300 ft. east of road,,,"D. Mellum on April 18, 1978",D. Mellum,"April 18, 1978",N,N
STLO-2005502-273,,,,"D. Mellum on April 18, 1978",D. Mellum,"April 18, 1978",Y,N
STLO-2005503-274,,,,"D. Mellum and T. Malterer on April 17, 1978",D. Mellum and T. Malterer,"April 17, 1978",Y,N
STLO-2005503-275,,,,"D. Mellum and T. Malterer on April 17, 1978",D. Mellum and T. Malterer,"April 17, 1978",Y,N
STLO-2005504-276,,,,"D. Mellum and T. Malterer on April 17, 1978",D. Mellum and T. Malterer,"April 17, 1978",Y,N
STLO-2005507-T2,Hit stump at 50cm,,,"P. Geiselman and M. Oberhelman on March 31, 1986",P. Geiselman and M. Oberhelman,"March 31, 1986",Y,N
STLO-2005507-T3,Hit stump at 120cm,,,"P. Geiselman and M. Oberhelman on March 31, 1986",P. Geiselman and M. Oberhelman,"March 31, 1986",Y,N
STLO-2005517-T10,,,,"P. Geiselman and D. Riihiluoma on April 8, 1986",P. Geiselman and D. Riihiluoma,"April 8, 1986",Y,N
STLO-2005517-T16,Hit stump at 60cm,,,"P. Geiselman and D. Riihiluoma on April 10, 1986",P. Geiselman and D. Riihiluoma,"April 10, 1986",N,N
STLO-2005517-T17,,,,"P. Geiselman and D. Riihiluoma on April 10, 1986",P. Geiselman and D. Riihiluoma,"April 10, 1986",N,N
STLO-2005517-T18,,,,"P. Geiselman and D. Riihiluoma on April 10, 1986",P. Geiselman and D. Riihiluoma,"April 10, 1986",Y,N
STLO-2005517-T23,Hit stump at 125cm,,,"M. Oberhelman and D. Riihiluoma on March 11, 1986",M. Oberhelman and D. Riihiluoma,"March 11, 1986",Y,Y
STLO-2005517-T24,,,,"D. Riihiluoma and M. Oberhelman on March 11, 1986",D. Riihiluoma and M. Oberhelman,"March 11, 1986",Y,N
STLO-2005517-T8,Hit stump at 70cm,,,"P. Geiselman and D. Riihiluoma on April 8, 1986",P. Geiselman and D. Riihiluoma,"April 8, 1986",N,N
STLO-2005517-T9,,,,"P. Geiselman and D. Riihiluoma on April 8, 1986",P. Geiselman and D. Riihiluoma,"April 8, 1986",N,N
STLO-2005518-T13,"Hit stumps at 50, 100, and 150cm",,,"P. Geiselman and D. Riihiluoma on April 9, 1986",P. Geiselman and D. Riihiluoma,"April 9, 1986",N,N
STLO-2005518-T14,Hit stump at 20cm,,,"P. Geiselman and D. Riihiluoma on April 9, 1986",P. Geiselman and D. Riihiluoma,"April 9, 1986",N,N
STLO-2005518-T15,Hit stumps at 40 and 100cm,,,"P. Geiselman and D. Riihiluoma on April 10, 1986",P. Geiselman and D. Riihiluoma,"April 10, 1986",Y,N
STLO-2005518-T20,,,,"P. Geiselman and D. Riihiluoma on March 27, 1986",P. Geiselman and D. Riihiluoma,"March 27, 1986",Y,N
STLO-2005518-T21,,,,"P. Geiselman and M. Oberhelman on March 26, 1986",P. Geiselman and M. Oberhelman,"March 26, 1986",Y,N
STLO-2005518-T22,,,,"P. Geiselman and M. Oberhelman on March 26, 1986",P. Geiselman and M. Oberhelman,"March 26, 1986",Y,N
STLO-2005518-T5,"Hit stumps at 50cm, 100cm",,,"D. Riihiluoma and M. Oberhelman on March 28, 1986",D. Riihiluoma and M. Oberhelman,"March 28, 1986",Y,N
STLO-2005518-T6,Hit stump at 120cm,,,"D. Riihiluoma and P. Geiselman on March 27, 1986",D. Riihiluoma and P. Geiselman,"March 27, 1986",Y,N
STLO-2005518-T7,,,,"P. Geiselman and M. Oberhelman on March 31, 1986",P. Geiselman and M. Oberhelman,"March 31, 1986",Y,N
STLO-2005519-277,,,,"D. Mellum and T. Malterer on April 11, 1978",D. Mellum and T. Malterer,"April 11, 1978",N,N
STLO-2005519-278,,,,"D. Olson and T. Malterer on April 12, 1978",D. Olson and T. Malterer,"April 12, 1978",N,N
STLO-2005519-279,,0-40 peat extremely wet,,"D. Olson and T. Malterer on April 12, 1978",D. Olson and T. Malterer,"April 12, 1978",Y,N
STLO-2005519-T26,,,,"D. Riihiluoma and M. Oberhelman on February 25, 1986",D. Riihiluoma and M. Oberhelman,"February 25, 1986",Y,N
STLO-2005519-T27,,,,"M. Oberhelman and D. Riihiluoma on February 25, 1986",M. Oberhelman and D. Riihiluoma,"February 25, 1986",Y,Y
STLO-2005519-T28,,,,"S. Nelson and D. Olson on February 6, 1986",S. Nelson and D. Olson,"February 6, 1986",Y,N
STLO-2005519-T31,,,,"P. Geiselman and D. Riihiluoma on April 24, 1986",P. Geiselman and D. Riihiluoma,"April 24, 1986",N,N
STLO-2005520-280,,,,"D. Mellum and T. Malterer on April 11, 1978",D. Mellum and T. Malterer,"April 11, 1978",N,N
STLO-2005520-281,,,,"D. Mellum and T. Malterer on April 11, 1978",D. Mellum and T. Malterer,"April 11, 1978",Y,N
STLO-2005520-T29,,,,"S. Nelson and D. Olson on February 6, 1986",S. Nelson and D. Olson,"February 6, 1986",Y,N
STLO-2005520-T30,,,,"P. Geiselman and M. Oberhelman on March 24, 1986",P. Geiselman and M. Oberhelman,"March 24, 1986",N,N
STLO-2005520-T32,,,,"P. Geiselman and D. Riihiluoma on April 24, 1986",P. Geiselman and D. Riihiluoma,"April 24, 1986",Y,N
STLO-2005520-T33,Hit stump at 40cm,,,"P. Geiselman and D. Riihiluoma on April 24, 1986",P. Geiselman and D. Riihiluoma,"April 24, 1986",Y,N
STLO-2005521-282,,,,"D. Olson and T. Malterer on April 12, 1978",D. Olson and T. Malterer,"April 12, 1978",Y,N
STLO-2005521-283,,,,"D. Mellum and T. Malterer on April 11, 1978",D. Mellum and T. Malterer,"April 11, 1978",Y,N
STLO-2005521-284,,,,"D. Olson and T. Malterer on April 12, 1978",D. Olson and T. Malterer,"April 12, 1978",N,N
STLO-2005522-285,Site 100 ft. south of mineral island,,,"D. Olson and T. Malterer on April 12, 1978",D. Olson and T. Malterer,"April 12, 1978",N,N
STLO-2005522-286,Site between mineral islands,,,"T. Malterer and D. Olson on April 12, 1978",T. Malterer and D. Olson,"April 12, 1978",N,N
STLO-2005526-1,"Hit stumps at 50cm, 100cm",,,"P. Geiselman and M. Oberhelman on July 9, 1987",P. Geiselman and M. Oberhelman,"July 9, 1987",N,N
STLO-2005526-3,Hit stump at 60cm,,,"P. Geiselman and M. Oberhelman on July 9, 1987",P. Geiselman and M. Oberhelman,"July 9, 1987",N,N
STLO-2005526-4,"Stumps at 50cm, 70cm, 150cm.",,,"P. Geiselman and M. Oberhelman on July 9, 1987",P. Geiselman and M. Oberhelman,"July 9, 1987",N,N
STLO-2005527-2,Stump at 50cm,,,"P. Geiselman and M. Oberhelman on July 9, 1987",P. Geiselman and M. Oberhelman,"July 9, 1987",N,N
STLO-2005529-T38,,,,"P. Geiselman and D. Riihiluoma on April 25, 1986",P. Geiselman and D. Riihiluoma,"April 25, 1986",Y,Y
STLO-2005529-T39,,,,"P. Geiselman and D. Riihiluoma on April 25, 1986",P. Geiselman and D. Riihiluoma,"April 25, 1986",Y,N
STLO-2005529-T42,,,,"P. Geiselman and D. Riihiluoma on May 8, 1986",P. Geiselman and D. Riihiluoma,"May 8, 1986",Y,N
STLO-2005529-T43,,,,"P. Geiselman and D. Riihiluoma on May 8, 1986",P. Geiselman and D. Riihiluoma,"May 8, 1986",N,N
STLO-2005529-T44,,,,"P. Geiselman and D. Riihiluoma on May 8, 1986",P. Geiselman and D. Riihiluoma,"May 8, 1986",Y,N
STLO-2005530-T35,Hit stump at 120cm,,,"P. Geiselman and D. Riihiluoma on May 9, 1986",P. Geiselman and D. Riihiluoma,"May 9, 1986",N,N
STLO-2005530-T36,,,,"P. Geiselman and D. Riihiluoma on May 9, 1986",P. Geiselman and D. Riihiluoma,"May 9, 1986",N,N
STLO-2005530-T37,,,,"P. Geiselman and D. Riihiluoma on April 25, 1986",P. Geiselman and D. Riihiluoma,"April 25, 1986",N,N
STLO-2005530-T40,,,,"P. Geiselman and D. Riihiluoma on May 8, 1986",P. Geiselman and D. Riihiluoma,"May 8, 1986",N,N
STLO-2005530-T41,,,,"D. Riihiluoma and P. Geiselman on May 8, 1986",D. Riihiluoma and P. Geiselman,"May 8, 1986",N,N
STLO-2005609-A+-0+200,,,Riley Area,"P. Geiselman and G. Degnan on July 7, 1986",P. Geiselman and G. Degnan,"July 7, 1986",N,N
STLO-2005609-A+100+200,,,Riley Area,"P. Geiselman and G. Degnan on July 7, 1986",P. Geiselman and G. Degnan,"July 7, 1986",N,N
STLO-2005609-A+150+200,,,Riley Area,"P. Geiselman and G. Degnan on July 7, 1986",P. Geiselman and G. Degnan,"July 7, 1986",N,N
STLO-2005609-A+200+200,,,Riley Area,"P. Geiselman and G. Degnan on July 7, 1986",P. Geiselman and G. Degnan,"July 7, 1986",N,N
STLO-2005609-A+50+200,,,Riley Area,"P. Geiselman and G. Degnan on July 7, 1986",P. Geiselman and G. Degnan,"July 7, 1986",N,N
STLO-2005616-A+100+-0,,,Riley Area,"S. Nelson and R. Johnson on June 2, 1986",S. Nelson and R. Johnson,"June 2, 1986",N,N
STLO-2005616-A+1000-1000,,,Riley Area,"R. Johnson, M. Oberhelman, and D. Riihiluoma on June 26, 1986","R. Johnson, M. Oberhelman, and D. Riihiluoma","June 26, 1986",N,N
STLO-2005616-A+1000-1050,,,Riley Area,"R. Johnson, M. Oberhelman, and D. Riihiluoma on June 26, 1986","R. Johnson, M. Oberhelman, and D. Riihiluoma","June 26, 1986",N,N
STLO-2005616-A+1000-1100,,,Riley Area,"R. Johnson, M. Oberhelman, and D. Riihiluoma on June 26, 1986","R. Johnson, M. Oberhelman, and D. Riihiluoma","June 26, 1986",N,N
STLO-2005616-A+1000-1150,,,Riley Area,"R. Johnson, M. Oberhelman, and D. Riihiluoma on June 26, 1986","R. Johnson, M. Oberhelman, and D. Riihiluoma","June 26, 1986",N,N
STLO-2005616-A+1000-1200,,,Riley Area,"R. Johnson, M. Oberhelman, and D. Riihiluoma on June 26, 1986","R. Johnson, M. Oberhelman, and D. Riihiluoma","June 26, 1986",N,N
STLO-2005616-A+1000-1250,,,Riley Area,"R. Johnson, M. Oberhelman, and D. Riihiluoma on June 26, 1986","R. Johnson, M. Oberhelman, and D. Riihiluoma","June 26, 1986",N,N
STLO-2005616-A+1000-1300,,,Riley Area,"R. Johnson, M. Oberhelman, and D. Riihiluoma on June 26, 1986","R. Johnson, M. Oberhelman, and D. Riihiluoma","June 26, 1986",N,N
STLO-2005616-A+1000-1350,,,Riley Area,"R. Johnson, M. Oberhelman, and D. Riihiluoma on June 26, 1986","R. Johnson, M. Oberhelman, and D. Riihiluoma","June 26, 1986",N,N
STLO-2005616-A+1000-1400,,,Riley Area,"R. Johnson, M. Oberhelman, and D. Riihiluoma on June 26, 1986","R. Johnson, M. Oberhelman, and D. Riihiluoma","June 26, 1986",N,N
STLO-2005616-A+1000-1450,,,Riley Area,"R. Johnson, M. Oberhelman, and D. Riihiluoma on June 26, 1986","R. Johnson, M. Oberhelman, and D. Riihiluoma","June 26, 1986",N,N
STLO-2005616-A+1000-1500,,,Riley Area,"R. Johnson, M. Oberhelman, and D. Riihiluoma on June 26, 1986","R. Johnson, M. Oberhelman, and D. Riihiluoma","June 26, 1986",N,N
STLO-2005616-A+1000-1550,,,Riley Area,"R. Johnson, M. Oberhelman, and D. Riihiluoma on June 26, 1986","R. Johnson, M. Oberhelman, and D. Riihiluoma","June 26, 1986",N,N
STLO-2005616-A+1000-1600,,,Riley Area,"M. Oberhelman and G. Degnan on June 23, 1986",M. Oberhelman and G. Degnan,"June 23, 1986",N,N
STLO-2005616-A+1000-550,,,Riley Area,"R. Johnson, M. Oberhelman, and D. Riihiluoma on June 26, 1986","R. Johnson, M. Oberhelman, and D. Riihiluoma","June 26, 1986",N,N
STLO-2005616-A+1000-600,,,Riley Area,"R. Johnson, M. Oberhelman, and D. Riihiluoma on June 26, 1986","R. Johnson, M. Oberhelman, and D. Riihiluoma","June 26, 1986",N,N
STLO-2005616-A+1000-650,,,Riley Area,"R. Johnson, M. Oberhelman, and D. Riihiluoma on June 26, 1986","R. Johnson, M. Oberhelman, and D. Riihiluoma","June 26, 1986",N,N
STLO-2005616-A+1000-700,,,Riley Area,"R. Johnson, M. Oberhelman, and D. Riihiluoma on June 26, 1986","R. Johnson, M. Oberhelman, and D. Riihiluoma","June 26, 1986",N,N
STLO-2005616-A+1000-750,,,Riley Area,"R. Johnson, M. Oberhelman, and D. Riihiluoma on June 26, 1986","R. Johnson, M. Oberhelman, and D. Riihiluoma","June 26, 1986",N,N
STLO-2005616-A+1000-800,,,Riley Area,"R. Johnson, M. Oberhelman, and D. Riihiluoma on June 26, 1986","R. Johnson, M. Oberhelman, and D. Riihiluoma","June 26, 1986",N,N
STLO-2005616-A+1000-850,,,Riley Area,"R. Johnson, M. Oberhelman, and D. Riihiluoma on June 26, 1986","R. Johnson, M. Oberhelman, and D. Riihiluoma","June 26, 1986",N,N
STLO-2005616-A+1000-900,,,Riley Area,"R. Johnson, M. Oberhelman, and D. Riihiluoma on June 26, 1986","R. Johnson, M. Oberhelman, and D. Riihiluoma","June 26, 1986",N,N
STLO-2005616-A+1000-950,,,Riley Area,"R. Johnson, M. Oberhelman, and D. Riihiluoma on June 26, 1986","R. Johnson, M. Oberhelman, and D. Riihiluoma","June 26, 1986",N,N
STLO-2005616-A+100-1600,,,Riley Area,"M. Oberhelman and G. Degnan on June 23, 1986",M. Oberhelman and G. Degnan,"June 23, 1986",N,N
STLO-2005616-A+100-200,,,Riley Area,"S. Nelson and R. Johnson on June 3, 1986",S. Nelson and R. Johnson,"June 3, 1986",N,N
STLO-2005616-A+100-400,,,Riley Area,"R. Johnson and D. Riihiluoma on May 29, 1986",R. Johnson and D. Riihiluoma,"May 29, 1986",N,N
STLO-2005616-A+100-600,,,Riley Area,"R. Johnson and D. Riihiluoma on May 29, 1986",R. Johnson and D. Riihiluoma,"May 29, 1986",N,N
STLO-2005616-A+100-800,,,Riley Area,"P. Geiselman and G. Degnan on July 7, 1986",P. Geiselman and G. Degnan,"July 7, 1986",N,N
STLO-2005616-A+1050-1600,,,Riley Area,"M. Oberhelman and G. Degnan on June 23, 1986",M. Oberhelman and G. Degnan,"June 23, 1986",N,N
STLO-2005616-A+1100-1600,,,Riley Area,"M. Oberhelman and G. Degnan on June 23, 1986",M. Oberhelman and G. Degnan,"June 23, 1986",N,N
STLO-2005616-A+1150-1600,,,Riley Area,"M. Oberhelman and G. Degnan on June 23, 1986",M. Oberhelman and G. Degnan,"June 23, 1986",N,N
STLO-2005616-A+1200-1450,,,Riley Area,"M. Oberhelman and G. Degnan on July 2, 1986",M. Oberhelman and G. Degnan,"July 2, 1986",N,N
STLO-2005616-A+1200-1500,,,Riley Area,"M. Oberhelman and G. Degnan on July 2, 1986",M. Oberhelman and G. Degnan,"July 2, 1986",N,N
STLO-2005616-A+1200-1550,,,Riley Area,"M. Oberhelman and G. Degnan on July 2, 1986",M. Oberhelman and G. Degnan,"July 2, 1986",N,N
STLO-2005616-A+1200-1600,,,Riley Area,"M. Oberhelman and G. Degnan on June 23, 1986",M. Oberhelman and G. Degnan,"June 23, 1986",N,N
STLO-2005616-A+1250-1600,,,Riley Area,"M. Oberhelman and G. Degnan on June 23, 1986",M. Oberhelman and G. Degnan,"June 23, 1986",N,N
STLO-2005616-A+1300-1600,,,Riley Area,"M. Oberhelman and G. Degnan on June 23, 1986",M. Oberhelman and G. Degnan,"June 23, 1986",N,N
STLO-2005616-A+1350-1600,,,Riley Area,"M. Oberhelman and G. Degnan on June 23, 1986",M. Oberhelman and G. Degnan,"June 23, 1986",N,N
STLO-2005616-A+1400-1100,,,Riley Area,"M. Oberhelman, D. Riihiluoma, and G. Degnan on July 1, 1986","M. Oberhelman, D. Riihiluoma, and G. Degnan","July 1, 1986",N,N
STLO-2005616-A+1400-1150,,,Riley Area,"M. Oberhelman, D. Riihiluoma, and G. Degnan on July 1, 1986","M. Oberhelman, D. Riihiluoma, and G. Degnan","July 1, 1986",N,N
STLO-2005616-A+1400-1200,,,Riley Area,"M. Oberhelman, D. Riihiluoma, and G. Degnan on July 1, 1986","M. Oberhelman, D. Riihiluoma, and G. Degnan","July 1, 1986",N,N
STLO-2005616-A+1400-1250,,,Riley Area,"M. Oberhelman, D. Riihiluoma, and G. Degnan on July 1, 1986","M. Oberhelman, D. Riihiluoma, and G. Degnan","July 1, 1986",N,N
STLO-2005616-A+1400-1300,,,Riley Area,"M. Oberhelman, D. Riihiluoma, and G. Degnan on July 1, 1986","M. Oberhelman, D. Riihiluoma, and G. Degnan","July 1, 1986",N,N
STLO-2005616-A+1400-1350,,,Riley Area,"M. Oberhelman, D. Riihiluoma, and G. Degnan on July 1, 1986","M. Oberhelman, D. Riihiluoma, and G. Degnan","July 1, 1986",N,N
STLO-2005616-A+1400-1400,,,Riley Area,"M. Oberhelman, D. Riihiluoma, and G. Degnan on July 1, 1986","M. Oberhelman, D. Riihiluoma, and G. Degnan","July 1, 1986",N,N
STLO-2005616-A+1400-1450,,,Riley Area,"M. Oberhelman, D. Riihiluoma, and G. Degnan on July 1, 1986","M. Oberhelman, D. Riihiluoma, and G. Degnan","July 1, 1986",N,N
STLO-2005616-A+1400-1500,,,Riley Area,"M. Oberhelman, D. Riihiluoma, and G. Degnan on July 1, 1986","M. Oberhelman, D. Riihiluoma, and G. Degnan","July 1, 1986",N,N
STLO-2005616-A+1400-1550,,,Riley Area,"M. Oberhelman, D. Riihiluoma, and G. Degnan on July 1, 1986","M. Oberhelman, D. Riihiluoma, and G. Degnan","July 1, 1986",N,N
STLO-2005616-A+1400-1600,,,Riley Area,"M. Oberhelman and G. Degnan on June 23, 1986",M. Oberhelman and G. Degnan,"June 23, 1986",N,N
STLO-2005616-A+1450-1600,,,Riley Area,"M. Oberhelman and G. Degnan on June 23, 1986",M. Oberhelman and G. Degnan,"June 23, 1986",N,N
STLO-2005616-A+150+-0,,,Riley Area,"S. Nelson and R. Johnson on June 2, 1986",S. Nelson and R. Johnson,"June 2, 1986",N,N
STLO-2005616-A+1500-1600,,,Riley Area,"M. Oberhelman and G. Degnan on June 23, 1986",M. Oberhelman and G. Degnan,"June 23, 1986",N,N
STLO-2005616-A+150-1600,,,Riley Area,"M. Oberhelman and G. Degnan on June 23, 1986",M. Oberhelman and G. Degnan,"June 23, 1986",N,N
STLO-2005616-A+150-200,,,Riley Area,"S. Nelson and R. Johnson on June 3, 1986",S. Nelson and R. Johnson,"June 3, 1986",N,N
STLO-2005616-A+150-400,,,Riley Area,"R. Johnson and D. Riihiluoma on May 29, 1986",R. Johnson and D. Riihiluoma,"May 29, 1986",N,N
STLO-2005616-A+150-800,,,Riley Area,"P. Geiselman and G. Degnan on July 7, 1986",P. Geiselman and G. Degnan,"July 7, 1986",N,N
STLO-2005616-A+200+-0,,,Riley Area,"S. Nelson and R. Johnson on June 2, 1986",S. Nelson and R. Johnson,"June 2, 1986",N,N
STLO-2005616-A+200-1000,,,Riley Area,"P. Geiselman and G. Degnan on July 7, 1986",P. Geiselman and G. Degnan,"July 7, 1986",N,N
STLO-2005616-A+200-1050,,,Riley Area,"P. Geiselman and G. Degnan on July 7, 1986",P. Geiselman and G. Degnan,"July 7, 1986",N,N
STLO-2005616-A+200-1100,,,Riley Area,"P. Geiselman and G. Degnan on July 7, 1986",P. Geiselman and G. Degnan,"July 7, 1986",N,N
STLO-2005616-A+200-1150,,,Riley Area,"P. Geiselman and G. Degnan on July 7, 1986",P. Geiselman and G. Degnan,"July 7, 1986",N,N
STLO-2005616-A+200-1600,,,Riley Area,"M. Oberhelman and G. Degnan on June 23, 1987",M. Oberhelman and G. Degnan,"June 23, 1987",N,N
STLO-2005616-A+200-200,,,Riley Area,"S. Nelson and R. Johnson on June 3, 1986",S. Nelson and R. Johnson,"June 3, 1986",N,N
STLO-2005616-A+200-400,,,Riley Area,"R. Johnson and D. Riihiluoma on May 29, 1986",R. Johnson and D. Riihiluoma,"May 29, 1986",N,N
STLO-2005616-A+200-700,,,Riley Area,"P. Geiselman and G. Degnan on July 7, 1986",P. Geiselman and G. Degnan,"July 7, 1986",N,N
STLO-2005616-A+200-750,,,Riley Area,"P. Geiselman and G. Degnan on July 7, 1986",P. Geiselman and G. Degnan,"July 7, 1986",N,N
STLO-2005616-A+200-800,,,Riley Area,"P. Geiselman and G. Degnan on July 7, 1986",P. Geiselman and G. Degnan,"July 7, 1986",N,N
STLO-2005616-A+200-850,,,Riley Area,"P. Geiselman and G. Degnan on July 7, 1986",P. Geiselman and G. Degnan,"July 7, 1986",N,N
STLO-2005616-A+200-900,,,Riley Area,"P. Geiselman and G. Degnan on July 7, 1986",P. Geiselman and G. Degnan,"July 7, 1986",N,N
STLO-2005616-A+200-950,,,Riley Area,"P. Geiselman and G. Degnan on July 7, 1986",P. Geiselman and G. Degnan,"July 7, 1986",N,N
STLO-2005616-A+250+-0,,,Riley Area,"S. Nelson and R. Johnson on June 2, 1986",S. Nelson and R. Johnson,"June 2, 1986",N,N
STLO-2005616-A+250-1600,,,Riley Area,"M. Oberhelman and G. Degnan on June 23, 1986",M. Oberhelman and G. Degnan,"June 23, 1986",N,N
STLO-2005616-A+250-200,,,Riley Area,"S. Nelson and R. Johnson on June 3, 1986",S. Nelson and R. Johnson,"June 3, 1986",N,N
STLO-2005616-A+250-400,,,Riley Area,"R. Johnson and D. Riihiluoma on May 29, 1986",R. Johnson and D. Riihiluoma,"May 29, 1986",N,N
STLO-2005616-A+250-800,,,Riley Area,"P. Geiselman and G. Degnan on July 7, 1986",P. Geiselman and G. Degnan,"July 7, 1986",N,N
STLO-2005616-A+300+-0,,,Riley Area,"S. Nelson and R. Johnson on June 2, 1986",S. Nelson and R. Johnson,"June 2, 1986",N,N
STLO-2005616-A+300-1600,,,Riley Area,"M. Oberhelman and G. Degnan on June 23, 1986",M. Oberhelman and G. Degnan,"June 23, 1986",N,N
STLO-2005616-A+300-200,,,Riley Area,"S. Nelson and R. Johnson on June 3, 1986",S. Nelson and R. Johnson,"June 3, 1986",N,N
STLO-2005616-A+300-400,,,Riley Area,"R. Johnson and D. Riihiluoma on May 29, 1986",R. Johnson and D. Riihiluoma,"May 29, 1986",N,N
STLO-2005616-A+300-800,,,Riley Area,"P. Geiselman and G. Degnan on July 7, 1986",P. Geiselman and G. Degnan,"July 7, 1986",N,N
STLO-2005616-A+350+-0,,,Riley Area,"S. Nelson and R. Johnson on June 2, 1986",S. Nelson and R. Johnson,"June 2, 1986",N,N
STLO-2005616-A+350-1600,,,Riley Area,"M. Oberhelman and G. Degnan on June 23, 1986",M. Oberhelman and G. Degnan,"June 23, 1986",N,N
STLO-2005616-A+350-200,,,Riley Area,"S. Nelson and R. Johnson on June 3, 1986",S. Nelson and R. Johnson,"June 3, 1986",N,N
STLO-2005616-A+350-400,,,Riley Area,"R. Johnson and D. Riihiluoma on May 29, 1986",R. Johnson and D. Riihiluoma,"May 29, 1986",N,N
STLO-2005616-A+350-800,,,Riley Area,"P. Geiselman and G. Degnan on July 7, 1986",P. Geiselman and G. Degnan,"July 7, 1986",N,N
STLO-2005616-A+400+-0,,,Riley Area,"S. Nelson and R. Johnson on June 2, 1986",S. Nelson and R. Johnson,"June 2, 1986",N,N
STLO-2005616-A+400-1000,,,Riley Area,"P. Geiselman and G. Degnan on July 7, 1986",P. Geiselman and G. Degnan,"July 7, 1986",N,N
STLO-2005616-A+400-1050,,,Riley Area,"P. Geiselman and G. Degnan on July 7, 1986",P. Geiselman and G. Degnan,"July 7, 1986",N,N
STLO-2005616-A+400-1100,,,Riley Area,"P. Geiselman and G. Degnan on July 7, 1986",P. Geiselman and G. Degnan,"July 7, 1986",N,N
STLO-2005616-A+400-1150,,,Riley Area,"P. Geiselman and G. Degnan on July 7, 1986",P. Geiselman and G. Degnan,"July 7, 1986",N,N
STLO-2005616-A+400-1600,,,Riley Area,"M. Oberhelman and G. Degnan on June 23, 1986",M. Oberhelman and G. Degnan,"June 23, 1986",N,N
STLO-2005616-A+400-200,,,Riley Area,"S. Nelson and R. Johnson on June 3, 1986",S. Nelson and R. Johnson,"June 3, 1986",N,N
STLO-2005616-A+400-400,,,Riley Area,"R. Johnson and D. Riihiluoma on May 29, 1986",R. Johnson and D. Riihiluoma,"May 29, 1986",N,N
STLO-2005616-A+400-700,Mineral island 20 meters from site,,Riley Area,"P. Geiselman and G. Degnan on July 7, 1986",P. Geiselman and G. Degnan,"July 7, 1986",N,N
STLO-2005616-A+400-750,,,Riley Area,"P. Geiselman and G. Degnan on July 7, 1986",P. Geiselman and G. Degnan,"July 7, 1986",N,N
STLO-2005616-A+400-800,,,Riley Area,"P. Geiselman and G. Degnan on July 7, 1986",P. Geiselman and G. Degnan,"July 7, 1986",N,N
STLO-2005616-A+400-850,,,Riley Area,"P. Geiselman and G. Degnan on July 7, 1986",P. Geiselman and G. Degnan,"July 7, 1986",N,N
STLO-2005616-A+400-900,,,Riley Area,"P. Geiselman and G. Degnan on July 7, 1986",P. Geiselman and G. Degnan,"July 7, 1986",N,N
STLO-2005616-A+400-950,,,Riley Area,"P. Geiselman and G. Degnan on July 7, 1986",P. Geiselman and G. Degnan,"July 7, 1986",N,N
STLO-2005616-A+450+-0,,,Riley Area,"S. Nelson and R. Johnson on June 2, 1986",S. Nelson and R. Johnson,"June 2, 1986",N,N
STLO-2005616-A+450-1600,,,Riley Area,"M. Oberhelman and G. Degnan on June 23, 1986",M. Oberhelman and G. Degnan,"June 23, 1986",N,N
STLO-2005616-A+450-200,,,Riley Area,"S. Nelson and R. Johnson on June 3, 1986",S. Nelson and R. Johnson,"June 3, 1986",N,N
STLO-2005616-A+450-800,,,Riley Area,"P. Geiselman and G. Degan on July 7, 1986",P. Geiselman and G. Degan,"July 7, 1986",N,N
STLO-2005616-A+50+-0,,,Riley Area,"S. Nelson and R. Johnson on June 2, 1986",S. Nelson and R. Johnson,"June 2, 1986",N,N
STLO-2005616-A+500+-0,,,Riley Area,"S. Nelson and R. Johnson on June 2, 1986",S. Nelson and R. Johnson,"June 2, 1986",N,N
STLO-2005616-A+500-1600,,,Riley Area,"M. Oberhelman and G. Degnan on June 23, 1986",M. Oberhelman and G. Degnan,"June 23, 1986",N,N
STLO-2005616-A+500-200,,,Riley Area,"S. Nelson and R. Johnson on June 3, 1986",S. Nelson and R. Johnson,"June 3, 1986",N,N
STLO-2005616-A+500-800,,,Riley Area,"P. Geiselman and G. Degnan on July 7, 1986",P. Geiselman and G. Degnan,"July 7, 1986",N,N
STLO-2005616-A+50-1600,,,Riley Area,"M. Oberhelman and G. Degnan on June 23, 1986",M. Oberhelman and G. Degnan,"June 23, 1986",N,N
STLO-2005616-A+50-200,,,Riley Area,"S. Nelson and R. Johnson on June 3, 1986",S. Nelson and R. Johnson,"June 3, 1986",N,N
STLO-2005616-A+50-400,,,Riley Area,"R. Johnson and D. Riihiluoma on May 29, 1986",R. Johnson and D. Riihiluoma,"May 29, 1986",N,N
STLO-2005616-A+50-600,,,Riley Area,"R. Johnson and D. Riihiluoma on May 29, 1986",R. Johnson and D. Riihiluoma,"May 29, 1986",N,N
STLO-2005616-A+50-800,,,Riley Area,"P. Geiselman and G. Degnan on July 7, 1986",P. Geiselman and G. Degnan,"July 7, 1986",N,N
STLO-2005616-A+550+-0,,,Riley Area,"S. Nelson and R. Johnson on June 2, 1986",S. Nelson and R. Johnson,"June 2, 1986",N,N
STLO-2005616-A+550-1600,,,Riley Area,"M. Oberhelman and G. Degnan on June 23, 1986",M. Oberhelman and G. Degnan,"June 23, 1986",N,N
STLO-2005616-A+550-800,,,Riley Area,"P. Geiselman and G. Degnan on July 7, 1986",P. Geiselman and G. Degnan,"July 7, 1986",N,N
STLO-2005616-A+600+-0,,,Riley Area,"S. Nelson and R. Johnson on June 2, 1986",S. Nelson and R. Johnson,"June 2, 1986",N,N
STLO-2005616-A+600-1000,,,Riley Area,"P. Geiselman and G. Degnan on June 26, 1986",P. Geiselman and G. Degnan,"June 26, 1986",N,N
STLO-2005616-A+600-1050,,,Riley Area,"P. Geiselman and G. Degnan on June 26, 1986",P. Geiselman and G. Degnan,"June 26, 1986",N,N
STLO-2005616-A+600-1100,,,Riley Area,"P. Geiselman and G. Degnan on June 26, 1986",P. Geiselman and G. Degnan,"June 26, 1986",N,N
STLO-2005616-A+600-1150,,,Riley Area,"P. Geiselman and G. Degnan on June 26, 1986",P. Geiselman and G. Degnan,"June 26, 1986",N,N
STLO-2005616-A+600-1200,,,Riley Area,"P. Geiselman and G. Degnan on June 26, 1986",P. Geiselman and G. Degnan,"June 26, 1986",N,N
STLO-2005616-A+600-1250,,,Riley Area,"P. Geiselman and G. Degnan on June 26, 1986",P. Geiselman and G. Degnan,"June 26, 1986",N,N
STLO-2005616-A+600-1300,,,Riley Area,"P. Geiselman and G. Degnan on June 26, 1986",P. Geiselman and G. Degnan,"June 26, 1986",N,N
STLO-2005616-A+600-1350,,,Riley Area,"P. Geiselman and G. Degnan on June 26, 1986",P. Geiselman and G. Degnan,"June 26, 1986",N,N
STLO-2005616-A+600-1400,,,Riley Area,"P. Geiselman and G. Degnan on June 26, 1986",P. Geiselman and G. Degnan,"June 26, 1986",N,N
STLO-2005616-A+600-1450,,,Riley Area,"P. Geiselman and G. Degnan on June 26, 1986",P. Geiselman and G. Degnan,"June 26, 1986",N,N
STLO-2005616-A+600-1500,,,Riley Area,"P. Geiselman and G. Degnan on June 26, 1986",P. Geiselman and G. Degnan,"June 26, 1986",N,N
STLO-2005616-A+600-1550,,,Riley Area,"P. Geiselman and G. Degnan on June 26, 1986",P. Geiselman and G. Degnan,"June 26, 1986",N,N
STLO-2005616-A+600-1600,,,Riley Area,"M. Oberhelman and G. Degnan on June 23, 1986",M. Oberhelman and G. Degnan,"June 23, 1986",N,N
STLO-2005616-A+600-450,,,Riley Area,"P. Geiselman and G. Degnan on June 26, 1986",P. Geiselman and G. Degnan,"June 26, 1986",N,N
STLO-2005616-A+600-500,,,Riley Area,"P. Geiselman and G. Degnan on June 26, 1986",P. Geiselman and G. Degnan,"June 26, 1986",N,N
STLO-2005616-A+600-550,,,Riley Area,"P. Geiselman and G. Degnan on June 26, 1986",P. Geiselman and G. Degnan,"June 26, 1986",N,N
STLO-2005616-A+600-600,,,Riley Area,"P. Geiselman and G. Degnan on June 26, 1986",P. Geiselman and G. Degnan,"June 26, 1986",N,N
STLO-2005616-A+600-650,,,Riley Area,"P. Geiselman and G. Degnan on June 26, 1986",P. Geiselman and G. Degnan,"June 26, 1986",N,N
STLO-2005616-A+600-700,,,Riley Area,"P. Geiselman and G. Degnan on June 26, 1986",P. Geiselman and G. Degnan,"June 26, 1986",N,N
STLO-2005616-A+600-750,,,Riley Area,"P. Geiselman and G. Degnan on June 26, 1986",P. Geiselman and G. Degnan,"June 26, 1986",N,N
STLO-2005616-A+600-800,,,Riley Area,"P. Geiselman and G. Degnan on June 26, 1986",P. Geiselman and G. Degnan,"June 26, 1986",N,N
STLO-2005616-A+600-850,,,Riley Area,"P. Geiselman and G. Degnan on June 26, 1986",P. Geiselman and G. Degnan,"June 26, 1986",N,N
STLO-2005616-A+600-900,,,Riley Area,"P. Geiselman and G. Degnan on June 26, 1986",P. Geiselman and G. Degnan,"June 26, 1986",N,N
STLO-2005616-A+600-950,,,Riley Area,"P. Geiselman and G. Degnan on June 26, 1986",P. Geiselman and G. Degnan,"June 26, 1986",N,N
STLO-2005616-A+650+-0,,,Riley Area,"S. Nelson and R. Johnson on June 2, 1986",S. Nelson and R. Johnson,"June 2, 1986",N,N
STLO-2005616-A+650-1600,,,Riley Area,"M. Oberhelman and G. Degnan on June 23, 1986",M. Oberhelman and G. Degnan,"June 23, 1986",N,N
STLO-2005616-A+700-1600,,,Riley Area,"M. Oberhelman and G. Degnan on June 23, 1986",M. Oberhelman and G. Degnan,"June 23, 1986",N,N
STLO-2005616-A+750-1600,,,Riley Area,"M. Oberhelman and G. Degnan on June 23, 1986",M. Oberhelman and G. Degnan,"June 23, 1986",N,N
STLO-2005616-A+800-1000,,,Riley Area,"M. Oberhelman and D. Riihiluoma on June 30, 1986",M. Oberhelman and D. Riihiluoma,"June 30, 1986",N,N
STLO-2005616-A+800-1050,,,Riley Area,"M. Oberhelman and D. Riihiluoma on June 30, 1986",M. Oberhelman and D. Riihiluoma,"June 30, 1986",N,N
STLO-2005616-A+800-1100,,,Riley Area,"M. Oberhelman and D. Riihiluoma on June 30, 1986",M. Oberhelman and D. Riihiluoma,"June 30, 1986",N,N
STLO-2005616-A+800-1150,,,Riley Area,"M. Oberhelman and D. Riihiluoma on June 30, 1986",M. Oberhelman and D. Riihiluoma,"June 30, 1986",N,N
STLO-2005616-A+800-1200,,,Riley Area,"M. Oberhelman and D. Riihiluoma on June 30, 1986",M. Oberhelman and D. Riihiluoma,"June 30, 1986",N,N
STLO-2005616-A+800-1250,,,Riley Area,"M. Oberhelman and D. Riihiluoma on June 30, 1986",M. Oberhelman and D. Riihiluoma,"June 30, 1986",N,N
STLO-2005616-A+800-1300,,,Riley Area,"M. Oberhelman and D. Riihiluoma on June 30, 1986",M. Oberhelman and D. Riihiluoma,"June 30, 1986",N,N
STLO-2005616-A+800-1350,,,Riley Area,"M. Oberhelman and D. Riihiluoma on June 30, 1986",M. Oberhelman and D. Riihiluoma,"June 30, 1986",N,N
STLO-2005616-A+800-1400,,,Riley Area,"M. Oberhelman and D. Riihiluoma on June 30, 1986",M. Oberhelman and D. Riihiluoma,"June 30, 1986",N,N
STLO-2005616-A+800-1450,,,Riley Area,"M. Oberhelman and D. Riihiluoma on June 30, 1986",M. Oberhelman and D. Riihiluoma,"June 30, 1986",N,N
STLO-2005616-A+800-1500,,,Riley Area,"M. Oberhelman and D. Riihiluoma on June 30, 1986",M. Oberhelman and D. Riihiluoma,"June 30, 1986",N,N
STLO-2005616-A+800-1550,,,Riley Area,"M. Oberhelman and D. Riihiluoma on June 30, 1986",M. Oberhelman and D. Riihiluoma,"June 30, 1986",N,N
STLO-2005616-A+800-1600,Btu and sulfur analysis performed by DNR,,Riley Area,"M. Oberhelman and G. Degnan on June 23, 1986",M. Oberhelman and G. Degnan,"June 23, 1986",Y,Y
STLO-2005616-A+800-600,,,Riley Area,"M. Oberhelman and D. Riihiluoma on June 30, 1986",M. Oberhelman and D. Riihiluoma,"June 30, 1986",N,N
STLO-2005616-A+800-650,,,Riley Area,"M. Oberhelman and D. Riihiluoma on June 30, 1986",M. Oberhelman and D. Riihiluoma,"June 30, 1986",N,N
STLO-2005616-A+800-700,,,Riley Area,"M. Oberhelman and D. Riihiluoma on June 30, 1986",M. Oberhelman and D. Riihiluoma,"June 30, 1986",N,N
STLO-2005616-A+800-750,,,Riley Area,"M. Oberhelman and D. Riihiluoma on June 30, 1986",M. Oberhelman and D. Riihiluoma,"June 30, 1986",N,N
STLO-2005616-A+800-800,,,Riley Area,"M. Oberhelman and D. Riihiluoma on June 30, 1986",M. Oberhelman and D. Riihiluoma,"June 30, 1986",N,N
STLO-2005616-A+800-850,,,Riley Area,"M. Oberhelman and D. Riihiluoma on June 30, 1986",M. Oberhelman and D. Riihiluoma,"June 30, 1986",N,N
STLO-2005616-A+800-900,,,Riley Area,"M. Oberhelman and D. Riihiluoma on June 30, 1986",M. Oberhelman and D. Riihiluoma,"June 30, 1986",N,N
STLO-2005616-A+800-950,,,Riley Area,"M. Oberhelman and D. Riihiluoma on June 30, 1986",M. Oberhelman and D. Riihiluoma,"June 30, 1986",N,N
STLO-2005616-A+850-1600,,,Riley Area,"M. Oberhelman and G. Degnan on June 23, 1986",M. Oberhelman and G. Degnan,"June 23, 1986",N,N
STLO-2005616-A+900-1600,,,Riley Area,"M. Oberhelman and G. Degnan on June 23, 1986",M. Oberhelman and G. Degnan,"June 23, 1986",N,N
STLO-2005616-A+950-1600,,,Riley Area,"M. Oberhelman and G. Degnan on June 23, 1986",M. Oberhelman and G. Degnan,"June 23, 1986",N,N
STLO-2005616-R4,,,Riley Area,"M. Oberhelman and D. Riihiluoma on January 24, 1986",M. Oberhelman and D. Riihiluoma,"January 24, 1986",N,N
STLO-2005616-R5,,,Riley Area,"S. Nelson and D. Olson on February 4, 1986",S. Nelson and D. Olson,"February 4, 1986",N,N
STLO-2005616-R6,,,Riley Area,"M. Oberhelman and D. Riihiluoma on January 24, 1986",M. Oberhelman and D. Riihiluoma,"January 24, 1986",N,N
STLO-2005617-A0+-0,,,Riley Area,"D. Riihiluoma and P. Geiselman on May 27, 1986",D. Riihiluoma and P. Geiselman,"May 27, 1986",N,N
STLO-2005617-A0-1000,,,Riley Area,"M. Oberhelman and P. Geiselman on May 30, 1986",M. Oberhelman and P. Geiselman,"May 30, 1986",N,N
STLO-2005617-A0-1200,Elevation site only,,Riley Area,E. Berglund in June 1986,E. Berglund,June 1986,N,N
STLO-2005617-A0-1400,Elevation site only,,Riley Area,E. Berglund in June 1986,E. Berglund,June 1986,N,N
STLO-2005617-A0-1600,,,Riley Area,"M. Oberhelman and G. Degnan on June 23, 1986",M. Oberhelman and G. Degnan,"June 23, 1986",N,N
STLO-2005617-A0-200,,,Riley Area,"D. Riihiluoma and M. Oberhelman on May 28, 1986",D. Riihiluoma and M. Oberhelman,"May 28, 1986",N,N
STLO-2005617-A0-400,,,Riley Area,"S. Nelson and P. Geiselman on May 28, 1986",S. Nelson and P. Geiselman,"May 28, 1986",N,N
STLO-2005617-A0-600,,,Riley Area,"R. Johnson and D. Riihiluoma on May 29, 1986",R. Johnson and D. Riihiluoma,"May 29, 1986",N,N
STLO-2005617-A0-800,,,Riley Area,"S. Nelson and M. Oberhelman on May 29, 1986",S. Nelson and M. Oberhelman,"May 29, 1986",N,N
STLO-2005617-A-100+-0,,,Riley Area,"D. Riihiluoma and P. Geiselman on May 27, 1986",D. Riihiluoma and P. Geiselman,"May 27, 1986",N,N
STLO-2005617-A-1000-1000,,,Riley Area,"M. Oberhelman and P. Geiselman on May 30, 1986",M. Oberhelman and P. Geiselman,"May 30, 1986",N,N
STLO-2005617-A-1000-600,,,Riley Area,"R. Johnson and D. Riihiluoma on May 29, 1986",R. Johnson and D. Riihiluoma,"May 29, 1986",N,N
STLO-2005617-A-1000-800,,,Riley Area,"S. Nelson and M. Oberhelman on May 29, 1986",S. Nelson and M. Oberhelman,"May 29, 1986",N,N
STLO-2005617-A-100-1000,,,Riley Area,"M. Oberhelman and P. Geiselman on May 30, 1986",M. Oberhelman and P. Geiselman,"May 30, 1986",N,N
STLO-2005617-A-100-200,,,Riley Area,"D. Riihiluoma and M. Oberhelman on May 28, 1986",D. Riihiluoma and M. Oberhelman,"May 28, 1986",N,N
STLO-2005617-A-100-400,,,Riley Area,"S. Nelson and P. Geiselman on May 28, 1986",S. Nelson and P. Geiselman,"May 28, 1986",N,N
STLO-2005617-A-100-600,,,Riley Area,"R. Johnson and D. Riihiluoma on May 29, 1986",R. Johnson and D. Riihiluoma,"May 29, 1986",N,N
STLO-2005617-A-100-800,,,Riley Area,"S. Nelson and M. Oberhelman on May 29, 1986",S. Nelson and M. Oberhelman,"May 29, 1986",N,N
STLO-2005617-A-1010-1600,,,Riley Area,"S. Nelson and R. Johnson on June 4, 1986",S. Nelson and R. Johnson,"June 4, 1986",N,N
STLO-2005617-A-1030-1200,,,Riley Area,"P. Geiselman, D. Riihiluoma, and M. Oberhelman on June 2, 1986","P. Geiselman, D. Riihiluoma, and M. Oberhelman","June 2, 1986",N,N
STLO-2005617-A-1030-1400,,,Riley Area,"P. Geiselman and D. Riihiluoma on June 4, 1986",P. Geiselman and D. Riihiluoma,"June 4, 1986",N,N
STLO-2005617-A-1050-1000,,,Riley Area,"M. Oberhelman and P. Geiselman on May 30, 1986",M. Oberhelman and P. Geiselman,"May 30, 1986",N,N
STLO-2005617-A-1050-600,,,Riley Area,"R. Johnson and D. Riihiluoma on May 29, 1986",R. Johnson and D. Riihiluoma,"May 29, 1986",N,N
STLO-2005617-A-1050-800,,,Riley Area,"S. Nelson and M. Oberhelman on May 29, 1986",S. Nelson and M. Oberhelman,"May 29, 1986",N,N
STLO-2005617-A-1058-1600,,,Riley Area,"S. Nelson and R. Johnson on June 4, 1986",S. Nelson and R. Johnson,"June 4, 1986",N,N
STLO-2005617-A-1080-1200,,,Riley Area,"P. Geiselman, D. Riihiluoma, and M. Oberhelman on June 2, 1986","P. Geiselman, D. Riihiluoma, and M. Oberhelman","June 2, 1986",N,N
STLO-2005617-A-1080-1400,,,Riley Area,"P. Geiselman and D. Riihiluoma on June 4, 1986",P. Geiselman and D. Riihiluoma,"June 4, 1986",N,N
STLO-2005617-A-1100-1000,,,Riley Area,"M. Oberhelman and P. Geiselman on May 30, 1986",M. Oberhelman and P. Geiselman,"May 30, 1986",N,N
STLO-2005617-A-1100-600,,,Riley Area,"R. Johnson and D. Riihiluoma on May 29, 1986",R. Johnson and D. Riihiluoma,"May 29, 1986",N,N
STLO-2005617-A-1100-800,,,Riley Area,"S. Nelson and M. Oberhelman on May 29, 1986",S. Nelson and M. Oberhelman,"May 29, 1986",N,N
STLO-2005617-A-1106-1600,,,Riley Area,"S. Nelson and R. Johnson on June 4, 1986",S. Nelson and R. Johnson,"June 4, 1986",N,N
STLO-2005617-A-1130-1200,,,Riley Area,"P. Geiselman, D. Riihiluoma, and M. Oberhelman on June 2, 1986","P. Geiselman, D. Riihiluoma, and M. Oberhelman","June 2, 1986",N,N
STLO-2005617-A-1130-1400,,,Riley Area,"P. Geiselman and D. Riihiluoma on June 4, 1986",P. Geiselman and D. Riihiluoma,"June 4, 1986",N,N
STLO-2005617-A-1150-1000,,,Riley Area,"M. Oberhelman and P. Geiselman on May 30, 1986",M. Oberhelman and P. Geiselman,"May 30, 1986",N,N
STLO-2005617-A-1150-800,,,Riley Area,"S. Nelson and M. Oberhelman on May 29, 1986",S. Nelson and M. Oberhelman,"May 29, 1986",N,N
STLO-2005617-A-1154-1600,,,Riley Area,"S. Nelson and R. Johnson on June 4, 1986",S. Nelson and R. Johnson,"June 4, 1986",N,N
STLO-2005617-A-1180-1200,,,Riley Area,"P. Geiselman, D. Riihiluoma, and M. Oberhelman on June 2, 1986","P. Geiselman, D. Riihiluoma, and M. Oberhelman","June 2, 1986",N,N
STLO-2005617-A-1180-1400,,,Riley Area,"P. Geiselman and D. Riihiluoma on June 4, 1986",P. Geiselman and D. Riihiluoma,"June 4, 1986",N,N
STLO-2005617-A-1200-1000,,,Riley Area,"M. Oberhelman and P. Geiselman on May 30, 1986",M. Oberhelman and P. Geiselman,"May 30, 1986",N,N
STLO-2005617-A-1200-800,,,Riley Area,"S. Nelson and M. Oberhelman on May 29, 1986",S. Nelson and M. Oberhelman,"May 29, 1986",N,N
STLO-2005617-A-1203-1600,,,Riley Area,"S. Nelson and R. Johnson on June 4, 1986",S. Nelson and R. Johnson,"June 4, 1986",N,N
STLO-2005617-A-1230-1200,,,Riley Area,"P. Geiselman, D. Riihiluoma, and M. Oberhelman on June 2, 1986","P. Geiselman, D. Riihiluoma, and M. Oberhelman","June 2, 1986",N,N
STLO-2005617-A-1230-1400,,,Riley Area,"P. Geiselman and D. Riihiluoma on June 4, 1986",P. Geiselman and D. Riihiluoma,"June 4, 1986",N,N
STLO-2005617-A-1250-1000,,,Riley Area,"M. Oberhelman and P. Geiselman on May 30, 1986",M. Oberhelman and P. Geiselman,"May 30, 1986",N,N
STLO-2005617-A-1250-800,,,Riley Area,"S. Nelson and M. Oberhelman on May 29, 1986",S. Nelson and M. Oberhelman,"May 29, 1986",N,N
STLO-2005617-A-1251-1600,,,Riley Area,"S. Nelson and R. Johnson on June 4, 1986",S. Nelson and R. Johnson,"June 4, 1986",N,N
STLO-2005617-A-1280-1200,,,Riley Area,"P. Geiselman, D. Riihiluoma, and M. Oberhelman on June 2, 1986","P. Geiselman, D. Riihiluoma, and M. Oberhelman","June 2, 1986",N,N
STLO-2005617-A-1280-1400,,,Riley Area,"P. Geiselman and D. Riihiluoma on June 4, 1986",P. Geiselman and D. Riihiluoma,"June 4, 1986",N,N
STLO-2005617-A-1299-1600,,,Riley Area,"S. Nelson and R. Johnson on June 4, 1987",S. Nelson and R. Johnson,"June 4, 1987",N,N
STLO-2005617-A-1300-1000,,,Riley Area,"M. Oberhelman and P. Geiselman on May 30, 1986",M. Oberhelman and P. Geiselman,"May 30, 1986",N,N
STLO-2005617-A-1300-800,,,Riley Area,"S. Nelson and M. Oberhelman on May 29, 1986",S. Nelson and M. Oberhelman,"May 29, 1986",N,N
STLO-2005617-A-130-1200,,,Riley Area,"P. Geiselman, D. Riihiluoma, and M. Oberhelman on June 2, 1986","P. Geiselman, D. Riihiluoma, and M. Oberhelman","June 2, 1986",N,N
STLO-2005617-A-1330-1200,,,Riley Area,"P. Geiselman, D. Riihiluoma, and M. Oberhelman on June 2, 1986","P. Geiselman, D. Riihiluoma, and M. Oberhelman","June 2, 1986",N,N
STLO-2005617-A-1330-1400,,,Riley Area,"P. Geiselman and D. Riihiluoma on June 4, 1986",P. Geiselman and D. Riihiluoma,"June 4, 1986",N,N
STLO-2005617-A-1340-800,,,Riley Area,"S. Nelson and M. Oberhelman on May 29, 1986",S. Nelson and M. Oberhelman,"May 29, 1986",N,N
STLO-2005617-A-1347-1600,,,Riley Area,"S. Nelson and R. Johnson on June 4, 1986",S. Nelson and R. Johnson,"June 4, 1986",N,N
STLO-2005617-A-1350-1000,,,Riley Area,"M. Oberhelman and P. Geiselman on May 30, 1986",M. Oberhelman and P. Geiselman,"May 30, 1986",N,N
STLO-2005617-A-1375-800,,,Riley Area,"S. Nelson and M. Oberhelman on May 29, 1986",S. Nelson and M. Oberhelman,"May 29, 1986",N,N
STLO-2005617-A-1380-1200,,,Riley Area,"P. Geiselman, D. Riihiluoma, and M. Oberhelman on June 2, 1986","P. Geiselman, D. Riihiluoma, and M. Oberhelman","June 2, 1986",N,N
STLO-2005617-A-1380-1400,,,Riley Area,"P. Geiselman and D. Riihiluoma on June 4, 1986",P. Geiselman and D. Riihiluoma,"June 4, 1986",N,N
STLO-2005617-A-1395-1600,,,Riley Area,"S. Nelson and R. Johnson on June 4, 1986",S. Nelson and R. Johnson,"June 4, 1986",N,N
STLO-2005617-A-1400-1000,,,Riley Area,"M. Oberhelman and P. Geiselman on May 30, 1986",M. Oberhelman and P. Geiselman,"May 30, 1986",N,N
STLO-2005617-A-1430-1200,,,Riley Area,"P. Geiselman, D. Riihiluoma, and M. Oberhelman on June 2, 1986","P. Geiselman, D. Riihiluoma, and M. Oberhelman","June 2, 1986",N,N
STLO-2005617-A-1430-1400,,,Riley Area,"P. Geiselman and D. Riihiluoma on June 4, 1986",P. Geiselman and D. Riihiluoma,"June 4, 1986",N,N
STLO-2005617-A-1443-1600,,,Riley Area,"S. Nelson and R. Johnson on June 4, 1986",S. Nelson and R. Johnson,"June 4, 1986",N,N
STLO-2005617-A-1480-1200,,,Riley Area,"P. Geiselman, D. Riihiluoma, and M. Oberhelman on June 2, 1986","P. Geiselman, D. Riihiluoma, and M. Oberhelman","June 2, 1986",N,N
STLO-2005617-A-1480-1400,,,Riley Area,"P. Geiselman and D. Riihiluoma on June 4, 1986",P. Geiselman and D. Riihiluoma,"June 4, 1986",N,N
STLO-2005617-A-1491-1600,,,Riley Area,"S. Nelson and R. Johnson on June 4, 1986",S. Nelson and R. Johnson,"June 4, 1986",N,N
STLO-2005617-A-150+-0,,,Riley Area,"D. Riihiluoma and P. Geiselman on May 27, 1986",D. Riihiluoma and P. Geiselman,"May 27, 1986",N,N
STLO-2005617-A-150-1000,,,Riley Area,"M. Oberhelman and P. Geiselman on May 30, 1986",M. Oberhelman and P. Geiselman,"May 30, 1986",N,N
STLO-2005617-A-150-200,,,Riley Area,"D. Riihiluoma and M. Oberhelman on May 28, 1986",D. Riihiluoma and M. Oberhelman,"May 28, 1986",N,N
STLO-2005617-A-150-400,,,Riley Area,"S. Nelson and P. Geiselman on May 28, 1986",S. Nelson and P. Geiselman,"May 28, 1986",N,N
STLO-2005617-A-150-600,,,Riley Area,"R. Johnson and D. Riihiluoma on May 29, 1986",R. Johnson and D. Riihiluoma,"May 29, 1986",N,N
STLO-2005617-A-150-800,,,Riley Area,"S. Nelson and M. Oberhelman on May 29, 1986",S. Nelson and M. Oberhelman,"May 29, 1986",N,N
STLO-2005617-A-1530-1200,,,Riley Area,"P. Geiselman, D. Riihiluoma, and M. Oberhelman on June 2, 1986","P. Geiselman, D. Riihiluoma, and M. Oberhelman","June 2, 1986",N,N
STLO-2005617-A-1530-1400,,,Riley Area,"P. Geiselman and D. Riihiluoma on June 4, 1986",P. Geiselman and D. Riihiluoma,"June 4, 1986",N,N
STLO-2005617-A-1539-1600,,,Riley Area,"S. Nelson and R. Johnson on June 4, 1986",S. Nelson and R. Johnson,"June 4, 1986",N,N
STLO-2005617-A-1580-1200,,,Riley Area,"P. Geiselman, D. Riihiluoma, and M. Oberhelman on June 2, 1986","P. Geiselman, D. Riihiluoma, and M. Oberhelman","June 2, 1986",N,N
STLO-2005617-A-1580-1400,,,Riley Area,"P. Geiselman and D. Riihiluoma on June 4, 1986",P. Geiselman and D. Riihiluoma,"June 4, 1986",N,N
STLO-2005617-A-1587-1600,,,Riley Area,"S. Nelson and R. Johnson on June 4, 1986",S. Nelson and R. Johnson,"June 4, 1986",N,N
STLO-2005617-A-180-1200,,,Riley Area,"P. Geiselman, D. Riihiluoma, and M. Oberhelman on June 2, 1986","P. Geiselman, D. Riihiluoma, and M. Oberhelman","June 2, 1986",N,N
STLO-2005617-A-192-1600,Elevation site only,,Riley Area,E. Berglund in June 1986,E. Berglund,June 1986,N,N
STLO-2005617-A-200+-0,,,Riley Area,"D. Riihiluoma and P. Geiselman on May 27, 1986",D. Riihiluoma and P. Geiselman,"May 27, 1986",N,N
STLO-2005617-A-200-1000,,,Riley Area,"M. Oberhelman and P. Geiselman on May 30, 1986",M. Oberhelman and P. Geiselman,"May 30, 1986",N,N
STLO-2005617-A-200-200,,,Riley Area,"D. Riihiluoma and M. Oberhelman on May 28, 1986",D. Riihiluoma and M. Oberhelman,"May 28, 1986",N,N
STLO-2005617-A-200-400,,,Riley Area,"S. Nelson and P. Geiselman on May 28, 1986",S. Nelson and P. Geiselman,"May 28, 1986",N,N
STLO-2005617-A-200-600,,,Riley Area,"R. Johnson and D. Riihiluoma on May 29, 1986",R. Johnson and D. Riihiluoma,"May 29, 1986",N,N
STLO-2005617-A-200-800,,,Riley Area,"S. Nelson and M. Oberhelman on May 29, 1986",S. Nelson and M. Oberhelman,"May 29, 1986",N,N
STLO-2005617-A-230-1200,,,Riley Area,"P. Geiselman, D. Riihiluoma, and M. Oberhelman on June 2, 1986","P. Geiselman, D. Riihiluoma, and M. Oberhelman","June 2, 1986",N,N
STLO-2005617-A-250+-0,,,Riley Area,"D. Riihiluoma and P. Geiselman on May 27, 1986",D. Riihiluoma and P. Geiselman,"May 27, 1986",N,N
STLO-2005617-A-250-1000,,,Riley Area,"M. Oberhelman and P. Geiselman on May 30, 1986",M. Oberhelman and P. Geiselman,"May 30, 1986",N,N
STLO-2005617-A-250-200,,,Riley Area,"D. Riihiluoma and M. Oberhelman on May 28, 1986",D. Riihiluoma and M. Oberhelman,"May 28, 1986",N,N
STLO-2005617-A-250-400,,,Riley Area,"S. Nelson and P. Geiselman on May 28, 1986",S. Nelson and P. Geiselman,"May 28, 1986",N,N
STLO-2005617-A-250-600,,,Riley Area,"R. Johnson and D. Riihiluoma on May 29, 1986",R. Johnson and D. Riihiluoma,"May 29, 1986",N,N
STLO-2005617-A-250-800,,,Riley Area,"S. Nelson and M. Oberhelman on May 29, 1986",S. Nelson and M. Oberhelman,"May 29, 1986",N,N
STLO-2005617-A-280-1200,,,Riley Area,"P. Geiselman, D. Riihiluoma, and M. Oberhelman on June 2, 1986","P. Geiselman, D. Riihiluoma, and M. Oberhelman","June 2, 1986",N,N
STLO-2005617-A-300+-0,,,Riley Area,"D. Riihiluoma and P. Geiselman on May 27, 1986",D. Riihiluoma and P. Geiselman,"May 27, 1986",N,N
STLO-2005617-A-300-1000,,,Riley Area,"M. Oberhelman and P. Geiselman on May 30, 1986",M. Oberhelman and P. Geiselman,"May 30, 1986",N,N
STLO-2005617-A-300-200,,,Riley Area,"D. Riihiluoma and M. Oberhelman on May 28, 1986",D. Riihiluoma and M. Oberhelman,"May 28, 1986",N,N
STLO-2005617-A-300-400,,,Riley Area,"S. Nelson and P. Geiselman on May 28, 1986",S. Nelson and P. Geiselman,"May 28, 1986",N,N
STLO-2005617-A-300-600,,,Riley Area,"R. Johnson and D. Riihiluoma on May 29, 1986",R. Johnson and D. Riihiluoma,"May 29, 1986",N,N
STLO-2005617-A-300-800,,,Riley Area,"S. Nelson and M. Oberhelman on May 29, 1986",S. Nelson and M. Oberhelman,"May 29, 1986",N,N
STLO-2005617-A-330-1200,,,Riley Area,"P. Geiselman, D. Riihiluoma, and M. Oberhelman on June 2, 1986","P. Geiselman, D. Riihiluoma, and M. Oberhelman","June 2, 1986",N,N
STLO-2005617-A-350+-0,,,Riley Area,"D. Riihiluoma and P. Geiselman on May 27, 1986",D. Riihiluoma and P. Geiselman,"May 27, 1986",N,N
STLO-2005617-A-350-1000,,,Riley Area,"M. Oberhelman and P. Geiselman on May 30, 1986",M. Oberhelman and P. Geiselman,"May 30, 1986",N,N
STLO-2005617-A-350-200,,,Riley Area,"D. Riihiluoma and M. Oberhelman on May 28, 1986",D. Riihiluoma and M. Oberhelman,"May 28, 1986",N,N
STLO-2005617-A-350-400,,,Riley Area,"S. Nelson and P. Geiselman on May 28, 1986",S. Nelson and P. Geiselman,"May 28, 1986",N,N
STLO-2005617-A-350-600,,,Riley Area,"R. Johnson and D. Riihiluoma on May 29, 1986",R. Johnson and D. Riihiluoma,"May 29, 1986",N,N
STLO-2005617-A-350-800,,,Riley Area,"S. Nelson and M. Oberhelman on May 29, 1986",S. Nelson and M. Oberhelman,"May 29, 1986",N,N
STLO-2005617-A-380-1200,,,Riley Area,"P. Geiselman, D. Riihiluoma, and M. Oberhelman on June 2, 1986","P. Geiselman, D. Riihiluoma, and M. Oberhelman","June 2, 1986",N,N
STLO-2005617-A-380-1400,,,Riley Area,"P. Geiselman and D. Riihiluoma on June 4, 1986",P. Geiselman and D. Riihiluoma,"June 4, 1986",N,N
STLO-2005617-A-385-1600,Elevation site only,,Riley Area,E. Berglund in June 1986,E. Berglund,June 1986,N,N
STLO-2005617-A-400+-0,,,Riley Area,"D. Riihiluoma and P. Geiselman on May 27, 1986",D. Riihiluoma and P. Geiselman,"May 27, 1986",N,N
STLO-2005617-A-400-1000,,,Riley Area,"M. Oberhelman and P. Geiselman on May 30, 1986",M. Oberhelman and P. Geiselman,"May 30, 1986",N,N
STLO-2005617-A-400-200,,,Riley Area,"D. Riihiluoma and M. Oberhelman on May 28, 1986",D. Riihiluoma and M. Oberhelman,"May 28, 1986",N,N
STLO-2005617-A-400-400,,,Riley Area,"S. Nelson and P. Geiselman on May 28, 1986",S. Nelson and P. Geiselman,"May 28, 1986",N,N
STLO-2005617-A-400-600,,,Riley Area,"R. Johnson and D. Riihiluoma on May 29, 1986",R. Johnson and D. Riihiluoma,"May 29, 1986",N,N
STLO-2005617-A-400-800,,,Riley Area,"S. Nelson and M. Oberhelman on May 29, 1986",S. Nelson and M. Oberhelman,"May 29, 1986",N,N
STLO-2005617-A-430-1200,,,Riley Area,"P. Geiselman, D. Riihiluoma, and M. Oberhelman on June 2, 1986","P. Geiselman, D. Riihiluoma, and M. Oberhelman","June 2, 1986",N,N
STLO-2005617-A-430-1400,,,Riley Area,"P. Geiselman and D. Riihiluoma on June 4, 1986",P. Geiselman and D. Riihiluoma,"June 4, 1986",N,N
STLO-2005617-A-450+-0,,,Riley Area,"D. Riihiluoma and P. Geiselman on May 27, 1986",D. Riihiluoma and P. Geiselman,"May 27, 1986",N,N
STLO-2005617-A-450-1000,,,Riley Area,"M. Oberhelman and P. Geiselman on May 30, 1986",M. Oberhelman and P. Geiselman,"May 30, 1986",N,N
STLO-2005617-A-450-200,,,Riley Area,"D. Riihiluoma and M. Oberhelman on May 28, 1986",D. Riihiluoma and M. Oberhelman,"May 28, 1986",N,N
STLO-2005617-A-450-400,,,Riley Area,"S. Nelson and P. Geiselman on May 28, 1986",S. Nelson and P. Geiselman,"May 28, 1986",N,N
STLO-2005617-A-450-600,,,Riley Area,"R. Johnson and D. Riihiluoma on May 29, 1986",R. Johnson and D. Riihiluoma,"May 29, 1986",N,N
STLO-2005617-A-450-800,,,Riley Area,"S. Nelson and M. Oberhelman on May 29, 1986",S. Nelson and M. Oberhelman,"May 29, 1986",N,N
STLO-2005617-A-480-1200,,,Riley Area,"P. Geiselman, D. Riihiluoma, and M. Oberhelman on June 2, 1986","P. Geiselman, D. Riihiluoma, and M. Oberhelman","June 2, 1986",N,N
STLO-2005617-A-480-1400,,,Riley Area,"P. Geiselman and D. Riihiluoma on June 4, 1986",P. Geiselman and D. Riihiluoma,"June 4, 1986",N,N
STLO-2005617-A-481-1600,,,Riley Area,"S. Nelson and R. Johnson on June 4, 1986",S. Nelson and R. Johnson,"June 4, 1986",N,N
STLO-2005617-A-50+-0,,,Riley Area,"D. Riihiluoma and P. Geiselman on May 27, 1987",D. Riihiluoma and P. Geiselman,"May 27, 1987",N,N
STLO-2005617-A-500+-0,,,Riley Area,"D. Riihiluoma and P. Geiselman on May 27, 1986",D. Riihiluoma and P. Geiselman,"May 27, 1986",N,N
STLO-2005617-A-500-1000,,,Riley Area,"M. Oberhelman and P. Geiselman on May 30, 1986",M. Oberhelman and P. Geiselman,"May 30, 1986",N,N
STLO-2005617-A-500-200,,,Riley Area,"D. Riihiluoma and M. Oberhelman on May 28, 1986",D. Riihiluoma and M. Oberhelman,"May 28, 1986",N,N
STLO-2005617-A-500-400,Depth of limnic not determined,,Riley Area,"S. Nelson and P. Geiselman on May 28, 1986",S. Nelson and P. Geiselman,"May 28, 1986",N,N
STLO-2005617-A-500-600,,,Riley Area,"R. Johnson and D. Riihiluoma on May 29, 1986",R. Johnson and D. Riihiluoma,"May 29, 1986",N,N
STLO-2005617-A-500-800,,,Riley Area,"S. Nelson and M. Oberhelman on May 29, 1986",S. Nelson and M. Oberhelman,"May 29, 1986",N,N
STLO-2005617-A-50-1000,,,Riley Area,"M. Oberhelman and P. Geiselman on May 30, 1986",M. Oberhelman and P. Geiselman,"May 30, 1986",N,N
STLO-2005617-A-50-200,,,Riley Area,"D. Riihiluoma and M. Oberhelman on May 28, 1986",D. Riihiluoma and M. Oberhelman,"May 28, 1986",N,N
STLO-2005617-A-50-400,,,Riley Area,"S. Nelson and P. Geiselman on May 28, 1986",S. Nelson and P. Geiselman,"May 28, 1986",N,N
STLO-2005617-A-50-600,,,Riley Area,"R. Johnson and D. Riihiluoma on May 29, 1986",R. Johnson and D. Riihiluoma,"May 29, 1986",N,N
STLO-2005617-A-50-800,,,Riley Area,"S. Nelson and M. Oberhelman on May 29, 1986",S. Nelson and M. Oberhelman,"May 29, 1986",N,N
STLO-2005617-A-525-1000,,,Riley Area,"M. Oberhelman and P. Geiselman on May 30, 1986",M. Oberhelman and P. Geiselman,"May 30, 1986",N,N
STLO-2005617-A-529-1600,,,Riley Area,"S. Nelson and R. Johnson on June 4, 1986",S. Nelson and R. Johnson,"June 4, 1986",N,N
STLO-2005617-A-530-1200,,,Riley Area,"P. Geiselman, D. Riihiluoma, and M. Oberhelman on June 2, 1986","P. Geiselman, D. Riihiluoma, and M. Oberhelman","June 2, 1986",N,N
STLO-2005617-A-530-1400,,,Riley Area,"P. Geiselman and D. Riihiluoma on June 4, 1986",P. Geiselman and D. Riihiluoma,"June 4, 1986",N,N
STLO-2005617-A-550-1000,,,Riley Area,"M. Oberhelman and P. Geiselman on May 30, 1986",M. Oberhelman and P. Geiselman,"May 30, 1986",N,N
STLO-2005617-A-550-200,,,Riley Area,"D. Riihiluoma and M. Oberhelman on May 28, 1986",D. Riihiluoma and M. Oberhelman,"May 28, 1986",N,N
STLO-2005617-A-550-400,Depth of limnic not determined,,Riley Area,"S. Nelson and P. Geiselman on May 28, 1986",S. Nelson and P. Geiselman,"May 28, 1986",N,N
STLO-2005617-A-550-600,,,Riley Area,"R. Johnson and D. Riihiluoma on May 29, 1986",R. Johnson and D. Riihiluoma,"May 29, 1986",N,N
STLO-2005617-A-550-800,,,Riley Area,"S. Nelson and M. Oberhelman on May 29, 1986",S. Nelson and M. Oberhelman,"May 29, 1986",N,N
STLO-2005617-A-577-1600,,,Riley Area,"S. Nelson and R. Johnson on June 4, 1986",S. Nelson and R. Johnson,"June 4, 1986",N,N
STLO-2005617-A-580-1200,,,Riley Area,"P. Geiselman, D. Riihiluoma, and M. Oberhelman on June 2, 1986","P. Geiselman, D. Riihiluoma, and M. Oberhelman","June 2, 1986",N,N
STLO-2005617-A-580-1400,,,Riley Area,"P. Geiselman and D. Riihiluoma on June 4, 1986",P. Geiselman and D. Riihiluoma,"June 4, 1986",N,N
STLO-2005617-A-600-1000,,,Riley Area,"M. Oberhelman and P. Geiselman on May 30, 1986",M. Oberhelman and P. Geiselman,"May 30, 1986",N,N
STLO-2005617-A-600-200,,,Riley Area,"D. Riihiluoma and M. Oberhelman on May 28, 1986",D. Riihiluoma and M. Oberhelman,"May 28, 1986",N,N
STLO-2005617-A-600-400,,,Riley Area,"S. Nelson and P. Geiselman on May 28, 1986",S. Nelson and P. Geiselman,"May 28, 1986",N,N
STLO-2005617-A-600-600,,,Riley Area,"R. Johnson and D. Riihiluoma on May 29, 1986",R. Johnson and D. Riihiluoma,"May 29, 1986",N,N
STLO-2005617-A-600-800,,,Riley Area,"S. Nelson and M. Oberhelman on May 29, 1986",S. Nelson and M. Oberhelman,"May 29, 1986",N,N
STLO-2005617-A-625-1600,,,Riley Area,"S. Nelson and R. Johnson on June 4, 1986",S. Nelson and R. Johnson,"June 4, 1986",N,N
STLO-2005617-A-630-1200,,,Riley Area,"P. Geiselman, D. Riihiluoma, and M. Oberhelman on June 2, 1986","P. Geiselman, D. Riihiluoma, and M. Oberhelman","June 2, 1986",N,N
STLO-2005617-A-630-1400,,,Riley Area,"P. Geiselman and D. Riihiluoma on June 4, 1986",P. Geiselman and D. Riihiluoma,"June 4, 1986",N,N
STLO-2005617-A-650-1000,,,Riley Area,"M. Oberhelman and P. Geiselman on May 30, 1986",M. Oberhelman and P. Geiselman,"May 30, 1986",N,N
STLO-2005617-A-650-200,,,Riley Area,"D. Riihiluoma and M. Oberhelman on May 28, 1986",D. Riihiluoma and M. Oberhelman,"May 28, 1986",N,N
STLO-2005617-A-650-400,Profile not checked for limnic,,Riley Area,"S. Nelson and P. Geiselman on May 28, 1986",S. Nelson and P. Geiselman,"May 28, 1986",N,N
STLO-2005617-A-650-600,,,Riley Area,"R. Johnson and D. Riihiluoma on May 29, 1986",R. Johnson and D. Riihiluoma,"May 29, 1986",N,N
STLO-2005617-A-650-800,,,Riley Area,"S. Nelson and M. Oberhelman on May 29, 1986",S. Nelson and M. Oberhelman,"May 29, 1986",N,N
STLO-2005617-A-673-1600,,,Riley Area,"S. Nelson and R. Johnson on June 4, 1986",S. Nelson and R. Johnson,"June 4, 1986",N,N
STLO-2005617-A-675-1000,,,Riley Area,"M. Oberhelman and P. Geiselman on May 30, 1986",M. Oberhelman and P. Geiselman,"May 30, 1986",N,N
STLO-2005617-A-680-1200,,,Riley Area,"P. Geiselman, D. Riihiluoma, and M. Oberhelman on June 2, 1986","P. Geiselman, D. Riihiluoma, and M. Oberhelman","June 2, 1986",N,N
STLO-2005617-A-680-1400,,,Riley Area,"P. Geiselman and D. Riihiluoma on June 4, 1986",P. Geiselman and D. Riihiluoma,"June 4, 1986",N,N
STLO-2005617-A-700-1000,,,Riley Area,"M. Oberhelman and P. Geiselman on May 30, 1986",M. Oberhelman and P. Geiselman,"May 30, 1986",N,N
STLO-2005617-A-700-200,,,Riley Area,"D. Riihiluoma and M. Oberhelman on May 28, 1986",D. Riihiluoma and M. Oberhelman,"May 28, 1986",N,N
STLO-2005617-A-700-400,,,Riley Area,"S. Nelson and P. Geiselman on May 28, 1986",S. Nelson and P. Geiselman,"May 28, 1986",N,N
STLO-2005617-A-700-600,,,Riley Area,"R. Johnson and D. Riihiluoma on May 29, 1986",R. Johnson and D. Riihiluoma,"May 29, 1986",N,N
STLO-2005617-A-700-800,BTU and sulfur analysis performed by DNR,,Riley Area,"S. Nelson and D. Riihiluoma on May 29, 1986",S. Nelson and D. Riihiluoma,"May 29, 1986",Y,Y
STLO-2005617-A-721-1600,,,Riley Area,"S. Nelson and R. Johnson on June 4, 1986",S. Nelson and R. Johnson,"June 4, 1986",N,N
STLO-2005617-A-730-1200,,,Riley Area,"P. Geiselman, D. Riihiluoma, and M. Oberhelman on June 2, 1986","P. Geiselman, D. Riihiluoma, and M. Oberhelman","June 2, 1986",N,N
STLO-2005617-A-730-1400,,,Riley Area,"P. Geiselman and D. Riihiluoma on June 4, 1986",P. Geiselman and D. Riihiluoma,"June 4, 1986",N,N
STLO-2005617-A-750-1000,,,Riley Area,"M. Oberhelman and P. Geiselman on May 30, 1986",M. Oberhelman and P. Geiselman,"May 30, 1986",N,N
STLO-2005617-A-750-200,,,Riley Area,"D. Riihiluoma and M. Oberhelman on May 28, 1986",D. Riihiluoma and M. Oberhelman,"May 28, 1986",N,N
STLO-2005617-A-750-400,,,Riley Area,"S. Nelson and P. Geiselman on May 28, 1986",S. Nelson and P. Geiselman,"May 28, 1986",N,N
STLO-2005617-A-750-600,,,Riley Area,"R. Johnson and D. Riihiluoma on May 29, 1986",R. Johnson and D. Riihiluoma,"May 29, 1986",N,N
STLO-2005617-A-750-800,,,Riley Area,"S. Nelson and M. Oberhelman on May 29, 1986",S. Nelson and M. Oberhelman,"May 29, 1986",N,N
STLO-2005617-A-770-1600,,,Riley Area,"S. Nelson and R. Johnson on June 4, 1986",S. Nelson and R. Johnson,"June 4, 1986",N,N
STLO-2005617-A-780-1200,,,Riley Area,"P. Geiselman, D. Riihiluoma, and M. Oberhelman on June 2, 1986","P. Geiselman, D. Riihiluoma, and M. Oberhelman","June 2, 1986",N,N
STLO-2005617-A-780-1400,,,Riley Area,"P. Geiselman and D. Riihiluoma on June 4, 1986",P. Geiselman and D. Riihiluoma,"June 4, 1986",N,N
STLO-2005617-A-800-1000,,,Riley Area,"M. Oberhelman and P. Geiselman on May 30, 1986",M. Oberhelman and P. Geiselman,"May 30, 1986",N,N
STLO-2005617-A-800-200,,,Riley Area,"D. Riihiluoma and M. Oberhelman on May 28, 1986",D. Riihiluoma and M. Oberhelman,"May 28, 1986",N,N
STLO-2005617-A-800-400,,,Riley Area,"S. Nelson and P. Geiselman on May 28, 1986",S. Nelson and P. Geiselman,"May 28, 1986",N,N
STLO-2005617-A-800-600,,,Riley Area,"R. Johnson and D. Riihiluoma on May 29, 1986",R. Johnson and D. Riihiluoma,"May 29, 1986",N,N
STLO-2005617-A-800-800,,,Riley Area,"S. Nelson and M. Oberhelman on May 29, 1986",S. Nelson and M. Oberhelman,"May 29, 1986",N,N
STLO-2005617-A-818-1600,,,Riley Area,"S. Nelson and R. Johnson on June 4, 1986",S. Nelson and R. Johnson,"June 4, 1986",N,N
STLO-2005617-A-830-1200,,,Riley Area,"P. Geiselman, D. Riihiluoma, and M. Oberhelman on June 2, 1986","P. Geiselman, D. Riihiluoma, and M. Oberhelman","June 2, 1986",N,N
STLO-2005617-A-830-1400,,,Riley Area,"P. Geiselman and D. Riihiluoma on June 4, 1986",P. Geiselman and D. Riihiluoma,"June 4, 1986",N,N
STLO-2005617-A-850-1000,,,Riley Area,"M. Oberhelman and P. Geiselman on May 30, 1986",M. Oberhelman and P. Geiselman,"May 30, 1986",N,N
STLO-2005617-A-850-400,,,Riley Area,"S. Nelson and P. Geiselman on May 28, 1986",S. Nelson and P. Geiselman,"May 28, 1986",N,N
STLO-2005617-A-850-600,,,Riley Area,"R. Johnson and D. Riihiluoma on May 29, 1986",R. Johnson and D. Riihiluoma,"May 29, 1986",N,N
STLO-2005617-A-850-800,,,Riley Area,"S. Nelson and M. Oberhelman on May 29, 1986",S. Nelson and M. Oberhelman,"May 29, 1986",N,N
STLO-2005617-A-866-1600,,,Riley Area,"S. Nelson and R. Johnson on June 4, 1986",S. Nelson and R. Johnson,"June 4, 1986",N,N
STLO-2005617-A-880-1200,,,Riley Area,"P. Geiselman, D. Riihiluoma, and M. Oberhelman on June 2, 1986","P. Geiselman, D. Riihiluoma, and M. Oberhelman","June 2, 1986",N,N
STLO-2005617-A-880-1400,,,Riley Area,"P. Geiselman and D. Riihiluoma on June 4, 1986",P. Geiselman and D. Riihiluoma,"June 4, 1986",N,N
STLO-2005617-A-900-1000,,,Riley Area,"M. Oberhelman and P. Geiselman on May 30, 1986",M. Oberhelman and P. Geiselman,"May 30, 1986",N,N
STLO-2005617-A-900-400,,,Riley Area,"S. Nelson and P. Geiselman on May 28, 1986",S. Nelson and P. Geiselman,"May 28, 1986",N,N
STLO-2005617-A-900-600,,,Riley Area,"R. Johnson and D. Riihiluoma on May 29, 1986",R. Johnson and D. Riihiluoma,"May 29, 1986",N,N
STLO-2005617-A-900-800,,,Riley Area,"S. Nelson and M. Oberhelman on May 29, 1986",S. Nelson and M. Oberhelman,"May 29, 1986",N,N
STLO-2005617-A-914-1600,,,Riley Area,"S. Nelson and R. Johnson on June 4, 1986",S. Nelson and R. Johnson,"June 4, 1986",N,N
STLO-2005617-A-930-1200,,,Riley Area,"P. Geiselman, D. Riihiluoma, and M. Oberhelman on June 2, 1986","P. Geiselman, D. Riihiluoma, and M. Oberhelman","June 2, 1986",N,N
STLO-2005617-A-930-1400,,,Riley Area,"P. Geiselman and D. Riihiluoma on June 4, 1986",P. Geiselman and D. Riihiluoma,"June 4, 1986",N,N
STLO-2005617-A-950-1000,,,Riley Area,"M. Oberhelman and P. Geiselman on May 30, 1986",M. Oberhelman and P. Geiselman,"May 30, 1986",N,N
STLO-2005617-A-950-600,,,Riley Area,"R. Johnson and D. Riihiluoma on May 29, 1986",R. Johnson and D. Riihiluoma,"May 29, 1986",N,N
STLO-2005617-A-950-800,,,Riley Area,"S. Nelson and M. Oberhelman on May 29, 1986",S. Nelson and M. Oberhelman,"May 29, 1986",N,N
STLO-2005617-A-962-1600,,,Riley Area,"S. Nelson and R. Johnson on June 4, 1986",S. Nelson and R. Johnson,"June 4, 1986",N,N
STLO-2005617-A-980-1200,,,Riley Area,"P. Geiselman, D. Riihiluoma, and M. Oberhelman on June 2, 1986","P. Geiselman, D. Riihiluoma, and M. Oberhelman","June 2, 1986",N,N
STLO-2005617-A-980-1400,,,Riley Area,"P. Geiselman and D. Riihiluoma on June 4, 1986",P. Geiselman and D. Riihiluoma,"June 4, 1986",N,N
STLO-2005617-R1,0-37cm and 50-100cm the peat is dry and crumbly with a lot of unidentifiable plant fibers; 100-216cm peat is dry and crumbly-- not good sod peat; 230-275cm peat is dry and crumbly.,,Riley Area,"S. Nelson and M. Oberhelman on January 17, 1986",S. Nelson and M. Oberhelman,"January 17, 1986",Y,N
STLO-2005617-R10,,,Riley Area,"M. Oberhelman and D. Riihiluoma on January 24, 1986",M. Oberhelman and D. Riihiluoma,"January 24, 1986",N,N
STLO-2005617-R11,0-138cm dry woody peat; 138-150cm and 225-270cm dry peat.,,Riley Area,"D. Riihiluoma and M. Oberhelman on February 4, 1986",D. Riihiluoma and M. Oberhelman,"February 4, 1986",Y,N
STLO-2005617-R12,,,Riley Area,"M. Oberhelman and D. Riihiluoma on January 24, 1986",M. Oberhelman and D. Riihiluoma,"January 24, 1986",N,N
STLO-2005617-R13,Below 35cm peat is very dry and dense; 35-60cm and 100-143cm peat has a dry rub; hit log at 65cm; site is 100m east of an island.,,Riley Area,"D. Riihiluoma and M. Oberhelman on January 15, 1986",D. Riihiluoma and M. Oberhelman,"January 15, 1986",Y,N
STLO-2005617-R14,25-170cm peat is dry and quite dense with many wood fragments; hit stump at 70cm,0-25cm peat wetter than normal; 110-200cm peat dryer than normal,Riley Area,"S. Nelson and D. Riihiluoma on January 16, 1986",S. Nelson and D. Riihiluoma,"January 16, 1986",Y,N
STLO-2005617-R15,"55-150cm peat is very dry and dense; visually it looks more decomposed that what it will squeeze or rub to; peat appears to have a lot of mostly decomposed wood fragments.  150-208cm peat is very dense, but greasy.",,Riley Area,"S. Nelson and D. Riihiluoma on January 16, 1986",S. Nelson and D. Riihiluoma,"January 16, 1986",Y,N
STLO-2005617-R2,"12-35cm dry rub; 35-160cm peat very dense, dry; 185-210cm mostly wood fiber visible; 35-210cm very little peat squeezes out, but few fibers remain.",35-210cm peat dryer than normal,Riley Area,"S. Nelson and M. Oberhelman on January 17, 1986",S. Nelson and M. Oberhelman,"January 17, 1986",Y,N
STLO-2005617-R21,"70 to 220cm peat is dry and crumbly w/ many wood fragments, but little other fiber visible; peat appears more decomposed than it squeezes or rubs to.",0-25cm peat is very wet; 70-220cm peat is very dry,Riley Area,"S. Nelson and D. Riihiluoma on December 11, 1985",S. Nelson and D. Riihiluoma,"December 11, 1985",Y,Y
STLO-2005617-R3,Site on edge of cedar swamp and treed fen,,Riley Area,"S. Nelson and M. Oberhelman on January 17, 1986",S. Nelson and M. Oberhelman,"January 17, 1986",N,N
STLO-2005617-R7,,,Riley Area,"M. Oberhelman and D. Riihiluoma on January 24, 1986",M. Oberhelman and D. Riihiluoma,"January 24, 1986",N,N
STLO-2005617-R8,Hit log at 30cm; 50-90cm peat has a dry rub,,Riley Area,"D. Riihiluoma and M. Oberhelman on February 4, 1986",D. Riihiluoma and M. Oberhelman,"February 4, 1986",Y,N
STLO-2005617-R9,50 to 205cm peat is dry and crumbly,50-205cm peat is very dry,Riley Area,"M. Oberhelman and D. Riihiluoma on February 4, 1986",M. Oberhelman and D. Riihiluoma,"February 4, 1986",Y,Y
STLO-2005618-A-1630-1200,,,Riley Area,"P. Geiselman, D. Riihiluoma, and M. Oberhelman on June 2, 1986","P. Geiselman, D. Riihiluoma, and M. Oberhelman","June 2, 1986",N,N
STLO-2005618-A-1635-1600,,,Riley Area,"S. Nelson and R. Johnson on June 4, 1986",S. Nelson and R. Johnson,"June 4, 1986",N,N
STLO-2005618-A-1660-1600,,,Riley Area,"S. Nelson and R. Johnson on June 4, 1986",S. Nelson and R. Johnson,"June 4, 1986",N,N
STLO-2005619-421,Site on fire break road,,Riley Area,"D. Riihiluoma and H. Mooers on June 10, 1982",D. Riihiluoma and H. Mooers,"June 10, 1982",N,N
STLO-2005619-A-1644-2180,,,Riley Area,"M. Oberhelman and D. Riihiluoma on June 4, 1986",M. Oberhelman and D. Riihiluoma,"June 4, 1986",N,N
STLO-2005619-A-1660-1660,,,Riley Area,"P. Geiselman, G. Degnan, and C. Logan on June 16, 1986","P. Geiselman, G. Degnan, and C. Logan","June 16, 1986",N,N
STLO-2005619-A-1660-1780,,,Riley Area,"M. Oberhelman and G. Degnan on June 17, 1986",M. Oberhelman and G. Degnan,"June 17, 1986",N,N
STLO-2005619-A-1660-1980,,,Riley Area,"S. Nelson and D. Olson on June 26, 1986",S. Nelson and D. Olson,"June 26, 1986",N,N
STLO-2005619-A-1660-2180,,,Riley Area,"M. Oberhelman and D. Riihiluoma on June 4, 1986",M. Oberhelman and D. Riihiluoma,"June 4, 1986",N,N
STLO-2005619-A-1660-2400,,,Riley Area,"S. Nelson and G. Degnan on June 12, 1986",S. Nelson and G. Degnan,"June 12, 1986",N,N
STLO-2005619-A-1660-2550,,,Riley Area,M. Oberhelman and P. Geiselman in June 1986,M. Oberhelman and P. Geiselman,June 1986,N,N
STLO-2005619-A-1660-2800,,,Riley Area,"S. Nelson and P. Geiselman on July 1, 1986",S. Nelson and P. Geiselman,"July 1, 1986",N,N
STLO-2005619-A-1660-2860,,,Riley Area,"P. Geiselman and D. Riihiluoma on June 18, 1986",P. Geiselman and D. Riihiluoma,"June 18, 1986",N,N
STLO-2005619-A-1705-2180,,,Riley Area,"P. Geiselman, G. Degnan, and C. Logan on June 16, 1986","P. Geiselman, G. Degnan, and C. Logan","June 16, 1986",N,N
STLO-2005619-A-1705-2400,,,Riley Area,"S. Nelson and G. Degnan on June 12, 1986",S. Nelson and G. Degnan,"June 12, 1986",N,N
STLO-2005619-A-1708-2857,,,Riley Area,"P. Geiselman and D. Riihiluoma on June 18, 1986",P. Geiselman and D. Riihiluoma,"June 18, 1986",N,N
STLO-2005619-A-1710-1780,,,Riley Area,"D. Olson and D. Riihiluoma on June 17, 1986",D. Olson and D. Riihiluoma,"June 17, 1986",N,N
STLO-2005619-A-1710-1980,,,Riley Area,"S. Nelson and P. Geiselman on July 1, 1986",S. Nelson and P. Geiselman,"July 1, 1986",N,N
STLO-2005619-A-1710-2800,,,Riley Area,"S. Nelson and P. Geiselman on July 1, 1986",S. Nelson and P. Geiselman,"July 1, 1986",N,N
STLO-2005619-A-1750-2180,,,Riley Area,"P. Geiselman, G. Degnan, and C. Logan on June 16, 1986","P. Geiselman, G. Degnan, and C. Logan","June 16, 1986",N,N
STLO-2005619-A-1750-2400,,,Riley Area,"S. Nelson and G. Degnan on June 12, 1986",S. Nelson and G. Degnan,"June 12, 1986",N,N
STLO-2005619-A-1760-1780,,,Riley Area,"D. Olson and D. Riihiluoma on June 17, 1986",D. Olson and D. Riihiluoma,"June 17, 1986",N,N
STLO-2005619-A-1760-1980,,,Riley Area,"S. Nelson and P. Geiselman on July 1, 1986",S. Nelson and P. Geiselman,"July 1, 1986",N,N
STLO-2005619-A-1760-2800,,,Riley Area,"S. Nelson and P. Geiselman on July 1, 1986",S. Nelson and P. Geiselman,"July 1, 1986",N,N
STLO-2005619-A-1795-2180,,,Riley Area,"P. Geiselman, G. Degnan, and C. Logan on June 16, 1986","P. Geiselman, G. Degnan, and C. Logan","June 16, 1986",N,N
STLO-2005619-A-1795-2400,,,Riley Area,"S. Nelson and G. Degnan on June 12, 1986",S. Nelson and G. Degnan,"June 12, 1986",N,N
STLO-2005619-A-1810-1780,,,Riley Area,"D. Olson and D. Riihiluoma on June 17, 1986",D. Olson and D. Riihiluoma,"June 17, 1986",N,N
STLO-2005619-A-1810-1980,,,Riley Area,"S. Nelson and P. Geiselman on July 1, 1986",S. Nelson and P. Geiselman,"July 1, 1986",N,N
STLO-2005619-A-1810-2800,,,Riley Area,"S. Nelson and P. Geiselman on July 1, 1986",S. Nelson and P. Geiselman,"July 1, 1986",N,N
STLO-2005619-A-1840-2180,,,Riley Area,"P. Geiselman, G. Degnan, and C. Logan on June 16, 1986","P. Geiselman, G. Degnan, and C. Logan","June 16, 1986",N,N
STLO-2005619-A-1860-1780,,,Riley Area,"D. Olson and D. Riihiluoma on June 17, 1986",D. Olson and D. Riihiluoma,"June 17, 1986",N,N
STLO-2005619-A-1860-1980,,,Riley Area,"S. Nelson and P. Geiselman on July 1, 1986",S. Nelson and P. Geiselman,"July 1, 1986",N,N
STLO-2005619-A-1860-2800,,,Riley Area,"S. Nelson and P. Geiselman on July 1, 1986",S. Nelson and P. Geiselman,"July 1, 1986",N,N
STLO-2005619-A-1885-2180,,,Riley Area,"P. Geiselman, G. Degnan, and C. Logan on June 16, 1986","P. Geiselman, G. Degnan, and C. Logan","June 16, 1986",N,N
STLO-2005619-A-1910-1980,,,Riley Area,"S. Nelson and P. Geiselman on July 1, 1986",S. Nelson and P. Geiselman,"July 1, 1986",N,N
STLO-2005619-A-1910-2800,,,Riley Area,"S. Nelson and P. Geiselman on July 1, 1986",S. Nelson and P. Geiselman,"July 1, 1986",N,N
STLO-2005619-A-1930-2180,,,Riley Area,"P. Geiselman, G. Degnan, and C. Logan on June 16, 1986","P. Geiselman, G. Degnan, and C. Logan","June 16, 1986",N,N
STLO-2005619-A-1960-1980,,,Riley Area,"S. Nelson and P. Geiselman on July 1, 1986",S. Nelson and P. Geiselman,"July 1, 1986",N,N
STLO-2005619-A-1960-2800,,,Riley Area,"S. Nelson and P. Geiselman on July 1, 1986",S. Nelson and P. Geiselman,"July 1, 1986",N,N
STLO-2005619-A-1980-2180,,,Riley Area,"D. Olson and S. Nelson on June 25, 1986",D. Olson and S. Nelson,"June 25, 1986",N,N
STLO-2005619-A-2010-1980,,,Riley Area,"S. Nelson and P. Geiselman on July 1, 1986",S. Nelson and P. Geiselman,"July 1, 1986",N,N
STLO-2005619-A-2010-2800,,,Riley Area,"S. Nelson and P. Geiselman on July 1, 1986",S. Nelson and P. Geiselman,"July 1, 1986",N,N
STLO-2005619-A-2030-2180,,,Riley Area,"D. Olson and S. Nelson on June 25, 1986",D. Olson and S. Nelson,"June 25, 1986",N,N
STLO-2005619-A-2060-1980,,,Riley Area,"S. Nelson and P. Geiselman on July 1, 1986",S. Nelson and P. Geiselman,"July 1, 1986",N,N
STLO-2005619-A-2080-2180,,,Riley Area,"D. Olson and S. Nelson on June 25, 1986",D. Olson and S. Nelson,"June 25, 1986",N,N
STLO-2005619-A-2110-1980,,,Riley Area,"S. Nelson and P. Geiselman on July 1, 1986",S. Nelson and P. Geiselman,"July 1, 1986",N,N
STLO-2005619-A-2130-2180,,,Riley Area,"D. Olson and S. Nelson on June 25, 1986",D. Olson and S. Nelson,"June 25, 1986",N,N
STLO-2005619-A-2160-1980,,,Riley Area,"S. Nelson and P. Geiselman on July 1, 1986",S. Nelson and P. Geiselman,"July 1, 1986",N,N
STLO-2005619-A-2180-2180,,,Riley Area,"D. Olson and S. Nelson on June 25, 1986",D. Olson and S. Nelson,"June 25, 1986",N,N
STLO-2005619-A-2210-1980,,,Riley Area,"S. Nelson and P. Geiselman on July 1, 1986",S. Nelson and P. Geiselman,"July 1, 1986",N,N
STLO-2005619-A-2230-2180,,,Riley Area,"D. Olson and S. Nelson on June 25, 1986",D. Olson and S. Nelson,"June 25, 1986",N,N
STLO-2005619-A-2260-1980,,,Riley Area,"S. Nelson and P. Geiselman on July 1, 1986",S. Nelson and P. Geiselman,"July 1, 1986",N,N
STLO-2005619-A-2280-2180,,,Riley Area,"D. Olson and S. Nelson on June 25, 1986",D. Olson and S. Nelson,"June 25, 1986",N,N
STLO-2005619-A-2310-1980,,,Riley Area,"S. Nelson and P. Geiselman on July 1, 1986",S. Nelson and P. Geiselman,"July 1, 1986",N,N
STLO-2005619-A-2330-2180,,,Riley Area,"D. Olson and S. Nelson on June 25, 1986",D. Olson and S. Nelson,"June 25, 1986",N,N
STLO-2005619-A-2380-2180,,,Riley Area,"D. Olson and S. Nelson on June 25, 1986",D. Olson and S. Nelson,"June 25, 1986",N,N
STLO-2005619-A-2430-2180,,,Riley Area,"D. Olson and S. Nelson on June 25, 1986",D. Olson and S. Nelson,"June 25, 1986",N,N
STLO-2005619-R16,,,Riley Area,"D. Riihiluoma and M. Oberhelman on February 19, 1986",D. Riihiluoma and M. Oberhelman,"February 19, 1986",N,N
STLO-2005619-R17,,,Riley Area,"D. Riihiluoma and M. Oberhelman on February 19, 1986",D. Riihiluoma and M. Oberhelman,"February 19, 1986",N,N
STLO-2005619-R18,0-50cm many stumps; 50-130cm peat is dry and crumbly,,Riley Area,"D. Riihiluoma and M. Oberhelman on February 18, 1986",D. Riihiluoma and M. Oberhelman,"February 18, 1986",Y,N
STLO-2005619-R19,30-105cm peat is dry and crumbly,,Riley Area,"D. Riihiluoma and M. Oberhelman on February 18, 1986",D. Riihiluoma and M. Oberhelman,"February 18, 1986",Y,N
STLO-2005619-R20,40-130cm peat is dry and crumbly,,Riley Area,"D. Riihiluoma and M. Oberhelman on February 18, 1986",D. Riihiluoma and M. Oberhelman,"February 18, 1986",Y,N
STLO-2005620-A0-1800,,,Riley Area,"M. Oberhelman and G. Degnan on July 2, 1986",M. Oberhelman and G. Degnan,"July 2, 1986",N,N
STLO-2005620-A0-2000,Elevation site only,,Riley Area,E. Berglund in June 1986,E. Berglund,June 1986,N,N
STLO-2005620-A0-2180,,,Riley Area,"M. Oberhelman and D. Riihiluoma on June 4, 1986",M. Oberhelman and D. Riihiluoma,"June 4, 1986",N,N
STLO-2005620-A0-2280,,,Riley Area,"S. Nelson and G. Degnan on June 12, 1986",S. Nelson and G. Degnan,"June 12, 1986",N,N
STLO-2005620-A0-2400,,,Riley Area,"S. Nelson and P. Geiselman on July 2, 1986",S. Nelson and P. Geiselman,"July 2, 1986",N,N
STLO-2005620-A0-2800,,,Riley Area,"S. Nelson and P. Geiselman on July 21, 1986",S. Nelson and P. Geiselman,"July 21, 1986",N,N
STLO-2005620-A0-2930,,,Riley Area,"P. Geiselman and D. Riihiluoma on June 10, 1986",P. Geiselman and D. Riihiluoma,"June 10, 1986",N,N
STLO-2005620-A0-3100,Elevation site only,,Riley Area,E. Berglund in June 1986,E. Berglund,June 1986,N,N
STLO-2005620-A0-3200,,,Riley Area,"M. Oberhelman and P. Geiselman on June 24, 1986",M. Oberhelman and P. Geiselman,"June 24, 1986",N,N
STLO-2005620-A-1000-2400,,,Riley Area,"S. Nelson and P. Haverkost on July 3, 1986",S. Nelson and P. Haverkost,"July 3, 1986",N,N
STLO-2005620-A-100-1800,,,Riley Area,"M. Oberhelman and G. Degnan on July 2, 1986",M. Oberhelman and G. Degnan,"July 2, 1986",N,N
STLO-2005620-A-100-2000,,,Riley Area,"R. Johnson, G. Degnan, and P. Haverkost on June 25, 1986","R. Johnson, G. Degnan, and P. Haverkost","June 25, 1986",N,N
STLO-2005620-A-100-2400,,,Riley Area,"S. Nelson and P. Haverkost on July 3, 1986",S. Nelson and P. Haverkost,"July 3, 1986",N,N
STLO-2005620-A-100-3200,,,Riley Area,"M. Oberhelman and P. Geiselman on June 24, 1986",M. Oberhelman and P. Geiselman,"June 24, 1986",N,N
STLO-2005620-A-1003-2180,,,Riley Area,"M. Oberhelman and D. Riihiluoma on June 4, 1986",M. Oberhelman and D. Riihiluoma,"June 4, 1986",N,N
STLO-2005620-A-1008-2888,,,Riley Area,"P. Geiselman and D. Riihiluoma on June 17, 1986",P. Geiselman and D. Riihiluoma,"June 17, 1986",N,N
STLO-2005620-A-1010-1660,,,Riley Area,"P. Geiselman, G. Degnan, and C. Logan on June 16, 1986","P. Geiselman, G. Degnan, and C. Logan","June 16, 1986",N,N
STLO-2005620-A-1010-1780,,,Riley Area,"G. Degnan and M. Oberhelman on June 17, 1986",G. Degnan and M. Oberhelman,"June 17, 1986",N,N
STLO-2005620-A-1010-1980,,,Riley Area,"S. Nelson and D. Olson on June 26, 1986",S. Nelson and D. Olson,"June 26, 1986",N,N
STLO-2005620-A-1010-2800,,,Riley Area,"S. Nelson and P. Geiselman on July 1, 1986",S. Nelson and P. Geiselman,"July 1, 1986",N,N
STLO-2005620-A-1025-2354,,,Riley Area,"S. Nelson and G. Degnan on June 12, 1986",S. Nelson and G. Degnan,"June 12, 1986",N,N
STLO-2005620-A-103-2287,,,Riley Area,"S. Nelson and G. Degnan on June 12, 1986",S. Nelson and G. Degnan,"June 12, 1986",N,N
STLO-2005620-A-1034-2646,,,Riley Area,"S. Nelson and P. Geiselman on June 30, 1986",S. Nelson and P. Geiselman,"June 30, 1986",N,N
STLO-2005620-A-1035-2550,,,Riley Area,M. Oberhelman and P. Geiselman in June 1986,M. Oberhelman and P. Geiselman,June 1986,N,N
STLO-2005620-A-1049-2180,,,Riley Area,"M. Oberhelman and D. Riihiluoma on June 4, 1986",M. Oberhelman and D. Riihiluoma,"June 4, 1986",N,N
STLO-2005620-A-1050-2400,,,Riley Area,"S. Nelson and P. Haverkost on July 3, 1986",S. Nelson and P. Haverkost,"July 3, 1986",N,N
STLO-2005620-A-1058-2885,,,Riley Area,"P. Geiselman and D. Riihiluoma on June 17, 1986",P. Geiselman and D. Riihiluoma,"June 17, 1986",N,N
STLO-2005620-A-1060-1660,,,Riley Area,"P. Geiselman, G. Degnan, and C. Logan on June 16, 1986","P. Geiselman, G. Degnan, and C. Logan","June 16, 1986",N,N
STLO-2005620-A-1060-1780,,,Riley Area,"G. Degnan and M. Oberhelman on June 17, 1986",G. Degnan and M. Oberhelman,"June 17, 1986",N,N
STLO-2005620-A-1060-1980,,,Riley Area,"S. Nelson and D. Olson on June 26, 1986",S. Nelson and D. Olson,"June 26, 1986",N,N
STLO-2005620-A-1060-2800,,,Riley Area,"S. Nelson and P. Geiselman on July 1, 1986",S. Nelson and P. Geiselman,"July 1, 1986",N,N
STLO-2005620-A-1076-2358,,,Riley Area,"S. Nelson and G. Degnan on June 12, 1986",S. Nelson and G. Degnan,"June 12, 1986",N,N
STLO-2005620-A-1080-2550,,,Riley Area,M. Oberhelman and P. Geiselman in June 1986,M. Oberhelman and P. Geiselman,June 1986,N,N
STLO-2005620-A-1081-2639,,,Riley Area,"S. Nelson and P. Geiselman on June 30, 1986",S. Nelson and P. Geiselman,"June 30, 1986",N,N
STLO-2005620-A-1094-2180,,,Riley Area,"M. Oberhelman and D. Riihiluoma on June 4, 1986",M. Oberhelman and D. Riihiluoma,"June 4, 1986",N,N
STLO-2005620-A-1100-2400,,,Riley Area,"S. Nelson and P. Haverkost on July 3, 1986",S. Nelson and P. Haverkost,"July 3, 1986",N,N
STLO-2005620-A-1108-2883,,,Riley Area,"P. Geiselman and D. Riihiluoma on June 17, 1986",P. Geiselman and D. Riihiluoma,"June 17, 1986",N,N
STLO-2005620-A-1110-1660,,,Riley Area,"P. Geiselman, G. Degnan, and C. Logan on June 16, 1986","P. Geiselman, G. Degnan, and C. Logan","June 16, 1986",N,N
STLO-2005620-A-1110-1780,,,Riley Area,"M. Oberhelman and G. Degnan on June 17, 1986",M. Oberhelman and G. Degnan,"June 17, 1986",N,N
STLO-2005620-A-1110-1980,,,Riley Area,"S. Nelson and D. Olson on June 26, 1986",S. Nelson and D. Olson,"June 26, 1986",N,N
STLO-2005620-A-1110-2800,,,Riley Area,"S. Nelson and P. Geiselman on July 1, 1986",S. Nelson and P. Geiselman,"July 1, 1986",N,N
STLO-2005620-A-1125-2550,,,Riley Area,M. Oberhelman and P. Geiselman in June 1986,M. Oberhelman and P. Geiselman,June 1986,N,N
STLO-2005620-A-1128-2361,,,Riley Area,"S. Nelson and G. Degnan on June 12, 1986",S. Nelson and G. Degnan,"June 12, 1986",N,N
STLO-2005620-A-1128-2632,,,Riley Area,"S. Nelson and P. Geiselman on June 30, 1986",S. Nelson and P. Geiselman,"June 30, 1986",N,N
STLO-2005620-A-1140-2180,,,Riley Area,"M. Oberhelman and D. Riihiluoma on June 4, 1986",M. Oberhelman and D. Riihiluoma,"June 4, 1986",N,N
STLO-2005620-A-1150-2400,,,Riley Area,"S. Nelson and P. Haverkost on July 3, 1986",S. Nelson and P. Haverkost,"July 3, 1986",N,N
STLO-2005620-A-1158-2881,,,Riley Area,"P. Geiselman and D. Riihiluoma on June 17, 1986",P. Geiselman and D. Riihiluoma,"June 17, 1986",N,N
STLO-2005620-A-1160-1660,,,Riley Area,"P. Geiselman, G. Degnan, and C. Logan on June 16, 1986","P. Geiselman, G. Degnan, and C. Logan","June 16, 1986",N,N
STLO-2005620-A-1160-1780,,,Riley Area,"M. Oberhelman and G. Degnan on June 17, 1986",M. Oberhelman and G. Degnan,"June 17, 1986",N,N
STLO-2005620-A-1160-1980,,,Riley Area,"S. Nelson and D. Olson on June 26, 1986",S. Nelson and D. Olson,"June 26, 1986",N,N
STLO-2005620-A-1160-2800,,,Riley Area,"S. Nelson and P. Geiselman on July 1, 1986",S. Nelson and P. Geiselman,"July 1, 1986",N,N
STLO-2005620-A-1170-2550,,,Riley Area,M. Oberhelman and P. Geiselman in June 1986,M. Oberhelman and P. Geiselman,June 1986,N,N
STLO-2005620-A-1175-2625,,,Riley Area,"S. Nelson and P. Geiselman on June 30, 1986",S. Nelson and P. Geiselman,"June 30, 1986",N,N
STLO-2005620-A-1179-2365,,,Riley Area,"S. Nelson and G. Degnan on June 12, 1986",S. Nelson and G. Degnan,"June 12, 1986",N,N
STLO-2005620-A-1185-2180,,,Riley Area,"M. Oberhelman and D. Riihiluoma on June 4, 1986",M. Oberhelman and D. Riihiluoma,"June 4, 1986",N,N
STLO-2005620-A-1200-2400,,,Riley Area,"S. Nelson and P. Haverkost on July 3, 1986",S. Nelson and P. Haverkost,"July 3, 1986",N,N
STLO-2005620-A-1208-2879,,,Riley Area,"P. Geiselman and D. Riihiluoma on June 17, 1986",P. Geiselman and D. Riihiluoma,"June 17, 1986",N,N
STLO-2005620-A-1210-1660,,,Riley Area,"P. Geiselman, G. Degnan, and C. Logan on June 16, 1986","P. Geiselman, G. Degnan, and C. Logan","June 16, 1986",N,N
STLO-2005620-A-1210-1780,,,Riley Area,"M. Oberhelman and G. Degnan on June 17, 1986",M. Oberhelman and G. Degnan,"June 17, 1986",N,N
STLO-2005620-A-1210-1980,,,Riley Area,"S. Nelson and D. Olson on June 26, 1986",S. Nelson and D. Olson,"June 26, 1986",N,N
STLO-2005620-A-1210-2800,,,Riley Area,"S. Nelson and P. Geiselman on July 1, 1986",S. Nelson and P. Geiselman,"July 1, 1986",N,N
STLO-2005620-A-1215-2550,,,Riley Area,M. Oberhelman and P. Geiselman in June 1986,M. Oberhelman and P. Geiselman,June 1986,N,N
STLO-2005620-A-1222-2618,,,Riley Area,"S. Nelson and P. Geiselman on June 30, 1986",S. Nelson and P. Geiselman,"June 30, 1986",N,N
STLO-2005620-A-1230-2369,,,Riley Area,"S. Nelson and G. Degnan on June 12, 1986",S. Nelson and G. Degnan,"June 12, 1986",N,N
STLO-2005620-A-1231-2180,,,Riley Area,"M. Oberhelman and D. Riihiluoma on June 4, 1986",M. Oberhelman and D. Riihiluoma,"June 4, 1986",N,N
STLO-2005620-A-1258-2877,,,Riley Area,"P. Geiselman and D. Riihiluoma on June 18, 1986",P. Geiselman and D. Riihiluoma,"June 18, 1986",N,N
STLO-2005620-A-1260-1660,,,Riley Area,"P. Geiselman, G. Degnan, and C. Logan on June 16, 1986","P. Geiselman, G. Degnan, and C. Logan","June 16, 1986",N,N
STLO-2005620-A-1260-1780,,,Riley Area,"M. Oberhelman and G. Degnan on June 17, 1986",M. Oberhelman and G. Degnan,"June 17, 1986",N,N
STLO-2005620-A-1260-1980,,,Riley Area,"S. Nelson and D. Olson on June 26, 1986",S. Nelson and D. Olson,"June 26, 1986",N,N
STLO-2005620-A-1260-2550,,,Riley Area,M. Oberhelman and P. Geiselman in June 1986,M. Oberhelman and P. Geiselman,June 1986,N,N
STLO-2005620-A-1260-2800,,,Riley Area,"S. Nelson and P. Geiselman on July 1, 1986",S. Nelson and P. Geiselman,"July 1, 1986",N,N
STLO-2005620-A-1269-2611,,,Riley Area,"S. Nelson and P. Geiselman on June 30, 1986",S. Nelson and P. Geiselman,"June 30, 1986",N,N
STLO-2005620-A-1277-2180,,,Riley Area,"M. Oberhelman and D. Riihiluoma on June 4, 1986",M. Oberhelman and D. Riihiluoma,"June 4, 1986",N,N
STLO-2005620-A-1281-2373,,,Riley Area,"S. Nelson and G. Degnan on June 12, 1986",S. Nelson and G. Degnan,"June 12, 1986",N,N
STLO-2005620-A-128-2925,,,Riley Area,"P. Geiselman and D. Riihiluoma on June 10, 1986",P. Geiselman and D. Riihiluoma,"June 10, 1986",N,N
STLO-2005620-A-1305-2550,,,Riley Area,M. Oberhelman and P. Geiselman in June 1986,M. Oberhelman and P. Geiselman,June 1986,N,N
STLO-2005620-A-1308-2875,,,Riley Area,"P. Geiselman and D. Riihiluoma on June 18, 1986",P. Geiselman and D. Riihiluoma,"June 18, 1986",N,N
STLO-2005620-A-1310-1660,,,Riley Area,"P. Geiselman, G. Degnan, and C. Logan on June 16, 1986","P. Geiselman, G. Degnan, and C. Logan","June 16, 1986",N,N
STLO-2005620-A-1310-1780,,,Riley Area,"M. Oberhelman and G. Degnan on June 17, 1986",M. Oberhelman and G. Degnan,"June 17, 1986",N,N
STLO-2005620-A-1310-1980,,,Riley Area,"S. Nelson and D. Olson on June 26, 1986",S. Nelson and D. Olson,"June 26, 1986",N,N
STLO-2005620-A-1310-2800,,,Riley Area,"S. Nelson and P. Geiselman on July 1, 1986",S. Nelson and P. Geiselman,"July 1, 1986",N,N
STLO-2005620-A-1322-2180,,,Riley Area,"M. Oberhelman and D. Riihiluoma on June 4, 1986",M. Oberhelman and D. Riihiluoma,"June 4, 1986",N,N
STLO-2005620-A-1333-2376,,,Riley Area,"S. Nelson and G. Degnan on June 12, 1986",S. Nelson and G. Degnan,"June 12, 1986",N,N
STLO-2005620-A-1350-2550,,,Riley Area,M. Oberhelman and P. Geiselman in June 1986,M. Oberhelman and P. Geiselman,June 1986,N,N
STLO-2005620-A-135-2550,,,Riley Area,M. Oberhelman and P. Geiselman in June 1986,M. Oberhelman and P. Geiselman,June 1986,N,N
STLO-2005620-A-1358-2872,,,Riley Area,"P. Geiselman and D. Riihiluoma on June 18, 1986",P. Geiselman and D. Riihiluoma,"June 18, 1986",N,N
STLO-2005620-A-1360-1660,,,Riley Area,"P. Geiselman, G. Degnan, and C. Logan on June 16, 1986","P. Geiselman, G. Degnan, and C. Logan","June 16, 1986",N,N
STLO-2005620-A-1360-1780,,,Riley Area,"M. Oberhelman and G. Degnan on June 17, 1986",M. Oberhelman and G. Degnan,"June 17, 1986",N,N
STLO-2005620-A-1360-1980,,,Riley Area,"S. Nelson and D. Olson on June 26, 1986",S. Nelson and D. Olson,"June 26, 1986",N,N
STLO-2005620-A-1360-2800,,,Riley Area,"S. Nelson and P. Geiselman on July 1, 1986",S. Nelson and P. Geiselman,"July 1, 1986",N,N
STLO-2005620-A-1368-2180,,,Riley Area,"M. Oberhelman and D. Riihiluoma on June 4, 1986",M. Oberhelman and D. Riihiluoma,"June 4, 1986",N,N
STLO-2005620-A-137-2180,,,Riley Area,"M. Oberhelman and D. Riihiluoma on June 4, 1986",M. Oberhelman and D. Riihiluoma,"June 4, 1986",N,N
STLO-2005620-A-1384-2380,,,Riley Area,"S. Nelson and G. Degnan on June 12, 1986",S. Nelson and G. Degnan,"June 12, 1986",N,N
STLO-2005620-A-1395-2550,,,Riley Area,M. Oberhelman and P. Geiselman in June 1986,M. Oberhelman and P. Geiselman,June 1986,N,N
STLO-2005620-A-1408-2870,,,Riley Area,"P. Geiselman and D. Riihiluoma on June 18, 1986",P. Geiselman and D. Riihiluoma,"June 18, 1986",N,N
STLO-2005620-A-1410-1660,,,Riley Area,"P. Geiselman, G. Degnan, and C. Logan on June 16, 1986","P. Geiselman, G. Degnan, and C. Logan","June 16, 1986",N,N
STLO-2005620-A-1410-1780,,,Riley Area,"M. Oberhelman and G. Degnan on June 17, 1986",M. Oberhelman and G. Degnan,"June 17, 1986",N,N
STLO-2005620-A-1410-1980,,,Riley Area,"S. Nelson and D. Olson on June 26, 1986",S. Nelson and D. Olson,"June 26, 1986",N,N
STLO-2005620-A-1410-2800,,,Riley Area,"S. Nelson and P. Geiselman on July 1, 1986",S. Nelson and P. Geiselman,"July 1, 1986",N,N
STLO-2005620-A-141-2779,,,Riley Area,"S. Nelson and P. Geiselman on June 30, 1986",S. Nelson and P. Geiselman,"June 30, 1986",N,N
STLO-2005620-A-1413-2180,,,Riley Area,"M. Oberhelman and D. Riihiluoma on June 4, 1986",M. Oberhelman and D. Riihiluoma,"June 4, 1986",N,N
STLO-2005620-A-1435-2384,,,Riley Area,"S. Nelson and G. Degnan on June 12, 1986",S. Nelson and G. Degnan,"June 12, 1986",N,N
STLO-2005620-A-1440-2550,,,Riley Area,M. Oberhelman and P. Geiselman in June 1986,M. Oberhelman and P. Geiselman,June 1986,N,N
STLO-2005620-A-1458-2868,,,Riley Area,"P. Geiselman and D. Riihiluoma on June 18, 1986",P. Geiselman and D. Riihiluoma,"June 18, 1986",N,N
STLO-2005620-A-1459-2180,,,Riley Area,"M. Oberhelman and D. Riihiluoma on June 4, 1986",M. Oberhelman and D. Riihiluoma,"June 4, 1986",N,N
STLO-2005620-A-1460-1660,,,Riley Area,"P. Geiselman, G. Degnan, and C. Logan on June 16, 1986","P. Geiselman, G. Degnan, and C. Logan","June 16, 1986",N,N
STLO-2005620-A-1460-1780,,,Riley Area,"M. Oberhelman and G. Degnan on June 17, 1986",M. Oberhelman and G. Degnan,"June 17, 1986",N,N
STLO-2005620-A-1460-1980,,,Riley Area,"S. Nelson and D. Olson on June 26, 1986",S. Nelson and D. Olson,"June 26, 1986",N,N
STLO-2005620-A-1460-2800,,,Riley Area,"S. Nelson and P. Geiselman on July 1, 1986",S. Nelson and P. Geiselman,"July 1, 1986",N,N
STLO-2005620-A-1485-2550,,,Riley Area,M. Oberhelman and P. Geiselman in June 1986,M. Oberhelman and P. Geiselman,June 1986,N,N
STLO-2005620-A-1486-2387,,,Riley Area,"S. Nelson and G. Degnan on June 12, 1986",S. Nelson and G. Degnan,"June 12, 1986",N,N
STLO-2005620-A-150-1800,,,Riley Area,"M. Oberhelman and G. Degnan on July 2, 1986",M. Oberhelman and G. Degnan,"July 2, 1986",N,N
STLO-2005620-A-150-2000,,,Riley Area,"R. Johnson, G. Degnan, and P. Haverkost on June 25, 1986","R. Johnson, G. Degnan, and P. Haverkost","June 25, 1986",N,N
STLO-2005620-A-150-2400,,,Riley Area,"S. Nelson and P. Haverkost on July 3, 1986",S. Nelson and P. Haverkost,"July 3, 1986",N,N
STLO-2005620-A-150-3200,,,Riley Area,"M. Oberhelman and P. Geiselman on June 24, 1986",M. Oberhelman and P. Geiselman,"June 24, 1986",N,N
STLO-2005620-A-1505-2180,,,Riley Area,"M. Oberhelman and D. Riihiluoma on June 4, 1986",M. Oberhelman and D. Riihiluoma,"June 4, 1986",N,N
STLO-2005620-A-1508-2866,,,Riley Area,"P. Geiselman and D. Riihiluoma on June 18, 1986",P. Geiselman and D. Riihiluoma,"June 18, 1986",N,N
STLO-2005620-A-1510-1660,,,Riley Area,"P. Geiselman, G. Degnan, and C. Logan on June 16, 1986","P. Geiselman, G. Degnan, and C. Logan","June 16, 1986",N,N
STLO-2005620-A-1510-1780,,,Riley Area,"M. Oberhelman and G. Degnan on June 17, 1986",M. Oberhelman and G. Degnan,"June 17, 1986",N,N
STLO-2005620-A-1510-1980,,,Riley Area,"S. Nelson and D. Olson on June 26, 1986",S. Nelson and D. Olson,"June 26, 1986",N,N
STLO-2005620-A-1510-2800,,,Riley Area,"S. Nelson and P. Geiselman on July 1, 1986",S. Nelson and P. Geiselman,"July 1, 1986",N,N
STLO-2005620-A-1530-2550,,,Riley Area,M. Oberhelman and P. Geiselman in June 1986,M. Oberhelman and P. Geiselman,June 1986,N,N
STLO-2005620-A-1538-2391,,,Riley Area,"S. Nelson and G. Degnan on June 12, 1986",S. Nelson and G. Degnan,"June 12, 1986",N,N
STLO-2005620-A-154-2291,,,Riley Area,"S. Nelson and G. Degnan on June 12, 1986",S. Nelson and G. Degnan,"June 12, 1986",N,N
STLO-2005620-A-1550-2180,,,Riley Area,"M. Oberhelman and D. Riihiluoma on June 4, 1986",M. Oberhelman and D. Riihiluoma,"June 4, 1986",N,N
STLO-2005620-A-1558-2864,,,Riley Area,"P. Geiselman and D. Riihiluoma on June 18, 1986",P. Geiselman and D. Riihiluoma,"June 18, 1986",N,N
STLO-2005620-A-1560-1660,,,Riley Area,"P. Geiselman, G. Degnan, and C. Logan on June 16, 1986","P. Geiselman, G. Degnan, and C. Logan","June 16, 1986",N,N
STLO-2005620-A-1560-1780,,,Riley Area,"M. Oberhelman and G. Degnan on June 17, 1986",M. Oberhelman and G. Degnan,"June 17, 1986",N,N
STLO-2005620-A-1560-1980,,,Riley Area,"S. Nelson and D. Olson on June 26, 1986",S. Nelson and D. Olson,"June 26, 1986",N,N
STLO-2005620-A-1560-2800,,,Riley Area,"S. Nelson and P. Geiselman on July 1, 1986",S. Nelson and P. Geiselman,"July 1, 1986",N,N
STLO-2005620-A-1575-2550,,,Riley Area,M. Oberhelman and P. Geiselman in June 1986,M. Oberhelman and P. Geiselman,June 1986,N,N
STLO-2005620-A-1588-2395,,,Riley Area,"S. Nelson and G. Degnan on June 12, 1986",S. Nelson and G. Degnan,"June 12, 1986",N,N
STLO-2005620-A-1596-2180,,,Riley Area,"M. Oberhelman and D. Riihiluoma on June 4, 1986",M. Oberhelman and D. Riihiluoma,"June 4, 1986",N,N
STLO-2005620-A-1608-2862,,,Riley Area,"P. Geiselman and D. Riihiluoma on June 18, 1986",P. Geiselman and D. Riihiluoma,"June 18, 1986",N,N
STLO-2005620-A-1609-2397,,,Riley Area,"S. Nelson and G. Degnan on June 12, 1986",S. Nelson and G. Degnan,"June 12, 1986",N,N
STLO-2005620-A-1610-1660,,,Riley Area,"P. Geiselman, G. Degnan, and C. Logan on June 16, 1986","P. Geiselman, G. Degnan, and C. Logan","June 16, 1986",N,N
STLO-2005620-A-1610-1780,,,Riley Area,"M. Oberhelman and G. Degnan on June 17, 1986",M. Oberhelman and G. Degnan,"June 17, 1986",N,N
STLO-2005620-A-1610-1980,,,Riley Area,"S. Nelson and D. Olson on June 26, 1986",S. Nelson and D. Olson,"June 26, 1986",N,N
STLO-2005620-A-1610-2800,,,Riley Area,"S. Nelson and P. Geiselman on July 1, 1986",S. Nelson and P. Geiselman,"July 1, 1986",N,N
STLO-2005620-A-1620-2550,,,Riley Area,M. Oberhelman and P. Geiselman in June 1986,M. Oberhelman and P. Geiselman,June 1986,N,N
STLO-2005620-A-170-2923,,,Riley Area,"P. Geiselman and D. Riihiluoma on June 10, 1986",P. Geiselman and D. Riihiluoma,"June 10, 1986",N,N
STLO-2005620-A-180-2550,,,Riley Area,M. Oberhelman and P. Geiselman in June 1986,M. Oberhelman and P. Geiselman,June 1986,N,N
STLO-2005620-A-182-2180,,,Riley Area,"M. Oberhelman and D. Riihiluoma on June 4, 1986",M. Oberhelman and D. Riihiluoma,"June 4, 1986",N,N
STLO-2005620-A-188-2772,,,Riley Area,"S. Nelson and P. Geiselman on June 30, 1986",S. Nelson and P. Geiselman,"June 30, 1986",N,N
STLO-2005620-A-200-2000,,,Riley Area,"R. Johnson, G. Degnan, and P. Haverkost on June 25, 1986","R. Johnson, G. Degnan, and P. Haverkost","June 25, 1986",N,N
STLO-2005620-A-200-2400,,,Riley Area,"S. Nelson and P. Haverkost on July 3, 1986",S. Nelson and P. Haverkost,"July 3, 1986",N,N
STLO-2005620-A-200-3200,,,Riley Area,"M. Oberhelman and P. Geiselman on June 24, 1986",M. Oberhelman and P. Geiselman,"June 24, 1986",N,N
STLO-2005620-A-205-2295,,,Riley Area,"S. Nelson and G. Degnan on June 12, 1986",S. Nelson and G. Degnan,"June 12, 1986",N,N
STLO-2005620-A-213-2921,,,Riley Area,"P. Geiselman and D. Riihiluoma on June 10, 1986",P. Geiselman and D. Riihiluoma,"June 10, 1986",N,N
STLO-2005620-A-225-2550,,,Riley Area,M. Oberhelman and P. Geiselman in June 1986,M. Oberhelman and P. Geiselman,June 1986,N,N
STLO-2005620-A-228-2180,,,Riley Area,"M. Oberhelman and D. Riihiluoma on June 4, 1986",M. Oberhelman and D. Riihiluoma,"June 4, 1986",N,N
STLO-2005620-A-235-2765,,,Riley Area,"S. Nelson and P. Geiselman on June 30, 1986",S. Nelson and P. Geiselman,"June 30, 1986",N,N
STLO-2005620-A-250-2000,,,Riley Area,"R. Johnson, G. Degnan, and P. Haverkost on June 25, 1986","R. Johnson, G. Degnan, and P. Haverkost","June 25, 1986",N,N
STLO-2005620-A-250-2400,,,Riley Area,"S. Nelson and P. Haverkost on July 3, 1986",S. Nelson and P. Haverkost,"July 3, 1986",N,N
STLO-2005620-A-250-3200,,,Riley Area,"M. Oberhelman and P. Geiselman on June 24, 1986",M. Oberhelman and P. Geiselman,"June 24, 1986",N,N
STLO-2005620-A-255-2919,,,Riley Area,"P. Geiselman and D. Riihiluoma on June 10, 1986",P. Geiselman and D. Riihiluoma,"June 10, 1986",N,N
STLO-2005620-A-256-2299,,,Riley Area,"S. Nelson and G. Degnan on June 12, 1986",S. Nelson and G. Degnan,"June 12, 1986",N,N
STLO-2005620-A-270-2550,,,Riley Area,M. Oberhelman and P. Geiselman in June 1986,M. Oberhelman and P. Geiselman,June 1986,N,N
STLO-2005620-A-274-2180,,,Riley Area,"M. Oberhelman and D. Riihiluoma on June 4, 1986",M. Oberhelman and D. Riihiluoma,"June 4, 1986",N,N
STLO-2005620-A-282-2758,,,Riley Area,"S. Nelson and P. Geiselman on June 30, 1986",S. Nelson and P. Geiselman,"June 30, 1986",N,N
STLO-2005620-A-298-2917,,,Riley Area,"P. Geiselman and D. Riihiluoma on June 10, 1986",P. Geiselman and D. Riihiluoma,"June 10, 1986",N,N
STLO-2005620-A-300-2000,,,Riley Area,"R. Johnson, G. Degnan, and P. Haverkost on June 25, 1986","R. Johnson, G. Degnan, and P. Haverkost","June 25, 1986",N,N
STLO-2005620-A-300-2400,,,Riley Area,"S. Nelson and P. Haverkost on July 3, 1986",S. Nelson and P. Haverkost,"July 3, 1986",N,N
STLO-2005620-A-300-3200,,,Riley Area,"M. Oberhelman and P. Geiselman on June 24, 1986",M. Oberhelman and P. Geiselman,"June 24, 1986",N,N
STLO-2005620-A-308-2302,,,Riley Area,"S. Nelson and G. Degnan on June 12, 1986",S. Nelson and G. Degnan,"June 12, 1986",N,N
STLO-2005620-A-315-2550,,,Riley Area,M. Oberhelman and P. Geiselman in June 1986,M. Oberhelman and P. Geiselman,June 1986,N,N
STLO-2005620-A-319-2180,,,Riley Area,"M. Oberhelman and D. Riihiluoma on June 4, 1986",M. Oberhelman and D. Riihiluoma,"June 4, 1986",N,N
STLO-2005620-A-329-2751,,,Riley Area,"S. Nelson and P. Geiselman on June 30, 1986",S. Nelson and P. Geiselman,"June 30, 1986",N,N
STLO-2005620-A-340-2916,,,Riley Area,"P. Geiselman and D. Riihiluoma on June 10, 1986",P. Geiselman and D. Riihiluoma,"June 10, 1986",N,N
STLO-2005620-A-350-2000,,,Riley Area,"R. Johnson, G. Degnan, and P. Haverkost on June 25, 1986","R. Johnson, G. Degnan, and P. Haverkost","June 25, 1986",N,N
STLO-2005620-A-350-2400,,,Riley Area,"S. Nelson and P. Haverkost on July 3, 1986",S. Nelson and P. Haverkost,"July 3, 1986",N,N
STLO-2005620-A-350-3200,,,Riley Area,"M. Oberhelman and P. Geiselman on June 24, 1986",M. Oberhelman and P. Geiselman,"June 24, 1986",N,N
STLO-2005620-A-359-2306,,,Riley Area,"S. Nelson and G. Degnan on June 12, 1986",S. Nelson and G. Degnan,"June 12, 1986",N,N
STLO-2005620-A-360-2550,,,Riley Area,M. Oberhelman and P. Geiselman in June 1986,M. Oberhelman and P. Geiselman,June 1986,N,N
STLO-2005620-A-365-2180,,,Riley Area,"M. Oberhelman and D. Riihiluoma on June 4, 1986",M. Oberhelman and D. Riihiluoma,"June 4, 1986",N,N
STLO-2005620-A-376-2744,,,Riley Area,"S. Nelson and P. Geiselman on June 30, 1986",S. Nelson and P. Geiselman,"June 30, 1986",N,N
STLO-2005620-A-383-2914,,,Riley Area,"P. Geiselman and D. Riihiluoma on June 10, 1986",P. Geiselman and D. Riihiluoma,"June 10, 1986",N,N
STLO-2005620-A-400-2000,,,Riley Area,"R. Johnson, G. Degnan, and P. Haverkost on June 25, 1986","R. Johnson, G. Degnan, and P. Haverkost","June 25, 1986",N,N
STLO-2005620-A-400-2400,,,Riley Area,"S. Nelson and P. Haverkost on July 3, 1986",S. Nelson and P. Haverkost,"July 3, 1986",N,N
STLO-2005620-A-400-3200,,,Riley Area,"M. Oberhelman and P. Geiselman on June 24, 1986",M. Oberhelman and P. Geiselman,"June 24, 1986",N,N
STLO-2005620-A-405-2550,,,Riley Area,M. Oberhelman and P. Geiselman in June 1986,M. Oberhelman and P. Geiselman,June 1986,N,N
STLO-2005620-A-410-2180,,,Riley Area,"M. Oberhelman and D. Riihiluoma on June 4, 1986",M. Oberhelman and D. Riihiluoma,"June 4, 1986",N,N
STLO-2005620-A-410-2310,,,Riley Area,"S. Nelson and G. Degnan on June 12, 1986",S. Nelson and G. Degnan,"June 12, 1986",N,N
STLO-2005620-A-423-2737,,,Riley Area,"S. Nelson and P. Geiselman on June 30, 1986",S. Nelson and P. Geiselman,"June 30, 1986",N,N
STLO-2005620-A-425-2912,,,Riley Area,"P. Geiselman and D. Riihiluoma on June 12, 1986",P. Geiselman and D. Riihiluoma,"June 12, 1986",N,N
STLO-2005620-A-43-2928,,,Riley Area,"P. Geiselman and D. Riihiluoma on June 10, 1986",P. Geiselman and D. Riihiluoma,"June 10, 1986",N,N
STLO-2005620-A-450-2000,,,Riley Area,"R. Johnson, G. Degnan, and P. Haverkost on June 25, 1986","R. Johnson, G. Degnan, and P. Haverkost","June 25, 1986",N,N
STLO-2005620-A-450-2400,,,Riley Area,"S. Nelson and P. Haverkost on July 3, 1986",S. Nelson and P. Haverkost,"July 3, 1986",N,N
STLO-2005620-A-450-2550,,,Riley Area,M. Oberhelman and P. Geiselman in June 1986,M. Oberhelman and P. Geiselman,June 1986,N,N
STLO-2005620-A-450-3200,,,Riley Area,"M. Oberhelman and P. Geiselman on June 24, 1986",M. Oberhelman and P. Geiselman,"June 24, 1986",N,N
STLO-2005620-A-45-2550,,,Riley Area,M. Oberhelman and P. Geiselman in June 1986,M. Oberhelman and P. Geiselman,June 1986,N,N
STLO-2005620-A-456-2180,,,Riley Area,"M. Oberhelman and D. Riihiluoma on June 4, 1986",M. Oberhelman and D. Riihiluoma,"June 4, 1986",N,N
STLO-2005620-A-461-2313,,,Riley Area,"S. Nelson and G. Degnan on June 12, 1986",S. Nelson and G. Degnan,"June 12, 1986",N,N
STLO-2005620-A-46-2180,,,Riley Area,"M. Oberhelman and D. Riihiluoma on June 4, 1986",M. Oberhelman and D. Riihiluoma,"June 4, 1986",N,N
STLO-2005620-A-468-2910,,,Riley Area,"P. Geiselman and D. Riihiluoma on June 12, 1986",P. Geiselman and D. Riihiluoma,"June 12, 1986",N,N
STLO-2005620-A-470-2730,,,Riley Area,"S. Nelson and P. Geiselman on June 30, 1986",S. Nelson and P. Geiselman,"June 30, 1986",N,N
STLO-2005620-A-47-2793,,,Riley Area,"S. Nelson and P. Geiselman on June 30, 1986",S. Nelson and P. Geiselman,"June 30, 1986",N,N
STLO-2005620-A-495-2550,,,Riley Area,M. Oberhelman and P. Geiselman in June 1986,M. Oberhelman and P. Geiselman,June 1986,N,N
STLO-2005620-A-500-2000,,,Riley Area,"R. Johnson, G. Degnan, and P. Haverkost on June 25, 1986","R. Johnson, G. Degnan, and P. Haverkost","June 25, 1986",N,N
STLO-2005620-A-500-2400,,,Riley Area,"S. Nelson and P. Geiselman on July 2, 1986",S. Nelson and P. Geiselman,"July 2, 1986",N,N
STLO-2005620-A-50-1800,,,Riley Area,"M. Oberhelman and G. Degnan on July 2, 1986",M. Oberhelman and G. Degnan,"July 2, 1986",N,N
STLO-2005620-A-50-2000,,,Riley Area,"R. Johnson, G. Degnan, and P. Haverkost on June 25, 1986","R. Johnson, G. Degnan, and P. Haverkost","June 25, 1986",N,N
STLO-2005620-A-502-2180,,,Riley Area,"M. Oberhelman and D. Riihiluoma on June 4, 1986",M. Oberhelman and D. Riihiluoma,"June 4, 1986",N,N
STLO-2005620-A-50-2400,,,Riley Area,"S. Nelson and P. Haverkost on July 3, 1986",S. Nelson and P. Haverkost,"July 3, 1986",N,N
STLO-2005620-A-50-3200,,,Riley Area,"M. Oberhelman and P. Geiselman on June 24, 1986",M. Oberhelman and P. Geiselman,"June 24, 1986",N,N
STLO-2005620-A-510-2908,,,Riley Area,"P. Geiselman and D. Riihiluoma on June 12, 1986",P. Geiselman and D. Riihiluoma,"June 12, 1986",N,N
STLO-2005620-A-51-2284,,,Riley Area,"S. Nelson and G. Degnan on June 12, 1986",S. Nelson and G. Degnan,"June 12, 1986",N,N
STLO-2005620-A-513-2317,,,Riley Area,"S. Nelson and G. Degnan on June 12, 1986",S. Nelson and G. Degnan,"June 12, 1986",N,N
STLO-2005620-A-517-2723,,,Riley Area,"S. Nelson and P. Geiselman on June 30, 1986",S. Nelson and P. Geiselman,"June 30, 1986",N,N
STLO-2005620-A-540-2550,,,Riley Area,M. Oberhelman and P. Geiselman in June 1986,M. Oberhelman and P. Geiselman,June 1986,N,N
STLO-2005620-A-548-2180,,,Riley Area,"M. Oberhelman and D. Riihiluoma on June 4, 1986",M. Oberhelman and D. Riihiluoma,"June 4, 1986",N,N
STLO-2005620-A-550-2400,,,Riley Area,"S. Nelson and P. Haverkost on July 3, 1986",S. Nelson and P. Haverkost,"July 3, 1986",N,N
STLO-2005620-A-553-2907,,,Riley Area,"P. Geiselman and D. Riihiluoma on June 12, 1986",P. Geiselman and D. Riihiluoma,"June 12, 1986",N,N
STLO-2005620-A-560-2800,,,Riley Area,"S. Nelson and P. Geiselman on July 1, 1986",S. Nelson and P. Geiselman,"July 1, 1986",N,N
STLO-2005620-A-564-2321,,,Riley Area,"S. Nelson and G. Degnan on June 12, 1986",S. Nelson and G. Degnan,"June 12, 1986",N,N
STLO-2005620-A-564-2716,,,Riley Area,"S. Nelson and P. Geiselman on June 30, 1986",S. Nelson and P. Geiselman,"June 30, 1986",N,N
STLO-2005620-A-585-2550,,,Riley Area,M. Oberhelman and P. Geiselman in June 1986,M. Oberhelman and P. Geiselman,June 1986,N,N
STLO-2005620-A-593-2180,,,Riley Area,"M. Oberhelman and D. Riihiluoma on June 4, 1986",M. Oberhelman and D. Riihiluoma,"June 4, 1986",N,N
STLO-2005620-A-595-2905,,,Riley Area,"P. Geiselman and D. Riihiluoma on June 12, 1986",P. Geiselman and D. Riihiluoma,"June 12, 1986",N,N
STLO-2005620-A-600-2400,,,Riley Area,"S. Nelson and P. Haverkost on July 3, 1986",S. Nelson and P. Haverkost,"July 3, 1986",N,N
STLO-2005620-A-610-2800,,,Riley Area,"S. Nelson and P. Geiselman on July 1, 1986",S. Nelson and P. Geiselman,"July 1, 1986",N,N
STLO-2005620-A-611-2709,,,Riley Area,"S. Nelson and P. Geiselman on June 30, 1986",S. Nelson and P. Geiselman,"June 30, 1986",N,N
STLO-2005620-A-615-2324,,,Riley Area,"S. Nelson and G. Degnan on June 12, 1986",S. Nelson and G. Degnan,"June 12, 1986",N,N
STLO-2005620-A-630-2550,,,Riley Area,M. Oberhelman and P. Geiselman in June 1986,M. Oberhelman and P. Geiselman,June 1986,N,N
STLO-2005620-A-638-2903,,,Riley Area,"P. Geiselman and D. Riihiluoma on June 12, 1986",P. Geiselman and D. Riihiluoma,"June 12, 1986",N,N
STLO-2005620-A-639-2180,,,Riley Area,"M. Oberhelman and D. Riihiluoma on June 4, 1986",M. Oberhelman and D. Riihiluoma,"June 4, 1986",N,N
STLO-2005620-A-650-2400,,,Riley Area,"S. Nelson and P. Haverkost on July 3, 1986",S. Nelson and P. Haverkost,"July 3, 1986",N,N
STLO-2005620-A-658-2702,,,Riley Area,"S. Nelson and P. Geiselman on June 30, 1986",S. Nelson and P. Geiselman,"June 30, 1986",N,N
STLO-2005620-A-660-1660,,,Riley Area,"P. Geiselman, G. Degnan, and C. Logan on June 16, 1986","P. Geiselman, G. Degnan, and C. Logan","June 16, 1986",N,N
STLO-2005620-A-660-2800,,,Riley Area,"S. Nelson and P. Geiselman on July 1, 1986",S. Nelson and P. Geiselman,"July 1, 1986",N,N
STLO-2005620-A-666-2328,,,Riley Area,"S. Nelson and G. Degnan on June 12, 1986",S. Nelson and G. Degnan,"June 12, 1986",N,N
STLO-2005620-A-675-2550,,,Riley Area,M. Oberhelman and P. Geiselman in June 1986,M. Oberhelman and P. Geiselman,June 1986,N,N
STLO-2005620-A-680-2901,,,Riley Area,"P. Geiselman and D. Riihiluoma on June 12, 1986",P. Geiselman and D. Riihiluoma,"June 12, 1986",N,N
STLO-2005620-A-684-2180,,,Riley Area,"M. Oberhelman and D. Riihiluoma on June 4, 1986",M. Oberhelman and D. Riihiluoma,"June 4, 1986",N,N
STLO-2005620-A-700-2400,,,Riley Area,"S. Nelson and P. Haverkost on July 3, 1986",S. Nelson and P. Haverkost,"July 3, 1986",N,N
STLO-2005620-A-705-2695,,,Riley Area,"S. Nelson and P. Geiselman on June 30, 1986",S. Nelson and P. Geiselman,"June 30, 1986",N,N
STLO-2005620-A-710-1660,,,Riley Area,"P. Geiselman, G. Degnan and C. Logan on June 16, 1986","P. Geiselman, G. Degnan and C. Logan","June 16, 1986",N,N
STLO-2005620-A-710-1780,Site on mineral island,,Riley Area,"G. Degnan and M. Oberhelman on June 17, 1986",G. Degnan and M. Oberhelman,"June 17, 1986",N,N
STLO-2005620-A-710-2800,,,Riley Area,"S. Nelson and P. Geiselman on July 1, 1986",S. Nelson and P. Geiselman,"July 1, 1986",N,N
STLO-2005620-A-718-2332,,,Riley Area,"S. Nelson and G. Degnan on June 12, 1986",S. Nelson and G. Degnan,"June 12, 1986",N,N
STLO-2005620-A-720-2550,,,Riley Area,M. Oberhelman and P. Geiselman in June 1986,M. Oberhelman and P. Geiselman,June 1986,N,N
STLO-2005620-A-723-2899,,,Riley Area,"P. Geiselman and D. Riihiluoma on June 12, 1986",P. Geiselman and D. Riihiluoma,"June 12, 1986",N,N
STLO-2005620-A-730-2180,,,Riley Area,"M. Oberhelman and D. Riihiluoma on June 4, 1986",M. Oberhelman and D. Riihiluoma,"June 4, 1986",N,N
STLO-2005620-A-750-2400,,,Riley Area,"S. Nelson and P. Haverkost on July 3, 1986",S. Nelson and P. Haverkost,"July 3, 1986",N,N
STLO-2005620-A-752-2688,,,Riley Area,"S. Nelson and P. Geiselman on June 30, 1986",S. Nelson and P. Geiselman,"June 30, 1986",N,N
STLO-2005620-A-760-1660,,,Riley Area,"P. Geiselman, G. Degnan and C. Logan on June 16, 1986","P. Geiselman, G. Degnan and C. Logan","June 16, 1986",N,N
STLO-2005620-A-760-1780,,,Riley Area,"G. Degnan and M. Oberhelman on June 17, 1986",G. Degnan and M. Oberhelman,"June 17, 1986",N,N
STLO-2005620-A-760-1980,,,Riley Area,"S. Nelson and D. Olson on June 26, 1986",S. Nelson and D. Olson,"June 26, 1986",N,N
STLO-2005620-A-760-2800,,,Riley Area,"S. Nelson and P. Geiselman on July 1, 1986",S. Nelson and P. Geiselman,"July 1, 1986",N,N
STLO-2005620-A-765-2550,,,Riley Area,M. Oberhelman and P. Geiselman in June 1986,M. Oberhelman and P. Geiselman,June 1986,N,N
STLO-2005620-A-765-2898,,,Riley Area,"P. Geiselman and D. Riihiluoma on June 12, 1986",P. Geiselman and D. Riihiluoma,"June 12, 1986",N,N
STLO-2005620-A-769-2336,,,Riley Area,"S. Nelson and G. Degnan on June 12, 1986",S. Nelson and G. Degnan,"June 12, 1986",N,N
STLO-2005620-A-775-2180,,,Riley Area,"M. Oberhelman and D. Riihiluoma on June 4, 1986",M. Oberhelman and D. Riihiluoma,"June 4, 1986",N,N
STLO-2005620-A-799-2681,,,Riley Area,"S. Nelson and P. Geiselman on June 30, 1986",S. Nelson and P. Geiselman,"June 30, 1986",N,N
STLO-2005620-A-800-2400,,,Riley Area,"S. Nelson and P. Haverkost on July 3, 1986",S. Nelson and P. Haverkost,"July 3, 1986",N,N
STLO-2005620-A-808-2896,,,Riley Area,"P. Geiselman and D. Riihiluoma on June 12, 1986",P. Geiselman and D. Riihiluoma,"June 12, 1986",N,N
STLO-2005620-A-810-1660,,,Riley Area,"P. Geiselman, G. Degnan and C. Logan on June 16, 1986","P. Geiselman, G. Degnan and C. Logan","June 16, 1986",N,N
STLO-2005620-A-810-1780,,,Riley Area,"G. Degnan and M. Oberhelman on June 17, 1986",G. Degnan and M. Oberhelman,"June 17, 1986",N,N
STLO-2005620-A-810-1980,,,Riley Area,"S. Nelson and D. Olson on June 26, 1986",S. Nelson and D. Olson,"June 26, 1986",N,N
STLO-2005620-A-810-2550,,,Riley Area,M. Oberhelman and P. Geiselman in June 1986,M. Oberhelman and P. Geiselman,June 1986,N,N
STLO-2005620-A-810-2800,,,Riley Area,"S. Nelson and P. Geiselman on July 1, 1986",S. Nelson and P. Geiselman,"July 1, 1986",N,N
STLO-2005620-A-820-2339,,,Riley Area,"S. Nelson and G. Degnan on June 12, 1986",S. Nelson and G. Degnan,"June 12, 1986",N,N
STLO-2005620-A-821-2180,,,Riley Area,"M. Oberhelman and D. Riihiluoma on June 4, 1986",M. Oberhelman and D. Riihiluoma,"June 4, 1986",N,N
STLO-2005620-A-846-2674,,,Riley Area,"S. Nelson and P. Geiselman on June 30, 1986",S. Nelson and P. Geiselman,"June 30, 1986",N,N
STLO-2005620-A-850-2400,,,Riley Area,"S. Nelson and P. Haverkost on July 3, 1986",S. Nelson and P. Haverkost,"July 3, 1986",N,N
STLO-2005620-A-85-2926,,,Riley Area,"P. Geiselman and D. Riihiluoma on June 10, 1986",P. Geiselman and D. Riihiluoma,"June 10, 1986",N,N
STLO-2005620-A-855-2550,,,Riley Area,M. Oberhelman and P. Geiselman in June 1986,M. Oberhelman and P. Geiselman,June 1986,N,N
STLO-2005620-A-858-2894,,,Riley Area,"P. Geiselman and D. Riihiluoma on June 17, 1986",P. Geiselman and D. Riihiluoma,"June 17, 1986",N,N
STLO-2005620-A-860-1660,,,Riley Area,"P. Geiselman, G. Degnan, and C. Logan on June 16, 1986","P. Geiselman, G. Degnan, and C. Logan","June 16, 1986",N,N
STLO-2005620-A-860-1780,,,Riley Area,"G. Degnan and M. Oberhelman on June 17, 1986",G. Degnan and M. Oberhelman,"June 17, 1986",N,N
STLO-2005620-A-860-1980,,,Riley Area,"S. Nelson and D. Olson on June 26, 1986",S. Nelson and D. Olson,"June 26, 1986",N,N
STLO-2005620-A-860-2800,,,Riley Area,"S. Nelson and P. Geiselman on July 1, 1986",S. Nelson and P. Geiselman,"July 1, 1986",N,N
STLO-2005620-A-866-2180,,,Riley Area,"M. Oberhelman and D. Riihiluoma on June 4, 1986",M. Oberhelman and D. Riihiluoma,"June 4, 1986",N,N
STLO-2005620-A-871-2343,,,Riley Area,"S. Nelson and G. Degnan on June 12, 1986",S. Nelson and G. Degnan,"June 12, 1986",N,N
STLO-2005620-A-893-2667,,,Riley Area,"S. Nelson and P. Geiselman on June 30, 1986",S. Nelson and P. Geiselman,"June 30, 1986",N,N
STLO-2005620-A-900-2400,,,Riley Area,"S. Nelson and P. Haverkost on July 3, 1986",S. Nelson and P. Haverkost,"July 3, 1986",N,N
STLO-2005620-A-900-2550,,,Riley Area,M. Oberhelman and P. Geiselman in June 1986,M. Oberhelman and P. Geiselman,June 1986,N,N
STLO-2005620-A-90-2550,,,Riley Area,M. Oberhelman and P. Geiselman in June 1986,M. Oberhelman and P. Geiselman,June 1986,N,N
STLO-2005620-A-908-2892,,,Riley Area,"P. Geiselman and D. Riihiluoma on June 17, 1986",P. Geiselman and D. Riihiluoma,"June 17, 1986",N,N
STLO-2005620-A-910-1660,,,Riley Area,"P. Geiselman, G. Degnan, and C. Logan on June 16, 1986","P. Geiselman, G. Degnan, and C. Logan","June 16, 1986",N,N
STLO-2005620-A-910-1780,,,Riley Area,"G. Degnan and M. Oberhelman on June 17, 1986",G. Degnan and M. Oberhelman,"June 17, 1986",N,N
STLO-2005620-A-910-1980,,,Riley Area,"S. Nelson and D. Olson on June 26, 1986",S. Nelson and D. Olson,"June 26, 1986",N,N
STLO-2005620-A-910-2800,,,Riley Area,"S. Nelson and P. Geiselman on July 1, 1986",S. Nelson and P. Geiselman,"July 1, 1986",N,N
STLO-2005620-A-91-2180,,,Riley Area,"M. Oberhelman and D. Riihiluoma on June 4, 1986",M. Oberhelman and D. Riihiluoma,"June 4, 1986",N,N
STLO-2005620-A-912-2180,,,Riley Area,"M. Oberhelman and D. Riihiluoma on June 4, 1986",M. Oberhelman and D. Riihiluoma,"June 4, 1986",N,N
STLO-2005620-A-923-2347,,,Riley Area,"S. Nelson and G. Degnan on June 12, 1986",S. Nelson and G. Degnan,"June 12, 1986",N,N
STLO-2005620-A-940-2660,,,Riley Area,"S. Nelson and P. Geiselman on June 30, 1986",S. Nelson and P. Geiselman,"June 30, 1986",N,N
STLO-2005620-A-94-2786,,,Riley Area,"S. Nelson and P. Geiselman on June 30, 1986",S. Nelson and P. Geiselman,"June 30, 1986",N,N
STLO-2005620-A-945-2550,,,Riley Area,M. Oberhelman and P. Geiselman in June 1986,M. Oberhelman and P. Geiselman,June 1986,N,N
STLO-2005620-A-950-2400,,,Riley Area,"S. Nelson and P. Haverkost on July 3, 1986",S. Nelson and P. Haverkost,"July 3, 1986",N,N
STLO-2005620-A-957-2180,,,Riley Area,"M. Oberhelman and D. Riihiluoma on June 4, 1986",M. Oberhelman and D. Riihiluoma,"June 4, 1986",N,N
STLO-2005620-A-958-2890,,,Riley Area,"P. Geiselman and D. Riihiluoma on June 17, 1986",P. Geiselman and D. Riihiluoma,"June 17, 1986",N,N
STLO-2005620-A-960-1660,,,Riley Area,"P. Geiselman, G. Degnan, and C. Logan on June 16, 1986","P. Geiselman, G. Degnan, and C. Logan","June 16, 1986",N,N
STLO-2005620-A-960-1780,,,Riley Area,"G. Degnan and M. Oberhelman on June 17, 1986",G. Degnan and M. Oberhelman,"June 17, 1986",N,N
STLO-2005620-A-960-1980,,,Riley Area,"S. Nelson and D. Olson on June 26, 1986",S. Nelson and D. Olson,"June 26, 1986",N,N
STLO-2005620-A-960-2800,,,Riley Area,"S. Nelson and P. Geiselman on July 1, 1986",S. Nelson and P. Geiselman,"July 1, 1986",N,N
STLO-2005620-A-974-2350,,,Riley Area,"S. Nelson and G. Degnan on June 12, 1986",S. Nelson and G. Degnan,"June 12, 1986",N,N
STLO-2005620-A-987-2653,,,Riley Area,"S. Nelson and P. Geiselman on June 30, 1986",S. Nelson and P. Geiselman,"June 30, 1986",N,N
STLO-2005620-A-990-2550,,,Riley Area,M. Oberhelman and P. Geiselman in June 1986,M. Oberhelman and P. Geiselman,June 1986,N,N
STLO-2005620-R22,,,Riley Area,"S. Nelson and D. Olson on February 5, 1986",S. Nelson and D. Olson,"February 5, 1986",N,N
STLO-2005620-R23,50-215cm peat is dry and crumbly with many wood fragments,,Riley Area,"D. Riihiluoma and M. Oberhelman on February 19, 1986",D. Riihiluoma and M. Oberhelman,"February 19, 1986",Y,N
STLO-2005620-R24,,,Riley Area,"S. Nelson and D. Olson on February 5, 1986",S. Nelson and D. Olson,"February 5, 1986",N,N
STLO-2005620-R25,"Hit stumps at 40, 80, 160, 190cm",,Riley Area,"S. Nelson and D. Olson on February 5, 1986",S. Nelson and D. Olson,"February 5, 1986",Y,N
STLO-2005620-R26,,,Riley Area,"S. Nelson and D. Olson on February 5, 1986",S. Nelson and D. Olson,"February 5, 1986",N,N
STLO-2005620-R27,,,Riley Area,"S. Nelson and D. Olson on February 5, 1986",S. Nelson and D. Olson,"February 5, 1986",N,N
STLO-2005620-R28,,,Riley Area,"S. Nelson and D. Olson on February 5, 1986",S. Nelson and D. Olson,"February 5, 1986",N,N
STLO-2005620-R29,,,Riley Area,"S. Nelson and D. Olson on February 5, 1986",S. Nelson and D. Olson,"February 5, 1986",N,N
STLO-2005621-420,,,Riley Area,"D. Riihiluoma and H. Mooers on June 10, 1982",D. Riihiluoma and H. Mooers,"June 10, 1982",N,N
STLO-2005621-A+1000-1650,,,Riley Area,"R. Johnson, M. Oberhelman, and D. Riihiluoma on June 26, 1986","R. Johnson, M. Oberhelman, and D. Riihiluoma","June 26, 1986",N,N
STLO-2005621-A+1000-1700,,,Riley Area,"R. Johnson, M. Oberhelman, and D. Riihiluoma on June 26, 1986","R. Johnson, M. Oberhelman, and D. Riihiluoma","June 26, 1986",N,N
STLO-2005621-A+1000-1750,,,Riley Area,"R. Johnson, M. Oberhelman, and D. Riihiluoma on June 26, 1986","R. Johnson, M. Oberhelman, and D. Riihiluoma","June 26, 1986",N,N
STLO-2005621-A+1000-1800,,,Riley Area,"R. Johnson, M. Oberhelman, and D. Riihiluoma on June 26, 1986","R. Johnson, M. Oberhelman, and D. Riihiluoma","June 26, 1986",N,N
STLO-2005621-A+1000-1850,,,Riley Area,"R. Johnson, M. Oberhelman, and D. Riihiluoma on June 26, 1986","R. Johnson, M. Oberhelman, and D. Riihiluoma","June 26, 1986",N,N
STLO-2005621-A+1000-1900,,,Riley Area,"R. Johnson, M. Oberhelman, and D. Riihiluoma on June 26, 1986","R. Johnson, M. Oberhelman, and D. Riihiluoma","June 26, 1986",N,N
STLO-2005621-A+1000-2000,,,Riley Area,"G. Degnan and M. Oberhelman on July 2, 1986",G. Degnan and M. Oberhelman,"July 2, 1986",N,N
STLO-2005621-A+1000-2180,,,Riley Area,"R. Johnson and G. Degnan on June 24, 1986",R. Johnson and G. Degnan,"June 24, 1986",N,N
STLO-2005621-A+100-2000,,,Riley Area,"G. Degnan and M. Oberhelman on July 2, 1986",G. Degnan and M. Oberhelman,"July 2, 1986",N,N
STLO-2005621-A+100-2180,,,Riley Area,"R. Johnson and G. Degnan on June 24, 1986",R. Johnson and G. Degnan,"June 24, 1986",N,N
STLO-2005621-A+100-2400,,,Riley Area,"S. Nelson and P. Geiselman on July 2, 1986",S. Nelson and P. Geiselman,"July 2, 1986",N,N
STLO-2005621-A+100-2800,,,Riley Area,"S. Nelson and P. Geiselman on July 21, 1986",S. Nelson and P. Geiselman,"July 21, 1986",N,N
STLO-2005621-A+1050-2000,,,Riley Area,"G. Degnan and M. Oberhelman on July 2, 1986",G. Degnan and M. Oberhelman,"July 2, 1986",N,N
STLO-2005621-A+1050-2180,,,Riley Area,"R. Johnson and G. Degnan on June 24, 1986",R. Johnson and G. Degnan,"June 24, 1986",N,N
STLO-2005621-A+1100-2000,,,Riley Area,"G. Degnan and M. Oberhelman on July 2, 1986",G. Degnan and M. Oberhelman,"July 2, 1986",N,N
STLO-2005621-A+1150-2000,,,Riley Area,"G. Degnan and M. Oberhelman on July 2, 1986",G. Degnan and M. Oberhelman,"July 2, 1986",N,N
STLO-2005621-A+1200-1650,,,Riley Area,"M. Oberhelman and G. Degnan on July 2, 1986",M. Oberhelman and G. Degnan,"July 2, 1986",N,N
STLO-2005621-A+1200-1700,,,Riley Area,"M. Oberhelman and G. Degnan on July 2, 1986",M. Oberhelman and G. Degnan,"July 2, 1986",N,N
STLO-2005621-A+1200-1750,,,Riley Area,"M. Oberhelman and G. Degnan on July 2, 1986",M. Oberhelman and G. Degnan,"July 2, 1986",N,N
STLO-2005621-A+1200-1800,,,Riley Area,"M. Oberhelman and G. Degnan on July 2, 1986",M. Oberhelman and G. Degnan,"July 2, 1986",N,N
STLO-2005621-A+1200-1850,,,Riley Area,"M. Oberhelman and G. Degnan on July 2, 1986",M. Oberhelman and G. Degnan,"July 2, 1986",N,N
STLO-2005621-A+1200-1900,,,Riley Area,"M. Oberhelman and G. Degnan on July 2, 1986",M. Oberhelman and G. Degnan,"July 2, 1986",N,N
STLO-2005621-A+1200-2000,,,Riley Area,"G. Degnan and M. Oberhelman on July 2, 1986",G. Degnan and M. Oberhelman,"July 2, 1986",N,N
STLO-2005621-A+1250-2000,,,Riley Area,"G. Degnan and M. Oberhelman on July 2, 1986",G. Degnan and M. Oberhelman,"July 2, 1986",N,N
STLO-2005621-A+1300-2000,,,Riley Area,"G. Degnan and M. Oberhelman on July 2, 1986",G. Degnan and M. Oberhelman,"July 2, 1986",N,N
STLO-2005621-A+132-2550,,,Riley Area,"P. Geiselman and D. Riihiluoma on June 10, 1986",P. Geiselman and D. Riihiluoma,"June 10, 1986",N,N
STLO-2005621-A+1350-2000,,,Riley Area,"G. Degnan and M. Oberhelman on July 2, 1986",G. Degnan and M. Oberhelman,"July 2, 1986",N,N
STLO-2005621-A+1400-1650,,,Riley Area,"M. Oberhelman, D. Riihiluoma, and G. Degnan on July 1, 1986","M. Oberhelman, D. Riihiluoma, and G. Degnan","July 1, 1986",N,N
STLO-2005621-A+1400-1700,,,Riley Area,"M. Oberhelman, D. Riihiluoma, and G. Degnan on July 1, 1986","M. Oberhelman, D. Riihiluoma, and G. Degnan","July 1, 1986",N,N
STLO-2005621-A+1400-2000,,,Riley Area,"G. Degnan and M. Oberhelman on July 2, 1986",G. Degnan and M. Oberhelman,"July 2, 1986",N,N
STLO-2005621-A+1450-2000,,,Riley Area,"G. Degnan and M. Oberhelman on July 2, 1986",G. Degnan and M. Oberhelman,"July 2, 1986",N,N
STLO-2005621-A+148-1820,,,Riley Area,"P. Geiselman and G. Degnan on June 19, 1986",P. Geiselman and G. Degnan,"June 19, 1986",N,N
STLO-2005621-A+150-2000,,,Riley Area,"G. Degnan and M. Oberhelman on July 2, 1986",G. Degnan and M. Oberhelman,"July 2, 1986",N,N
STLO-2005621-A+150-2180,,,Riley Area,"R. Johnson and G. Degnan on June 24, 1986",R. Johnson and G. Degnan,"June 24, 1986",N,N
STLO-2005621-A+150-2400,,,Riley Area,"S. Nelson and P. Geiselman on July 2, 1986",S. Nelson and P. Geiselman,"July 2, 1986",N,N
STLO-2005621-A+150-2800,,,Riley Area,"S. Nelson and P. Geiselman on July 21, 1986",S. Nelson and P. Geiselman,"July 21, 1986",N,N
STLO-2005621-A+176-2550,,,Riley Area,"P. Geiselman and D. Riihiluoma on June 10, 1986",P. Geiselman and D. Riihiluoma,"June 10, 1986",N,N
STLO-2005621-A+198-1826,,,Riley Area,"P. Geiselman and G. Degnan on June 19, 1986",P. Geiselman and G. Degnan,"June 19, 1986",N,N
STLO-2005621-A+200-2000,,,Riley Area,"G. Degnan and M. Oberhelman on July 2, 1986",G. Degnan and M. Oberhelman,"July 2, 1986",N,N
STLO-2005621-A+200-2180,,,Riley Area,"R. Johnson and G. Degnan on June 24, 1986",R. Johnson and G. Degnan,"June 24, 1986",N,N
STLO-2005621-A+200-2400,,,Riley Area,"S. Nelson and P. Geiselman on July 2, 1986",S. Nelson and P. Geiselman,"July 2, 1986",N,N
STLO-2005621-A+200-2800,,,Riley Area,"S. Nelson and P. Geiselman on July 21, 1986",S. Nelson and P. Geiselman,"July 21, 1986",N,N
STLO-2005621-A+220-2550,,,Riley Area,"P. Geiselman and D. Riihiluoma on June 10, 1986",P. Geiselman and D. Riihiluoma,"June 10, 1986",N,N
STLO-2005621-A+247-1833,,,Riley Area,"P. Geiselman and G. Degnan on June 19, 1986",P. Geiselman and G. Degnan,"June 19, 1986",N,N
STLO-2005621-A+250-2000,,,Riley Area,"G. Degnan and M. Oberhelman on July 2, 1986",G. Degnan and M. Oberhelman,"July 2, 1986",N,N
STLO-2005621-A+250-2180,,,Riley Area,"R. Johnson and G. Degnan on June 24, 1986",R. Johnson and G. Degnan,"June 24, 1986",N,N
STLO-2005621-A+250-2400,,,Riley Area,"S. Nelson and P. Geiselman on July 2, 1986",S. Nelson and P. Geiselman,"July 2, 1986",N,N
STLO-2005621-A+250-2800,,,Riley Area,"S. Nelson and P. Geiselman on July 21, 1986",S. Nelson and P. Geiselman,"July 21, 1986",N,N
STLO-2005621-A+264-2550,,,Riley Area,"P. Geiselman and D. Riihiluoma on June 10, 1986",P. Geiselman and D. Riihiluoma,"June 10, 1986",N,N
STLO-2005621-A+296-1839,,,Riley Area,"P. Geiselman and G. Degnan on June 19, 1986",P. Geiselman and G. Degnan,"June 19, 1986",N,N
STLO-2005621-A+300-2000,,,Riley Area,"G. Degnan and M. Oberhelman on July 2, 1986",G. Degnan and M. Oberhelman,"July 2, 1986",N,N
STLO-2005621-A+300-2180,,,Riley Area,"R. Johnson and G. Degnan on June 24, 1986",R. Johnson and G. Degnan,"June 24, 1986",N,N
STLO-2005621-A+300-2400,,,Riley Area,"S. Nelson and P. Geiselman on July 2, 1986",S. Nelson and P. Geiselman,"July 2, 1986",N,N
STLO-2005621-A+308-2550,,,Riley Area,"P. Geiselman and D. Riihiluoma on June 10, 1986",P. Geiselman and D. Riihiluoma,"June 10, 1986",N,N
STLO-2005621-A+346-1846,,,Riley Area,"P. Geiselman and G. Degnan on June 19, 1986",P. Geiselman and G. Degnan,"June 19, 1986",N,N
STLO-2005621-A+350-2000,,,Riley Area,"G. Degnan and M. Oberhelman on July 2, 1986",G. Degnan and M. Oberhelman,"July 2, 1986",N,N
STLO-2005621-A+350-2180,,,Riley Area,"R. Johnson and G. Degnan on June 24, 1986",R. Johnson and G. Degnan,"June 24, 1986",N,N
STLO-2005621-A+350-2400,,,Riley Area,"S. Nelson and P. Geiselman on July 2, 1986",S. Nelson and P. Geiselman,"July 2, 1986",N,N
STLO-2005621-A+352-2550,,,Riley Area,"P. Geiselman and D. Riihiluoma on June 10, 1986",P. Geiselman and D. Riihiluoma,"June 10, 1986",N,N
STLO-2005621-A+395-1852,,,Riley Area,"P. Geiselman and G. Degnan on June 19, 1986",P. Geiselman and G. Degnan,"June 19, 1986",N,N
STLO-2005621-A+396-2550,,,Riley Area,"P. Geiselman and D. Riihiluoma on June 10, 1986",P. Geiselman and D. Riihiluoma,"June 10, 1986",N,N
STLO-2005621-A+400-2000,,,Riley Area,"G. Degnan and M. Oberhelman on July 2, 1986",G. Degnan and M. Oberhelman,"July 2, 1986",N,N
STLO-2005621-A+400-2180,,,Riley Area,"R. Johnson and G. Degnan on June 24, 1986",R. Johnson and G. Degnan,"June 24, 1986",N,N
STLO-2005621-A+400-2400,,,Riley Area,"S. Nelson and P. Geiselman on July 2, 1986",S. Nelson and P. Geiselman,"July 2, 1986",N,N
STLO-2005621-A+440-2550,,,Riley Area,"P. Geiselman and D. Riihiluoma on June 10, 1986",P. Geiselman and D. Riihiluoma,"June 10, 1986",N,N
STLO-2005621-A+44-2550,,,Riley Area,"P. Geiselman and D. Riihiluoma on June 10, 1986",P. Geiselman and D. Riihiluoma,"June 10, 1986",N,N
STLO-2005621-A+445-1859,,,Riley Area,"P. Geiselman and G. Degnan on June 19, 1986",P. Geiselman and G. Degnan,"June 19, 1986",N,N
STLO-2005621-A+450-2000,,,Riley Area,"G. Degnan and M. Oberhelman on July 2, 1986",G. Degnan and M. Oberhelman,"July 2, 1986",N,N
STLO-2005621-A+450-2180,,,Riley Area,"R. Johnson and G. Degnan on June 24, 1986",R. Johnson and G. Degnan,"June 24, 1986",N,N
STLO-2005621-A+450-2400,,,Riley Area,"S. Nelson and P. Geiselman on July 2, 1986",S. Nelson and P. Geiselman,"July 2, 1986",N,N
STLO-2005621-A+484-2550,,,Riley Area,"P. Geiselman and D. Riihiluoma on June 10, 1986",P. Geiselman and D. Riihiluoma,"June 10, 1986",N,N
STLO-2005621-A+49-1807,,,Riley Area,"P. Geiselman and G. Degnan on June 19, 1986",P. Geiselman and G. Degnan,"June 19, 1986",N,N
STLO-2005621-A+494-1865,,,Riley Area,"P. Geiselman and G. Degnan on June 19, 1986",P. Geiselman and G. Degnan,"June 19, 1986",N,N
STLO-2005621-A+500-2000,,,Riley Area,"G. Degnan and M. Oberhelman on July 2, 1986",G. Degnan and M. Oberhelman,"July 2, 1986",N,N
STLO-2005621-A+500-2180,,,Riley Area,"R. Johnson and G. Degnan on June 24, 1986",R. Johnson and G. Degnan,"June 24, 1986",N,N
STLO-2005621-A+500-2400,,,Riley Area,"S. Nelson and P. Geiselman on July 2, 1986",S. Nelson and P. Geiselman,"July 2, 1986",N,N
STLO-2005621-A+50-2000,,,Riley Area,"G. Degnan and M. Oberhelman on July 2, 1986",G. Degnan and M. Oberhelman,"July 2, 1986",N,N
STLO-2005621-A+50-2180,,,Riley Area,"R. Johnson and G. Degnan on June 24, 1986",R. Johnson and G. Degnan,"June 24, 1986",N,N
STLO-2005621-A+50-2400,,,Riley Area,"S. Nelson and P. Geiselman on July 2, 1986",S. Nelson and P. Geiselman,"July 2, 1986",N,N
STLO-2005621-A+50-2800,,,Riley Area,"S. Nelson and P. Geiselman on July 21, 1986",S. Nelson and P. Geiselman,"July 21, 1986",N,N
STLO-2005621-A+528-2550,,,Riley Area,"P. Geiselman and D. Riihiluoma on June 10, 1986",P. Geiselman and D. Riihiluoma,"June 10, 1986",N,N
STLO-2005621-A+543-1872,,,Riley Area,"P. Geiselman and G. Degnan on June 19, 1986",P. Geiselman and G. Degnan,"June 19, 1986",N,N
STLO-2005621-A+550-2000,,,Riley Area,"G. Degnan and M. Oberhelman on July 2, 1986",G. Degnan and M. Oberhelman,"July 2, 1986",N,N
STLO-2005621-A+550-2180,,,Riley Area,"R. Johnson and G. Degnan on June 24, 1986",R. Johnson and G. Degnan,"June 24, 1986",N,N
STLO-2005621-A+550-2400,,,Riley Area,"S. Nelson and P. Geiselman on July 2, 1986",S. Nelson and P. Geiselman,"July 2, 1986",N,N
STLO-2005621-A+572-2550,,,Riley Area,"P. Geiselman and D. Riihiluoma on June 10, 1986",P. Geiselman and D. Riihiluoma,"June 10, 1986",N,N
STLO-2005621-A+593-1878,,,Riley Area,"P. Geiselman and G. Degnan on June 19, 1986",P. Geiselman and G. Degnan,"June 19, 1986",N,N
STLO-2005621-A+600-2000,,,Riley Area,"G. Degnan and M. Oberhelman on July 2, 1986",G. Degnan and M. Oberhelman,"July 2, 1986",N,N
STLO-2005621-A+600-2180,,,Riley Area,"R. Johnson and G. Degnan on June 24, 1986",R. Johnson and G. Degnan,"June 24, 1986",N,N
STLO-2005621-A+600-2400,,,Riley Area,"S. Nelson and P. Geiselman on July 2, 1987",S. Nelson and P. Geiselman,"July 2, 1987",N,N
STLO-2005621-A+616-2550,,,Riley Area,"P. Geiselman and D. Riihiluoma on June 10, 1986",P. Geiselman and D. Riihiluoma,"June 10, 1986",N,N
STLO-2005621-A+642-1885,,,Riley Area,"P. Geiselman and G. Degnan on June 19, 1986",P. Geiselman and G. Degnan,"June 19, 1986",N,N
STLO-2005621-A+650-2000,,,Riley Area,"G. Degnan and M. Oberhelman on July 2, 1986",G. Degnan and M. Oberhelman,"July 2, 1986",N,N
STLO-2005621-A+650-2180,,,Riley Area,"R. Johnson and G. Degnan on June 24, 1986",R. Johnson and G. Degnan,"June 24, 1986",N,N
STLO-2005621-A+650-2400,,,Riley Area,"S. Nelson and P. Geiselman on July 2, 1986",S. Nelson and P. Geiselman,"July 2, 1986",N,N
STLO-2005621-A+660-2550,,,Riley Area,"P. Geiselman and D. Riihiluoma on June 10, 1986",P. Geiselman and D. Riihiluoma,"June 10, 1986",N,N
STLO-2005621-A+692-1891,,,Riley Area,"P. Geiselman and G. Degnan on June 19, 1986",P. Geiselman and G. Degnan,"June 19, 1986",N,N
STLO-2005621-A+700-2000,,,Riley Area,"M. Oberhelman and G. Degnan on July 2, 1986",M. Oberhelman and G. Degnan,"July 2, 1986",N,N
STLO-2005621-A+700-2180,,,Riley Area,"R. Johnson and G. Degnan on June 24, 1986",R. Johnson and G. Degnan,"June 24, 1986",N,N
STLO-2005621-A+700-2400,,,Riley Area,"S. Nelson and P. Geiselman on July 2, 1986",S. Nelson and P. Geiselman,"July 2, 1986",N,N
STLO-2005621-A+741-1898,,,Riley Area,"P. Geiselman and G. Degnan on June 19, 1986",P. Geiselman and G. Degnan,"June 19, 1986",N,N
STLO-2005621-A+750-2000,,,Riley Area,"M. Oberhelman and G. Degnan on July 2, 1986",M. Oberhelman and G. Degnan,"July 2, 1986",N,N
STLO-2005621-A+750-2180,,,Riley Area,"R. Johnson and G. Degnan on June 24, 1986",R. Johnson and G. Degnan,"June 24, 1986",N,N
STLO-2005621-A+750-2400,,,Riley Area,"S. Nelson and P. Geiselman on July 2, 1986",S. Nelson and P. Geiselman,"July 2, 1986",N,N
STLO-2005621-A+790-1904,,,Riley Area,"P. Geiselman and G. Degnan on June 19, 1986",P. Geiselman and G. Degnan,"June 19, 1986",N,N
STLO-2005621-A+800-2000,,,Riley Area,"G. Degnan and M. Oberhelman on July 2, 1986",G. Degnan and M. Oberhelman,"July 2, 1986",N,N
STLO-2005621-A+800-2180,,,Riley Area,"R. Johnson and G. Degnan on June 24, 1986",R. Johnson and G. Degnan,"June 24, 1986",N,N
STLO-2005621-A+800-2400,,,Riley Area,"S. Nelson and P. Geiselman on July 2, 1986",S. Nelson and P. Geiselman,"July 2, 1986",N,N
STLO-2005621-A+840-1911,,,Riley Area,"P. Geiselman and G. Degnan on June 19, 1986",P. Geiselman and G. Degnan,"June 19, 1986",N,N
STLO-2005621-A+850-2000,,,Riley Area,"G. Degnan and M. Oberhelman on July 2, 1986",G. Degnan and M. Oberhelman,"July 2, 1986",N,N
STLO-2005621-A+850-2180,,,Riley Area,"R. Johnson and G. Degnan on June 24, 1986",R. Johnson and G. Degnan,"June 24, 1986",N,N
STLO-2005621-A+850-2400,,,Riley Area,"S. Nelson and P. Geiselman on July 2, 1986",S. Nelson and P. Geiselman,"July 2, 1986",N,N
STLO-2005621-A+88-2550,,,Riley Area,"P. Geiselman and D. Riihiluoma on June 10, 1986",P. Geiselman and D. Riihiluoma,"June 10, 1986",N,N
STLO-2005621-A+900-2000,,,Riley Area,"G. Degnan and M. Oberhelman on July 2, 1986",G. Degnan and M. Oberhelman,"July 2, 1986",N,N
STLO-2005621-A+900-2180,,,Riley Area,"R. Johnson and G. Degnan on June 24, 1986",R. Johnson and G. Degnan,"June 24, 1986",N,N
STLO-2005621-A+900-2400,,,Riley Area,"S. Nelson and P. Geiselman on July 2, 1986",S. Nelson and P. Geiselman,"July 2, 1986",N,N
STLO-2005621-A+950-2000,,,Riley Area,"G. Degnan and M. Oberhelman on July 2, 1986",G. Degnan and M. Oberhelman,"July 2, 1986",N,N
STLO-2005621-A+950-2180,,,Riley Area,"R. Johnson and G. Degnan on June 24, 1986",R. Johnson and G. Degnan,"June 24, 1986",N,N
STLO-2005621-A+950-2400,,,Riley Area,"S. Nelson and P. Geiselman on July 2, 1987",S. Nelson and P. Geiselman,"July 2, 1987",N,N
STLO-2005621-A+99-1813,,,Riley Area,"P. Geiselman and G. Degnan on June 19, 1986",P. Geiselman and G. Degnan,"June 19, 1986",N,N
STLO-2005621-A0-2550,,,Riley Area,M. Oberhelman and P. Geiselman in June 1986,M. Oberhelman and P. Geiselman,June 1986,N,N
STLO-2005621-R31,"Snowcover 60cm; Peat is quite dense, dry; few fibers visible except wood fragments; peat appears more decomposed than it squeezes or rubs to",0-30cm peat moisture wetter than normal,Riley Area,"S. Nelson and D. Riihiluoma on December 11, 1985",S. Nelson and D. Riihiluoma,"December 11, 1985",Y,N
STLO-2005621-R32,35-120cm crumbly dry peat due to the wood content - not good for sod peat,,Riley Area,"D. Riihiluoma and M. Oberhelman on February 3, 1986",D. Riihiluoma and M. Oberhelman,"February 3, 1986",Y,N
STLO-2005621-R33,"Dense, dry, crumbly peat with a lot of wood fragments - peat appears more decomposed than it squeezes or rubs to.",,Riley Area,"S. Nelson and D. Riihiluoma on December 11, 1985",S. Nelson and D. Riihiluoma,"December 11, 1985",N,N
STLO-2005621-R34,"10-88cm crumbly, dry peat due to the wood content - not good for sod peat",,Riley Area,"D. Riihiluoma and M. Oberhelman on February 3, 1986",D. Riihiluoma and M. Oberhelman,"February 3, 1986",Y,N
STLO-2005628-422,,,Riley area,"D. Riihiluoma and H. Mooers on June 10, 1982",D. Riihiluoma and H. Mooers,"June 10, 1982",N,N
STLO-2005629-A0-3400,,,Riley Area,D. Riihiluoma and P. Geiselman in June 1986,D. Riihiluoma and P. Geiselman,June 1986,N,N
STLO-2005629-A-100-3400,,,Riley Area,D. Riihiluoma and P. Geiselman in June 1986,D. Riihiluoma and P. Geiselman,June 1986,N,N
STLO-2005629-A-150-3400,,,Riley Area,D. Riihiluoma and P. Geiselman in June 1986,D. Riihiluoma and P. Geiselman,June 1986,N,N
STLO-2005629-A-200-3400,,,Riley Area,D. Riihiluoma and P. Geiselman in June 1986,D. Riihiluoma and P. Geiselman,June 1986,N,N
STLO-2005629-A-250-3400,,,Riley Area,D. Riihiluoma and P. Geiselman in June 1986,D. Riihiluoma and P. Geiselman,June 1986,N,N
STLO-2005629-A-300-3400,,,Riley Area,D. Riihiluoma and P. Geiselman in June 1986,D. Riihiluoma and P. Geiselman,June 1986,N,N
STLO-2005629-A-350-3400,,,Riley Area,D. Riihiluoma and P. Geiselman in June 1986,D. Riihiluoma and P. Geiselman,June 1986,N,N
STLO-2005629-A-400-3400,,,Riley Area,D. Riihiluoma and P. Geiselman in June 1986,D. Riihiluoma and P. Geiselman,June 1986,N,N
STLO-2005629-A-450-3400,,,Riley Area,D. Riihiluoma and P. Geiselman in June 1986,D. Riihiluoma and P. Geiselman,June 1986,N,N
STLO-2005629-A-500-3400,,,Riley Area,D. Riihiluoma and P. Geiselman in June 1986,D. Riihiluoma and P. Geiselman,June 1986,N,N
STLO-2005629-A-50-3400,,,Riley Area,D. Riihiluoma and P. Geiselman in June 1986,D. Riihiluoma and P. Geiselman,June 1986,N,N
STLO-2005629-A-550-3400,,,Riley Area,D. Riihiluoma and P. Geiselman in June 1986,D. Riihiluoma and P. Geiselman,June 1986,N,N
STLO-2005629-A-600-3400,,,Riley Area,D. Riihiluoma and P. Geiselman in June 1986,D. Riihiluoma and P. Geiselman,June 1986,N,N
STLO-2005629-A-650-3400,,,Riley Area,D. Riihiluoma and P. Geiselman in June 1986,D. Riihiluoma and P. Geiselman,June 1986,N,N
STLO-2005629-A-700-3400,,,Riley Area,D. Riihiluoma and P. Geiselman in June 1986,D. Riihiluoma and P. Geiselman,June 1986,N,N
STLO-2005629-R30,,,Riley Area,"S. Nelson and D. Olson on February 5, 1986",S. Nelson and D. Olson,"February 5, 1986",N,N
STLO-2005633-423,,,Riley area,"D. Riihiluoma and H. Mooers on June 10, 1982",D. Riihiluoma and H. Mooers,"June 10, 1982",N,N
STLO-2006101-118,,,Sturgeon Bog,"H. Mooers and S. Nelson on September 18, 1981",H. Mooers and S. Nelson,"September 18, 1981",N,N
STLO-2006101-120,,,Sturgeon Bog,"H. Mooers and S. Nelson on September 18, 1981",H. Mooers and S. Nelson,"September 18, 1981",N,N
STLO-2006102-121,,,Sturgeon Bog,"H. Mooers and S. Nelson on September 18, 1981",H. Mooers and S. Nelson,"September 18, 1981",N,N
STLO-2006119-194,,,Sturgeon Bog South,"H. Mooers and D. Riihiluoma on February 16, 1978",H. Mooers and D. Riihiluoma,"February 16, 1978",N,N
STLO-2006120-132,,,Sturgeon Bog South,"H. Mooers and A. Norton on September 22, 1981",H. Mooers and A. Norton,"September 22, 1981",N,N
STLO-2006128-66,,,,"L. Severson and H. Mooers on September 15, 1981",L. Severson and H. Mooers,"September 15, 1981",N,N
STLO-2006129-133,,,Sturgeon Bog South,"A. Norton and H. Mooers on June 22, 1981",A. Norton and H. Mooers,"June 22, 1981",N,N
STLO-2006130-213,Wood layer at 135cm,,Sturgeon Bog South,"H. Mooers and D. Riihiluoma on February 16, 1982",H. Mooers and D. Riihiluoma,"February 16, 1982",N,N
STLO-2006130-67,,,Sturgeon Bog South,"H. Mooers and L. Severson on September 15, 1981",H. Mooers and L. Severson,"September 15, 1981",N,N
STLO-2006134-65,,,,"H. Mooers and L. Severson on September 15, 1981",H. Mooers and L. Severson,"September 15, 1981",N,N
STLO-2006204-202,,,,"D. Riihiluoma and H. Mooers on February 17, 1982",D. Riihiluoma and H. Mooers,"February 17, 1982",N,N
STLO-2006204-203,,,,"H. Mooers and D. Riihiluoma on February 17, 1981",H. Mooers and D. Riihiluoma,"February 17, 1981",N,N
STLO-2006212-188,,,,"D. Riihiluoma and H. Mooers on January 27, 1982",D. Riihiluoma and H. Mooers,"January 27, 1982",N,N
STLO-2006217-129,,,Linden Grove Bog,"A. Norton and H. Mooers on June 22, 1981",A. Norton and H. Mooers,"June 22, 1981",N,N
STLO-2006219-128,,,Linden Grove Bog,"H. Mooers and A. Norton on September 22, 1981",H. Mooers and A. Norton,"September 22, 1981",N,N
STLO-2006226-116,,,Sturgeon Bog,"H. Mooers and S. Nelson on September 18, 1981",H. Mooers and S. Nelson,"September 18, 1981",N,N
STLO-2006226-197,,,Sturgeon Bog,"T. Malterer and L. Severson on April 13, 1980",T. Malterer and L. Severson,"April 13, 1980",N,N
STLO-2006227-195,,,Sturgeon Bog,"D. Riihiluoma and H. Mooers on February 16, 1982",D. Riihiluoma and H. Mooers,"February 16, 1982",N,N
STLO-2006227-196,,,Sturgeon Bog,"D. Riihiluoma and H. Mooers on February 16, 1982",D. Riihiluoma and H. Mooers,"February 16, 1982",N,N
STLO-2006229-87,,,Linden Grove Bog,"L. Severson and H. Mooers on September 16, 1981",L. Severson and H. Mooers,"September 16, 1981",N,N
STLO-2006230-130,,,Linden Grove Bog,"H. Mooers and A. Norton on September 22, 1981",H. Mooers and A. Norton,"September 22, 1981",Y,N
STLO-2006234-131,,,Sturgeon bog,"A. Norton and H. Mooers on September 22, 1981",A. Norton and H. Mooers,"September 22, 1981",N,N
STLO-2006235-122,,,Sturgeon Bog,"H. Malterer and S. Nelson on September 18, 1981",H. Malterer and S. Nelson,"September 18, 1981",N,N
STLO-2006235-198,,,Sturgeon Bog,"D. Haverkost and T. Malterer on April 7, 1980",D. Haverkost and T. Malterer,"April 7, 1980",N,Y
STLO-2006235-199,,,Sturgeon Bog,"D. Haverkost and T. Malterer on April 7, 1980",D. Haverkost and T. Malterer,"April 7, 1980",N,N
STLO-2006235-200,,,Sturgeon Bog,"D. Haverkost and T. Malterer on April 7, 1980",D. Haverkost and T. Malterer,"April 7, 1980",N,N
STLO-2006235-201,,,Sturgeon Bog,"D. Haverkost and T. Malterer on April 7, 1980",D. Haverkost and T. Malterer,"April 7, 1980",N,N
STLO-2006236-119,,,Sturgeon Bog,"H. Malterer and S. Nelson on September 18, 1981",H. Malterer and S. Nelson,"September 18, 1981",N,N
STLO-2006314-108,,,,"H. Malterer and S. Nelson on September 18, 1981",H. Malterer and S. Nelson,"September 18, 1981",N,N
STLO-2006319-137,,,,"A. Norton and H. Malterer on September 22, 1981",A. Norton and H. Malterer,"September 22, 1981",N,N
STLO-2006320-136,,,,"A. Norton and H. Mooers on September 22, 1981",A. Norton and H. Mooers,"September 22, 1981",N,N
STLO-2006322-110,,,,"H. Malterer and S. Nelson on September 18, 1981",H. Malterer and S. Nelson,"September 18, 1981",N,N
STLO-2006323-109,,,,"S. Nelson and H. Malterer on September 18, 1981",S. Nelson and H. Malterer,"September 18, 1981",N,N
STLO-2006327-135,,,,"H. Malterer and A. Norton on September 22, 1981",H. Malterer and A. Norton,"September 22, 1981",N,N
STLO-2006328-134,,,,"A. Norton and H. Malterer on September 22, 1981",A. Norton and H. Malterer,"September 22, 1981",N,N
STLO-2006435-107,,,,"S. Nelson and H. Malterer on September 18, 1981",S. Nelson and H. Malterer,"September 18, 1981",N,N
STLO-2105005-382,,,Prairie Lake Bog,"D. Olson and L. Severson on June 12, 1980",D. Olson and L. Severson,"June 12, 1980",N,N
STLO-2105028-9,,,,"D. Olson and E. Tome on October 17, 1978",D. Olson and E. Tome,"October 17, 1978",N,N
STLO-2105033-10,,,,"D. Olson and E. Tome on October 17, 1978",D. Olson and E. Tome,"October 17, 1978",N,N
STLO-2105102-50,,,,"B. Weber and D. Olson on September 1, 1977",B. Weber and D. Olson,"September 1, 1977",N,N
STLO-2105102-51,,,,"B. Weber on August 30, 1977",B. Weber,"August 30, 1977",N,N
STLO-2105102-52,,,,"B. Weber on August 30, 1977",B. Weber,"August 30, 1977",N,N
STLO-2105102-53,,,,"B. Weber on August 30, 1977",B. Weber,"August 30, 1977",N,N
STLO-2105102-54,,,,"B. Weber and D. Olson on September 1, 1977",B. Weber and D. Olson,"September 1, 1977",N,N
STLO-2105102-55,,,,"D. Olson on August 30, 1977",D. Olson,"August 30, 1977",N,N
STLO-2105103-56,,,,"B. Weber and D. Olson on  September 1, 1977",B. Weber and D. Olson," September 1, 1977",N,N
STLO-2105103-57,,,,"B. Weber and D. Olson on September 1, 1977",B. Weber and D. Olson,"September 1, 1977",N,N
STLO-2105103-58,,,,"B. Weber and D. Olson on September 1, 1977",B. Weber and D. Olson,"September 1, 1977",N,N
STLO-2105103-59,,,,"B. Weber and D. Olson on September 1, 1977",B. Weber and D. Olson,"September 1, 1977",N,N
STLO-2105103-60,,,,"B. Weber and D. Olson on September 1, 1977",B. Weber and D. Olson,"September 1, 1977",N,N
STLO-2105103-61,,,,"B. Weber and D. Olson on September 1, 1977",B. Weber and D. Olson,"September 1, 1977",N,N
STLO-2105103-62,,,,"D. Mellum on April 10, 1978",D. Mellum,"April 10, 1978",N,N
STLO-2105103-63,,,,"D. Mellum on April 10, 1978",D. Mellum,"April 10, 1978",Y,N
STLO-2105103-64,"Peat deeper than 180cm, didn't reach bottom",,,"B. Weber on August 31, 1977",B. Weber,"August 31, 1977",N,N
STLO-2105103-65,,,,"B. Weber on August 31, 1977",B. Weber,"August 31, 1977",N,N
STLO-2105103-66,,,,"B. Weber on August 31, 1977",B. Weber,"August 31, 1977",N,N
STLO-2105103-67,,,,"B. Weber on August 31, 1977",B. Weber,"August 31, 1977",N,N
STLO-2105103-68,,,,"B. Weber on August 31, 1977",B. Weber,"August 31, 1977",N,N
STLO-2105106-69,,,,"T. Malterer on March 30, 1978",T. Malterer,"March 30, 1978",Y,N
STLO-2105106-70,,,,"T. Malterer on March 30, 1978",T. Malterer,"March 30, 1978",N,N
STLO-2105107-71,,,,"T. Malterer on March 30, 1978",T. Malterer,"March 30, 1978",Y,N
STLO-2105107-72,,,,"T. Malterer on March 30, 1978",T. Malterer,"March 30, 1978",N,N
STLO-2105118-73,,,,"D. Mellum and D. Olson on March 30, 1978",D. Mellum and D. Olson,"March 30, 1978",Y,N
STLO-2105118-74,,,,"T. Malterer on March 30, 1978",T. Malterer,"March 30, 1978",N,N
STLO-2105119-75,,,,"D. Mellum and D. Olson on March 20, 1978",D. Mellum and D. Olson,"March 20, 1978",Y,N
STLO-2105119-76,,,,"D. Mellum and D. Olson on March 30, 1978",D. Mellum and D. Olson,"March 30, 1978",Y,N
STLO-2105123-77,,,,"D. Olson and E. Tome on October 17, 1978",D. Olson and E. Tome,"October 17, 1978",N,N
STLO-2105125-78,,,,"D. Olson and E. Tome on October 24, 1978",D. Olson and E. Tome,"October 24, 1978",N,N
STLO-2105205-379,,,Floodwood NW Bog,"D. Olson, N. Aaseng, and S. Nelson in July 1982.","D. Olson, N. Aaseng, and S. Nelson",July 1982.,N,N
STLO-2105205-380,,,Floodwood NW Bog,"D. Olson, N. Aaseng, and S. Nelson in June of 1982","D. Olson, N. Aaseng, and S. Nelson",June of 1982,N,N
STLO-2105206-373,,,Floodwood NW Bog,"D. Olson, N. Aaseng, and S. Nelson in June of 82.","D. Olson, N. Aaseng, and S. Nelson",June of 82.,N,N
STLO-2105206-374,,,Floodwood NW Bog,"D. Olson, N. Aaseng, and S. Nelson in June of 1982","D. Olson, N. Aaseng, and S. Nelson",June of 1982,N,N
STLO-2105206-375,,,Floodwood NW Bog,"D. Olson, N. Aaseng, and S. Nelson in June of 1982","D. Olson, N. Aaseng, and S. Nelson",June of 1982,N,N
STLO-2105206-376,,,Floodwood NW Bog,"D. Olson, N. Aaseng, and S. Nelson in June of 1982","D. Olson, N. Aaseng, and S. Nelson",June of 1982,N,N
STLO-2105206-377,,,Floodwood NW Bog,"D. Olson, N. Aaseng, and S. Nelson in June of 1982","D. Olson, N. Aaseng, and S. Nelson",June of 1982,N,N
STLO-2105206-378,,,Floodwood NW Bog,"D. Olson, N. Aaseng, and S. Nelson in June of 1982","D. Olson, N. Aaseng, and S. Nelson",June of 1982,N,N
STLO-2105208-381,,,,"D. Olson, N. Aaseng, and S. Nelson in June 1982","D. Olson, N. Aaseng, and S. Nelson",June 1982,N,N
STLO-2105209-615,,,,"M. Oberhelman and R. Riihiluoma on August 16, 1984",M. Oberhelman and R. Riihiluoma,"August 16, 1984",Y,Y
STLO-2105210-114A,,,,"R. Fox on August 15, 1977",R. Fox,"August 15, 1977",N,N
STLO-2105212-115,,,,"D. Olson and E. Tome on October 23, 1978",D. Olson and E. Tome,"October 23, 1978",N,N
STLO-2105215-115A,,,,"R. Fox on August 15, 1977",R. Fox,"August 15, 1977",N,N
STLO-2105215-115B,,,,"R. Fox on August 15, 1977",R. Fox,"August 15, 1977",N,N
STLO-2105216-115C,,,,"R. Fox on August 16, 1977",R. Fox,"August 16, 1977",N,N
STLO-2105216-115D,,,,"R. Fox on August 16, 1977",R. Fox,"August 16, 1977",N,N
STLO-2105216-116,,,,"B. Weber on September 7, 1977",B. Weber,"September 7, 1977",N,N
STLO-2105218-117,,,,"R. Weber on September 8, 1977",R. Weber,"September 8, 1977",N,N
STLO-2105218-118,,,,"R. Weber on September 8, 1977",R. Weber,"September 8, 1977",N,N
STLO-2105218-119,,,,"R. Weber on September 8, 1977",R. Weber,"September 8, 1977",N,N
STLO-2105219-120,,,,"D. Olson and T. Malterer on March 30, 1978",D. Olson and T. Malterer,"March 30, 1978",Y,N
STLO-2105219-121,,,,"R. Weber on September 8, 1977",R. Weber,"September 8, 1977",N,N
STLO-2105219-122,,,,"R. Weber on September 8, 1977",R. Weber,"September 8, 1977",N,N
STLO-2105219-123,,,,"R. Weber on September 8, 1977",R. Weber,"September 8, 1977",N,N
STLO-2105219-124,,,,"R. Weber on September 8, 1977",R. Weber,"September 8, 1977",N,N
STLO-2105219-125,,,,"R. Weber on September 8, 1977",R. Weber,"September 8, 1977",N,N
STLO-2105219-126,,,,"D. Olson and T. Malterer on March 30, 1978",D. Olson and T. Malterer,"March 30, 1978",N,N
STLO-2105219-127,,,,"R. Weber on September 8, 1977",R. Weber,"September 8, 1977",N,N
STLO-2105220-128,,,,"B. Weber on September 6, 1977",B. Weber,"September 6, 1977",Y,N
STLO-2105220-129,,,,"B. Weber on September 6, 1977",B. Weber,"September 6, 1977",N,N
STLO-2105220-130,,,,"B. Weber on September 6, 1977",B. Weber,"September 6, 1977",N,N
STLO-2105220-131,,,,"H. Hobbs on September 6, 1977",H. Hobbs,"September 6, 1977",Y,N
STLO-2105220-132,,,,"B. Weber on September 14, 1977",B. Weber,"September 14, 1977",Y,N
STLO-2105227-133,Proximate and ultimate analyses performed by Lerch Brothers Inc.,,,"D. Mellum on April 7, 1978",D. Mellum,"April 7, 1978",Y,Y
STLO-2105228-134,,,,"D. Mellum on April 3, 1978",D. Mellum,"April 3, 1978",N,N
STLO-2105228-135,,,,"D. Olson on April 5, 1978",D. Olson,"April 5, 1978",Y,N
STLO-2105228-136,,,,"D. Olson on April 4, 1978",D. Olson,"April 4, 1978",N,N
STLO-2105228-137,,,,"D. Olson on April 4, 1978",D. Olson,"April 4, 1978",N,N
STLO-2105229-138,,,,"D. Mellum on April 3, 1978",D. Mellum,"April 3, 1978",Y,N
STLO-2105230-139,,,,"D. Olson and T. Malterer on March 30, 1978",D. Olson and T. Malterer,"March 30, 1978",Y,N
STLO-2105230-140,,,,"D. Olson and T. Malterer on March 30, 1978",D. Olson and T. Malterer,"March 30, 1978",N,N
STLO-2105231-141,,,,"D. Olson and T. Malterer on March 30, 1978",D. Olson and T. Malterer,"March 30, 1978",Y,N
STLO-2105231-142,,,,"D. Olson on March 30, 1978",D. Olson,"March 30, 1978",N,N
STLO-2105233-143,,,,"T. Malterer on April 7, 1978",T. Malterer,"April 7, 1978",Y,N
STLO-2105233-144,,,,"D. Mellum on April 5, 1978",D. Mellum,"April 5, 1978",Y,N
STLO-2105233-145,,,,"D. Olson on April 4, 1978",D. Olson,"April 4, 1978",N,N
STLO-2105234-146,,,,"D. Olson on April 5, 1978",D. Olson,"April 5, 1978",Y,N
STLO-2105309-187,,,,"D. Mellum and D. Olson on May 1, 1978",D. Mellum and D. Olson,"May 1, 1978",Y,N
STLO-2105310-188,,,,"D. Mellum and D. Olson on May 1, 1978",D. Mellum and D. Olson,"May 1, 1978",Y,N
STLO-2105310-189,,,,"D. Mellum and D. Olson on May 1, 1978",D. Mellum and D. Olson,"May 1, 1978",Y,N
STLO-2105313-190,,,,"D. Mellum on April 20, 1978",D. Mellum,"April 20, 1978",Y,N
STLO-2105315-191,,,,"D. Mellum and D. Olson on May 1, 1978",D. Mellum and D. Olson,"May 1, 1978",Y,N
STLO-2105318-192,,,Floodwood NW Bog,"M. Oberhelman and D. Riihiluoma on May 1, 1978",M. Oberhelman and D. Riihiluoma,"May 1, 1978",N,N
STLO-2105331-628,,,Floodwood NW Bog,"M. Oberhelman and D. Riihiluoma on March 14, 1985",M. Oberhelman and D. Riihiluoma,"March 14, 1985",N,N
STLO-2105404-250,,,,"D. Olson and E. Tome on October 24, 1978",D. Olson and E. Tome,"October 24, 1978",N,N
STLO-2105407-251,,,,"D. Olson and E. Tome on October 24, 1978",D. Olson and E. Tome,"October 24, 1978",N,N
STLO-2105422-252,,,,"D. Olson and E. Tome on October 24, 1978",D. Olson and E. Tome,"October 24, 1978",N,N
STLO-2105512-T1,,,,"P. Geiselman and M. Oberhelman on March 31, 1986",P. Geiselman and M. Oberhelman,"March 31, 1986",Y,N
STLO-2105513-T11,,,,"P. Geiselman and D. Riihiluoma on April 9, 1986",P. Geiselman and D. Riihiluoma,"April 9, 1986",N,N
STLO-2105513-T12,Hit stump at 50 and 70cm,,,"P. Geiselman and D. Riihiluoma on April 9, 1986",P. Geiselman and D. Riihiluoma,"April 9, 1986",Y,N
STLO-2105513-T19,,,,"P. Geiselman and D. Riihiluoma on March 27, 1986",P. Geiselman and D. Riihiluoma,"March 27, 1986",Y,N
STLO-2105513-T4,Woody peat; hit stump at 100cm,,,"D. Riihiluoma and M. Oberhelman on March 28, 1986",D. Riihiluoma and M. Oberhelman,"March 28, 1986",Y,N
STLO-2105517-287,,,Silica Bog,"D. Olson and E. Tome on October 24, 1978",D. Olson and E. Tome,"October 24, 1978",N,N
STLO-2105521-288,,,,"D. Mellum and T. Malterer on April 14, 1978",D. Mellum and T. Malterer,"April 14, 1978",Y,N
STLO-2105522-289,,,,"D. Mellum on April 14, 1978",D. Mellum,"April 14, 1978",Y,N
STLO-2105522-290,,,,"D. Mellum on April 14, 1978",D. Mellum,"April 14, 1978",N,N
STLO-2105522-291,,,,"D. Mellum and T. Malterer on April 14, 1978",D. Mellum and T. Malterer,"April 14, 1978",N,N
STLO-2105523-292,,,,"D. Mellum and T. Malterer on April 14, 1978",D. Mellum and T. Malterer,"April 14, 1978",N,N
STLO-2105523-293,,,,"D. Mellum and T. Malterer on April 14, 1978",D. Mellum and T. Malterer,"April 14, 1978",Y,N
STLO-2105524-294,,,,"D. Olson on April 13, 1978",D. Olson,"April 13, 1978",Y,N
STLO-2105524-295,,,,"D. Mellum and T. Malterer on April 14, 1978",D. Mellum and T. Malterer,"April 14, 1978",Y,N
STLO-2105524-296,,,,"D. Olson on April 12, 1978",D. Olson,"April 12, 1978",N,N
STLO-2105524-T25,Hit stump at 125cm,,,"D. Riihiluoma and M. Oberhelman on February 25, 1986",D. Riihiluoma and M. Oberhelman,"February 25, 1986",Y,N
STLO-2105525-T34,,,,"P. Geiselman and D. Riihiluoma on May 9, 1986",P. Geiselman and D. Riihiluoma,"May 9, 1986",N,N
STLO-2105908-248,,,,"H. Moores and D. Riihiluoma on April 8, 1982",H. Moores and D. Riihiluoma,"April 8, 1982",N,N
STLO-2105917-247,,,,"H. Moores and D. Riihiluoma on April 8, 1982",H. Moores and D. Riihiluoma,"April 8, 1982",N,N
STLO-2105917-69,,,,"H. Moores and L. Severson on April 15, 1981",H. Moores and L. Severson,"April 15, 1981",N,N
STLO-2105917-70,,,,"L. Severson and H. Moores on September 15, 1981",L. Severson and H. Moores,"September 15, 1981",N,N
STLO-2105918-245,,,,"D. Riihiluoma and H. Mooers on April 8, 1982",D. Riihiluoma and H. Mooers,"April 8, 1982",N,N
STLO-2105918-246,,,,"H. Mooers and D. Riihiluoma on April 8, 1982",H. Mooers and D. Riihiluoma,"April 8, 1982",N,N
STLO-2106102-192,,,,"D. Riihiluoma and H. Mooers on February 16, 1982",D. Riihiluoma and H. Mooers,"February 16, 1982",N,N
STLO-2106102-193,,,,"D. Riihiluoma and H. Mooers on February 16, 1982",D. Riihiluoma and H. Mooers,"February 16, 1982",N,N
STLO-2106130-68,,,,"H. Mooers and L. Severson on September 15, 1981",H. Mooers and L. Severson,"September 15, 1981",N,N
STLO-2106207-331,,,,"T. Malterer and D. Riihiluoma on February 25, 1981",T. Malterer and D. Riihiluoma,"February 25, 1981",N,N
STLO-2106207-332,,,,"T. Malterer and D. Riihiluoma on February 25, 1981",T. Malterer and D. Riihiluoma,"February 25, 1981",N,N
STLO-2106207-333,,,,"T. Malterer and D. Riihiluoma on February 25, 1981",T. Malterer and D. Riihiluoma,"February 25, 1981",N,N
STLO-2106207-334,,,,"T. Malterer and R. Riihiluoma on February 25, 1981",T. Malterer and R. Riihiluoma,"February 25, 1981",N,N
STLO-2106207-335,,,,"T. Malterer and D. Riihiluoma on February 25, 1981",T. Malterer and D. Riihiluoma,"February 25, 1981",N,N
STLO-2106211-124,,,,"H. Moores on September 22, 1981",H. Moores,"September 22, 1981",N,N
STLO-2106211-336,,,,"T. Malterer and D. Riihiluoma on February 25, 1981",T. Malterer and D. Riihiluoma,"February 25, 1981",N,N
STLO-2106211-337,,,,"T. Malterer and D. Riihiluoma on February 25, 1981",T. Malterer and D. Riihiluoma,"February 25, 1981",N,N
STLO-2106214-123,,,,"A. Norton and H. Mooers on September 22, 1981",A. Norton and H. Mooers,"September 22, 1981",Y,N
STLO-2106224-127,,,Linden Grove Bog,"H. Mooers and A. Norton on September 22, 1981",H. Mooers and A. Norton,"September 22, 1981",N,N
STLO-2106226-125,,,Linden Grove Bog,"H. Mooers and A. Norton on July 22, 1981",H. Mooers and A. Norton,"July 22, 1981",N,N
STLO-2106226-126,,,Linden Grove Bog,"A. Norton and H. Mooers on September 22, 1981",A. Norton and H. Mooers,"September 22, 1981",Y,Y
STLO-2106313-138,,,,"H. Mooers and A. Norton on July 22, 1981",H. Mooers and A. Norton,"July 22, 1981",N,N
STLO-2106321-184,,0-120cm peat very wet,,"D. Riihiluoma and H. Mooers on January 27, 1982",D. Riihiluoma and H. Mooers,"January 27, 1982",N,N
STLO-2106321-326,,,,"H. Moores and B. Sethers on April 11, 1980",H. Moores and B. Sethers,"April 11, 1980",N,N
STLO-2106322-143,,,,"H. Moores and S. Nelson on September 23, 1981",H. Moores and S. Nelson,"September 23, 1981",N,N
STLO-2106322-325,,,,"H. Malterer and B. Sethers on April 11, 1980",H. Malterer and B. Sethers,"April 11, 1980",N,N
STLO-2106323-139,,,,"A. Norton and H. Mooers on September 22, 1981",A. Norton and H. Mooers,"September 22, 1981",N,N
STLO-2106323-142,,,,"H. Mooers and S. Nelson on September 23, 1981",H. Mooers and S. Nelson,"September 23, 1981",N,N
STLO-2106324-141,,,,"H. Mooers and S. Nelson on Septmber 23, 1981",H. Mooers and S. Nelson,"Septmber 23, 1981",N,N
STLO-2106325-140,,,,"H. Mooers and S. Nelson on September 23, 1981",H. Mooers and S. Nelson,"September 23, 1981",N,N
